Station Name,Date/Time (LST),Year,Month,Day,Time (LST),Temp,Dew Point,Rel_H,Wind Dir,Wind Spd,Solar Radiation,,,ta,rh,dpT,ws,gws,wd,rsds,,dta,dws,drh,drsds
OTTAWA INTL A,2024-06-15 0:00,2024,6,15,0:00,12.2,9.4,83,5,13,1.855775967,,,13.09336667,88.20891667,11.19996667,0.17,0.403333333,87.06666667,1,,0.89336667,3.441111111,5.20891667,0.855775967
OTTAWA INTL A,2024-06-15 1:00,2024,6,15,1:00,11.7,9,83,5,13,1.961655633,,,12.08275,91.94468333,10.82458333,0.16,0.378333333,181.5166667,1,,0.38275,3.451111111,8.94468333,0.961655633
OTTAWA INTL A,2024-06-15 2:00,2024,6,15,2:00,10.3,9.6,95,3,14,1.4668738,,,11.38925,92.96956667,10.30535,0.06,0.198333333,160.5333333,1,,1.08925,3.828888889,2.03043333,0.4668738
OTTAWA INTL A,2024-06-15 3:00,2024,6,15,3:00,11.4,9.9,91,1,17,1.551513917,,,11.11006667,91.79606667,9.83825,0.105,0.33,194.2,1,,0.28993333,4.617222222,0.79606667,0.551513917
OTTAWA INTL A,2024-06-15 4:00,2024,6,15,4:00,11.8,8.8,82,1,12,1.5730336,,,11.26736667,90.60965,9.797483333,0.095,0.328333333,198.2166667,1,,0.53263333,3.238333333,8.60965,0.5730336
OTTAWA INTL A,2024-06-15 5:00,2024,6,15,5:00,12.1,9,81,35,14,15.99152182,,,11.55691667,88.0309,9.654416667,0.136666667,0.418333333,161.1,1.25,,0.54308333,3.752222222,7.0309,14.74152182
OTTAWA INTL A,2024-06-15 6:00,2024,6,15,6:00,12.1,7.8,74,36,22,88.06809713,,,11.91521667,82.65,9.06655,0.515,0.863333333,45.35,7.833333333,,0.18478333,5.596111111,8.65,80.2347638
OTTAWA INTL A,2024-06-15 7:00,2024,6,15,7:00,12.2,6.9,70,2,26,236.3693762,,,11.87716667,75.0432,7.593,0.705,1.035,52.8,19.65,,0.32283333,6.517222222,5.0432,216.7193762
OTTAWA INTL A,2024-06-15 8:00,2024,6,15,8:00,12.8,4.5,57,2,23,475.5991745,,,12.20825,65.98826667,6.037233333,0.608333333,0.995,46.16666667,48.71666667,,0.59175,5.780555556,8.98826667,426.8825078
OTTAWA INTL A,2024-06-15 9:00,2024,6,15,9:00,14.7,3.3,46,35,20,637.6054622,,,12.73731667,58.63675,4.840033333,0.666666667,1.013333333,58.58333333,60.25,,1.96268333,4.888888889,12.63675,577.3554622
OTTAWA INTL A,2024-06-15 10:00,2024,6,15,10:00,14.9,3,45,1,10,742.8444707,,,13.63813333,53.9465,4.482183333,0.53,0.9,99.01666667,78.96666667,,1.26186667,2.247777778,8.9465,663.877804
OTTAWA INTL A,2024-06-15 11:00,2024,6,15,11:00,16.1,2.8,40,34,18,934.3005687,,,14.62576667,49.19096667,4.087,0.541666667,0.93,160.1833333,80.28333333,,1.47423333,4.458333333,9.19096667,854.0172354
OTTAWA INTL A,2024-06-15 12:00,2024,6,15,12:00,16.6,3.8,42,36,21,954.2889128,,,15.50658333,49.1853,4.88725,0.471666667,0.876666667,231.6166667,72.35,,1.09341667,5.361666666,7.1853,881.9389128
OTTAWA INTL A,2024-06-15 13:00,2024,6,15,13:00,17.2,2.9,38,33,25,983.0968602,,,16.37281667,47.0869,5.0543,0.535,0.981666667,217.3666667,72.71666667,,0.82718333,6.409444444,9.0869,910.3801935
OTTAWA INTL A,2024-06-15 14:00,2024,6,15,14:00,18.4,2.8,35,35,22,930.082173,,,16.75746667,43.74666667,4.357183333,0.553333333,1.008333333,122.8166667,71.45,,1.64253333,5.557777778,8.74666667,858.632173
OTTAWA INTL A,2024-06-15 15:00,2024,6,15,15:00,18.8,2.5,33,1,20,791.1477553,,,17.17481667,44.54415,4.993133333,0.481666667,0.888333333,135.7833333,55.43333333,,1.62518333,5.073888889,11.54415,735.714422
OTTAWA INTL A,2024-06-15 16:00,2024,6,15,16:00,18.8,2.3,33,35,17,650.5162298,,,17.38036667,43.13876667,4.712966667,0.448333333,0.86,138.0166667,37.35,,1.41963333,4.273888889,10.13876667,613.1662298
OTTAWA INTL A,2024-06-15 17:00,2024,6,15,17:00,18.9,2.2,32,33,19,520.1880058,,,17.449,45.48008333,5.536866667,0.256666667,0.64,94.16666667,24.16666667,,1.451,5.021111111,13.48008333,496.0213391
OTTAWA INTL A,2024-06-15 18:00,2024,6,15,18:00,18.7,2.5,34,34,18,334.7600055,,,17.2993,46.55188333,5.737283333,0.19,0.543333333,124.3,11.18333333,,1.4007,4.81,12.55188333,323.5766722
OTTAWA INTL A,2024-06-15 19:00,2024,6,15,19:00,17.7,3.4,38,34,11,145.7914227,,,16.56715,48.05523333,5.532933333,0.025,0.228333333,170.8666667,3.516666667,,1.13285,3.030555556,10.05523333,142.274756
OTTAWA INTL A,2024-06-15 20:00,2024,6,15,20:00,15.6,3.6,44,6,7,25.4405598,,,15.57381667,52.33021667,5.818866667,0.035,0.251666667,196.85,1,,0.02618333,1.909444444,8.33021667,24.4405598
OTTAWA INTL A,2024-06-15 21:00,2024,6,15,21:00,11.5,5.4,66,9,4,2.453211533,,,14.47496667,56.94056667,6.05455,0.155,0.395,195.1666667,1,,2.97496667,0.956111111,9.05943333,1.453211533
OTTAWA INTL A,2024-06-15 22:00,2024,6,15,22:00,11.1,4.9,65,20,5,2.142818283,,,13.5848,59.30758333,5.785433333,0.115,0.283333333,200.8666667,1,,2.4848,1.273888889,5.69241667,1.142818283
OTTAWA INTL A,2024-06-15 23:00,2024,6,15,23:00,10.5,5.8,72,17,3,2.2019422,,,12.34585,77.80741667,8.584016667,0.14,0.338333333,146.8166667,1,,1.84585,0.693333333,5.80741667,1.2019422
OTTAWA INTL A,2024-06-16 0:00,2024,6,16,0:00,10.9,5.1,67,36,3,1.90115045,,,11.09861667,82.97563333,8.324016667,0.08,0.306666667,197.7166667,1,,0.19861667,0.753333333,15.97563333,0.90115045
OTTAWA INTL A,2024-06-16 1:00,2024,6,16,1:00,9,4.9,75,36,3,1.682090883,,,10.20573333,87.90485,8.294966667,0.186666667,0.451666667,201.0166667,1,,1.20573333,0.646666666,12.90485,0.682090883
OTTAWA INTL A,2024-06-16 2:00,2024,6,16,2:00,8,4.5,79,36,2,1.789295333,,,9.905383333,91.1552,8.540516667,0.065,0.246666667,204.65,1,,1.905383333,0.490555556,12.1552,0.789295333
OTTAWA INTL A,2024-06-16 3:00,2024,6,16,3:00,6.8,5.2,90,5,5,1.75962735,,,9.3875,91.31525,8.052,0.1,0.311666667,109,1,,2.5875,1.288888889,1.31525,0.75962735
OTTAWA INTL A,2024-06-16 4:00,2024,6,16,4:00,8.4,5.7,83,36,1,1.99664055,,,8.5821,93.59613333,7.616283333,0.11,0.325,205.1333333,1,,0.1821,0.167777778,10.59613333,0.99664055
OTTAWA INTL A,2024-06-16 5:00,2024,6,16,5:00,7.2,6.8,97,23,4,18.54827452,,,8.356883333,93.9106,7.441833333,0.11,0.375,229.0166667,5.7,,1.156883333,1.001111111,3.0894,12.84827452
OTTAWA INTL A,2024-06-16 6:00,2024,6,16,6:00,12.1,8.2,77,36,1,147.2565067,,,9.64525,91.4511,8.327833333,0.12,0.361666667,131.7,38.03333333,,2.45475,0.157777778,14.4511,109.2231734
OTTAWA INTL A,2024-06-16 7:00,2024,6,16,7:00,14.7,7,60,36,1,259.1059498,,,11.76538333,86.5414,9.6009,0.15,0.39,97.33333333,32.63333333,,2.93461667,0.127777778,26.5414,226.4726165
OTTAWA INTL A,2024-06-16 8:00,2024,6,16,8:00,16.8,8.3,57,19,7,445.144763,,,13.37925,81.34885,10.25356667,0.105,0.375,123.3166667,49.23333333,,3.42075,1.839444444,24.34885,395.9114297
OTTAWA INTL A,2024-06-16 9:00,2024,6,16,9:00,18.1,6.6,46,14,9,571.660524,,,15.07903333,78.96908333,11.46565,0.071666667,0.346666667,183.8,58.68333333,,3.02096667,2.428333333,32.96908333,512.9771907
OTTAWA INTL A,2024-06-16 10:00,2024,6,16,10:00,18.9,5.8,42,19,6,563.2739605,,,17.33041667,61.72983333,9.866233333,0.436666667,0.826666667,130.9333333,58.58333333,,1.56958333,1.23,19.72983333,504.6906272
OTTAWA INTL A,2024-06-16 11:00,2024,6,16,11:00,19.5,5.5,40,18,3,718.824472,,,18.64045,51.43793333,8.416733333,0.516666667,0.901666667,174.2,66.56666667,,0.85955,0.316666666,11.43793333,652.2578053
OTTAWA INTL A,2024-06-16 12:00,2024,6,16,12:00,20.1,6,39,19,7,683.7904183,,,19.11118333,46.79473333,7.473416667,0.341666667,0.668333333,197.6666667,61.93333333,,0.98881667,1.602777777,7.79473333,621.857085
OTTAWA INTL A,2024-06-16 13:00,2024,6,16,13:00,20.5,6.2,39,13,4,552.9251322,,,19.44941667,48.07985,8.178433333,0.453333333,0.778333333,206.9833333,53.83333333,,1.05058333,0.657777778,9.07985,499.0917989
OTTAWA INTL A,2024-06-16 14:00,2024,6,16,14:00,20.8,6.5,39,15,11,472.4676862,,,19.70106667,45.11066667,7.46675,0.336666667,0.688333333,175.3833333,47.16666667,,1.09893333,2.718888889,6.11066667,425.3010195
OTTAWA INTL A,2024-06-16 15:00,2024,6,16,15:00,20.3,6.7,41,18,9,350.8449182,,,20.03713333,46.49171667,8.221283333,0.423333333,0.775,165.8833333,37.33333333,,0.26286667,2.076666667,5.49171667,313.5115849
OTTAWA INTL A,2024-06-16 16:00,2024,6,16,16:00,20.5,7.1,42,17,10,315.3948852,,,19.9145,48.93486667,8.847516667,0.27,0.606666667,206.9833333,30.35,,0.5855,2.507777778,6.93486667,285.0448852
OTTAWA INTL A,2024-06-16 17:00,2024,6,16,17:00,19.6,8.6,49,17,5,172.7981082,,,19.90476667,46.96036667,8.212566667,0.3,0.606666667,185.5333333,19.21666667,,0.30476667,1.088888889,2.03963333,153.5814415
OTTAWA INTL A,2024-06-16 18:00,2024,6,16,18:00,19.1,10.2,56,14,7,79.37294955,,,19.78335,45.25538333,7.6044,0.143333333,0.433333333,172.0666667,7.85,,0.68335,1.801111111,10.74461667,71.52294955
OTTAWA INTL A,2024-06-16 19:00,2024,6,16,19:00,18.6,10.7,60,13,7,95.70961968,,,19.45296667,47.82345,8.10545,0.09,0.321666667,120.8,7.216666667,,0.85296667,1.854444444,12.17655,88.49295301
OTTAWA INTL A,2024-06-16 20:00,2024,6,16,20:00,14.5,10.4,77,13,8,15.98079007,,,18.57646667,54.25045,9.171116667,0.308333333,0.6,119.4666667,1.316666667,,4.07646667,1.913888889,22.74955,14.6641234
OTTAWA INTL A,2024-06-16 21:00,2024,6,16,21:00,14.2,9.5,73,12,11,2.06833655,,,17.90405,58.09958333,9.556716667,0.216666667,0.556666667,150.6,1,,3.70405,2.838888889,14.90041667,1.06833655
OTTAWA INTL A,2024-06-16 22:00,2024,6,16,22:00,15.2,9.2,67,12,8,1.760740583,,,17.6288,58.92198333,9.5101,0.17,0.426666667,147.8833333,1,,2.4288,2.052222222,8.07801667,0.760740583
OTTAWA INTL A,2024-06-16 23:00,2024,6,16,23:00,15.4,10,70,10,12,1.676987583,,,16.83091667,62.2943,9.591566667,0.19,0.446666667,122.85,1,,1.43091667,3.143333333,7.7057,0.676987583
OTTAWA INTL A,2024-06-17 0:00,2024,6,17,0:00,15.7,9.9,68,8,9,1.557823783,,,16.32586667,67.59031667,10.30781667,0.085,0.26,161.6666667,1,,0.62586667,2.415,0.40968333,0.557823783
OTTAWA INTL A,2024-06-17 1:00,2024,6,17,1:00,15.2,10.6,74,10,11,1.742886717,,,15.85361667,75.74518333,11.58701667,0.08,0.348333333,120.2833333,1,,0.65361667,2.975555556,1.74518333,0.742886717
OTTAWA INTL A,2024-06-17 2:00,2024,6,17,2:00,15.1,11.3,78,8,8,1.83834785,,,15.83188333,78.425,12.10048333,0.363333333,0.64,74.51666667,1,,0.73188333,1.858888889,0.425,0.83834785
OTTAWA INTL A,2024-06-17 3:00,2024,6,17,3:00,15.2,11.6,79,9,9,1.490834033,,,15.94201667,73.6242,11.24918333,0.253333333,0.54,88.73333333,1,,0.74201667,2.246666667,5.3758,0.490834033
OTTAWA INTL A,2024-06-17 4:00,2024,6,17,4:00,15.2,12.5,84,6,8,2.135511067,,,16.0603,70.07846667,10.61795,0.261666667,0.505,87.33333333,1,,0.8603,1.960555555,13.92153333,1.135511067
OTTAWA INTL A,2024-06-17 5:00,2024,6,17,5:00,14.9,13.2,90,33,8,5.914270117,,,15.00286667,82.20055,11.9895,0.195,0.42,208.9666667,1,,0.10286667,2.027222222,7.79945,4.914270117
OTTAWA INTL A,2024-06-17 6:00,2024,6,17,6:00,14.3,14.3,100,19,4,15.061659,,,14.5896,90.13315,13.00595,0.066666667,0.32,216.5833333,1.216666667,,0.2896,1.044444444,9.86685,13.84499233
OTTAWA INTL A,2024-06-17 7:00,2024,6,17,7:00,15,15,100,19,0,58.93975048,,,15.25923333,89.59418333,13.57141667,0.186666667,0.458333333,123.8833333,5.233333333,,0.25923333,0.186666667,10.40581667,53.70641715
OTTAWA INTL A,2024-06-17 8:00,2024,6,17,8:00,17.5,17.5,100,19,14,325.894286,,,16.36448333,85.23851667,13.89783333,0.18,0.436666667,212.9166667,33.5,,1.13551667,3.708888889,14.76148333,292.394286
OTTAWA INTL A,2024-06-17 9:00,2024,6,17,9:00,20.3,18.3,88,21,14,601.776933,,,18.74378333,83.6052,15.92998333,0.445,0.795,233.2833333,53.86666667,,1.55621667,3.443888889,4.3948,547.9102663
OTTAWA INTL A,2024-06-17 10:00,2024,6,17,10:00,23.2,19.1,78,20,19,534.2562885,,,20.63763333,80.49086667,17.18306667,0.425,0.773333333,213.8,57.68333333,,2.56236667,4.852777778,2.49086667,476.5729552
OTTAWA INTL A,2024-06-17 11:00,2024,6,17,11:00,25.3,19.4,70,21,21,814.5249937,,,22.82316667,76.40803333,18.475,0.466666667,0.85,236.7166667,67.88333333,,2.47683333,5.366666666,6.40803333,746.6416604
OTTAWA INTL A,2024-06-17 12:00,2024,6,17,12:00,26.3,19.8,67,21,16,901.552865,,,23.85121667,75.22285,19.22125,0.45,0.808333333,220.2833333,61.91666667,,2.44878333,3.994444444,8.22285,839.6361983
OTTAWA INTL A,2024-06-17 13:00,2024,6,17,13:00,27.8,20.8,65,24,18,892.7168065,,,26.07353333,68.05088333,19.73681667,0.876666667,1.323333333,220.4833333,70.16666667,,1.72646667,4.123333333,3.05088333,822.5501398
OTTAWA INTL A,2024-06-17 14:00,2024,6,17,14:00,28.4,21.5,65,23,20,871.6298453,,,26.953,67.557,20.45973333,0.736666667,1.138333333,222.6333333,52.1,,1.447,4.818888889,2.557,819.5298453
OTTAWA INTL A,2024-06-17 15:00,2024,6,17,15:00,29.1,20.7,60,17,15,566.3246642,,,27.09846667,69.25675,21.0023,0.451666667,0.838333333,225.5166667,43.6,,2.00153333,3.715,9.25675,522.7246642
OTTAWA INTL A,2024-06-17 16:00,2024,6,17,16:00,30.2,21.3,58,23,10,564.1337525,,,28.03613333,66.17706667,21.14755,0.403333333,0.761666667,212.15,35.05,,2.16386667,2.374444445,8.17706667,529.0837525
OTTAWA INTL A,2024-06-17 17:00,2024,6,17,17:00,29.6,21.4,61,18,17,448.4544635,,,28.78681667,63.85333333,21.28135,0.546666667,0.883333333,211.0666667,22.05,,0.81318333,4.175555555,2.85333333,426.4044635
OTTAWA INTL A,2024-06-17 18:00,2024,6,17,18:00,29.3,21.8,63,20,14,272.3493422,,,28.973,62.96275,21.22975,0.623333333,0.958333333,205.8833333,10.95,,0.327,3.265555556,0.03725,261.3993422
OTTAWA INTL A,2024-06-17 19:00,2024,6,17,19:00,27.8,21.4,68,17,13,127.2665363,,,28.96286667,62.94311667,21.21565,0.848333333,1.206666667,210.0666667,4.133333333,,1.16286667,2.762777778,5.05688333,123.133203
OTTAWA INTL A,2024-06-17 20:00,2024,6,17,20:00,26.3,20.4,69,18,16,23.59499735,,,28.18196667,64.51686667,20.87778333,0.885,1.265,204.1833333,1.216666667,,1.88196667,3.559444444,4.48313333,22.37833068
OTTAWA INTL A,2024-06-17 21:00,2024,6,17,21:00,24.8,20.4,76,19,11,2.330146983,,,27.0288,65.49768333,20.02953333,0.753333333,1.076666667,203.7833333,1,,2.2288,2.302222223,10.50231667,1.330146983
OTTAWA INTL A,2024-06-17 22:00,2024,6,17,22:00,23.8,20.1,79,21,11,1.899937133,,,26.04291667,68.85376667,19.90095,0.61,0.875,213.6333333,1,,2.24291667,2.445555556,10.14623333,0.899937133
OTTAWA INTL A,2024-06-17 23:00,2024,6,17,23:00,22.9,20,84,18,9,1.916079533,,,25.46381667,69.8311,19.57603333,0.765,1.041666667,213.55,1,,2.56381667,1.735,14.1689,0.916079533
OTTAWA INTL A,2024-06-18 0:00,2024,6,18,0:00,22.6,19.5,82,21,10,1.962486233,,,24.67375,71.75245,19.25463333,0.666666667,0.905,212.5166667,1,,2.07375,2.111111111,10.24755,0.962486233
OTTAWA INTL A,2024-06-18 1:00,2024,6,18,1:00,22.2,19.4,84,22,10,1.831431383,,,23.1789,77.53516667,19.05261667,0.125,0.38,201.8,1,,0.9789,2.652777778,6.46483333,0.831431383
OTTAWA INTL A,2024-06-18 2:00,2024,6,18,2:00,21.3,19.4,89,18,8,1.770838867,,,21.94876667,82.54573333,18.86341667,0.071666667,0.325,196.55,1,,0.64876667,2.150555555,6.45426667,0.770838867
OTTAWA INTL A,2024-06-18 3:00,2024,6,18,3:00,20.9,19.4,91,19,9,1.725846867,,,21.9552,82.54791667,18.86753333,0.163333333,0.415,186.9,1,,1.0552,2.336666667,8.45208333,0.725846867
OTTAWA INTL A,2024-06-18 4:00,2024,6,18,4:00,20.3,19.9,97,19,7,1.892703017,,,21.13981667,85.92136667,18.71436667,0.055,0.236666667,140.7666667,1,,0.83981667,1.889444444,11.07863333,0.892703017
OTTAWA INTL A,2024-06-18 5:00,2024,6,18,5:00,20.3,20.2,100,18,9,13.98923837,,,21.3737,85.21303333,18.80996667,0.075,0.27,150.5166667,1.15,,1.0737,2.425,14.78696667,12.83923837
OTTAWA INTL A,2024-06-18 6:00,2024,6,18,6:00,21.1,20.9,98,20,8,79.78217155,,,21.60386667,84.5132,18.90443333,0.43,0.683333333,188.45,9.616666667,,0.50386667,1.792222222,13.4868,70.16550488
OTTAWA INTL A,2024-06-18 7:00,2024,6,18,7:00,22.5,20.8,90,19,14,255.8553188,,,22.25413333,83.84508333,19.41495,0.363333333,0.68,212.3166667,28.3,,0.24586667,3.525555556,6.15491667,227.5553188
OTTAWA INTL A,2024-06-18 8:00,2024,6,18,8:00,24.1,22,88,19,15,351.2865465,,,23.393,81.84213333,20.138,0.61,0.876666667,208.7333333,39.4,,0.707,3.556666667,6.15786667,311.8865465
OTTAWA INTL A,2024-06-18 9:00,2024,6,18,9:00,26.1,22.5,80,19,19,596.9695427,,,24.56828333,80.22216667,20.95926667,0.53,0.886666667,240.1833333,60.45,,1.53171667,4.747777778,0.22216667,536.5195427
OTTAWA INTL A,2024-06-18 10:00,2024,6,18,10:00,27.5,23.4,78,20,13,705.6467445,,,26.11761667,77.75455,21.95161667,0.538333333,0.88,226.7666667,69.8,,1.38238333,3.072777778,0.24545,635.8467445
OTTAWA INTL A,2024-06-18 11:00,2024,6,18,11:00,29.3,24.1,73,21,13,730.2818167,,,27.70008333,74.26208333,22.72666667,0.62,0.988333333,224.25,64.28333333,,1.59991667,2.991111111,1.26208333,665.9984834
OTTAWA INTL A,2024-06-18 12:00,2024,6,18,12:00,30.5,24,68,20,15,855.4384368,,,28.54831667,73.8823,23.44245,0.538333333,0.933333333,218.9666667,65.68333333,,1.95168333,3.628333334,5.8823,789.7551035
OTTAWA INTL A,2024-06-18 13:00,2024,6,18,13:00,31.5,24.2,65,18,16,815.8392187,,,30.00895,69.15888333,23.75911667,0.61,1.023333333,206.6,65.43333333,,1.49105,3.834444444,4.15888333,750.4058854
OTTAWA INTL A,2024-06-18 14:00,2024,6,18,14:00,32,24,62,19,17,696.5216963,,,30.42106667,67.91401667,23.84888333,0.625,1.036666667,229.3166667,57.25,,1.57893333,4.097222222,5.91401667,639.2716963
OTTAWA INTL A,2024-06-18 15:00,2024,6,18,15:00,31.2,24.2,66,16,19,637.7126985,,,31.11853333,64.91975,23.75503333,0.763333333,1.161666667,217.3333333,54.3,,0.08146667,4.514444445,1.08025,583.4126985
OTTAWA INTL A,2024-06-18 16:00,2024,6,18,16:00,31.9,23.7,61,17,18,535.9492877,,,31.33546667,63.95905,23.72071667,1.21,1.765,200.35,38.15,,0.56453333,3.79,2.95905,497.7992877
OTTAWA INTL A,2024-06-18 17:00,2024,6,18,17:00,31.5,23.9,64,18,15,400.8682163,,,31.25896667,62.96353333,23.38693333,1.061666667,1.606666667,205,23.56666667,,0.24103333,3.105,1.03646667,377.3015496
OTTAWA INTL A,2024-06-18 18:00,2024,6,18,18:00,30.5,24.1,68,19,13,72.11524133,,,30.50228333,65.43056667,23.3087,0.846666667,1.253333333,212.8333333,6.033333333,,0.00228333,2.764444444,2.56943333,66.081908
OTTAWA INTL A,2024-06-18 19:00,2024,6,18,19:00,28.3,22.9,72,19,12,43.93600488,,,29.98645,67.16236667,23.25281667,1.016666667,1.4,211.3833333,3.466666667,,1.68645,2.316666666,4.83763333,40.46933821
OTTAWA INTL A,2024-06-18 20:00,2024,6,18,20:00,26.8,22.2,75,19,14,43.26067755,,,28.8907,69.78425,22.8425,0.901666667,1.266666667,219.9,4.5,,2.0907,2.987222222,5.21575,38.76067755
OTTAWA INTL A,2024-06-18 21:00,2024,6,18,21:00,25.5,21.9,80,20,12,2.471927417,,,27.49061667,71.17066667,21.82488333,0.588333333,0.885,222.2833333,1,,1.99061667,2.745,8.82933333,1.471927417
OTTAWA INTL A,2024-06-18 22:00,2024,6,18,22:00,24.8,21.5,81,21,9,2.003384533,,,26.18843333,74.57936667,21.33656667,0.196666667,0.526666667,195,1,,1.38843333,2.303333333,6.42063333,1.003384533
OTTAWA INTL A,2024-06-18 23:00,2024,6,18,23:00,24.5,21.5,83,21,11,1.949432183,,,25.3161,77.30776667,21.08291667,0.17,0.47,209.4833333,1,,0.8161,2.885555556,5.69223333,0.949432183
OTTAWA INTL A,2024-06-19 0:00,2024,6,19,0:00,24,21.7,87,19,9,1.744012417,,,24.19076667,81.52975,20.85373333,0.08,0.32,181.0666667,1,,0.19076667,2.42,5.47025,0.744012417
OTTAWA INTL A,2024-06-19 1:00,2024,6,19,1:00,22.9,21.8,93,18,4,1.6959254,,,23.87628333,83.04801667,20.84853333,0.066666667,0.231666667,139.4333333,1,,0.97628333,1.044444444,9.95198333,0.6959254
OTTAWA INTL A,2024-06-19 2:00,2024,6,19,2:00,22.7,22.3,98,20,7,1.625646117,,,23.83155,83.39341667,20.87175,0.06,0.236666667,160,1,,1.13155,1.884444444,14.60658333,0.625646117
OTTAWA INTL A,2024-06-19 3:00,2024,6,19,3:00,22.7,22.6,99,23,4,1.750820767,,,23.3908,85.20216667,20.78986667,0.025,0.13,152.0166667,1,,0.6908,1.086111111,13.79783333,0.750820767
OTTAWA INTL A,2024-06-19 4:00,2024,6,19,4:00,22,22,100,16,8,1.7562502,,,23.38115,85.77536667,20.8893,0.221666667,0.491666667,170.95,1,,1.38115,2.000555555,14.22463333,0.7562502
OTTAWA INTL A,2024-06-19 5:00,2024,6,19,5:00,22.4,22.4,100,17,9,6.7889794,,,23.60526667,85.32208333,21.0208,0.206666667,0.501666667,178.5833333,1,,1.20526667,2.293333333,14.67791667,5.7889794
OTTAWA INTL A,2024-06-19 6:00,2024,6,19,6:00,23,23,100,16,9,41.50272245,,,23.53381667,86.8872,21.24898333,0.308333333,0.59,233.7166667,3.033333333,,0.53381667,2.191666667,13.1128,38.46938912
OTTAWA INTL A,2024-06-19 7:00,2024,6,19,7:00,25.8,21.9,79,21,8,154.6914181,,,22.8364,90.84915,21.29001667,0.055,0.313333333,217.2333333,15.03333333,,2.9636,2.167222222,11.84915,139.6580848
OTTAWA INTL A,2024-06-19 8:00,2024,6,19,8:00,28.5,22.5,69,22,13,478.5815665,,,25.5996,80.45483333,21.98933333,0.298333333,0.608333333,238.6,56.4,,2.9004,3.312777778,11.45483333,422.1815665
OTTAWA INTL A,2024-06-19 9:00,2024,6,19,9:00,29.6,22.9,67,22,18,615.1094873,,,26.99761667,76.83561667,22.6099,0.33,0.65,166.4166667,60.41666667,,2.60238333,4.67,9.83561667,554.6928206
OTTAWA INTL A,2024-06-19 10:00,2024,6,19,10:00,30.1,22.8,64,20,17,691.9578497,,,28.03498333,73.05861667,22.76495,0.311666667,0.661666667,225.3333333,61.88333333,,2.06501667,4.410555555,9.05861667,630.0745164
OTTAWA INTL A,2024-06-19 11:00,2024,6,19,11:00,31.1,24,65,19,14,570.6264055,,,29.4435,67.71641667,22.86366667,0.686666667,1.075,235.6,54.95,,1.6565,3.202222222,2.71641667,515.6764055
OTTAWA INTL A,2024-06-19 12:00,2024,6,19,12:00,30.2,23.8,68,20,19,397.986901,,,29.88586667,67.43711667,23.2233,0.763333333,1.113333333,212.8,42.4,,0.31413333,4.514444445,0.56288333,355.586901
OTTAWA INTL A,2024-06-19 13:00,2024,6,19,13:00,32.3,24,61,19,19,664.3144485,,,30.6084,66.243,23.61366667,1.133333333,1.673333333,214.3,62.96666667,,1.6916,4.144444445,5.243,601.3477818
OTTAWA INTL A,2024-06-19 14:00,2024,6,19,14:00,32.2,23.5,59,21,22,852.7046903,,,31.86528333,61.49698333,23.55158333,0.958333333,1.511666667,217.3,79.33333333,,0.33471667,5.152777778,2.49698333,773.371357
OTTAWA INTL A,2024-06-19 15:00,2024,6,19,15:00,33.2,23,54,22,20,754.8424243,,,31.99281667,58.0077,22.71208333,0.728333333,1.225,245.1166667,62.71666667,,1.20718333,4.827222223,4.0077,692.1257576
OTTAWA INTL A,2024-06-19 16:00,2024,6,19,16:00,30.7,23.3,64,21,25,400.8215287,,,31.38521667,58.48825,22.27048333,0.878333333,1.458333333,239.8833333,31.96666667,,0.68521667,6.066111111,5.51175,368.854862
OTTAWA INTL A,2024-06-19 17:00,2024,6,19,17:00,31.5,22.3,58,21,23,373.4324053,,,30.89115,62.57105,22.9333,1.165,1.773333333,223.2666667,25.16666667,,0.60885,5.223888889,4.57105,348.2657386
OTTAWA INTL A,2024-06-19 18:00,2024,6,19,18:00,30.6,23.2,64,21,19,229.9844915,,,30.1766,63.41481667,22.47408333,0.821666667,1.358333333,225.9666667,12.21666667,,0.4234,4.456111111,0.58518333,217.7678248
OTTAWA INTL A,2024-06-19 19:00,2024,6,19,19:00,29.3,22.8,68,22,18,59.3775582,,,29.93675,61.78516667,21.8279,0.835,1.323333333,227.8166667,2.65,,0.63675,4.165,6.21483333,56.7275582
OTTAWA INTL A,2024-06-19 20:00,2024,6,19,20:00,28,22.6,72,21,14,23.13086113,,,29.67035,62.92376667,21.87808333,1.05,1.493333333,226.0333333,1.466666667,,1.67035,2.838888889,9.07623333,21.66419446
OTTAWA INTL A,2024-06-19 21:00,2024,6,19,21:00,26.8,23.3,81,20,13,2.452293517,,,29.01441667,66.09641667,22.06365,1.193333333,1.68,221.9833333,1,,2.21441667,2.417777778,14.90358333,1.452293517
OTTAWA INTL A,2024-06-19 22:00,2024,6,19,22:00,26.6,23.6,83,22,16,1.709211983,,,28.30196667,68.25143333,21.91538333,1.321666667,1.77,220.1833333,1,,1.70196667,3.122777777,14.74856667,0.709211983
OTTAWA INTL A,2024-06-19 23:00,2024,6,19,23:00,26,23.4,85,22,14,1.943456617,,,27.61746667,70.63678333,21.82065,1.005,1.418333333,232.1666667,1,,1.61746667,2.883888889,14.36321667,0.943456617
OTTAWA INTL A,2024-06-20 0:00,2024,6,20,0:00,24.8,23,89,28,7,1.99088705,,,27.0459,73.67281667,21.9625,0.75,1.153333333,237,1,,2.2459,1.194444444,15.32718333,0.99088705
OTTAWA INTL A,2024-06-20 1:00,2024,6,20,1:00,24.3,22.8,91,22,10,1.638272133,,,25.52741667,80.23563333,21.89148333,0.083333333,0.328333333,157.2666667,1,,1.22741667,2.694444445,10.76436667,0.638272133
OTTAWA INTL A,2024-06-20 2:00,2024,6,20,2:00,23.9,22.8,93,22,8,2.252843017,,,25.08668333,82.26935,21.878,0.388333333,0.535,180.0166667,1,,1.18668333,1.833888889,10.73065,1.252843017
OTTAWA INTL A,2024-06-20 3:00,2024,6,20,3:00,23.3,23.2,99,22,8,1.57819275,,,24.68341667,83.2132,21.67068333,0.343333333,0.615,212,1,,1.38341667,1.878888889,15.7868,0.57819275
OTTAWA INTL A,2024-06-20 4:00,2024,6,20,4:00,23.3,23.3,100,22,8,1.569710283,,,24.7231,82.81515,21.62851667,0.471666667,0.695,225.7666667,1,,1.4231,1.750555555,17.18485,0.569710283
OTTAWA INTL A,2024-06-20 5:00,2024,6,20,5:00,23.2,23.2,100,21,13,10.29730835,,,24.65735,82.57731667,21.51803333,0.16,0.391666667,192.1166667,1.15,,1.45735,3.451111111,17.42268333,9.14730835
OTTAWA INTL A,2024-06-20 6:00,2024,6,20,6:00,24.5,23.8,96,26,9,97.60403197,,,24.53615,84.009,21.68261667,0.206666667,0.526666667,204.7333333,12.91666667,,0.03615,2.293333333,11.991,84.6873653
OTTAWA INTL A,2024-06-20 7:00,2024,6,20,7:00,27.2,22.7,76,28,14,296.8263338,,,25.34151667,81.27411667,21.92408333,0.115,0.428333333,224.1666667,36.01666667,,1.85848333,3.773888889,5.27411667,260.8096671
OTTAWA INTL A,2024-06-20 8:00,2024,6,20,8:00,27.8,22.5,73,28,19,463.0092683,,,26.06923333,78.36801667,22.03641667,0.15,0.54,244.4166667,50.71666667,,1.73076667,5.127777778,5.36801667,412.2926016
OTTAWA INTL A,2024-06-20 9:00,2024,6,20,9:00,27.2,22.2,73,30,17,410.4723606,,,26.26056667,78.55783333,22.25946667,0.276666667,0.693333333,217.6666667,39.95,,0.93943333,4.445555555,5.55783333,370.5223606
OTTAWA INTL A,2024-06-20 10:00,2024,6,20,10:00,27.9,22,70,36,16,588.0589385,,,26.56648333,76.57631667,22.13513333,0.4,0.771666667,125.1166667,61.53333333,,1.33351667,4.044444444,6.57631667,526.5256052
OTTAWA INTL A,2024-06-20 11:00,2024,6,20,11:00,28.3,21.2,65,31,13,432.7453427,,,26.09825,79.4807,22.29503333,0.176666667,0.52,127.4666667,40.11666667,,2.20175,3.434444444,14.4807,392.628676
OTTAWA INTL A,2024-06-20 12:00,2024,6,20,12:00,29.1,22.2,66,25,8,329.6429407,,,26.69338333,78.52118333,22.67061667,0.051666667,0.255,146.9666667,33.23333333,,2.40661667,2.170555555,12.52118333,296.4096074
OTTAWA INTL A,2024-06-20 13:00,2024,6,20,13:00,29.1,22.3,66,31,15,482.1633117,,,25.94716667,85.33866667,23.31761667,0.128333333,0.456666667,182.7833333,40.9,,3.15283333,4.038333334,19.33866667,441.2633117
OTTAWA INTL A,2024-06-20 14:00,2024,6,20,14:00,28.8,21.7,65,33,14,611.333559,,,26.1894,81.69735,22.8379,0.17,0.52,144.8333333,50.53333333,,2.6106,3.718888889,16.69735,560.8002257
OTTAWA INTL A,2024-06-20 15:00,2024,6,20,15:00,27.6,21.3,68,35,16,438.7385025,,,26.45753333,76.04866667,21.91396667,0.39,0.785,43.28333333,40.2,,1.14246667,4.054444444,8.04866667,398.5385025
OTTAWA INTL A,2024-06-20 16:00,2024,6,20,16:00,27.1,20.1,65,36,18,338.564353,,,26.12505,70.58681667,20.37745,0.598333333,1.013333333,61.86666667,32.91666667,,0.97495,4.401666667,5.58681667,305.6476863
OTTAWA INTL A,2024-06-20 17:00,2024,6,20,17:00,25.5,17.9,62,36,15,92.31932785,,,24.67563333,69.37903333,18.70595,0.295,0.676666667,79.78333333,11.4,,0.82436667,3.871666667,7.37903333,80.91932785
OTTAWA INTL A,2024-06-20 18:00,2024,6,20,18:00,22.8,18.7,77,1,10,47.77541238,,,22.96871667,73.17985,17.9281,0.045,0.166666667,140.95,4.833333333,,0.16871667,2.732777778,3.82015,42.94207905
OTTAWA INTL A,2024-06-20 19:00,2024,6,20,19:00,23.4,16.8,66,35,18,54.0752244,,,23.00761667,72.5354,17.82196667,0.095,0.325,135.3833333,4.65,,0.39238333,4.905,6.5354,49.4252244
OTTAWA INTL A,2024-06-20 20:00,2024,6,20,20:00,22.5,15.4,64,36,12,28.07285663,,,22.70776667,69.9353,16.94893333,0.076666667,0.32,153.2,2.583333333,,0.20776667,3.256666666,5.9353,25.4895233
OTTAWA INTL A,2024-06-20 21:00,2024,6,20,21:00,22.4,14.5,61,35,16,1.860588283,,,21.7025,70.84236667,16.19705,0.03,0.206666667,188.7666667,1,,0.6975,4.414444444,9.84236667,0.860588283
OTTAWA INTL A,2024-06-20 22:00,2024,6,20,22:00,21.6,13.8,61,35,17,1.913400433,,,21.5209,66.35216667,14.98138333,0.265,0.578333333,56.36666667,1,,0.0791,4.457222222,5.35216667,0.913400433
OTTAWA INTL A,2024-06-20 23:00,2024,6,20,23:00,20.7,12.3,58,36,14,1.915676733,,,20.66265,67.36528333,14.411,0.02,0.205,144.6666667,1,,0.03735,3.868888889,9.36528333,0.915676733
OTTAWA INTL A,2024-06-21 0:00,2024,6,21,0:00,19.4,12.5,64,36,11,2.473342083,,,19.59701667,71.8256,14.38738333,0.035,0.2,154.85,1,,0.19701667,3.020555556,7.8256,1.473342083
OTTAWA INTL A,2024-06-21 1:00,2024,6,21,1:00,18.9,13.1,69,35,14,2.081228583,,,18.4285,74.89651667,13.91061667,0.075,0.288333333,203.8333333,1,,0.4715,3.813888889,5.89651667,1.081228583
OTTAWA INTL A,2024-06-21 2:00,2024,6,21,2:00,18.4,13.4,72,36,12,1.792298683,,,17.47128333,79.37023333,13.87926667,0.115,0.325,167.7166667,1,,0.92871667,3.218333333,7.37023333,0.792298683
OTTAWA INTL A,2024-06-21 3:00,2024,6,21,3:00,18.2,13.5,74,2,8,1.4441243,,,17.44826667,81.04016667,14.17881667,0.075,0.24,199.65,1,,0.75173333,2.147222222,7.04016667,0.4441243
OTTAWA INTL A,2024-06-21 4:00,2024,6,21,4:00,17.9,13.7,76,1,13,1.5809614,,,17.7511,79.87035,14.24625,0.115,0.418333333,196.75,1,,0.1489,3.496111111,3.87035,0.5809614
OTTAWA INTL A,2024-06-21 5:00,2024,6,21,5:00,18.4,13.2,72,3,17,9.098136417,,,17.98481667,78.60351667,14.22991667,0.248333333,0.568333333,98.68333333,1.433333333,,0.41518333,4.473888889,6.60351667,7.664803084
OTTAWA INTL A,2024-06-21 6:00,2024,6,21,6:00,18.2,14,77,4,16,51.75338937,,,18.08455,78.72558333,14.34908333,0.105,0.308333333,104.65,4.25,,0.11545,4.339444444,1.72558333,47.50338937
OTTAWA INTL A,2024-06-21 7:00,2024,6,21,7:00,18.9,14.1,73,5,13,107.1710834,,,18.52248333,77.65668333,14.56416667,0.07,0.288333333,82.38333333,10.01666667,,0.37751667,3.541111111,4.65668333,97.15441673
OTTAWA INTL A,2024-06-21 8:00,2024,6,21,8:00,20.9,13.7,63,6,16,214.675442,,,19.05625,77.76651667,15.09985,0.085,0.338333333,116.5833333,20.73333333,,1.84375,4.359444444,14.76651667,193.9421087
OTTAWA INTL A,2024-06-21 9:00,2024,6,21,9:00,21.4,14.2,63,6,13,355.9183313,,,20.19545,69.41275,14.4279,0.24,0.59,65.01666667,34.88333333,,1.20455,3.371111111,6.41275,321.034998
OTTAWA INTL A,2024-06-21 10:00,2024,6,21,10:00,21.2,14.4,65,5,16,288.908502,,,20.64838333,69.20966667,14.8155,0.121666667,0.388333333,118.8333333,32.66666667,,0.55161667,4.322777777,4.20966667,256.2418353
OTTAWA INTL A,2024-06-21 11:00,2024,6,21,11:00,21.1,14.4,65,3,12,232.9711607,,,20.61726667,73.16626667,15.65795,0.145,0.438333333,87.05,26.81666667,,0.48273333,3.188333333,8.16626667,206.154494
OTTAWA INTL A,2024-06-21 12:00,2024,6,21,12:00,20.8,14.3,66,8,13,185.9411693,,,20.76096667,73.07235,15.77505,0.196666667,0.485,130.7666667,22.41666667,,0.03903333,3.414444444,7.07235,163.5245026
OTTAWA INTL A,2024-06-21 13:00,2024,6,21,13:00,20.9,13.6,63,10,17,215.184601,,,20.47638333,76.13533333,16.10711667,0.143333333,0.441666667,196.1,24.35,,0.42361667,4.578888889,13.13533333,190.834601
OTTAWA INTL A,2024-06-21 14:00,2024,6,21,14:00,20.8,13.3,62,4,13,165.1017915,,,21.08268333,66.75365,14.64593333,0.221666667,0.523333333,199.3166667,19.18333333,,0.28268333,3.389444444,4.75365,145.9184582
OTTAWA INTL A,2024-06-21 15:00,2024,6,21,15:00,21.3,14.3,64,6,15,143.2640331,,,20.4411,74.65285,15.80556667,0.05,0.225,227.95,15.28333333,,0.8589,4.116666667,10.65285,127.9806998
OTTAWA INTL A,2024-06-21 16:00,2024,6,21,16:00,21.5,13.7,61,7,10,139.6551157,,,20.35988333,76.453,16.10013333,0.115,0.388333333,93.71666667,14.9,,1.14011667,2.662777778,15.453,124.7551157
OTTAWA INTL A,2024-06-21 17:00,2024,6,21,17:00,21.1,14.1,64,4,14,84.9331882,,,20.74518333,67.90271667,14.61405,0.17,0.498333333,68.58333333,9.283333333,,0.35481667,3.718888889,3.90271667,75.64985487
OTTAWA INTL A,2024-06-21 18:00,2024,6,21,18:00,20.6,13.9,65,6,8,101.5970002,,,20.37768333,70.56085,14.85616667,0.09,0.323333333,119.0833333,10,,0.22231667,2.132222222,5.56085,91.5970002
OTTAWA INTL A,2024-06-21 19:00,2024,6,21,19:00,19.8,14.3,70,4,13,77.0053937,,,20.25341667,69.58416667,14.52413333,0.105,0.316666667,86.1,6.166666667,,0.45341667,3.506111111,0.41583333,70.83872703
OTTAWA INTL A,2024-06-21 20:00,2024,6,21,20:00,19.4,13.7,69,6,10,23.09286322,,,19.65535,72.07945,14.50263333,0.208333333,0.5,54.75,1.983333333,,0.25535,2.569444445,3.07945,21.10952989
OTTAWA INTL A,2024-06-21 21:00,2024,6,21,21:00,18.9,13.2,69,4,13,1.995238367,,,19.05663333,74.6543,14.46411667,0.225,0.52,92.2,1,,0.15663333,3.386111111,5.6543,0.995238367
OTTAWA INTL A,2024-06-21 22:00,2024,6,21,22:00,18,14,77,5,13,1.8235743,,,18.44035,79.39848333,14.82493333,0.085,0.281666667,123.7166667,1,,0.44035,3.526111111,2.39848333,0.8235743
OTTAWA INTL A,2024-06-21 23:00,2024,6,21,23:00,18.1,14.1,78,4,12,1.762416717,,,18.2261,82.95031667,15.30116667,0.04,0.191666667,98.86666667,1,,0.1261,3.293333333,4.95031667,0.762416717
OTTAWA INTL A,2024-06-22 0:00,2024,6,22,0:00,18.4,15.1,81,4,13,1.63130795,,,18.08091667,82.06391667,14.99155,0.025,0.165,86.21666667,1,,0.31908333,3.586111111,1.06391667,0.63130795
OTTAWA INTL A,2024-06-22 1:00,2024,6,22,1:00,17.7,15.3,85,5,9,1.672580133,,,17.76003333,83.04551667,14.8619,0.025,0.18,98.15,1,,0.06003333,2.475,1.95448333,0.672580133
OTTAWA INTL A,2024-06-22 2:00,2024,6,22,2:00,18.2,14.4,78,2,13,1.64946315,,,17.6246,83.63833333,14.83921667,0.265,0.53,112.0666667,1,,0.5754,3.346111111,5.63833333,0.64946315
OTTAWA INTL A,2024-06-22 3:00,2024,6,22,3:00,17.1,16.4,96,3,11,1.648945933,,,17.44618333,82.06693333,14.37135,0.07,0.206666667,179.5333333,1,,0.34618333,2.985555556,13.93306667,0.648945933
OTTAWA INTL A,2024-06-22 4:00,2024,6,22,4:00,17.3,15.5,89,12,7,2.009000917,,,17.22133333,84.27431667,14.56136667,0.035,0.24,215.2666667,1,,0.07866667,1.909444444,4.72568333,1.009000917
OTTAWA INTL A,2024-06-22 5:00,2024,6,22,5:00,16.6,16.2,98,13,5,10.93506762,,,17.15378333,86.9927,14.98943333,0.025,0.155,152.6833333,1.166666667,,0.55378333,1.363888889,11.0073,9.768400953
OTTAWA INTL A,2024-06-22 6:00,2024,6,22,6:00,17.4,14.4,83,36,1,45.00170225,,,17.44051667,86.82733333,15.24218333,0.08,0.253333333,219.2666667,4,,0.04051667,0.197777778,3.82733333,41.00170225
OTTAWA INTL A,2024-06-22 7:00,2024,6,22,7:00,18,14.9,82,0,1,127.4549435,,,17.89473333,85.44976667,15.43826667,0.015,0.126666667,125.2166667,13.08333333,,0.10526667,0.262777778,3.44976667,114.3716102
OTTAWA INTL A,2024-06-22 8:00,2024,6,22,8:00,18.7,15.7,82,33,7,106.7001559,,,18.12506667,84.60236667,15.50931667,0.025,0.16,183.3166667,11.45,,0.57493333,1.919444444,2.60236667,95.2501559
OTTAWA INTL A,2024-06-22 9:00,2024,6,22,9:00,18.6,15.3,81,36,10,153.0430975,,,18.03951667,88.257,16.08745,0.005,0.201666667,161.95,16.21666667,,0.56048333,2.772777778,7.257,136.8264308
OTTAWA INTL A,2024-06-22 10:00,2024,6,22,10:00,19.1,15.9,81,36,7,203.9996568,,,18.01278333,88.96073333,16.18573333,0.015,0.228333333,111.2166667,21.35,,1.08721667,1.929444444,7.96073333,182.6496568
OTTAWA INTL A,2024-06-22 11:00,2024,6,22,11:00,20.2,16.1,77,1,7,298.5032702,,,18.18648333,86.62473333,15.9371,0.06,0.331666667,172.0833333,31.85,,2.01351667,1.884444444,9.62473333,266.6532702
OTTAWA INTL A,2024-06-22 12:00,2024,6,22,12:00,20.4,16,75,6,6,430.151789,,,18.65438333,85.69981667,16.22725,0.04,0.301666667,169.9833333,42.41666667,,1.74561667,1.626666667,10.69981667,387.7351223
OTTAWA INTL A,2024-06-22 13:00,2024,6,22,13:00,21.1,15.6,71,9,4,410.9206028,,,19.50881667,81.53388333,16.27713333,0.135,0.456666667,215.3833333,42.4,,1.59118333,0.976111111,10.53388333,368.5206028
OTTAWA INTL A,2024-06-22 14:00,2024,6,22,14:00,20.7,14.3,67,20,4,327.394916,,,19.84338333,79.05281667,16.12545,0.02,0.255,175.0833333,36.45,,0.85661667,1.091111111,12.05281667,290.944916
OTTAWA INTL A,2024-06-22 15:00,2024,6,22,15:00,20,15.4,75,36,1,219.5197383,,,19.87125,79.97296667,16.33433333,0.03,0.236666667,279.6833333,25.03333333,,0.12875,0.247777778,4.97296667,194.486405
OTTAWA INTL A,2024-06-22 16:00,2024,6,22,16:00,19.8,15.3,75,21,5,274.2129045,,,20.06535,77.42076667,15.99458333,0.025,0.243333333,177.45,28.01666667,,0.26535,1.363888889,2.42076667,246.1962378
OTTAWA INTL A,2024-06-22 17:00,2024,6,22,17:00,19.1,15.6,80,25,3,160.5009941,,,20.23803333,70.01056667,14.5973,0.111666667,0.328333333,230.55,17.58333333,,1.13803333,0.721666666,9.98943333,142.9176608
OTTAWA INTL A,2024-06-22 18:00,2024,6,22,18:00,18.6,16.5,88,36,1,75.86358588,,,19.71903333,73.7264,14.90421667,0.005,0.091666667,140.6666667,8.416666667,,1.11903333,0.272777778,14.2736,67.44691921
OTTAWA INTL A,2024-06-22 19:00,2024,6,22,19:00,17.9,17.9,100,36,1,26.50130182,,,18.89895,82.96296667,15.95361667,0.025,0.138333333,151.9833333,2.133333333,,0.99895,0.252777778,17.03703333,24.36796849
OTTAWA INTL A,2024-06-22 20:00,2024,6,22,20:00,17.8,17.8,100,7,6,4.810836917,,,17.81936667,88.94518333,15.98103333,0.055,0.263333333,186.95,1,,0.01936667,1.611666667,11.05481667,3.810836917
OTTAWA INTL A,2024-06-22 21:00,2024,6,22,21:00,17.2,17.2,100,5,7,1.699388033,,,17.30988333,94.1172,16.3748,0.035,0.176666667,131.8166667,1,,0.10988333,1.909444444,5.8828,0.699388033
OTTAWA INTL A,2024-06-22 22:00,2024,6,22,22:00,16.9,16.9,100,7,8,1.628780333,,,17.36671667,95.43295,16.6506,0.1,0.301666667,75.83333333,1,,0.46671667,2.122222222,4.56705,0.628780333
OTTAWA INTL A,2024-06-22 23:00,2024,6,22,23:00,16.8,16.8,100,7,14,1.725186733,,,17.10043333,95.48575,16.39406667,0.29,0.555,143.1666667,1,,0.30043333,3.598888889,4.51425,0.725186733
OTTAWA INTL A,2024-06-23 0:00,2024,6,23,0:00,16.6,16.6,100,4,12,1.396953533,,,16.91396667,95.63331667,16.2323,0.236666667,0.528333333,65.23333333,1,,0.31396667,3.096666666,4.36668333,0.396953533
OTTAWA INTL A,2024-06-23 1:00,2024,6,23,1:00,16.8,16.8,100,7,14,2.01430345,,,17.03873333,97.5733,16.67303333,0.193333333,0.431666667,46.38333333,1,,0.23873333,3.695555556,2.4267,1.01430345
OTTAWA INTL A,2024-06-23 2:00,2024,6,23,2:00,17,17,100,5,16,1.582245017,,,16.78478333,97.89608333,16.47166667,0.506666667,0.758333333,63.38333333,1,,0.21521667,3.937777777,2.10391667,0.582245017
OTTAWA INTL A,2024-06-23 3:00,2024,6,23,3:00,16.9,16.9,100,5,10,1.518323267,,,16.72551667,98.12768333,16.4495,0.653333333,0.915,70.16666667,1,,0.17448333,2.124444445,1.87231667,0.518323267
OTTAWA INTL A,2024-06-23 4:00,2024,6,23,4:00,17.2,17.2,100,11,20,1.402968467,,,17.09621667,98.76218333,16.92175,0.566666667,0.885,93.76666667,1,,0.10378333,4.988888889,1.23781667,0.402968467
OTTAWA INTL A,2024-06-23 5:00,2024,6,23,5:00,18,18,100,12,19,2.8283286,,,17.85695,99.01608333,17.7232,0.766666667,1.171666667,111.9,1,,0.14305,4.511111111,0.98391667,1.8283286
OTTAWA INTL A,2024-06-23 6:00,2024,6,23,6:00,18.6,18.6,100,13,16,7.973311983,,,18.3777,98.93288333,18.23083333,0.575,0.963333333,116.35,1,,0.2223,3.869444444,1.06711667,6.973311983
OTTAWA INTL A,2024-06-23 7:00,2024,6,23,7:00,19.3,19.3,100,15,10,12.84134907,,,18.76733333,98.75351667,18.59146667,0.731666667,1.206666667,188.1166667,1.183333333,,0.53266667,2.046111111,1.24648333,11.65801574
OTTAWA INTL A,2024-06-23 8:00,2024,6,23,8:00,19.6,19.6,100,22,5,35.02263787,,,19.07313333,98.9117,18.92288333,0.126666667,0.353333333,180.4,2.65,,0.52686667,1.262222222,1.0883,32.37263787
OTTAWA INTL A,2024-06-23 9:00,2024,6,23,9:00,20.5,20.5,100,17,10,49.45717348,,,19.28431667,99.38516667,19.21098333,0.168333333,0.458333333,140.65,4.1,,1.21568333,2.609444445,0.61483333,45.35717348
OTTAWA INTL A,2024-06-23 10:00,2024,6,23,10:00,21.8,21.8,100,18,10,71.34026428,,,20.18288333,99.60651667,20.14635,0.135,0.421666667,213.2833333,7.133333333,,1.61711667,2.642777778,0.39348333,64.20693095
OTTAWA INTL A,2024-06-23 11:00,2024,6,23,11:00,22.6,22.6,100,21,11,49.1707605,,,20.82926667,99.7285,20.8133,0.133333333,0.388333333,199.1666667,3.983333333,,1.77073333,2.922222223,0.2715,45.18742717
OTTAWA INTL A,2024-06-23 12:00,2024,6,23,12:00,22.6,22.6,100,20,12,43.04438555,,,21.44093333,98.56096667,21.2324,0.648333333,1.071666667,221.4166667,2.933333333,,1.15906667,2.685,1.43903333,40.11105222
OTTAWA INTL A,2024-06-23 13:00,2024,6,23,13:00,24.3,24.3,100,20,17,309.1207208,,,22.16361667,98.12356667,21.88153333,0.616666667,0.936666667,206.8666667,26.91666667,,2.13638333,4.105555555,1.87643333,282.2040541
OTTAWA INTL A,2024-06-23 14:00,2024,6,23,14:00,26,22.6,81,21,28,312.318968,,,23.56105,93.80545,22.52575,0.781666667,1.171666667,216.25,26.66666667,,2.43895,6.996111111,12.80545,285.6523013
OTTAWA INTL A,2024-06-23 15:00,2024,6,23,15:00,25.5,21.6,79,22,21,183.7926449,,,24.71988333,85.83183333,22.21425,0.996666667,1.508333333,221.5,22.1,,0.78011667,4.836666666,6.83183333,161.6926449
OTTAWA INTL A,2024-06-23 16:00,2024,6,23,16:00,24.5,23.4,94,22,13,214.8707392,,,22.58866667,91.69653333,21.18028333,0.631666667,1.023333333,237.3,16.26666667,,1.91133333,2.979444444,2.30346667,198.6040725
OTTAWA INTL A,2024-06-23 17:00,2024,6,23,17:00,26.2,20.9,72,22,30,254.116132,,,22.46926667,96.67261667,21.94298333,0.183333333,0.536666667,229.1666667,19.11666667,,3.73073333,8.15,24.67261667,234.9994653
OTTAWA INTL A,2024-06-23 18:00,2024,6,23,18:00,24.7,20.9,79,27,28,35.8984459,,,23.0884,90.69743333,21.47836667,0.651666667,1.155,203.9166667,2.016666667,,1.6116,7.126111111,11.69743333,33.88177923
OTTAWA INTL A,2024-06-23 19:00,2024,6,23,19:00,23.1,18.7,76,26,27,37.15500108,,,21.4381,98.51341667,21.2224,0.07,0.27,177.45,2.466666667,,1.6619,7.43,22.51341667,34.68833441
OTTAWA INTL A,2024-06-23 20:00,2024,6,23,20:00,21.9,19,83,26,10,20.21608532,,,20.58931667,98.30088333,20.33903333,0.025,0.218333333,132.9333333,1.466666667,,1.31068333,2.752777778,15.30088333,18.74941865
OTTAWA INTL A,2024-06-23 21:00,2024,6,23,21:00,21.7,18.4,81,26,18,2.550267717,,,20.00916667,98.35028333,19.7673,0.055,0.296666667,165.0666667,1,,1.69083333,4.945,17.35028333,1.550267717
OTTAWA INTL A,2024-06-23 22:00,2024,6,23,22:00,19.9,19.8,99,25,17,2.007196017,,,19.66171667,98.41363333,19.43036667,0.105,0.35,215.05,1,,0.23828333,4.617222222,0.58636667,1.007196017
OTTAWA INTL A,2024-06-23 23:00,2024,6,23,23:00,17.3,17.3,100,35,21,2.855701617,,,17.95805,97.9613,17.65438333,0.283333333,0.708333333,184.0166667,1,,0.65805,5.55,2.0387,1.855701617
OTTAWA INTL A,2024-06-24 0:00,2024,6,24,0:00,16.2,16.2,100,1,19,1.704844383,,,16.46271667,98.6527,16.27063333,0.42,0.76,67.55,1,,0.26271667,4.857777778,1.3473,0.704844383
OTTAWA INTL A,2024-06-24 1:00,2024,6,24,1:00,15.7,15.7,100,35,18,1.678699117,,,15.93731667,99.46773333,15.87415,0.4,0.75,130.7,1,,0.23731667,4.6,0.53226667,0.678699117
OTTAWA INTL A,2024-06-24 2:00,2024,6,24,2:00,15.3,15.3,100,34,23,1.654022067,,,15.65898333,99.73228333,15.63701667,0.433333333,0.77,67.58333333,1,,0.35898333,5.955555556,0.26771667,0.654022067
OTTAWA INTL A,2024-06-24 3:00,2024,6,24,3:00,15.1,15.1,100,35,27,1.792369267,,,15.40723333,99.8881,15.40933333,0.638333333,0.971666667,32.96666667,1,,0.30723333,6.861666667,0.1119,0.792369267
OTTAWA INTL A,2024-06-24 4:00,2024,6,24,4:00,14.8,14.8,100,35,28,1.817432467,,,15.10148333,99.74583333,15.08115,0.803333333,1.29,27.56666667,1,,0.30148333,6.974444445,0.25416667,0.817432467
OTTAWA INTL A,2024-06-24 5:00,2024,6,24,5:00,14.6,14.6,100,1,32,4.29389555,,,14.80381667,99.30105,14.71361667,0.885,1.358333333,28.76666667,1,,0.20381667,8.003888889,0.69895,3.29389555
OTTAWA INTL A,2024-06-24 6:00,2024,6,24,6:00,14.8,14.8,100,36,30,8.633721833,,,14.7361,98.93786667,14.58898333,0.955,1.453333333,33.41666667,1,,0.0639,7.378333333,1.06213333,7.633721833
OTTAWA INTL A,2024-06-24 7:00,2024,6,24,7:00,15.2,15.2,100,35,21,27.5226652,,,14.78083333,98.39615,14.54861667,0.698333333,1.105,35.91666667,2.05,,0.41916667,5.135,1.60385,25.4726652
OTTAWA INTL A,2024-06-24 8:00,2024,6,24,8:00,15.2,15.2,100,36,22,38.5532037,,,14.80455,98.32131667,14.56041667,0.723333333,1.07,24.33333333,2.683333333,,0.39545,5.387777778,1.67868333,35.86987037
OTTAWA INTL A,2024-06-24 9:00,2024,6,24,9:00,16.1,16,100,32,18,95.74869495,,,14.97008333,98.49666667,14.75345,0.508333333,0.935,166.3333333,8.3,,1.12991667,4.491666667,1.50333333,87.44869495
OTTAWA INTL A,2024-06-24 10:00,2024,6,24,10:00,16.8,16.8,100,34,12,160.9798943,,,15.69998333,99.2242,15.59816667,0.315,0.705,174.8333333,16,,1.10001667,3.018333333,0.7758,144.9798943
OTTAWA INTL A,2024-06-24 11:00,2024,6,24,11:00,19.2,17.4,89,32,17,500.994085,,,16.80626667,98.4647,16.58313333,0.208333333,0.608333333,222.65,44.26666667,,2.39373333,4.513888889,9.4647,456.7274183
OTTAWA INTL A,2024-06-24 12:00,2024,6,24,12:00,23,17.3,70,35,21,990.698398,,,19.5574,87.29035,17.3417,0.415,0.808333333,123.7666667,72.81666667,,3.4426,5.418333333,17.29035,917.8817313
OTTAWA INTL A,2024-06-24 13:00,2024,6,24,13:00,24.4,14.4,53,34,22,890.7081663,,,21.16748333,73.80511667,16.31846667,0.618333333,1.13,103.1166667,64.68333333,,3.23251667,5.492777778,20.80511667,826.024833
OTTAWA INTL A,2024-06-24 14:00,2024,6,24,14:00,24.9,11.8,44,34,32,919.6097565,,,21.83655,70.53136667,16.25073333,0.373333333,0.85,191.3666667,76.35,,3.06345,8.515555556,26.53136667,843.2597565
OTTAWA INTL A,2024-06-24 15:00,2024,6,24,15:00,24.5,13.4,49,34,19,570.1577088,,,21.51768333,72.03388333,16.2763,0.318333333,0.746666667,221.4833333,51.1,,2.98231667,4.959444445,23.03388333,519.0577088
OTTAWA INTL A,2024-06-24 16:00,2024,6,24,16:00,26,12.8,43,33,14,661.4704145,,,22.37161667,68.03981667,16.18336667,0.095,0.433333333,189.4,40.3,,3.62838333,3.793888889,25.03981667,621.1704145
OTTAWA INTL A,2024-06-24 17:00,2024,6,24,17:00,26.2,13.4,44,27,11,490.5864373,,,23.32971667,64.26908333,16.21181667,0.098333333,0.383333333,158.05,22.83333333,,2.87028333,2.957222223,20.26908333,467.753104
OTTAWA INTL A,2024-06-24 18:00,2024,6,24,18:00,26.3,13.4,45,27,14,328.7604657,,,23.93916667,58.95055,15.43853333,0.081666667,0.386666667,174.8166667,12.05,,2.36083333,3.807222222,13.95055,316.7104657
OTTAWA INTL A,2024-06-24 19:00,2024,6,24,19:00,23.6,15.9,62,26,9,137.13736,,,23.48376667,58.7675,14.96765,0.095,0.386666667,203.0666667,3.8,,0.11623333,2.405,3.2325,133.33736
OTTAWA INTL A,2024-06-24 20:00,2024,6,24,20:00,21.7,15,65,25,10,25.24052978,,,22.59153333,60.4393,14.56638333,0.235,0.566666667,203.6666667,1.1,,0.89153333,2.542777778,4.5607,24.14052978
OTTAWA INTL A,2024-06-24 21:00,2024,6,24,21:00,19.8,14.5,71,27,13,2.37440175,,,21.32933333,62.98676667,14.00618333,0.225,0.58,205.5166667,1,,1.52933333,3.386111111,8.01323333,1.37440175
OTTAWA INTL A,2024-06-24 22:00,2024,6,24,22:00,19.5,14.7,74,27,13,2.10120115,,,20.14545,69.57016667,14.42556667,0.27,0.613333333,207.7333333,1,,0.64545,3.341111111,4.42983333,1.10120115
OTTAWA INTL A,2024-06-24 23:00,2024,6,24,23:00,19.1,14.9,76,28,13,1.600466583,,,19.5213,71.2549,14.19691667,0.265,0.646666667,218.5166667,1,,0.4213,3.346111111,4.7451,0.600466583
OTTAWA INTL A,2024-06-25 0:00,2024,6,25,0:00,18.7,14.7,77,28,13,1.664618833,,,19.13668333,72.77666667,14.15391667,0.308333333,0.666666667,209.6666667,1,,0.43668333,3.302777778,4.22333333,0.664618833
OTTAWA INTL A,2024-06-25 1:00,2024,6,25,1:00,18.8,14.6,76,29,16,1.751147,,,18.78556667,72.95943333,13.85451667,0.248333333,0.613333333,204.4666667,1,,0.01443333,4.196111111,3.04056667,0.751147
OTTAWA INTL A,2024-06-25 2:00,2024,6,25,2:00,18.4,14.1,75,29,14,1.65722505,,,18.3566,74.20736667,13.69776667,0.271666667,0.585,206.2666667,1,,0.0434,3.617222222,0.79263333,0.65722505
OTTAWA INTL A,2024-06-25 3:00,2024,6,25,3:00,18.1,13.8,75,29,16,1.629195783,,,18.02848333,75.61638333,13.67283333,0.28,0.606666667,220.1166667,1,,0.07151667,4.164444444,0.61638333,0.629195783
OTTAWA INTL A,2024-06-25 4:00,2024,6,25,4:00,17,14.1,83,27,14,2.09914075,,,17.56095,78.61575,13.81258333,0.281666667,0.618333333,208.35,1,,0.56095,3.607222222,4.38425,1.09914075
OTTAWA INTL A,2024-06-25 5:00,2024,6,25,5:00,16.4,13.9,85,27,6,16.63419952,,,16.9479,82.68751667,14.0011,0.258333333,0.536666667,212.45,3.6,,0.5479,1.408333334,2.31248333,13.03419952
OTTAWA INTL A,2024-06-25 6:00,2024,6,25,6:00,17.9,14.8,82,27,16,132.3392607,,,17.26958333,83.46123333,14.45941667,0.47,0.671666667,232.0833333,31.11666667,,0.63041667,3.974444444,1.46123333,101.222594
OTTAWA INTL A,2024-06-25 7:00,2024,6,25,7:00,20.4,14.7,69,27,16,311.5020795,,,18.42243333,80.58285,15.03943333,0.386666667,0.716666667,251.15,37.76666667,,1.97756667,4.057777777,11.58285,273.7354128
OTTAWA INTL A,2024-06-25 8:00,2024,6,25,8:00,22,15.1,64,25,13,469.7510695,,,19.91418333,74.61625,15.28338333,0.286666667,0.633333333,258.5666667,51.9,,2.08581667,3.324444444,10.61625,417.8510695
OTTAWA INTL A,2024-06-25 9:00,2024,6,25,9:00,24.1,13.8,52,26,12,658.642235,,,21.62523333,66.99945,15.24493333,0.331666667,0.706666667,249.9166667,66.26666667,,2.47476667,3.001666666,14.99945,592.3755683
OTTAWA INTL A,2024-06-25 10:00,2024,6,25,10:00,25.5,12.6,44,22,22,786.6541668,,,22.94215,59.41338333,14.6177,0.348333333,0.723333333,262.4333333,74.71666667,,2.55785,5.762777778,15.41338333,711.9375001
OTTAWA INTL A,2024-06-25 11:00,2024,6,25,11:00,25.8,13.4,46,23,26,832.8190242,,,24.11395,54.79853333,14.45605,0.421666667,0.801666667,257.4,71.71666667,,1.68605,6.800555555,8.79853333,761.1023575
OTTAWA INTL A,2024-06-25 12:00,2024,6,25,12:00,26.1,13,44,23,22,706.1796388,,,24.40531667,56.55943333,15.21868333,0.288333333,0.703333333,274.95,58.98333333,,1.69468333,5.822777778,12.55943333,647.1963055
OTTAWA INTL A,2024-06-25 13:00,2024,6,25,13:00,27.1,13.8,43,23,29,693.663291,,,24.97836667,55.40741667,15.35246667,0.633333333,1.081666667,229.8166667,57.63333333,,2.12163333,7.422222223,12.40741667,636.0299577
OTTAWA INTL A,2024-06-25 14:00,2024,6,25,14:00,26.8,15.8,50,22,27,793.60476,,,26.40676667,48.4252,14.64823333,1.123333333,1.761666667,229.9833333,76.68333333,,0.39323333,6.376666667,1.5748,716.9214267
OTTAWA INTL A,2024-06-25 15:00,2024,6,25,15:00,25,13.7,49,21,22,365.4872935,,,25.8269,52.08841667,15.25595,1.155,1.76,222.6833333,40.75,,0.8269,4.956111111,3.08841667,324.7372935
OTTAWA INTL A,2024-06-25 16:00,2024,6,25,16:00,24.1,14.4,54,22,22,175.0050253,,,25.0005,50.82283333,14.1183,1.266666667,1.98,222.3166667,22.61666667,,0.9005,4.844444444,3.17716667,152.3883586
OTTAWA INTL A,2024-06-25 17:00,2024,6,25,17:00,22.5,17.5,73,19,11,130.3254303,,,23.7433,59.02238333,15.25591667,1.03,1.555,220.2,14.5,,1.2433,2.025555556,13.97761667,115.8254303
OTTAWA INTL A,2024-06-25 18:00,2024,6,25,18:00,22.4,16.3,68,17,12,130.220567,,,23.0834,63.34156667,15.7592,0.593333333,0.946666667,221.4666667,13.05,,0.6834,2.74,4.65843333,117.170567
OTTAWA INTL A,2024-06-25 19:00,2024,6,25,19:00,21.7,16,70,20,19,28.92205142,,,23.18955,60.9052,15.24675,0.856666667,1.36,216.0833333,3.416666667,,1.48955,4.421111111,9.0948,25.50538475
OTTAWA INTL A,2024-06-25 20:00,2024,6,25,20:00,18.2,17.5,96,17,17,4.455283133,,,21.61495,68.4909,15.54648333,1.226666667,1.8,212.0666667,1,,3.41495,3.495555555,27.5091,3.455283133
OTTAWA INTL A,2024-06-25 21:00,2024,6,25,21:00,18.2,18.2,100,19,15,2.308299167,,,19.5688,80.5486,16.14801667,1.061666667,1.581666667,206.45,1,,1.3688,3.105,19.4514,1.308299167
OTTAWA INTL A,2024-06-25 22:00,2024,6,25,22:00,18.8,18.4,98,20,13,1.73009445,,,19.56141667,82.88105,16.59485,1.003333333,1.458333333,214.0666667,1,,0.76141667,2.607777778,15.11895,0.73009445
OTTAWA INTL A,2024-06-25 23:00,2024,6,25,23:00,18.9,18.9,100,21,16,1.368234817,,,19.68426667,84.89775,17.0949,1.02,1.57,217.9166667,1,,0.78426667,3.424444444,15.10225,0.368234817
OTTAWA INTL A,2024-06-26 0:00,2024,6,26,0:00,19.2,19.2,100,22,22,1.5293251,,,19.92275,85.58141667,17.45598333,0.848333333,1.275,220.4833333,1,,0.72275,5.262777778,14.41858333,0.5293251
OTTAWA INTL A,2024-06-26 1:00,2024,6,26,1:00,19.6,19.5,99,22,17,1.489861967,,,20.23726667,85.65041667,17.7777,0.55,0.905,216.0333333,1,,0.63726667,4.172222222,13.34958333,0.489861967
OTTAWA INTL A,2024-06-26 2:00,2024,6,26,2:00,19.5,19.5,100,22,17,1.50020545,,,20.2676,85.98193333,17.86825,0.246666667,0.531666667,209.4333333,1,,0.7676,4.475555555,14.01806667,0.50020545
OTTAWA INTL A,2024-06-26 3:00,2024,6,26,3:00,19.4,19.4,100,22,15,1.795104733,,,20.31655,86.37176667,17.98923333,0.311666667,0.686666667,226.4166667,1,,0.91655,3.855,13.62823333,0.795104733
OTTAWA INTL A,2024-06-26 4:00,2024,6,26,4:00,19.4,19.4,100,23,14,2.102544883,,,19.8394,88.81283333,17.95906667,0.345,0.638333333,213.0166667,1,,0.4394,3.543888889,11.18716667,1.102544883
OTTAWA INTL A,2024-06-26 5:00,2024,6,26,5:00,19.2,19.2,100,24,15,15.41731982,,,19.13273333,92.34243333,17.88416667,0.045,0.203333333,129.7,3.083333333,,0.06726667,4.121666667,7.65756667,12.33398649
OTTAWA INTL A,2024-06-26 6:00,2024,6,26,6:00,20.1,19.1,94,25,19,133.5510016,,,19.14166667,91.77438333,17.79426667,0.266666667,0.613333333,237.65,32.38333333,,0.95833333,5.011111111,2.22561667,101.1676683
OTTAWA INTL A,2024-06-26 7:00,2024,6,26,7:00,21.7,17.8,78,26,23,315.1503,,,19.92913333,87.85276667,17.87515,0.318333333,0.735,252.85,38.38333333,,1.77086667,6.070555556,9.85276667,276.7669667
OTTAWA INTL A,2024-06-26 8:00,2024,6,26,8:00,22.7,17.2,71,28,24,477.5789832,,,20.96041667,82.70458333,17.92728333,0.298333333,0.691666667,265.6166667,53.45,,1.73958333,6.368333334,11.70458333,424.1289832
OTTAWA INTL A,2024-06-26 9:00,2024,6,26,9:00,23.6,16.2,63,28,27,642.8110465,,,22.0343,77.63396667,17.96576667,0.248333333,0.675,254.2333333,63.31666667,,1.5657,7.251666667,14.63396667,579.4943798
OTTAWA INTL A,2024-06-26 10:00,2024,6,26,10:00,25.1,15.6,55,28,25,775.9841923,,,23.06266667,71.34393333,17.60528333,0.391666667,0.835,253.65,73.3,,2.03733333,6.552777777,16.34393333,702.6841923
OTTAWA INTL A,2024-06-26 11:00,2024,6,26,11:00,25.5,14.7,51,27,26,798.6692598,,,23.87781667,62.9087,16.39393333,0.546666667,1.04,255.0166667,73.53333333,,1.62218333,6.675555555,11.9087,725.1359265
OTTAWA INTL A,2024-06-26 12:00,2024,6,26,12:00,26.3,14.6,48,30,26,752.0549993,,,24.26725,64.11031667,17.06783333,0.31,0.765,206.15,74.58333333,,2.03275,6.912222222,16.11031667,677.471666
OTTAWA INTL A,2024-06-26 13:00,2024,6,26,13:00,26.3,15.3,50,26,24,837.981009,,,24.48571667,62.64861667,16.90445,0.305,0.786666667,225.05,74.36666667,,1.81428333,6.361666667,12.64861667,763.6143423
OTTAWA INTL A,2024-06-26 14:00,2024,6,26,14:00,26.5,13.6,44,28,21,678.8522897,,,24.3589,63.75448333,17.06058333,0.258333333,0.726666667,193.1,53.43333333,,2.1411,5.575,19.75448333,625.4189564
OTTAWA INTL A,2024-06-26 15:00,2024,6,26,15:00,24.7,15.3,55,31,18,349.3802195,,,23.56095,66.3706,16.93435,0.1,0.426666667,155.95,32.71666667,,1.13905,4.9,11.3706,316.6635528
OTTAWA INTL A,2024-06-26 16:00,2024,6,26,16:00,23.5,15.4,60,31,16,210.1835102,,,22.76708333,68.86588333,16.7715,0.131666667,0.531666667,158.2166667,23.36666667,,0.73291667,4.312777777,8.86588333,186.8168435
OTTAWA INTL A,2024-06-26 17:00,2024,6,26,17:00,23.4,14.9,58,28,14,92.33308752,,,22.2515,68.88881667,16.28166667,0.035,0.213333333,142.7,10.2,,1.1485,3.853888889,10.88881667,82.13308752
OTTAWA INTL A,2024-06-26 18:00,2024,6,26,18:00,21.1,16.9,76,27,6,100.2697894,,,21.78006667,73.96795,16.95081667,0.01,0.131666667,144.4666667,10.23333333,,0.68006667,1.656666667,2.03205,90.03645607
OTTAWA INTL A,2024-06-26 19:00,2024,6,26,19:00,19.9,19.6,98,27,4,48.90866873,,,21.00338333,75.84595,16.59916667,0.045,0.168333333,126.7,4.833333333,,1.10338333,1.066111111,22.15405,44.0753354
OTTAWA INTL A,2024-06-26 20:00,2024,6,26,20:00,18.5,18.2,98,32,23,8.88432155,,,20.5018,79.25893333,16.80108333,0.16,0.416666667,114.5,1.016666667,,2.0018,6.228888889,18.74106667,7.867654883
OTTAWA INTL A,2024-06-26 21:00,2024,6,26,21:00,16.7,16.7,100,20,5,2.329839517,,,17.65281667,93.29266667,16.57086667,0.225,0.56,101.05,1,,0.95281667,1.163888889,6.70733333,1.329839517
OTTAWA INTL A,2024-06-26 22:00,2024,6,26,22:00,16.6,16.6,100,28,10,1.6659048,,,16.77485,96.63851667,16.25808333,0.07,0.286666667,201.3833333,1,,0.17485,2.707777778,3.36148333,0.6659048
OTTAWA INTL A,2024-06-26 23:00,2024,6,26,23:00,16.4,16.4,100,30,12,2.0680377,,,16.51063333,96.94333333,16.04421667,0.04,0.2,183.8166667,1,,0.11063333,3.293333333,3.05666667,1.0680377
OTTAWA INTL A,2024-06-27 0:00,2024,6,27,0:00,14.8,14.8,100,31,12,1.872392283,,,15.2842,96.66145,14.7752,0.03,0.28,190.9666667,1,,0.4842,3.303333333,3.33855,0.872392283
OTTAWA INTL A,2024-06-27 1:00,2024,6,27,1:00,14.5,14.5,100,31,15,1.534559133,,,14.79371667,96.65483333,14.285,0.08,0.306666667,222.2333333,1,,0.29371667,4.086666667,3.34516667,0.534559133
OTTAWA INTL A,2024-06-27 2:00,2024,6,27,2:00,14.6,12.6,88,33,23,1.9226493,,,14.3917,96.27696667,13.8236,0.1,0.451666667,172.1833333,1,,0.2083,6.288888889,8.27696667,0.9226493
OTTAWA INTL A,2024-06-27 3:00,2024,6,27,3:00,13.7,13.3,97,33,16,1.903646933,,,13.93223333,95.3844,13.22253333,0.08,0.368333333,148.1,1,,0.23223333,4.364444444,1.6156,0.903646933
OTTAWA INTL A,2024-06-27 4:00,2024,6,27,4:00,13.5,13.4,100,29,10,1.49446485,,,13.55688333,95.97285,12.94226667,0.03,0.228333333,175.6666667,1,,0.05688333,2.747777778,4.02715,0.49446485
OTTAWA INTL A,2024-06-27 5:00,2024,6,27,5:00,12.9,10.7,86,32,17,14.02722205,,,13.32186667,94.74773333,12.51216667,0.12,0.463333333,73.15,2.35,,0.42186667,4.602222222,8.74773333,11.67722205
OTTAWA INTL A,2024-06-27 6:00,2024,6,27,6:00,13.4,10.1,81,32,21,131.7681707,,,12.69298333,92.90188333,11.58771667,0.17,0.525,173.1333333,28.91666667,,0.70701667,5.663333333,11.90188333,102.851504
OTTAWA INTL A,2024-06-27 7:00,2024,6,27,7:00,14.4,10.1,75,31,17,317.7783835,,,12.97213333,89.5562,11.30766667,0.256666667,0.68,205.25,35.53333333,,1.42786667,4.465555555,14.5562,282.2450502
OTTAWA INTL A,2024-06-27 8:00,2024,6,27,8:00,14.3,10.4,77,31,22,417.5642545,,,13.34956667,85.62723333,11.00423333,0.251666667,0.675,201.2333333,39.85,,0.95043333,5.859444444,8.62723333,377.7142545
OTTAWA INTL A,2024-06-27 9:00,2024,6,27,9:00,15.1,8.6,65,29,25,556.2709627,,,14.1446,79.5239,10.66148333,0.33,0.813333333,157.1833333,60.71666667,,0.9554,6.614444444,14.5239,495.554296
OTTAWA INTL A,2024-06-27 10:00,2024,6,27,10:00,15.6,6.2,53,31,24,524.6789862,,,14.56573333,72.37396667,9.640566667,0.36,0.805,172.6166667,49.4,,1.03426667,6.306666667,19.37396667,475.2789862
OTTAWA INTL A,2024-06-27 11:00,2024,6,27,11:00,17.7,5.8,45,31,31,800.4137295,,,15.5444,65.59973333,9.097,0.511666667,1.023333333,165.8,71.55,,2.1556,8.099444444,20.59973333,728.8637295
OTTAWA INTL A,2024-06-27 12:00,2024,6,27,12:00,17.9,5.2,43,32,29,770.5297912,,,16.38483333,57.02443333,7.839316667,0.513333333,1.088333333,121.1833333,67.7,,1.51516667,7.542222223,14.02443333,702.8297912
OTTAWA INTL A,2024-06-27 13:00,2024,6,27,13:00,18.8,5.2,40,30,29,843.9702872,,,16.88565,55.58585,7.932,0.458333333,0.988333333,136.75,63.88333333,,1.91435,7.597222223,15.58585,780.0869539
OTTAWA INTL A,2024-06-27 14:00,2024,6,27,14:00,18.3,5.5,43,30,37,508.7976072,,,16.98035,53.45871667,7.4321,0.496666667,1.041666667,104.2333333,46.93333333,,1.31965,9.781111111,10.45871667,461.8642739
OTTAWA INTL A,2024-06-27 15:00,2024,6,27,15:00,17.4,7,50,27,24,477.4353685,,,16.43173333,59.94708333,8.638366667,0.328333333,0.766666667,203.25,39.53333333,,0.96826667,6.338333334,9.94708333,437.9020352
OTTAWA INTL A,2024-06-27 16:00,2024,6,27,16:00,17.9,6.6,47,26,27,376.5338935,,,16.3223,61.68553333,8.9525,0.241666667,0.708333333,167.3833333,29.11666667,,1.5777,7.258333333,14.68553333,347.4172268
OTTAWA INTL A,2024-06-27 17:00,2024,6,27,17:00,17.2,6.6,49,30,29,481.624211,,,16.44596667,60.70916667,8.823333333,0.266666667,0.758333333,128.9833333,23.58333333,,0.75403333,7.788888889,11.70916667,458.0408777
OTTAWA INTL A,2024-06-27 18:00,2024,6,27,18:00,17.3,5.5,45,29,21,310.631129,,,16.34991667,61.39726667,8.915416667,0.258333333,0.735,178.6333333,11.8,,0.95008333,5.575,16.39726667,298.831129
OTTAWA INTL A,2024-06-27 19:00,2024,6,27,19:00,16.6,4.9,45,28,24,136.0896794,,,15.83121667,61.61115,8.47615,0.171666667,0.518333333,150.4166667,4.066666667,,0.76878333,6.495,16.61115,132.0230127
OTTAWA INTL A,2024-06-27 20:00,2024,6,27,20:00,15.4,4.4,48,30,21,26.81985003,,,15.14478333,60.80688333,7.6366,0.085,0.376666667,162.9333333,1,,0.25521667,5.748333333,12.80688333,25.81985003
OTTAWA INTL A,2024-06-27 21:00,2024,6,27,21:00,12.2,6.7,69,29,5,2.3144263,,,14.12676667,60.11578333,6.5138,0.09,0.331666667,200,1,,1.92676667,1.298888889,8.88421667,1.3144263
OTTAWA INTL A,2024-06-27 22:00,2024,6,27,22:00,12.9,5.8,62,27,6,1.915045467,,,13.02686667,66.00148333,6.8277,0.235,0.488333333,203.9666667,1,,0.12686667,1.431666667,4.00148333,0.915045467
OTTAWA INTL A,2024-06-27 23:00,2024,6,27,23:00,11.1,6.4,73,25,9,1.942223167,,,12.18296667,73.06551667,7.5055,0.19,0.415,213.9833333,1,,1.08296667,2.31,0.06551667,0.942223167
OTTAWA INTL A,2024-06-28 0:00,2024,6,28,0:00,10.4,6.6,77,26,10,1.896327617,,,11.36491667,77.51248333,7.583083333,0.085,0.286666667,189.4,1,,0.96491667,2.692777778,0.51248333,0.896327617
OTTAWA INTL A,2024-06-28 1:00,2024,6,28,1:00,9.4,7.2,86,27,6,1.635410183,,,10.52991667,82.16065,7.62215,0.085,0.256666667,201.9166667,1,,1.12991667,1.581666667,3.83935,0.635410183
OTTAWA INTL A,2024-06-28 2:00,2024,6,28,2:00,8.9,7.6,91,24,6,1.633275,,,9.986233333,87.10131667,7.944583333,0.105,0.348333333,207.1666667,1,,1.086233333,1.561666667,3.89868333,0.633275
OTTAWA INTL A,2024-06-28 3:00,2024,6,28,3:00,9.6,8.6,93,24,7,1.703824567,,,9.500816667,92.12673333,8.296033333,0.065,0.28,205.55,1,,0.099183333,1.879444444,0.87326667,0.703824567
OTTAWA INTL A,2024-06-28 4:00,2024,6,28,4:00,6.7,6.7,100,23,5,1.640071067,,,9.313783333,93.06736667,8.2602,0.03,0.255,204.6666667,1,,2.613783333,1.358888889,6.93263333,0.640071067
OTTAWA INTL A,2024-06-28 5:00,2024,6,28,5:00,8.1,8.1,100,19,4,13.70301983,,,9.071466667,93.15373333,8.032983333,0.05,0.221666667,201.5833333,4.15,,0.971466667,1.061111111,6.84626667,9.55301983
OTTAWA INTL A,2024-06-28 6:00,2024,6,28,6:00,10.7,10.2,97,20,9,112.5490826,,,9.51905,91.48805,8.210683333,0.05,0.3,219.5333333,24.65,,1.18095,2.45,5.51195,87.8990826
OTTAWA INTL A,2024-06-28 7:00,2024,6,28,7:00,14.1,9.4,73,19,6,323.508948,,,11.51613333,88.6521,9.717983333,0.06,0.295,289.0166667,39.01666667,,2.58386667,1.606666667,15.6521,284.4922813
OTTAWA INTL A,2024-06-28 8:00,2024,6,28,8:00,17,7.2,52,18,14,491.6983965,,,13.9094,82.62106667,10.97018333,0.205,0.51,260.5333333,54.16666667,,3.0906,3.683888889,30.62106667,437.5317298
OTTAWA INTL A,2024-06-28 9:00,2024,6,28,9:00,18.8,7,46,20,15,659.9410462,,,17.2932,53.6886,7.8122,0.57,0.893333333,215.9666667,64.8,,1.5068,3.596666667,7.6886,595.1410462
OTTAWA INTL A,2024-06-28 10:00,2024,6,28,10:00,20.6,8.1,44,23,19,794.0869292,,,18.81671667,52.3704,8.85955,0.426666667,0.793333333,240.55,72.38333333,,1.78328333,4.851111111,8.3704,721.7035959
OTTAWA INTL A,2024-06-28 11:00,2024,6,28,11:00,21.3,7.7,41,22,12,891.113413,,,19.72038333,50.333,9.09825,0.46,0.875,279.4833333,73.83333333,,1.57961667,2.873333333,9.333,817.2800797
OTTAWA INTL A,2024-06-28 12:00,2024,6,28,12:00,21.9,6.8,37,19,13,970.0143137,,,20.7771,44.2071,8.153466667,0.536666667,0.931666667,254.85,76.5,,1.1229,3.074444444,7.2071,893.5143137
OTTAWA INTL A,2024-06-28 13:00,2024,6,28,13:00,22.8,8.2,39,20,14,908.4612268,,,21.28603333,44.54135,8.716733333,0.4,0.845,226,63.91666667,,1.51396667,3.488888889,5.54135,844.5445601
OTTAWA INTL A,2024-06-28 14:00,2024,6,28,14:00,23.5,7.5,35,21,18,928.3975417,,,22.29481667,40.69736667,8.2754,0.603333333,0.995,230.7,99.5,,1.20518333,4.396666667,5.69736667,828.8975417
OTTAWA INTL A,2024-06-28 15:00,2024,6,28,15:00,23.5,7.7,36,22,20,552.8738875,,,22.32016667,41.213,8.492433333,0.613333333,1.018333333,220.9333333,47.75,,1.17983333,4.942222223,5.213,505.1238875
OTTAWA INTL A,2024-06-28 16:00,2024,6,28,16:00,22.2,7.9,39,21,19,549.2798137,,,22.04428333,42.36751667,8.663066667,0.535,0.925,235.7833333,32.86666667,,0.15571667,4.742777778,3.36751667,516.413147
OTTAWA INTL A,2024-06-28 17:00,2024,6,28,17:00,21.7,7.4,39,21,16,255.4678618,,,22.05925,42.76746667,8.79955,0.556666667,0.896666667,217.3333333,22.08333333,,0.35925,3.887777777,3.76746667,233.3845285
OTTAWA INTL A,2024-06-28 18:00,2024,6,28,18:00,20.4,8.2,45,23,10,171.8711779,,,21.38438333,45.43783333,9.1178,0.533333333,0.883333333,240.0833333,13.26666667,,0.98438333,2.244444445,0.43783333,158.6045112
OTTAWA INTL A,2024-06-28 19:00,2024,6,28,19:00,19.8,7,43,23,9,38.96708307,,,20.61048333,44.33631667,8.035466667,0.26,0.58,205.95,3.683333333,,0.81048333,2.24,1.33631667,35.28374974
OTTAWA INTL A,2024-06-28 20:00,2024,6,28,20:00,19.3,7.1,45,20,5,6.0833799,,,19.87341667,46.15178333,7.955866667,0.055,0.235,169.9833333,1,,0.57341667,1.333888889,1.15178333,5.0833799
OTTAWA INTL A,2024-06-28 21:00,2024,6,28,21:00,17.1,11.5,69,13,9,1.912519767,,,19.4191,48.91435,8.412316667,0.05,0.18,127.3,1,,2.3191,2.45,20.08565,0.912519767
OTTAWA INTL A,2024-06-28 22:00,2024,6,28,22:00,17.7,11.1,65,11,4,2.022322567,,,18.95106667,54.657,9.595433333,0.185,0.423333333,140.7666667,1,,1.25106667,0.926111111,10.343,1.022322567
OTTAWA INTL A,2024-06-28 23:00,2024,6,28,23:00,16.2,12.6,79,11,11,1.74636155,,,18.36805,56.43526667,9.555633333,0.161666667,0.36,107.9666667,1,,2.16805,2.893888889,22.56473333,0.74636155
OTTAWA INTL A,2024-06-29 0:00,2024,6,29,0:00,17.1,11.6,70,11,15,1.665942,,,18.35661667,57.89715,9.935383333,0.1,0.291666667,97.93333333,1,,1.25661667,4.066666667,12.10285,0.665942
OTTAWA INTL A,2024-06-29 1:00,2024,6,29,1:00,16.8,11.7,71,11,13,1.73859355,,,18.24398333,61.27653333,10.68241667,0.27,0.636666667,118.6,1,,1.44398333,3.341111111,9.72346667,0.73859355
OTTAWA INTL A,2024-06-29 2:00,2024,6,29,2:00,16.8,11.7,72,11,13,1.503109067,,,18.17223333,61.99913333,10.79091667,0.381666667,0.786666667,122,1,,1.37223333,3.229444444,10.00086667,0.503109067
OTTAWA INTL A,2024-06-29 3:00,2024,6,29,3:00,17.8,10.6,62,14,12,1.499127483,,,18.1689,61.35843333,10.63081667,0.226666667,0.57,102.0166667,1,,0.3689,3.106666666,0.64156667,0.499127483
OTTAWA INTL A,2024-06-29 4:00,2024,6,29,4:00,18.2,11.3,64,18,13,1.8856787,,,18.05418333,62.2149,10.72705,0.161666667,0.465,107.4666667,1,,0.14581667,3.449444444,1.7851,0.8856787
OTTAWA INTL A,2024-06-29 5:00,2024,6,29,5:00,18,14.4,79,19,15,4.12347345,,,17.26776667,70.33581667,11.82333333,0.04,0.21,116.1166667,1,,0.73223333,4.126666667,8.66418333,3.12347345
OTTAWA INTL A,2024-06-29 6:00,2024,6,29,6:00,17.3,16.9,97,19,16,23.43360345,,,18.11501667,76.58,13.9454,0.478333333,0.813333333,186.4166667,1.366666667,,0.81501667,3.966111111,20.42,22.06693678
OTTAWA INTL A,2024-06-29 7:00,2024,6,29,7:00,16.8,16.8,100,16,16,53.99871927,,,18.01526667,86.29393333,15.70586667,0.926666667,1.398333333,198.8833333,5.116666667,,1.21526667,3.517777777,13.70606667,48.8820526
OTTAWA INTL A,2024-06-29 8:00,2024,6,29,8:00,16.9,16.9,100,16,13,89.13227065,,,17.72968333,90.67441667,16.20615,0.97,1.351666667,196.6833333,9.1,,0.82968333,2.641111111,9.32558333,80.03227065
OTTAWA INTL A,2024-06-29 9:00,2024,6,29,9:00,17.1,17.1,100,15,15,57.25128912,,,17.57643333,91.459,16.18953333,0.781666667,1.171666667,196.1666667,5.783333333,,0.47643333,3.385,8.541,51.46795579
OTTAWA INTL A,2024-06-29 10:00,2024,6,29,10:00,17.3,17.3,100,15,14,87.34308705,,,17.60595,93.49538333,16.56481667,0.393333333,0.796666667,173.5,10.01666667,,0.30595,3.495555556,6.50461667,77.32642038
OTTAWA INTL A,2024-06-29 11:00,2024,6,29,11:00,17.9,17.9,100,15,18,86.46030653,,,17.61176667,96.024,16.99211667,0.355,0.718333333,144.9333333,9.166666667,,0.28823333,4.645,3.976,77.29363986
OTTAWA INTL A,2024-06-29 12:00,2024,6,29,12:00,17.9,17.9,100,16,12,61.3677114,,,17.88048333,96.5615,17.34831667,0.316666667,0.69,146.4833333,5.566666667,,0.01951667,3.016666666,3.4385,55.80104473
OTTAWA INTL A,2024-06-29 13:00,2024,6,29,13:00,18.3,18.3,100,16,20,59.09727168,,,18.01378333,97.55213333,17.64326667,0.341666667,0.73,135.0666667,4.966666667,,0.28621667,5.213888889,2.44786667,54.13060501
OTTAWA INTL A,2024-06-29 14:00,2024,6,29,14:00,18.7,18.7,100,17,18,82.81924737,,,18.33768333,97.66816667,17.98561667,0.646666667,1.005,185.8166667,7.733333333,,0.36231667,4.353333333,2.33183333,75.08591404
OTTAWA INTL A,2024-06-29 15:00,2024,6,29,15:00,19.9,19.9,100,19,20,103.1347362,,,19.07115,97.18888333,18.63931667,0.676666667,0.975,198.7666667,11.58333333,,0.82885,4.878888889,2.81111667,91.55140287
OTTAWA INTL A,2024-06-29 16:00,2024,6,29,16:00,21,21,100,22,21,59.17891032,,,19.99955,97.558,19.62705,0.681666667,1.065,221.6666667,6.383333333,,1.00045,5.151666666,2.442,52.79557699
OTTAWA INTL A,2024-06-29 17:00,2024,6,29,17:00,21.3,21.3,100,21,22,41.46447617,,,20.88241667,97.16636667,20.44308333,0.683333333,1.07,225.1833333,3.166666667,,0.41758333,5.427777778,2.83363333,38.2978095
OTTAWA INTL A,2024-06-29 18:00,2024,6,29,18:00,22.2,22.2,100,21,23,77.62101237,,,21.52413333,94.91501667,20.70145,0.87,1.218333333,220.4833333,7.433333333,,0.67586667,5.518888889,5.08498333,70.18767904
OTTAWA INTL A,2024-06-29 19:00,2024,6,29,19:00,21.9,21.9,100,21,16,85.29694837,,,22.08208333,93.02543333,20.92871667,0.97,1.416666667,212.5666667,7.333333333,,0.18208333,3.474444444,6.97456667,77.96361504
OTTAWA INTL A,2024-06-29 20:00,2024,6,29,20:00,21.7,21.7,100,20,16,25.24058033,,,22.04418333,92.36968333,20.77626667,1.13,1.6,213.65,2.183333333,,0.34418333,3.314444444,7.63031667,23.057247
OTTAWA INTL A,2024-06-29 21:00,2024,6,29,21:00,21.7,21.7,100,20,11,1.736283833,,,21.77905,93.87456667,20.77561667,0.865,1.271666667,217.1666667,1,,0.07905,2.190555556,6.12543333,0.736283833
OTTAWA INTL A,2024-06-29 22:00,2024,6,29,22:00,21.5,21.5,100,22,17,1.7777077,,,21.71925,94.70385,20.8597,0.551666667,0.845,223.0166667,1,,0.21925,4.170555555,5.29615,0.7777077
OTTAWA INTL A,2024-06-29 23:00,2024,6,29,23:00,21.4,21.4,100,21,15,1.545683533,,,21.48795,95.91056667,20.8352,0.261666667,0.54,212.0166667,1,,0.08795,3.905,4.08943333,0.545683533
OTTAWA INTL A,2024-06-30 0:00,2024,6,30,0:00,21.1,21.1,100,22,13,1.535591333,,,21.41055,96.47043333,20.85243333,0.275,0.565,218.2333333,1,,0.31055,3.336111111,3.52956667,0.535591333
OTTAWA INTL A,2024-06-30 1:00,2024,6,30,1:00,20.9,20.9,100,23,14,1.726677767,,,21.28493333,96.3381,20.70563333,0.52,0.78,243.7166667,1,,0.38493333,3.368888889,3.6619,0.726677767
OTTAWA INTL A,2024-06-30 2:00,2024,6,30,2:00,20.3,20.3,100,22,11,1.92296915,,,20.72701667,97.52696667,20.34771667,0.025,0.196666667,163.7666667,1,,0.42701667,3.030555556,2.47303333,0.92296915
OTTAWA INTL A,2024-06-30 3:00,2024,6,30,3:00,20.1,20.1,100,23,15,1.753248733,,,20.64186667,95.938,19.99536667,0.39,0.673333333,224.3833333,1,,0.54186667,3.776666667,4.062,0.753248733
OTTAWA INTL A,2024-06-30 4:00,2024,6,30,4:00,20.1,20.1,100,22,12,1.772338583,,,20.5519,95.1949,19.78183333,0.483333333,0.796666667,241.8833333,1,,0.4519,2.85,4.8051,0.772338583
OTTAWA INTL A,2024-06-30 5:00,2024,6,30,5:00,19.9,19.9,100,22,12,18.47585567,,,20.08501667,97.359,19.67926667,0.256666667,0.611666667,230.9,1.6,,0.18501667,3.076666666,2.641,16.87585567
OTTAWA INTL A,2024-06-30 6:00,2024,6,30,6:00,20.8,20.8,100,24,17,85.0975047,,,20.3506,96.02685,19.72143333,0.6,0.845,227.5666667,10.05,,0.4494,4.122222222,3.97315,75.0475047
OTTAWA INTL A,2024-06-30 7:00,2024,6,30,7:00,21.9,20.9,94,25,22,311.2440543,,,20.68405,93.87403333,19.68748333,0.245,0.601666667,263.3333333,32.21666667,,1.21595,5.866111111,0.12596667,279.0273876
OTTAWA INTL A,2024-06-30 8:00,2024,6,30,8:00,22.9,19.4,81,27,24,396.4790969,,,21.1335,91.56966667,19.73011667,0.238333333,0.653333333,247.1833333,40.66666667,,1.7665,6.428333334,10.56966667,355.8124302
OTTAWA INTL A,2024-06-30 9:00,2024,6,30,9:00,22.7,18.1,75,30,29,615.1613572,,,21.78188333,84.50965,19.07331667,0.4,0.893333333,255.6833333,59.01666667,,0.91811667,7.655555556,9.50965,556.1446905
OTTAWA INTL A,2024-06-30 10:00,2024,6,30,10:00,23.6,17.5,68,29,19,734.8076517,,,22.14645,79.00348333,18.35318333,0.3,0.776666667,227.15,66.08333333,,1.45355,4.977777778,11.00348333,668.7243184
OTTAWA INTL A,2024-06-30 11:00,2024,6,30,11:00,24.7,15.5,56,28,25,851.8341622,,,22.48325,71.71326667,17.13018333,0.426666667,0.905,242.55,66.51666667,,2.21675,6.517777777,15.71326667,785.3174955
OTTAWA INTL A,2024-06-30 12:00,2024,6,30,12:00,24.9,16.4,59,28,22,978.3403988,,,23.31931667,67.65095,17.01755,0.486666667,0.993333333,261.9,79.38333333,,1.58068333,5.624444444,8.65095,898.9570655
OTTAWA INTL A,2024-06-30 13:00,2024,6,30,13:00,24.7,14.9,54,30,32,803.7463932,,,22.27698333,69.06355,16.3296,0.395,0.913333333,204.1166667,57.93333333,,2.42301667,8.493888889,15.06355,745.8130599
OTTAWA INTL A,2024-06-30 14:00,2024,6,30,14:00,23.7,15.4,59,30,23,404.976641,,,21.39145,75.71455,16.94136667,0.126666667,0.513333333,146.5666667,36.96666667,,2.30855,6.262222222,16.71455,368.0099743
OTTAWA INTL A,2024-06-30 15:00,2024,6,30,15:00,23.1,16.5,66,31,32,344.2297253,,,21.16135,78.9799,17.39156667,0.168333333,0.596666667,163.2666667,30.13333333,,1.93865,8.720555556,12.9799,314.096392
OTTAWA INTL A,2024-06-30 16:00,2024,6,30,16:00,21.7,15.7,68,30,31,163.6364744,,,19.66318333,84.46865,16.99203333,0.12,0.511666667,139.3166667,15.51666667,,2.03681667,8.491111111,16.46865,148.1198077
OTTAWA INTL A,2024-06-30 17:00,2024,6,30,17:00,20,15.4,74,30,17,181.9887461,,,19.74431667,78.1093,15.81756667,0.24,0.64,134.95,16.25,,0.25568333,4.482222222,4.1093,165.7387461
OTTAWA INTL A,2024-06-30 18:00,2024,6,30,18:00,19.5,12.6,64,32,35,342.0823887,,,19.85833333,70.0174,14.242,0.578333333,1.095,104.5166667,17.75,,0.35833333,9.143888889,6.0174,324.3323887
OTTAWA INTL A,2024-06-30 19:00,2024,6,30,19:00,18.2,11.5,65,34,33,77.53701585,,,18.2962,69.47963333,12.63295,0.753333333,1.283333333,73.58333333,5.983333333,,0.0962,8.413333334,4.47963333,71.55368252
OTTAWA INTL A,2024-06-30 20:00,2024,6,30,20:00,16.6,11.3,71,33,18,28.22522278,,,17.36975,71.9084,12.26515,0.33,0.743333333,143.2,1.633333333,,0.76975,4.67,0.9084,26.59188945
OTTAWA INTL A,2024-06-30 21:00,2024,6,30,21:00,15.5,11.7,77,31,17,2.12890625,,,16.13891667,78.35591667,12.37826667,0.06,0.33,205.9666667,1,,0.63891667,4.662222222,1.35591667,1.12890625
OTTAWA INTL A,2024-06-30 22:00,2024,6,30,22:00,16.2,11.8,75,31,19,1.398421967,,,15.59,82.42531667,12.62366667,0.015,0.23,146.3666667,1,,0.61,5.262777778,7.42531667,0.398421967
OTTAWA INTL A,2024-06-30 23:00,2024,6,30,23:00,16.3,10.5,68,32,24,1.553347617,,,16.03706667,80.7048,12.73715,0.065,0.401666667,146.3333333,1,,0.26293333,6.601666667,12.7048,0.553347617
OTTAWA INTL A,2024-07-01 0:00,2024,7,1,0:00,16.2,10.6,69,33,21,1.63324795,,,16.05133333,77.1307,12.06048333,0.035,0.323333333,138.9,1,,0.14866667,5.798333333,8.1307,0.63324795
OTTAWA INTL A,2024-07-01 1:00,2024,7,1,1:00,15.9,9.9,67,32,21,1.569124617,,,15.96188333,74.7857,11.50511667,0.085,0.41,198.2333333,1,,0.06188333,5.748333333,7.7857,0.569124617
OTTAWA INTL A,2024-07-01 2:00,2024,7,1,2:00,15.5,9.6,67,32,19,1.700538667,,,15.87223333,74.14723333,11.28955,0.115,0.428333333,211.6166667,1,,0.37223333,5.162777778,7.14723333,0.700538667
OTTAWA INTL A,2024-07-01 3:00,2024,7,1,3:00,14.6,9,69,32,20,2.324734333,,,15.43515,75.28663333,11.09613333,0.03,0.236666667,185.45,1,,0.83515,5.525555556,6.28663333,1.324734333
OTTAWA INTL A,2024-07-01 4:00,2024,7,1,4:00,14,8.5,70,32,23,2.390997217,,,13.90336667,78.9428,10.32473333,0.03,0.251666667,160.2833333,1,,0.09663333,6.358888889,8.9428,1.390997217
OTTAWA INTL A,2024-07-01 5:00,2024,7,1,5:00,13,9,76,31,16,14.37396455,,,13.27105,81.07768333,10.10755,0.02,0.211666667,163.1833333,3.3,,0.27105,4.424444444,5.07768333,11.07396455
OTTAWA INTL A,2024-07-01 6:00,2024,7,1,6:00,14.2,9.1,71,32,21,165.4541346,,,14.01205,78.16485,10.28061667,0.055,0.35,181.0833333,20.6,,0.18795,5.778333333,7.16485,144.8541346
OTTAWA INTL A,2024-07-01 7:00,2024,7,1,7:00,16.3,9.2,63,32,21,328.1585398,,,14.52575,78.47945,10.84103333,0.06,0.343333333,220.1166667,34.71666667,,1.77425,5.773333333,15.47945,293.4418731
OTTAWA INTL A,2024-07-01 8:00,2024,7,1,8:00,17.9,8.9,55,33,16,487.4220273,,,15.95518333,73.75795,11.28138333,0.125,0.435,241.3333333,52.96666667,,1.94481667,4.319444444,18.75795,434.4553606
OTTAWA INTL A,2024-07-01 9:00,2024,7,1,9:00,19.2,9,51,32,18,656.5852497,,,17.58413333,68.1718,11.661,0.13,0.473333333,219.1833333,64.71666667,,1.61586667,4.87,17.1718,591.868583
OTTAWA INTL A,2024-07-01 10:00,2024,7,1,10:00,20.6,8.9,46,31,17,796.9161007,,,19.0123,58.46796667,10.60603333,0.316666667,0.69,180.75,74.38333333,,1.5877,4.405555555,12.46796667,722.5327674
OTTAWA INTL A,2024-07-01 11:00,2024,7,1,11:00,22.3,8.8,42,2,26,897.1710482,,,20.26768333,50.07785,9.53255,0.52,0.888333333,61.43333333,74.71666667,,2.03231667,6.702222222,8.07785,822.4543815
OTTAWA INTL A,2024-07-01 12:00,2024,7,1,12:00,23.4,9.3,40,1,18,969.7654045,,,21.15995,47.61086667,9.608283333,0.621666667,1.016666667,50.21666667,74.08333333,,2.24005,4.378333333,7.61086667,895.6820712
OTTAWA INTL A,2024-07-01 13:00,2024,7,1,13:00,24,8.7,37,36,18,954.0186858,,,22.14896667,47.70666667,10.53936667,0.318333333,0.701666667,108.75,70.85,,1.85103333,4.681666667,10.70666667,883.1686858
OTTAWA INTL A,2024-07-01 14:00,2024,7,1,14:00,25,9.2,36,3,23,904.0851222,,,22.75988333,45.8217,10.48276667,0.391666667,0.783333333,111.7666667,79.18333333,,2.24011667,5.997222222,9.8217,824.9017889
OTTAWA INTL A,2024-07-01 15:00,2024,7,1,15:00,25,9.2,36,36,13,801.178006,,,23.11733333,45.92381667,10.85043333,0.378333333,0.751666667,92.18333333,57.38333333,,1.88266667,3.232777778,9.92381667,743.7946727
OTTAWA INTL A,2024-07-01 16:00,2024,7,1,16:00,25,10,38,33,10,654.1375128,,,23.03981667,49.00815,11.76,0.153333333,0.526666667,97.4,40.65,,1.96018333,2.624444445,11.00815,613.4875128
OTTAWA INTL A,2024-07-01 17:00,2024,7,1,17:00,25.1,9.8,38,1,16,499.1964128,,,22.82423333,50.2456,11.93586667,0.12,0.448333333,105,24.43333333,,2.27576667,4.324444444,12.2456,474.7630795
OTTAWA INTL A,2024-07-01 18:00,2024,7,1,18:00,24.3,9.3,38,1,15,300.9139113,,,22.23836667,50.16688333,11.37786667,0.02,0.195,130.0666667,11.51666667,,2.06163333,4.146666667,12.16688333,289.3972446
OTTAWA INTL A,2024-07-01 19:00,2024,7,1,19:00,23.4,8.3,38,35,12,149.9465982,,,22.02451667,49.53896667,10.99765,0,0.075,118.4666667,5.283333333,,1.37548333,3.333333333,11.53896667,144.6632649
OTTAWA INTL A,2024-07-01 20:00,2024,7,1,20:00,19,10.6,58,26,9,28.1514781,,,20.74731667,52.05293333,10.56566667,0.14,0.383333333,195.0333333,1.15,,1.74731667,2.36,5.94706667,27.0014781
OTTAWA INTL A,2024-07-01 21:00,2024,7,1,21:00,19.9,11.8,59,24,7,2.3649534,,,19.8552,55.33016667,10.65065,0.025,0.156666667,167.9333333,1,,0.0448,1.919444444,3.66983333,1.3649534
OTTAWA INTL A,2024-07-01 22:00,2024,7,1,22:00,16.2,12.3,77,22,3,2.331505567,,,18.86245,64.19786667,11.93405,0.075,0.235,194.7333333,1,,2.66245,0.758333333,12.80213333,1.331505567
OTTAWA INTL A,2024-07-01 23:00,2024,7,1,23:00,15.6,12.4,81,20,3,1.94813215,,,17.89155,73.99766667,13.20803333,0.005,0.15,182.7166667,1,,2.29155,0.828333333,7.00233333,0.94813215
OTTAWA INTL A,2024-07-02 0:00,2024,7,2,0:00,15.1,13,87,24,5,1.852565017,,,16.86746667,81.00333333,13.60051667,0.03,0.201666667,213.7,1,,1.76746667,1.358888889,5.99666667,0.852565017
OTTAWA INTL A,2024-07-02 1:00,2024,7,2,1:00,13.5,13.5,100,20,4,1.775721967,,,16.02086667,87.78535,14.00755,0,0.095,208.3833333,1,,2.52086667,1.111111111,12.21465,0.775721967
OTTAWA INTL A,2024-07-02 2:00,2024,7,2,2:00,15.1,13.8,92,28,7,2.035231367,,,15.43685,92.36986667,14.22301667,0,0.1,177.5,1,,0.33685,1.944444444,0.36986667,1.035231367
OTTAWA INTL A,2024-07-02 3:00,2024,7,2,3:00,15.4,12.4,82,27,7,1.7061155,,,14.75801667,92.85781667,13.63108333,0,0.04,133.8166667,1,,0.64198333,1.944444444,10.85781667,0.7061155
OTTAWA INTL A,2024-07-02 4:00,2024,7,2,4:00,12.6,12.6,100,24,6,1.691046867,,,14.45165,94.92173333,13.66481667,0.06,0.19,194.4666667,1,,1.85165,1.606666667,5.07826667,0.691046867
OTTAWA INTL A,2024-07-02 5:00,2024,7,2,5:00,12.4,12.4,100,24,7,13.63614233,,,14.17246667,95.21486667,13.43446667,0.01,0.085,182.8333333,3.266666667,,1.77246667,1.934444444,4.78513333,10.36947566
OTTAWA INTL A,2024-07-02 6:00,2024,7,2,6:00,15.7,14.5,93,19,5,123.3418557,,,14.60501667,94.63793333,13.77026667,0.05,0.276666667,200.8833333,27.61666667,,1.09498333,1.338888889,1.63793333,95.72518903
OTTAWA INTL A,2024-07-02 7:00,2024,7,2,7:00,18.8,14.9,78,23,4,305.9964623,,,16.31226667,90.45153333,14.76358333,0.005,0.205,233.5666667,37.15,,2.48773333,1.106111111,12.45153333,268.8464623
OTTAWA INTL A,2024-07-02 8:00,2024,7,2,8:00,21.6,13.4,59,26,5,471.7791105,,,18.12028333,86.70021667,15.8846,0,0.241666667,164.8833333,51.3,,3.47971667,1.388888889,27.70021667,420.4791105
OTTAWA INTL A,2024-07-02 9:00,2024,7,2,9:00,23.9,13.8,53,24,3,639.4809782,,,20.06245,80.91221667,16.70005,0.045,0.305,176.2,63,,3.83755,0.788333333,27.91221667,576.4809782
OTTAWA INTL A,2024-07-02 10:00,2024,7,2,10:00,25,11.6,43,26,7,758.3692162,,,21.98016667,71.61293333,16.6054,0.145,0.5,211.0166667,69.58333333,,3.01983333,1.799444444,28.61293333,688.7858829
OTTAWA INTL A,2024-07-02 11:00,2024,7,2,11:00,25.8,11.4,40,20,7,875.6262122,,,23.91806667,53.90238333,13.96971667,0.213333333,0.566666667,207.5833333,72.46666667,,1.88193333,1.731111111,13.90238333,803.1595455
OTTAWA INTL A,2024-07-02 12:00,2024,7,2,12:00,26.3,11.5,39,20,16,952.6735178,,,25.52698333,43.3167,12.12998333,0.496666667,0.888333333,203.0666667,71.65,,0.77301667,3.947777777,4.3167,881.0235178
OTTAWA INTL A,2024-07-02 13:00,2024,7,2,13:00,26.7,12.8,41,20,11,946.7325748,,,26.18615,39.58391667,11.36943333,0.678333333,1.133333333,172.8833333,69.7,,0.51385,2.377222223,1.41608333,877.0325748
OTTAWA INTL A,2024-07-02 14:00,2024,7,2,14:00,26.8,11.5,38,22,9,809.1626732,,,26.23756667,40.72783333,11.84423333,0.513333333,0.961666667,187.2833333,88.95,,0.56243333,1.986666667,2.72783333,720.2126732
OTTAWA INTL A,2024-07-02 15:00,2024,7,2,15:00,26.7,11,37,19,11,778.1233543,,,26.40735,40.70455,11.98643333,0.535,0.983333333,190.3166667,55.78333333,,0.29265,2.520555556,3.70455,722.340021
OTTAWA INTL A,2024-07-02 16:00,2024,7,2,16:00,26.1,12.7,43,16,12,479.7333832,,,25.7737,43.13253333,12.30048333,0.52,0.883333333,187.6166667,35.26666667,,0.3263,2.813333333,0.13253333,444.4667165
OTTAWA INTL A,2024-07-02 17:00,2024,7,2,17:00,25.9,11.4,40,21,16,310.6728638,,,25.5074,42.76166667,11.9334,0.401666667,0.75,181.2666667,18.88333333,,0.3926,4.042777777,2.76166667,291.7895305
OTTAWA INTL A,2024-07-02 18:00,2024,7,2,18:00,23.8,12.8,50,21,9,179.5595433,,,24.49256667,48.58195,12.929,0.126666667,0.365,156.95,10.4,,0.69256667,2.373333333,1.41805,169.1595433
OTTAWA INTL A,2024-07-02 19:00,2024,7,2,19:00,22.8,11.7,49,25,4,79.65133952,,,22.91648333,54.99041667,13.39455,0.005,0.085,103.9333333,5.616666667,,0.11648333,1.106111111,5.99041667,74.03467285
OTTAWA INTL A,2024-07-02 20:00,2024,7,2,20:00,21.3,12.3,56,25,5,20.66117337,,,22.23016667,55.42568333,12.88996667,0.005,0.041666667,116.0166667,1.666666667,,0.93016667,1.383888889,0.57431667,18.9945067
OTTAWA INTL A,2024-07-02 21:00,2024,7,2,21:00,19.4,12.9,66,16,4,2.2374212,,,20.91711667,56.75228333,12.03011667,0,0.125,166.2833333,1,,1.51711667,1.111111111,9.24771667,1.2374212
OTTAWA INTL A,2024-07-02 22:00,2024,7,2,22:00,18,14.5,80,14,7,1.808515833,,,20.3881,60.77501667,12.56988333,0,0.071666667,129.4166667,1,,2.3881,1.944444444,19.22498333,0.808515833
OTTAWA INTL A,2024-07-02 23:00,2024,7,2,23:00,18.7,13.4,71,14,8,1.904230567,,,20.11648333,66.08806667,13.59505,0,0.08,102.5833333,1,,1.41648333,2.222222222,4.91193333,0.904230567
OTTAWA INTL A,2024-07-03 0:00,2024,7,3,0:00,18.9,13.8,72,13,5,1.707158,,,19.27105,73.65676667,14.46288333,0.015,0.12,133.0166667,1,,0.37105,1.373888889,1.65676667,0.707158
OTTAWA INTL A,2024-07-03 1:00,2024,7,3,1:00,17.9,14.2,79,13,13,1.83960445,,,18.95293333,80.2856,15.49371667,0.03,0.171666667,96.08333333,1,,1.05293333,3.581111111,1.2856,0.83960445
OTTAWA INTL A,2024-07-03 2:00,2024,7,3,2:00,19.1,14.5,74,15,11,1.4621319,,,18.95363333,82.67313333,15.9599,0.01,0.131666667,108.9333333,1,,0.14636667,3.045555556,8.67313333,0.4621319
OTTAWA INTL A,2024-07-03 3:00,2024,7,3,3:00,19.3,14.2,72,15,15,1.779884417,,,18.78526667,80.5197,15.37695,0.1,0.318333333,110.3166667,1,,0.51473333,4.066666667,8.5197,0.779884417
OTTAWA INTL A,2024-07-03 4:00,2024,7,3,4:00,18.7,14.4,76,15,10,1.549519667,,,18.63938333,79.50296667,15.0417,0.025,0.22,113.7333333,1,,0.06061667,2.752777778,3.50296667,0.549519667
OTTAWA INTL A,2024-07-03 5:00,2024,7,3,5:00,18.2,14.6,79,15,11,12.5197309,,,18.71015,77.46313333,14.70761667,0.08,0.361666667,103.6166667,1.1,,0.51015,2.975555556,1.53686667,11.4197309
OTTAWA INTL A,2024-07-03 6:00,2024,7,3,6:00,19.8,14.7,72,15,15,79.74937068,,,18.70618333,78.33848333,14.87831667,0.113333333,0.456666667,109.3833333,5.716666667,,1.09381667,4.053333334,6.33848333,74.03270401
OTTAWA INTL A,2024-07-03 7:00,2024,7,3,7:00,20.3,14.5,69,15,16,92.68058027,,,19.35028333,77.7554,15.38806667,0.065,0.356666667,91.16666667,10.61666667,,0.94971667,4.379444444,8.7554,82.0639136
OTTAWA INTL A,2024-07-03 8:00,2024,7,3,8:00,20.8,14.6,68,17,14,71.18608263,,,19.54746667,76.65833333,15.35693333,0.128333333,0.391666667,100.3166667,6.133333333,,1.25253333,3.760555556,8.65833333,65.0527493
OTTAWA INTL A,2024-07-03 9:00,2024,7,3,9:00,23.1,15.9,64,17,16,356.3107567,,,20.84425,71.18048333,15.44248333,0.245,0.628333333,154.5166667,29.1,,2.25575,4.199444444,7.18048333,327.2107567
OTTAWA INTL A,2024-07-03 10:00,2024,7,3,10:00,24.8,16,58,18,21,708.7736243,,,23.40445,60.90951667,15.4394,0.983333333,1.525,194.4833333,73.71666667,,1.39555,4.85,2.90951667,635.0569576
OTTAWA INTL A,2024-07-03 11:00,2024,7,3,11:00,26.3,16.7,55,17,22,834.2078795,,,24.72306667,58.16546667,15.9667,1.13,1.77,200.55,76.98333333,,1.57693333,4.981111111,3.16546667,757.2245462
OTTAWA INTL A,2024-07-03 12:00,2024,7,3,12:00,26.2,17.4,58,17,19,936.9270198,,,25.97603333,55.98463333,16.5344,1.173333333,1.836666667,197.6,79.86666667,,0.22396667,4.104444445,2.01536667,857.0603531
OTTAWA INTL A,2024-07-03 13:00,2024,7,3,13:00,26.9,16.9,53,17,24,878.8302233,,,26.84035,55.27276667,17.13731667,1.175,1.94,200.6333333,79.81666667,,0.05965,5.491666667,2.27276667,799.0135566
OTTAWA INTL A,2024-07-03 14:00,2024,7,3,14:00,27.4,17.8,55,18,22,440.3343692,,,27.01908333,54.95835,17.21163333,1.131666667,1.811666667,199.0333333,45.68333333,,0.38091667,4.979444444,0.04165,394.6510359
OTTAWA INTL A,2024-07-03 15:00,2024,7,3,15:00,27.4,18.4,57,18,26,515.8750767,,,27.34823333,55.67406667,17.72525,1.37,2.225,204.65,51.63333333,,0.05176667,5.852222222,1.32593333,464.2417434
OTTAWA INTL A,2024-07-03 16:00,2024,7,3,16:00,27.1,19.1,61,20,22,126.0996634,,,27.225,58.2935,18.34298333,0.956666667,1.433333333,205.3833333,14.81666667,,0.125,5.154444444,2.7065,111.2829967
OTTAWA INTL A,2024-07-03 17:00,2024,7,3,17:00,26.6,19.7,65,18,14,64.79921412,,,26.85108333,62.2744,19.01815,0.686666667,1.06,208.7666667,5.4,,0.25108333,3.202222222,2.7256,59.39921412
OTTAWA INTL A,2024-07-03 18:00,2024,7,3,18:00,23.5,21.1,86,20,14,37.13263873,,,23.66255,83.20713333,20.65336667,0.205,0.55,216.0833333,3.666666667,,0.16255,3.683888889,2.79286667,33.46597206
OTTAWA INTL A,2024-07-03 19:00,2024,7,3,19:00,21.6,21.6,100,18,20,44.86436732,,,24.45848333,77.21273333,20.22531667,0.72,1.273333333,216.2166667,3.883333333,,2.85848333,4.835555556,22.78726667,40.98103399
OTTAWA INTL A,2024-07-03 20:00,2024,7,3,20:00,21.9,21.9,100,18,13,14.99756438,,,22.74023333,88.00041667,20.66148333,0.625,1.081666667,206.0833333,1.75,,0.84023333,2.986111111,11.99958333,13.24756438
OTTAWA INTL A,2024-07-03 21:00,2024,7,3,21:00,22.2,22.2,100,20,14,1.2815865,,,21.807,94.45948333,20.90223333,0.075,0.346666667,162.75,1,,0.393,3.813888889,5.54051667,0.2815865
OTTAWA INTL A,2024-07-03 22:00,2024,7,3,22:00,22.1,22.1,100,21,15,1.61948155,,,21.62768333,95.67425,20.93445,0.035,0.135,132.4,1,,0.47231667,4.131666667,4.32575,0.61948155
OTTAWA INTL A,2024-07-03 23:00,2024,7,3,23:00,21.7,21.7,100,22,15,1.864349933,,,21.55478333,96.07588333,20.93033333,0.04,0.14,156.2833333,1,,0.14521667,4.126666667,3.92411667,0.864349933
OTTAWA INTL A,2024-07-04 0:00,2024,7,4,0:00,21,21,100,23,9,1.928275917,,,21.50515,95.76413333,20.82783333,0.195,0.458333333,203.4833333,1,,0.50515,2.305,4.23586667,0.928275917
OTTAWA INTL A,2024-07-04 1:00,2024,7,4,1:00,20.7,20.7,100,23,12,1.880367733,,,20.92113333,96.70656667,20.40475,0,0.036666667,101.4666667,1,,0.22113333,3.333333333,3.29343333,0.880367733
OTTAWA INTL A,2024-07-04 2:00,2024,7,4,2:00,19.9,19.9,100,24,16,1.73054515,,,20.30653333,97.17156667,19.8696,0.105,0.313333333,190.85,1,,0.40653333,4.339444444,2.82843333,0.73054515
OTTAWA INTL A,2024-07-04 3:00,2024,7,4,3:00,19,19,100,25,10,1.653992983,,,19.70363333,96.28313333,19.11995,0.08,0.346666667,193.5833333,1,,0.70363333,2.697777778,3.71686667,0.653992983
OTTAWA INTL A,2024-07-04 4:00,2024,7,4,4:00,18.4,18.4,100,23,9,1.879873367,,,19.3054,95.22475,18.54625,0.19,0.521666667,233.4333333,1,,0.9054,2.31,4.77525,0.879873367
OTTAWA INTL A,2024-07-04 5:00,2024,7,4,5:00,18.7,18.7,100,28,7,20.11251795,,,19.05478333,95.29663333,18.30865,0.315,0.66,218.9166667,3.95,,0.35478333,1.629444444,4.70336667,16.16251795
OTTAWA INTL A,2024-07-04 6:00,2024,7,4,6:00,19.3,19.3,100,25,8,143.2793149,,,19.38325,94.6464,18.5257,0.04,0.331666667,233.0833333,28.96666667,,0.08325,2.182222222,5.3536,114.3126482
OTTAWA INTL A,2024-07-04 7:00,2024,7,4,7:00,20.6,20.1,97,25,9,314.4817992,,,20.16471667,91.48938333,18.75768333,0.065,0.351666667,185.0833333,37.78333333,,0.43528333,2.435,5.51061667,276.6984659
OTTAWA INTL A,2024-07-04 8:00,2024,7,4,8:00,22.3,19.7,85,23,8,467.0193692,,,21.26208333,86.59878333,18.95755,0.11,0.418333333,232.0666667,48.9,,1.03791667,2.112222222,1.59878333,418.1193692
OTTAWA INTL A,2024-07-04 9:00,2024,7,4,9:00,24.8,21.1,80,24,9,627.9544243,,,22.51073333,81.87786667,19.28126667,0.106666667,0.421666667,212.4833333,61.6,,2.28926667,2.393333333,1.87786667,566.3544243
OTTAWA INTL A,2024-07-04 10:00,2024,7,4,10:00,25.9,20.3,71,21,11,745.9997862,,,24.49321667,74.95836667,19.77143333,0.271666667,0.626666667,221.8666667,73.01666667,,1.40678333,2.783888889,3.95836667,672.9831195
OTTAWA INTL A,2024-07-04 11:00,2024,7,4,11:00,27.2,20.7,67,21,13,858.1939352,,,25.7816,68.52081667,19.5689,0.365,0.72,229.8666667,71.9,,1.4184,3.246111111,1.52081667,786.2939352
OTTAWA INTL A,2024-07-04 12:00,2024,7,4,12:00,28,18.7,56,25,20,743.5573142,,,26.36781667,67.52426667,19.89243333,0.208333333,0.608333333,260.2166667,68.18333333,,1.63218333,5.347222223,11.52426667,675.3739809
OTTAWA INTL A,2024-07-04 13:00,2024,7,4,13:00,29,19.1,55,23,22,523.4275475,,,26.63665,68.21333333,20.31095,0.2,0.62,225.7666667,51.01666667,,2.36335,5.911111111,13.21333333,472.4108808
OTTAWA INTL A,2024-07-04 14:00,2024,7,4,14:00,29.4,19,53,24,17,670.8573147,,,27.03768333,66.81491667,20.35615,0.201666667,0.596666667,217.9833333,54.43333333,,2.36231667,4.520555555,13.81491667,616.4239814
OTTAWA INTL A,2024-07-04 15:00,2024,7,4,15:00,28,19.3,59,25,12,520.3929852,,,27.19928333,64.26746667,19.87225,0.208333333,0.593333333,210.9833333,41.13333333,,0.80071667,3.125,5.26746667,479.2596519
OTTAWA INTL A,2024-07-04 16:00,2024,7,4,16:00,28.3,19.5,58,23,22,220.3070118,,,25.9395,68.70046667,19.7647,0.005,0.113333333,109.1333333,19.85,,2.3605,6.106111111,10.70046667,200.4570118
OTTAWA INTL A,2024-07-04 17:00,2024,7,4,17:00,29.3,19.8,56,23,17,405.7795562,,,26.33251667,69.67518333,20.37003333,0.015,0.171666667,151.25,24.9,,2.96748333,4.707222222,13.67518333,380.8795562
OTTAWA INTL A,2024-07-04 18:00,2024,7,4,18:00,27.6,19.5,61,22,14,82.53565058,,,26.22878333,69.52756667,20.23685,0.095,0.235,104.65,7.6,,1.37121667,3.793888889,8.52756667,74.93565058
OTTAWA INTL A,2024-07-04 19:00,2024,7,4,19:00,26.9,20.1,66,22,10,40.35835728,,,23.47836667,84.4991,20.73703333,0.586666667,0.913333333,189.9166667,3.066666667,,3.42163333,2.191111111,18.4991,37.29169061
OTTAWA INTL A,2024-07-04 20:00,2024,7,4,20:00,25.3,21.8,80,20,8,9.963798883,,,23.36796667,85.01215,20.72338333,0.213333333,0.475,146.55,1.35,,1.93203333,2.008888889,5.01215,8.613798883
OTTAWA INTL A,2024-07-04 21:00,2024,7,4,21:00,23.6,19.8,79,3,10,3.421294683,,,21.85768333,87.63176667,19.7097,0.141666667,0.448333333,140.9666667,1,,1.74231667,2.636111111,8.63176667,2.421294683
OTTAWA INTL A,2024-07-04 22:00,2024,7,4,22:00,21.9,20.1,89,10,12,1.6488193,,,20.67408333,95.88526667,20.02001667,0.415,0.636666667,180.0666667,1,,1.22591667,2.918333333,6.88526667,0.6488193
OTTAWA INTL A,2024-07-04 23:00,2024,7,4,23:00,21.6,20.4,93,15,10,1.566247917,,,20.46858333,96.99468333,20.00123333,0.111666667,0.286666667,163.2,1,,1.13141667,2.666111111,3.99468333,0.566247917
OTTAWA INTL A,2024-07-05 0:00,2024,7,5,0:00,21.3,20.8,97,5,7,1.61032205,,,20.35918333,98.01435,20.0616,0.02,0.14,70.03333333,1,,0.94081667,1.924444444,1.01435,0.61032205
OTTAWA INTL A,2024-07-05 1:00,2024,7,5,1:00,20.8,20.8,100,2,10,1.595045633,,,20.17963333,98.63626667,19.98468333,0.025,0.188333333,48.73333333,1,,0.62036667,2.752777778,1.36373333,0.595045633
OTTAWA INTL A,2024-07-05 2:00,2024,7,5,2:00,20.4,20.4,100,5,7,1.690217833,,,20.04593333,98.94873333,19.90216667,0.04,0.206666667,60.9,1,,0.35406667,1.904444444,1.05126667,0.690217833
OTTAWA INTL A,2024-07-05 3:00,2024,7,5,3:00,20.1,20.1,100,6,7,1.655259817,,,19.83363333,99.1401,19.72095,0.025,0.213333333,36.2,1,,0.26636667,1.919444444,0.8599,0.655259817
OTTAWA INTL A,2024-07-05 4:00,2024,7,5,4:00,19.9,19.9,100,2,9,1.663212783,,,19.65793333,99.22745,19.55923333,0.005,0.121666667,81.58333333,1,,0.24206667,2.495,0.77255,0.663212783
OTTAWA INTL A,2024-07-05 5:00,2024,7,5,5:00,19.7,19.7,100,6,7,5.659216133,,,19.58893333,99.214,19.48796667,0.025,0.136666667,126.9666667,1,,0.11106667,1.919444444,0.786,4.659216133
OTTAWA INTL A,2024-07-05 6:00,2024,7,5,6:00,20.5,20.5,100,2,13,55.2395793,,,19.65151667,99.31571667,19.56708333,0.015,0.066666667,100.4833333,3.433333333,,0.84848333,3.596111111,0.68428333,51.80624597
OTTAWA INTL A,2024-07-05 7:00,2024,7,5,7:00,22,20.3,90,3,14,240.9240025,,,20.06061667,99.17965,19.95438333,0.005,0.098333333,124.35,22.56666667,,1.93938333,3.883888889,9.17965,218.3573358
OTTAWA INTL A,2024-07-05 8:00,2024,7,5,8:00,23.5,20.3,82,4,13,453.0152348,,,20.93141667,95.09126667,20.13715,0.17,0.481666667,97.15,45.35,,2.56858333,3.441111111,13.09126667,407.6652348
OTTAWA INTL A,2024-07-05 9:00,2024,7,5,9:00,24.6,20.6,78,2,11,615.2590923,,,22.08716667,88.63656667,20.14455,0.258333333,0.608333333,80.43333333,60.33333333,,2.51283333,2.797222223,10.63656667,554.925759
OTTAWA INTL A,2024-07-05 10:00,2024,7,5,10:00,25.8,21.3,76,4,10,748.2575557,,,23.23635,83.98718333,20.39821667,0.283333333,0.641666667,90.86666667,70.63333333,,2.56365,2.494444445,7.98718333,677.6242224
OTTAWA INTL A,2024-07-05 11:00,2024,7,5,11:00,26.6,21.4,73,7,12,915.3303995,,,24.55368333,77.40806667,20.36435,0.491666667,0.888333333,89.18333333,70.5,,2.04631667,2.841666666,4.40806667,844.8303995
OTTAWA INTL A,2024-07-05 12:00,2024,7,5,12:00,27,21.1,70,12,7,835.3485103,,,25.24668333,75.40968333,20.60321667,0.371666667,0.761666667,58.51666667,74.28333333,,1.75331667,1.572777777,5.40968333,761.065177
OTTAWA INTL A,2024-07-05 13:00,2024,7,5,13:00,27.7,21.8,70,6,7,750.9649008,,,25.81803333,72.94641667,20.61691667,0.201666667,0.533333333,102.1,66.86666667,,1.88196667,1.742777777,2.94641667,684.0982341
OTTAWA INTL A,2024-07-05 14:00,2024,7,5,14:00,28.4,20.2,61,8,9,765.0944622,,,26.01031667,71.88358333,20.56033333,0.091666667,0.361666667,117.1,50,,2.38968333,2.408333333,10.88358333,715.0944622
OTTAWA INTL A,2024-07-05 15:00,2024,7,5,15:00,29.2,19.6,55,36,1,568.914992,,,25.76228333,70.99655,20.12705,0.02,0.263333333,146.2833333,45.16666667,,3.43771667,0.257777778,15.99655,523.7483253
OTTAWA INTL A,2024-07-05 16:00,2024,7,5,16:00,28.3,18.4,54,11,7,527.7352358,,,26.10571667,70.02555,20.2298,0.025,0.265,116.5333333,38.6,,2.19428333,1.919444444,16.02555,489.1352358
OTTAWA INTL A,2024-07-05 17:00,2024,7,5,17:00,28.3,19,57,4,12,372.4452607,,,25.82556667,71.94125,20.40343333,0,0.105,170.1833333,25.25,,2.47443333,3.333333333,14.94125,347.1952607
OTTAWA INTL A,2024-07-05 18:00,2024,7,5,18:00,27,19.6,64,6,8,92.42498857,,,25.3033,75.5536,20.68933333,0.005,0.093333333,112.35,7.116666667,,1.6967,2.217222222,11.5536,85.3083219
OTTAWA INTL A,2024-07-05 19:00,2024,7,5,19:00,26.3,19.7,67,6,8,32.29559572,,,23.58136667,81.69736667,20.28395,0.095,0.261666667,157.1,2.016666667,,2.71863333,2.127222222,14.69736667,30.27892905
OTTAWA INTL A,2024-07-05 20:00,2024,7,5,20:00,24.9,20.5,76,5,11,5.734997867,,,22.86465,79.20483333,19.09363333,0.025,0.118333333,125.0333333,1,,2.03535,3.030555556,3.20483333,4.734997867
OTTAWA INTL A,2024-07-05 21:00,2024,7,5,21:00,24.7,20.1,75,6,10,2.002036517,,,22.88898333,82.66696667,19.80658333,0.01,0.041666667,94.41666667,1,,1.81101667,2.767777778,7.66696667,1.002036517
OTTAWA INTL A,2024-07-05 22:00,2024,7,5,22:00,23.9,20.7,82,6,11,1.905900217,,,23.2747,82.6487,20.17958333,0.065,0.27,70.81666667,1,,0.6253,2.990555556,0.6487,0.905900217
OTTAWA INTL A,2024-07-05 23:00,2024,7,5,23:00,23.5,21.4,88,5,12,1.747383233,,,22.42241667,88.18855,20.39516667,0.06,0.205,114.9166667,1,,1.07758333,3.273333333,0.18855,0.747383233
OTTAWA INTL A,2024-07-06 0:00,2024,7,6,0:00,22.9,18.9,78,35,23,3.5196573,,,21.96961667,85.10368333,19.36583333,0.306666667,0.698333333,130.95,1,,0.93038333,6.082222222,7.10368333,2.5196573
OTTAWA INTL A,2024-07-06 1:00,2024,7,6,1:00,20.8,19.6,93,36,32,2.005777367,,,19.86663333,94.88886667,19.0446,0.378333333,0.706666667,75.96666667,1,,0.93336667,8.510555556,1.88886667,1.005777367
OTTAWA INTL A,2024-07-06 2:00,2024,7,6,2:00,19.1,19.1,100,1,22,1.843600717,,,18.96611667,98.07593333,18.67985,0.365,0.703333333,144.9,1,,0.13388333,5.746111111,1.92406667,0.843600717
OTTAWA INTL A,2024-07-06 3:00,2024,7,6,3:00,18.7,18.7,100,5,22,1.550801267,,,18.66653333,98.66801667,18.47691667,0.346666667,0.631666667,52.25,1,,0.03346667,5.764444444,1.33198333,0.550801267
OTTAWA INTL A,2024-07-06 4:00,2024,7,6,4:00,18.3,18.3,100,5,13,1.5056867,,,18.60121667,98.01483333,18.30531667,0.356666667,0.63,84.2,1,,0.30121667,3.254444444,1.98516667,0.5056867
OTTAWA INTL A,2024-07-06 5:00,2024,7,6,5:00,19.1,19.1,100,8,9,6.363483217,,,18.7445,98.30103333,18.49526667,0.065,0.255,97.96666667,1,,0.3555,2.435,1.69896667,5.363483217
OTTAWA INTL A,2024-07-06 6:00,2024,7,6,6:00,19.6,19.6,100,14,4,86.40272918,,,19.06201667,98.79811667,18.89328333,0.04,0.171666667,175.0666667,8.166666667,,0.53798333,1.071111111,1.20188333,78.23606251
OTTAWA INTL A,2024-07-06 7:00,2024,7,6,7:00,21.1,21.1,100,17,7,146.527985,,,19.45833333,99.01431667,19.32495,0.01,0.151666667,68.91666667,19.41666667,,1.64166667,1.934444444,0.98568333,127.1113183
OTTAWA INTL A,2024-07-06 8:00,2024,7,6,8:00,22.6,21.2,92,31,4,319.4570482,,,20.03283333,98.56851667,19.82675,0.08,0.336666667,80.51666667,25.38333333,,2.56716667,1.031111111,6.56851667,294.0737149
OTTAWA INTL A,2024-07-06 9:00,2024,7,6,9:00,22.8,19.9,84,34,3,391.649289,,,20.74631667,96.35633333,20.16878333,0.11,0.416666667,196.7333333,46.83333333,,2.05368333,0.723333333,12.35633333,344.8159557
OTTAWA INTL A,2024-07-06 10:00,2024,7,6,10:00,22.9,20.2,84,6,5,524.944357,,,21.7225,91.39878333,20.2759,0.173333333,0.47,101.2166667,51.08333333,,1.1775,1.215555556,7.39878333,473.8610237
OTTAWA INTL A,2024-07-06 11:00,2024,7,6,11:00,25,20.8,77,14,4,794.1489742,,,22.48861667,87.28361667,20.29303333,0.175,0.483333333,148.1333333,56.81666667,,2.51138333,0.936111111,10.28361667,737.3323075
OTTAWA INTL A,2024-07-06 12:00,2024,7,6,12:00,25.7,19.9,70,25,10,610.1573678,,,23.00938333,86.21835,20.60078333,0.138333333,0.425,162.3833333,47.5,,2.69061667,2.639444445,16.21835,562.6573678
OTTAWA INTL A,2024-07-06 13:00,2024,7,6,13:00,27,20.8,69,19,8,919.4282703,,,23.8323,84.89158333,21.16138333,0.105,0.391666667,176.3,46.9,,3.1677,2.117222222,15.89158333,872.5282703
OTTAWA INTL A,2024-07-06 14:00,2024,7,6,14:00,27.8,20.9,66,21,12,422.3287167,,,24.29525,81.30511667,20.89023333,0.148333333,0.43,171.5,51.58333333,,3.50475,3.185,15.30511667,370.7453834
OTTAWA INTL A,2024-07-06 15:00,2024,7,6,15:00,27.4,21.8,71,21,11,840.1020123,,,25.43051667,76.89111667,21.09116667,0.235,0.575,154.85,49.86666667,,1.96948333,2.820555556,5.89111667,790.2353456
OTTAWA INTL A,2024-07-06 16:00,2024,7,6,16:00,26.2,20.6,71,24,17,298.7129098,,,25.16166667,80.16781667,21.51271667,0.175,0.461666667,188.3333333,23.91666667,,1.03833333,4.547222222,9.16781667,274.7962431
OTTAWA INTL A,2024-07-06 17:00,2024,7,6,17:00,26.6,21.4,73,27,22,138.4985521,,,24.4954,84.00961667,21.6405,0.035,0.27,156.2333333,12.08333333,,2.1046,6.076111111,11.00961667,126.4152188
OTTAWA INTL A,2024-07-06 18:00,2024,7,6,18:00,22.6,21.3,92,27,9,98.56719228,,,22.95791667,85.4881,20.41373333,0.128333333,0.33,154.8333333,8.966666667,,0.35791667,2.371666667,6.5119,89.60052561
OTTAWA INTL A,2024-07-06 19:00,2024,7,6,19:00,20.4,20.4,100,16,13,41.81200637,,,22.18968333,87.88413333,20.1039,0.065,0.228333333,185.8666667,3.866666667,,1.78968333,3.546111111,12.11586667,37.9453397
OTTAWA INTL A,2024-07-06 20:00,2024,7,6,20:00,20.2,20.2,100,32,11,17.35873402,,,21.47443333,94.13371667,20.51416667,0.165,0.303333333,152.7333333,1.333333333,,1.27443333,2.890555556,5.86628333,16.02540069
OTTAWA INTL A,2024-07-06 21:00,2024,7,6,21:00,19.2,19.2,100,24,5,1.90956395,,,21.13593333,96.28136667,20.5476,0,0.045,108.25,1,,1.93593333,1.388888889,3.71863333,0.90956395
OTTAWA INTL A,2024-07-06 22:00,2024,7,6,22:00,18.6,18.6,100,24,7,1.780563633,,,20.45775,97.39545,20.05725,0,0.088333333,145.4833333,1,,1.85775,1.944444444,2.60455,0.780563633
OTTAWA INTL A,2024-07-06 23:00,2024,7,6,23:00,18,18,100,21,7,1.51053655,,,20.31901667,98.15756667,20.04533333,0,0.025,140.8833333,1,,2.31901667,1.944444444,1.84243333,0.51053655
OTTAWA INTL A,2024-07-07 0:00,2024,7,7,0:00,18.4,18.4,100,20,8,1.8536076,,,20.06073333,98.24365,19.80121667,0,0.05,147.5666667,1,,1.66073333,2.222222222,1.75635,0.8536076
OTTAWA INTL A,2024-07-07 1:00,2024,7,7,1:00,18.6,18.6,100,23,5,1.389247817,,,20.04846667,98.6815,19.86091667,0.03,0.18,155,1,,1.44846667,1.358888889,1.3185,0.389247817
OTTAWA INTL A,2024-07-07 2:00,2024,7,7,2:00,18.7,18.7,100,21,7,1.786101017,,,20.10545,98.4011,19.87178333,0.01,0.106666667,134.8333333,1,,1.40545,1.934444444,1.5989,0.786101017
OTTAWA INTL A,2024-07-07 3:00,2024,7,7,3:00,18.3,18.3,100,25,7,1.563250767,,,20.0184,98.5626,19.81138333,0,0.01,73.15,1,,1.7184,1.944444444,1.4374,0.563250767
OTTAWA INTL A,2024-07-07 4:00,2024,7,7,4:00,18.4,18.4,100,23,6,2.08320395,,,19.7233,98.48298333,19.5033,0.02,0.048333333,110.3833333,1,,1.3233,1.646666667,1.51701667,1.08320395
OTTAWA INTL A,2024-07-07 5:00,2024,7,7,5:00,18.1,18.1,100,22,6,7.063985817,,,19.49231667,98.75278333,19.31635,0,0.031666667,130.25,1,,1.39231667,1.666666667,1.24721667,6.063985817
OTTAWA INTL A,2024-07-07 6:00,2024,7,7,6:00,18.4,18.4,100,22,7,51.05780837,,,19.63458333,98.73133333,19.45515,0,0.01,110.6333333,4.1,,1.23458333,1.944444444,1.26866667,46.95780837
OTTAWA INTL A,2024-07-07 7:00,2024,7,7,7:00,18.8,18.8,100,21,7,97.2040753,,,19.96806667,96.671,19.44818333,0.03,0.146666667,99.03333333,12.53333333,,1.16806667,1.914444444,3.329,84.67074197
OTTAWA INTL A,2024-07-07 8:00,2024,7,7,8:00,19.2,19.2,100,22,7,233.1305002,,,20.17293333,95.57845,19.4691,0.055,0.256666667,171.7833333,20.51666667,,0.97293333,1.889444444,4.42155,212.6138335
OTTAWA INTL A,2024-07-07 9:00,2024,7,7,9:00,20,20,100,23,9,339.4582767,,,20.68516667,94.14475,19.73526667,0.035,0.243333333,187.2333333,30.21666667,,0.68516667,2.465,5.85525,309.24161
OTTAWA INTL A,2024-07-07 10:00,2024,7,7,10:00,20.9,20.9,100,25,10,385.4527745,,,21.76078333,89.40433333,19.96051667,0.146666667,0.405,219,45.93333333,,0.86078333,2.631111111,10.59566667,339.5194412
OTTAWA INTL A,2024-07-07 11:00,2024,7,7,11:00,22.4,21.8,96,24,11,786.9062048,,,22.8893,83.66878333,19.99911667,0.423333333,0.795,220.25,60.8,,0.4893,2.632222223,12.33121667,726.1062048
OTTAWA INTL A,2024-07-07 12:00,2024,7,7,12:00,24.3,19.9,76,24,12,935.0370545,,,23.37585,81.19826667,19.99015,0.418333333,0.81,238.3333333,64.6,,0.92415,2.915,5.19826667,870.4370545
OTTAWA INTL A,2024-07-07 13:00,2024,7,7,13:00,25.9,19.3,67,26,17,931.6513677,,,24.06098333,78.53486667,20.11588333,0.293333333,0.68,278.8666667,65.86666667,,1.83901667,4.428888889,11.53486667,865.784701
OTTAWA INTL A,2024-07-07 14:00,2024,7,7,14:00,25.8,19.2,67,24,8,878.7690893,,,25.21675,70.93001667,19.57115,0.45,0.843333333,240.0166667,73.83333333,,0.58325,1.772222222,3.93001667,804.935756
OTTAWA INTL A,2024-07-07 15:00,2024,7,7,15:00,27.3,19.2,61,24,15,806.0012233,,,25.63565,67.89961667,19.27706667,0.198333333,0.543333333,185.9666667,49.06666667,,1.66435,3.968333334,6.89961667,756.9345566
OTTAWA INTL A,2024-07-07 16:00,2024,7,7,16:00,26.4,20.5,69,23,12,681.842881,,,25.61781667,71.05395,19.99603333,0.116666667,0.495,145.5,47.16666667,,0.78218333,3.216666666,2.05395,634.6762143
OTTAWA INTL A,2024-07-07 17:00,2024,7,7,17:00,26.3,19.6,66,22,13,436.9128762,,,25.36195,72.52581667,20.08671667,0.035,0.24,127.55,21.7,,0.93805,3.576111111,6.52581667,415.2128762
OTTAWA INTL A,2024-07-07 18:00,2024,7,7,18:00,26.4,19.7,66,23,13,230.9109165,,,24.88255,73.44461667,19.82985,0.025,0.183333333,119.0833333,10.86666667,,1.51745,3.586111111,7.44461667,220.0442498
OTTAWA INTL A,2024-07-07 19:00,2024,7,7,19:00,24.9,19.4,71,22,8,111.1987573,,,24.75745,74.37783333,19.91443333,0.015,0.091666667,119.35,6.9,,0.14255,2.207222222,3.37783333,104.2987573
OTTAWA INTL A,2024-07-07 20:00,2024,7,7,20:00,23.5,18.6,74,22,9,24.04683033,,,24.04183333,74.9052,19.33806667,0.005,0.125,174.4666667,1.116666667,,0.54183333,2.495,0.9052,22.93016366
OTTAWA INTL A,2024-07-07 21:00,2024,7,7,21:00,22,19.3,84,17,8,2.259346117,,,23.22213333,77.3613,19.0638,0,0.005,124.8833333,1,,1.22213333,2.222222222,6.6387,1.259346117
OTTAWA INTL A,2024-07-07 22:00,2024,7,7,22:00,21.6,19.7,89,20,8,1.666648267,,,22.9818,79.7154,19.31206667,0,0,81.7,1,,1.3818,2.222222222,9.2846,0.666648267
OTTAWA INTL A,2024-07-07 23:00,2024,7,7,23:00,20.5,20.5,100,20,7,2.021926,,,22.91216667,80.5317,19.40328333,0.03,0.16,153.55,1,,2.41216667,1.914444444,19.4683,1.021926
OTTAWA INTL A,2024-07-08 0:00,2024,7,8,0:00,20.2,20.2,100,19,10,1.95034815,,,21.69213333,87.64766667,19.57591667,0,0.035,119.7,1,,1.49213333,2.777777778,12.35233333,0.95034815
OTTAWA INTL A,2024-07-08 1:00,2024,7,8,1:00,19.4,19.4,100,20,8,1.841934733,,,21.1364,90.17521667,19.4877,0.005,0.061666667,142.6833333,1,,1.7364,2.217222222,9.82478333,0.841934733
OTTAWA INTL A,2024-07-08 2:00,2024,7,8,2:00,18.6,18.6,100,24,5,1.848228083,,,21.04628333,90.5616,19.46698333,0.04,0.156666667,149.0166667,1,,2.44628333,1.348888889,9.4384,0.848228083
OTTAWA INTL A,2024-07-08 3:00,2024,7,8,3:00,17.7,17.7,100,21,7,1.822606083,,,20.37981667,92.73061667,19.18776667,0,0.03,121.6166667,1,,2.67981667,1.944444444,7.26938333,0.822606083
OTTAWA INTL A,2024-07-08 4:00,2024,7,8,4:00,18.2,18.2,100,21,7,1.929177367,,,19.58918333,95.63348333,18.89726667,0,0.02,102.5833333,1,,1.38918333,1.944444444,4.36651667,0.929177367
OTTAWA INTL A,2024-07-08 5:00,2024,7,8,5:00,18.1,18.1,100,20,7,21.2047816,,,19.45165,96.12296667,18.8421,0,0.02,85.8,2.933333333,,1.35165,1.944444444,3.87703333,18.27144827
OTTAWA INTL A,2024-07-08 6:00,2024,7,8,6:00,19.4,19.4,100,21,5,97.99688828,,,19.51018333,96.56853333,18.9748,0,0.115,131.0333333,13.25,,0.11018333,1.388888889,3.43146667,84.74688828
OTTAWA INTL A,2024-07-08 7:00,2024,7,8,7:00,20.5,20.5,100,24,8,182.6069522,,,20.0138,95.97768333,19.37808333,0,0.07,78.88333333,17.71666667,,0.4862,2.222222222,4.02231667,164.8902855
OTTAWA INTL A,2024-07-08 8:00,2024,7,8,8:00,22,21.2,95,20,8,297.1117243,,,20.87823333,94.0479,19.9099,0.005,0.165,127.2166667,27.6,,1.12176667,2.217222222,0.9521,269.5117243
OTTAWA INTL A,2024-07-08 9:00,2024,7,8,9:00,24.8,20.1,75,22,8,594.9513827,,,22.43858333,89.58456667,20.66125,0.025,0.326666667,168.6,57.91666667,,2.36141667,2.197222222,14.58456667,537.034716
OTTAWA INTL A,2024-07-08 10:00,2024,7,8,10:00,26.5,19.4,65,20,9,694.2368757,,,24.0128,84.17796667,21.19896667,0.125,0.461666667,205.7,63.98333333,,2.4872,2.375,19.17796667,630.2535424
OTTAWA INTL A,2024-07-08 11:00,2024,7,8,11:00,26.4,20.8,71,19,11,656.4086728,,,25.08981667,76.21075,20.6239,0.105,0.458333333,181,60.11666667,,1.31018333,2.950555556,5.21075,596.2920061
OTTAWA INTL A,2024-07-08 12:00,2024,7,8,12:00,27.1,19.4,62,21,11,741.9725245,,,25.64926667,73.40475,20.55055,0.18,0.506666667,190.4166667,60.21666667,,1.45073333,2.875555556,11.40475,681.7558578
OTTAWA INTL A,2024-07-08 13:00,2024,7,8,13:00,27.3,18.6,58,20,13,652.4537065,,,26.59225,65.46383333,19.58483333,0.488333333,0.825,209.1666667,58.81666667,,0.70775,3.122777778,7.46383333,593.6370398
OTTAWA INTL A,2024-07-08 14:00,2024,7,8,14:00,28.4,17.4,51,17,12,739.7454403,,,27.15883333,57.12231667,17.95045,0.75,1.075,199.3666667,62.65,,1.24116667,2.583333333,6.12231667,677.0954403
OTTAWA INTL A,2024-07-08 15:00,2024,7,8,15:00,28.3,18.9,56,19,16,753.2279728,,,27.41518333,55.71655,17.7722,0.448333333,0.775,194.9,49.73333333,,0.88481667,3.996111111,0.28345,703.4946395
OTTAWA INTL A,2024-07-08 16:00,2024,7,8,16:00,28.5,17.1,49,19,19,626.7354095,,,26.95478333,60.4542,18.65926667,0.383333333,0.743333333,229.4166667,39.96666667,,1.54521667,4.894444445,11.4542,586.7687428
OTTAWA INTL A,2024-07-08 17:00,2024,7,8,17:00,28.2,18,53,24,17,225.5554779,,,27.20105,57.75906667,18.16803333,0.46,0.825,213.6666667,21.76666667,,0.99895,4.262222222,4.75906667,203.7888112
OTTAWA INTL A,2024-07-08 18:00,2024,7,8,18:00,27.5,18.2,56,21,13,327.4570023,,,27.09703333,58.72056667,18.32658333,0.403333333,0.73,216.8833333,15.03333333,,0.40296667,3.207777778,2.72056667,312.423669
OTTAWA INTL A,2024-07-08 19:00,2024,7,8,19:00,25.5,18.6,65,21,9,145.3674327,,,26.72131667,59.89981667,18.28166667,0.266666667,0.536666667,168.15,6.133333333,,1.22131667,2.233333333,5.10018333,139.2340994
OTTAWA INTL A,2024-07-08 20:00,2024,7,8,20:00,24.2,19,72,21,7,15.11730765,,,24.99616667,65.29038333,18.04761667,0,0.01,118.1333333,1.033333333,,0.79616667,1.944444444,6.70961667,14.08397432
OTTAWA INTL A,2024-07-08 21:00,2024,7,8,21:00,23.2,19,77,20,9,2.2095459,,,24.33441667,70.819,18.71776667,0,0.03,107.6,1,,1.13441667,2.5,6.181,1.2095459
OTTAWA INTL A,2024-07-08 22:00,2024,7,8,22:00,22.7,19.4,81,20,9,1.863828433,,,24.30938333,73.85161667,19.3677,0.03,0.156666667,144.3333333,1,,1.60938333,2.47,7.14838333,0.863828433
OTTAWA INTL A,2024-07-08 23:00,2024,7,8,23:00,22,19.4,85,20,9,1.83672975,,,24.38735,72.29953333,19.1025,0.3,0.64,211.8333333,1,,2.38735,2.2,12.70046667,0.83672975
OTTAWA INTL A,2024-07-09 0:00,2024,7,9,0:00,21.5,19.3,87,19,8,1.907339617,,,23.65676667,74.79893333,18.94146667,0.141666667,0.441666667,186.9333333,1,,2.15676667,2.080555555,12.20106667,0.907339617
OTTAWA INTL A,2024-07-09 1:00,2024,7,9,1:00,20.2,20,99,20,9,1.859219667,,,22.41171667,81.80896667,19.16795,0,0.046666667,101.55,1,,2.21171667,2.5,17.19103333,0.859219667
OTTAWA INTL A,2024-07-09 2:00,2024,7,9,2:00,19.7,19.7,100,21,6,1.68202635,,,21.33075,85.64428333,18.85028333,0,0.02,124.2833333,1,,1.63075,1.666666667,14.35571667,0.68202635
OTTAWA INTL A,2024-07-09 3:00,2024,7,9,3:00,19,19,100,18,8,1.846687067,,,21.52273333,84.92125,18.90313333,0.01,0.1,111.55,1,,2.52273333,2.212222222,15.07875,0.846687067
OTTAWA INTL A,2024-07-09 4:00,2024,7,9,4:00,19.2,19.2,100,19,9,1.823158633,,,21.2056,85.02796667,18.61218333,0.165,0.448333333,191.1833333,1,,2.0056,2.335,14.97203333,0.823158633
OTTAWA INTL A,2024-07-09 5:00,2024,7,9,5:00,19.2,19.2,100,18,8,11.82024427,,,20.77453333,86.89596667,18.5351,0.045,0.205,150.0333333,1.15,,1.57453333,2.177222222,13.10403333,10.67024427
OTTAWA INTL A,2024-07-09 6:00,2024,7,9,6:00,19.9,19.9,100,18,8,66.4048642,,,20.86785,87.43058333,18.726,0,0.04,120.8,5.633333333,,0.96785,2.222222222,12.56941667,60.77153087
OTTAWA INTL A,2024-07-09 7:00,2024,7,9,7:00,21.8,20.1,90,26,11,153.4914504,,,21.16735,88.94635,19.2976,0.088333333,0.233333333,143.5333333,14.73333333,,0.63265,2.967222223,1.05365,138.7581171
OTTAWA INTL A,2024-07-09 8:00,2024,7,9,8:00,22.7,19.9,84,21,8,149.3330635,,,21.80938333,87.46098333,19.65776667,0.025,0.171666667,181.8833333,14.13333333,,0.89061667,2.197222222,3.46098333,135.1997302
OTTAWA INTL A,2024-07-09 9:00,2024,7,9,9:00,23,19.4,80,22,7,152.3265818,,,22.07605,87.19901667,19.87248333,0,0.06,124.65,15.45,,0.92395,1.944444444,7.19901667,136.8765818
OTTAWA INTL A,2024-07-09 10:00,2024,7,9,10:00,23,20.6,86,19,7,151.0710402,,,22.4099,88.23345,20.3924,0.035,0.195,111.5333333,16.16666667,,0.5901,1.909444444,2.23345,134.9043735
OTTAWA INTL A,2024-07-09 11:00,2024,7,9,11:00,24.5,20,76,20,13,252.9136167,,,22.54895,89.18933333,20.69996667,0.05,0.213333333,114.25,24.1,,1.95105,3.561111111,13.18933333,228.8136167
OTTAWA INTL A,2024-07-09 12:00,2024,7,9,12:00,26.2,19.6,66,21,17,787.598867,,,24.83676667,74.38123333,19.97615,0.285,0.645,214.1833333,64.7,,1.36323333,4.437222222,8.38123333,722.898867
OTTAWA INTL A,2024-07-09 13:00,2024,7,9,13:00,27.8,20.2,63,23,18,838.5942932,,,25.78658333,71.83363333,20.33513333,0.198333333,0.57,220.4166667,62.61666667,,2.01341667,4.801666667,8.83363333,775.9776265
OTTAWA INTL A,2024-07-09 14:00,2024,7,9,14:00,27.5,19.9,63,22,25,555.2805162,,,26.28625,69.62631667,20.3004,0.308333333,0.723333333,242.9666667,45.75,,1.21375,6.636111111,6.62631667,509.5305162
OTTAWA INTL A,2024-07-09 15:00,2024,7,9,15:00,25.5,21.3,77,30,13,616.9062988,,,24.72195,78.11933333,20.65936667,0.401666667,0.705,186.1666667,45.61666667,,0.77805,3.209444444,1.11933333,571.2896321
OTTAWA INTL A,2024-07-09 16:00,2024,7,9,16:00,25.3,22.3,83,24,9,577.377835,,,25.45948333,79.14515,21.60556667,0.02,0.295,145.2,38.06666667,,0.15948333,2.48,3.85485,539.3111683
OTTAWA INTL A,2024-07-09 17:00,2024,7,9,17:00,26.7,22.8,79,23,8,179.423865,,,25.31753333,79.6926,21.57248333,0.091666667,0.355,177.1,15.95,,1.38246667,2.130555555,0.6926,163.473865
OTTAWA INTL A,2024-07-09 18:00,2024,7,9,18:00,25.2,22.8,86,27,6,143.6242292,,,23.06621667,93.53106667,21.99386667,0.205,0.525,223,11.11666667,,2.13378333,1.461666667,7.53106667,132.5075625
OTTAWA INTL A,2024-07-09 19:00,2024,7,9,19:00,25.3,22.1,82,22,7,74.7129447,,,23.39973333,93.97773333,22.40408333,0.03,0.158333333,136.3166667,4.916666667,,1.90026667,1.914444444,11.97773333,69.79627803
OTTAWA INTL A,2024-07-09 20:00,2024,7,9,20:00,24.3,22.4,89,2,9,17.3551423,,,22.7245,94.77838333,21.87166667,0.116666667,0.32,147.1,1.433333333,,1.5755,2.383333333,5.77838333,15.92180897
OTTAWA INTL A,2024-07-09 21:00,2024,7,9,21:00,22.9,22.9,100,26,7,1.86384925,,,21.47898333,97.09775,21.0269,0.08,0.253333333,177.4833333,1,,1.42101667,1.864444444,2.90225,0.86384925
OTTAWA INTL A,2024-07-09 22:00,2024,7,9,22:00,21.9,20.7,93,20,9,1.78498335,,,21.20846667,97.89581667,20.89043333,0.025,0.058333333,158.7833333,1,,0.69153333,2.475,4.89581667,0.78498335
OTTAWA INTL A,2024-07-09 23:00,2024,7,9,23:00,21.1,20.7,98,20,8,1.631152217,,,21.09696667,98.64125,20.90265,0.01,0.081666667,149.5666667,1,,0.00303333,2.212222222,0.64125,0.631152217
OTTAWA INTL A,2024-07-10 0:00,2024,7,10,0:00,18.6,18.6,100,17,4,1.6731844,,,20.99438333,98.81713333,20.8291,0.015,0.1,136.5666667,1,,2.39438333,1.096111111,1.18286667,0.6731844
OTTAWA INTL A,2024-07-10 1:00,2024,7,10,1:00,19,19,100,21,4,1.814377017,,,20.82138333,99.0161,20.68873333,0.01,0.033333333,104.0666667,1,,1.82138333,1.101111111,0.9839,0.814377017
OTTAWA INTL A,2024-07-10 2:00,2024,7,10,2:00,19.2,19.2,100,28,6,1.75793255,,,20.32311667,99.06696667,20.19853333,0.035,0.126666667,131.7833333,1,,1.12311667,1.631666667,0.93303333,0.75793255
OTTAWA INTL A,2024-07-10 3:00,2024,7,10,3:00,18,18,100,36,2,1.462954333,,,19.96771667,99.11,19.85018333,0.005,0.063333333,95.13333333,1,,1.96771667,0.550555556,0.89,0.462954333
OTTAWA INTL A,2024-07-10 4:00,2024,7,10,4:00,19.3,19.3,100,35,5,1.6030463,,,19.94893333,99.35045,19.87031667,0.025,0.115,74.98333333,1,,0.64893333,1.363888889,0.64955,0.6030463
OTTAWA INTL A,2024-07-10 5:00,2024,7,10,5:00,19.5,19.5,100,5,5,7.746860517,,,19.7458,99.28251667,19.65618333,0,0.025,85.6,1,,0.2458,1.388888889,0.71748333,6.746860517
OTTAWA INTL A,2024-07-10 6:00,2024,7,10,6:00,20.3,20.3,100,3,7,32.66718162,,,19.71783333,99.2101,19.61641667,0.005,0.036666667,62.46666667,2.033333333,,0.58216667,1.939444444,0.7899,30.63384829
OTTAWA INTL A,2024-07-10 7:00,2024,7,10,7:00,20.6,20.6,100,5,8,93.39257373,,,19.9488,99.21876667,19.8489,0,0.075,37.81666667,8.15,,0.6512,2.222222222,0.78123333,85.24257373
OTTAWA INTL A,2024-07-10 8:00,2024,7,10,8:00,20.9,20.9,100,9,4,64.29050433,,,20.29396667,98.91968333,20.14553333,0.025,0.205,91.23333333,6.383333333,,0.60603333,1.086111111,1.08031667,57.907171
OTTAWA INTL A,2024-07-10 9:00,2024,7,10,9:00,21.1,21.1,100,14,4,118.5387704,,,20.44391667,97.85511667,20.11983333,0,0.105,80.85,10.95,,0.65608333,1.111111111,2.14488333,107.5887704
OTTAWA INTL A,2024-07-10 10:00,2024,7,10,10:00,21.2,21.2,100,36,12,94.1229115,,,20.68408333,97.6148,20.31998333,0.121666667,0.351666667,89.31666667,9.95,,0.51591667,3.211666666,2.3852,84.1729115
OTTAWA INTL A,2024-07-10 11:00,2024,7,10,11:00,20.8,20.8,100,4,14,73.59551455,,,20.48715,98.69381667,20.30133333,0.201666667,0.486666667,92.66666667,7,,0.31285,3.687222222,1.30618333,66.59551455
OTTAWA INTL A,2024-07-10 12:00,2024,7,10,12:00,20.9,20.9,100,7,10,76.59341172,,,20.26913333,99.06853333,20.14485,0.22,0.525,82.4,6.85,,0.63086667,2.557777778,0.93146667,69.74341172
OTTAWA INTL A,2024-07-10 13:00,2024,7,10,13:00,21,21,100,1,11,115.1522641,,,20.30548333,98.36526667,20.06576667,0.31,0.64,85.73333333,10.88333333,,0.69451667,2.745555556,1.63473333,104.2689308
OTTAWA INTL A,2024-07-10 14:00,2024,7,10,14:00,20.7,20.7,100,3,19,69.83415977,,,20.15935,99.18338333,20.05368333,0.25,0.62,79.6,4.5,,0.54065,5.027777778,0.81661667,65.33415977
OTTAWA INTL A,2024-07-10 15:00,2024,7,10,15:00,20.9,20.9,100,4,22,140.6528828,,,20.55501667,99.19773333,20.45198333,0.355,0.736666667,65.98333333,12.98333333,,0.34498333,5.756111111,0.80226667,127.6695495
OTTAWA INTL A,2024-07-10 16:00,2024,7,10,16:00,20.5,20.5,100,5,26,26.86092257,,,20.52998333,97.82541667,20.2011,0.568333333,0.946666667,84.91666667,1.55,,0.02998333,6.653888889,2.17458333,25.31092257
OTTAWA INTL A,2024-07-10 17:00,2024,7,10,17:00,20.2,20.2,100,4,27,53.60727853,,,19.50055,96.79721667,19.00275,0.46,0.94,63.56666667,4.516666667,,0.69945,7.04,3.20278333,49.09061186
OTTAWA INTL A,2024-07-10 18:00,2024,7,10,18:00,19.5,19.5,100,5,20,59.87323042,,,19.17065,96.00318333,18.54016667,0.461666667,0.82,65.23333333,4,,0.32935,5.093888889,3.99681667,55.87323042
OTTAWA INTL A,2024-07-10 19:00,2024,7,10,19:00,19.4,19.4,100,4,20,15.61763922,,,19.35325,95.81308333,18.69156667,0.225,0.531666667,64.1,1.433333333,,0.04675,5.330555556,4.18691667,14.18430589
OTTAWA INTL A,2024-07-10 20:00,2024,7,10,20:00,19.6,19.6,100,2,22,3.840982133,,,19.41728333,96.85581667,18.92888333,0.335,0.676666667,39.31666667,1,,0.18271667,5.776111111,3.14418333,2.840982133
OTTAWA INTL A,2024-07-10 21:00,2024,7,10,21:00,19.2,19.2,100,6,19,1.57542635,,,19.39258333,94.20198333,18.45758333,0.39,0.768333333,68.75,1,,0.19258333,4.887777778,5.79801667,0.57542635
OTTAWA INTL A,2024-07-10 22:00,2024,7,10,22:00,18.8,18.8,100,4,14,1.85746055,,,19.39731667,92.48801667,18.17018333,0.478333333,0.893333333,68.63333333,1,,0.59731667,3.410555556,7.51198333,0.85746055
OTTAWA INTL A,2024-07-10 23:00,2024,7,10,23:00,18.8,18.8,100,3,18,1.432800533,,,18.86485,95.9852,18.23423333,0.165,0.461666667,62.71666667,1,,0.06485,4.835,4.0148,0.432800533
OTTAWA INTL A,2024-07-11 0:00,2024,7,11,0:00,18.7,18.7,100,2,18,1.703567,,,18.79923333,96.6371,18.27703333,0.145,0.406666667,40.93333333,1,,0.09923333,4.855,3.3629,0.703567
OTTAWA INTL A,2024-07-11 1:00,2024,7,11,1:00,18.5,18.5,100,2,26,1.569251417,,,18.83626667,95.44383333,18.11575,0.276666667,0.646666667,45.03333333,1,,0.33626667,6.945555555,4.55616667,0.569251417
OTTAWA INTL A,2024-07-11 2:00,2024,7,11,2:00,18.8,18.8,100,2,17,1.590787717,,,18.79306667,94.04691667,17.83796667,0.478333333,0.796666667,43.33333333,1,,0.00693333,4.243888889,5.95308333,0.590787717
OTTAWA INTL A,2024-07-11 3:00,2024,7,11,3:00,18.9,18.7,99,3,15,1.48399855,,,18.8155,93.5954,17.78341667,0.145,0.413333333,58.18333333,1,,0.0845,4.021666667,5.4046,0.48399855
OTTAWA INTL A,2024-07-11 4:00,2024,7,11,4:00,18.9,18.7,99,6,12,1.693370933,,,18.79516667,93.95906667,17.82366667,0.311666667,0.566666667,49.25,1,,0.10483333,3.021666666,5.04093333,0.693370933
OTTAWA INTL A,2024-07-11 5:00,2024,7,11,5:00,18.9,18.9,100,1,14,9.391502683,,,19.06126667,92.14165,17.77648333,0.236666667,0.565,76.66666667,1.083333333,,0.16126667,3.652222222,7.85835,8.30816935
OTTAWA INTL A,2024-07-11 6:00,2024,7,11,6:00,18.6,18.6,100,2,9,32.56844335,,,19.02906667,93.78278333,18.0277,0.226666667,0.563333333,45.58333333,2.75,,0.42906667,2.273333333,6.21721667,29.81844335
OTTAWA INTL A,2024-07-11 7:00,2024,7,11,7:00,18.7,18.7,100,35,10,29.781467,,,18.87138333,97.18236667,18.43708333,0.04,0.26,142.6333333,1.9,,0.17138333,2.737777778,2.81763333,27.881467
OTTAWA INTL A,2024-07-11 8:00,2024,7,11,8:00,18.9,18.9,100,36,8,76.31575677,,,18.87468333,99.37655,18.79951667,0.075,0.298333333,68.7,5.766666667,,0.02531667,2.147222222,0.62345,70.5490901
OTTAWA INTL A,2024-07-11 9:00,2024,7,11,9:00,19.7,19.7,100,36,11,93.1068818,,,19.15848333,99.56668333,19.11433333,0.03,0.171666667,127.4833333,8.583333333,,0.54151667,3.025555556,0.43331667,84.52354847
OTTAWA INTL A,2024-07-11 10:00,2024,7,11,10:00,20.1,20.1,100,34,12,143.1017352,,,19.52485,99.4788,19.46676667,0,0.08,149.5833333,12.06666667,,0.57515,3.333333333,0.5212,131.0350685
OTTAWA INTL A,2024-07-11 11:00,2024,7,11,11:00,20.1,20.1,100,34,16,137.3843352,,,19.79581667,99.55955,19.75118333,0.07,0.39,180.7333333,12.13333333,,0.30418333,4.374444444,0.44045,125.2510019
OTTAWA INTL A,2024-07-11 12:00,2024,7,11,12:00,20.8,20.8,100,35,19,198.2788408,,,20.01386667,99.3068,19.92826667,0.105,0.461666667,217.0833333,18.08333333,,0.78613333,5.172777778,0.6932,180.1955075
OTTAWA INTL A,2024-07-11 13:00,2024,7,11,13:00,20.9,20.9,100,33,15,282.8389398,,,20.34775,99.58713333,20.30815,0.066666667,0.323333333,118.2666667,22.78333333,,0.55225,4.1,0.41286667,260.0556065
OTTAWA INTL A,2024-07-11 14:00,2024,7,11,14:00,20.8,20.8,100,33,13,166.8090165,,,20.46891667,97.95521667,20.16141667,0.055,0.308333333,118.9833333,14.91666667,,0.33108333,3.556111111,2.04478333,151.8923498
OTTAWA INTL A,2024-07-11 15:00,2024,7,11,15:00,21.1,21.1,100,33,13,141.0387453,,,20.31803333,98.16863333,20.04603333,0.02,0.208333333,127.0166667,11.81666667,,0.78196667,3.591111111,1.83136667,129.2220786
OTTAWA INTL A,2024-07-11 16:00,2024,7,11,16:00,21.6,20.8,95,35,13,154.6127161,,,20.608,98.27026667,20.35248333,0,0.071666667,177.6,12.35,,0.992,3.611111111,3.27026667,142.2627161
OTTAWA INTL A,2024-07-11 17:00,2024,7,11,17:00,21.4,21.4,100,5,8,146.4249003,,,20.83418333,96.37131667,20.26176667,0.01,0.14,181.3333333,13.75,,0.56581667,2.212222222,3.62868333,132.6749003
OTTAWA INTL A,2024-07-11 18:00,2024,7,11,18:00,21.1,21.1,100,36,2,78.4239304,,,20.81993333,95.77593333,20.14661667,0.035,0.168333333,158.25,6.183333333,,0.28006667,0.520555556,4.22406667,72.24059707
OTTAWA INTL A,2024-07-11 19:00,2024,7,11,19:00,20.5,20.5,100,36,2,18.81604168,,,20.22645,98.37856667,19.98916667,0.02,0.075,104.8,1.683333333,,0.27355,0.535555556,1.62143333,17.13270835
OTTAWA INTL A,2024-07-11 20:00,2024,7,11,20:00,19.8,19.8,100,22,4,6.998773267,,,20.17646667,99.03845,20.04726667,0.005,0.08,180.9166667,1,,0.37646667,1.106111111,0.96155,5.998773267
OTTAWA INTL A,2024-07-11 21:00,2024,7,11,21:00,19.4,19.4,100,24,3,1.8099571,,,20.13638333,99.4462,20.07368333,0.01,0.155,180.3166667,1,,0.73638333,0.823333333,0.5538,0.8099571
OTTAWA INTL A,2024-07-11 22:00,2024,7,11,22:00,19.4,19.4,100,22,6,1.527316567,,,20.08413333,99.69373333,20.06173333,0.015,0.116666667,177.1833333,1,,0.68413333,1.651666667,0.30626667,0.527316567
OTTAWA INTL A,2024-07-11 23:00,2024,7,11,23:00,19.6,19.6,100,19,5,1.821461767,,,20.39706667,99.51028333,20.3447,0.125,0.276666667,170.9166667,1,,0.79706667,1.263888889,0.48971667,0.821461767
OTTAWA INTL A,2024-07-12 0:00,2024,7,12,0:00,19.7,19.7,100,19,7,1.697767833,,,20.36333333,97.17788333,19.92716667,0.341666667,0.626666667,191.7666667,1,,0.66333333,1.602777777,2.82211667,0.697767833
OTTAWA INTL A,2024-07-12 1:00,2024,7,12,1:00,19.5,19.5,100,20,6,1.44188325,,,20.17871667,96.42548333,19.61745,0.15,0.356666667,177.0833333,1,,0.67871667,1.516666667,3.57451667,0.44188325
OTTAWA INTL A,2024-07-12 2:00,2024,7,12,2:00,19.4,19.4,100,18,8,1.72675255,,,20.1973,96.20446667,19.59895,0.19,0.463333333,182.15,1,,0.7973,2.032222222,3.79553333,0.72675255
OTTAWA INTL A,2024-07-12 3:00,2024,7,12,3:00,19.2,19.2,100,22,8,1.751626517,,,20.03458333,96.83506667,19.54113333,0.105,0.331666667,156.3833333,1,,0.83458333,2.117222222,3.16493333,0.751626517
OTTAWA INTL A,2024-07-12 4:00,2024,7,12,4:00,19,19,100,19,4,1.658423117,,,19.5917,99.00106667,19.45616667,0,0.065,120.5833333,1,,0.5917,1.111111111,0.99893333,0.658423117
OTTAWA INTL A,2024-07-12 5:00,2024,7,12,5:00,18.9,18.9,100,16,7,8.162814717,,,19.53345,99.24255,19.43711667,0.015,0.085,126.2666667,1,,0.63345,1.929444444,0.75745,7.162814717
OTTAWA INTL A,2024-07-12 6:00,2024,7,12,6:00,19.4,19.4,100,16,10,62.15969668,,,19.79765,98.64911667,19.60443333,0.015,0.08,152.5,4.816666667,,0.39765,2.762777778,1.35088333,57.34303001
OTTAWA INTL A,2024-07-12 7:00,2024,7,12,7:00,21.2,21.2,100,20,8,143.352608,,,20.31116667,97.30416667,19.89615,0.09,0.308333333,181.95,19.58333333,,0.88883333,2.132222222,2.69583333,123.7692747
OTTAWA INTL A,2024-07-12 8:00,2024,7,12,8:00,22,22,100,24,4,266.0592695,,,20.98903333,94.9343,20.17228333,0.015,0.201666667,177.8333333,31.15,,1.01096667,1.096111111,5.0657,234.9092695
OTTAWA INTL A,2024-07-12 9:00,2024,7,12,9:00,24.2,20.9,81,19,5,596.474204,,,22.23045,90.38936667,20.5928,0.123333333,0.45,190.95,57.78333333,,1.96955,1.265555556,9.38936667,538.6908707
OTTAWA INTL A,2024-07-12 10:00,2024,7,12,10:00,24.1,20.6,81,18,8,803.8260062,,,23.54101667,85.24001667,20.9382,0.186666667,0.473333333,217.1666667,60.88333333,,0.55898333,2.035555555,4.24001667,742.9426729
OTTAWA INTL A,2024-07-12 11:00,2024,7,12,11:00,25.7,20.1,70,23,7,277.2529205,,,22.90503333,89.15865,21.04883333,0.02,0.161666667,132.15,18.88333333,,2.79496667,1.924444444,19.15865,258.3695872
OTTAWA INTL A,2024-07-12 12:00,2024,7,12,12:00,26.5,20.1,68,21,5,478.9123522,,,24.23413333,82.13351667,21.00525,0.055,0.31,131.9666667,45.13333333,,2.26586667,1.333888889,14.13351667,433.7790189
OTTAWA INTL A,2024-07-12 13:00,2024,7,12,13:00,26.2,20.2,69,22,8,518.0741108,,,25.19963333,77.99248333,21.0978,0.25,0.605,164.2333333,46.83333333,,1.00036667,1.972222222,8.99248333,471.2407775
OTTAWA INTL A,2024-07-12 14:00,2024,7,12,14:00,26.3,21.2,73,18,10,545.5843278,,,26.38133333,72.30603333,21.01606667,0.485,0.9,137.0166667,54.78333333,,0.08133333,2.292777778,0.69396667,490.8009945
OTTAWA INTL A,2024-07-12 15:00,2024,7,12,15:00,26.8,20.5,68,17,11,233.07898,,,25.99851667,73.37261667,20.88995,0.41,0.773333333,143.1666667,21.55,,0.80148333,2.645555556,5.37261667,211.52898
OTTAWA INTL A,2024-07-12 16:00,2024,7,12,16:00,26.4,20.6,70,18,15,309.3366067,,,25.59246667,75.33793333,20.9232,0.19,0.511666667,180.75,24.35,,0.80753333,3.976666667,5.33793333,284.9866067
OTTAWA INTL A,2024-07-12 17:00,2024,7,12,17:00,26.6,21.3,72,18,9,455.8569873,,,26.20908333,72.449,20.87546667,0.24,0.561666667,181.2166667,22.66666667,,0.39091667,2.26,0.449,433.1903206
OTTAWA INTL A,2024-07-12 18:00,2024,7,12,18:00,26.8,21.2,71,18,13,212.4312518,,,26.09931667,70.82575,20.40815,0.271666667,0.551666667,189.5666667,9.4,,0.70068333,3.339444444,0.17425,203.0312518
OTTAWA INTL A,2024-07-12 19:00,2024,7,12,19:00,25.5,21.2,77,19,14,109.9371352,,,25.78258333,75.0576,21.00316667,0.241666667,0.498333333,159.7166667,8.633333333,,0.28258333,3.647222222,1.9424,101.3038019
OTTAWA INTL A,2024-07-12 20:00,2024,7,12,20:00,21.9,21.7,99,16,14,15.7939564,,,23.41085,89.8731,21.66353333,0.206666667,0.488333333,190.3666667,1.616666667,,1.51085,3.682222222,9.1269,14.17728973
OTTAWA INTL A,2024-07-12 21:00,2024,7,12,21:00,22.3,22.3,100,19,7,1.902317733,,,21.30501667,96.44696667,20.73981667,0.241666667,0.581666667,149.7333333,1,,0.99498333,1.702777777,3.55303333,0.902317733
OTTAWA INTL A,2024-07-12 22:00,2024,7,12,22:00,21.7,21.5,99,19,8,1.309524233,,,21.26286667,98.48275,21.04228333,0,0.076666667,114.6333333,1,,0.43713333,2.222222222,0.51725,0.309524233
OTTAWA INTL A,2024-07-12 23:00,2024,7,12,23:00,21.1,20.6,97,19,7,1.812466367,,,21.1001,98.77295,20.92763333,0.005,0.081666667,89.23333333,1,,1E-04,1.939444444,1.77295,0.812466367
OTTAWA INTL A,2024-07-13 0:00,2024,7,13,0:00,20.6,20,97,21,8,1.6886853,,,20.8246,97.71741667,20.4767,0.095,0.3,184,1,,0.2246,2.127222222,0.71741667,0.6886853
OTTAWA INTL A,2024-07-13 1:00,2024,7,13,1:00,20.2,20.2,100,19,9,1.6901869,,,20.35696667,98.37581667,20.11911667,0.05,0.195,106.9666667,1,,0.15696667,2.45,1.62418333,0.6901869
OTTAWA INTL A,2024-07-13 2:00,2024,7,13,2:00,20,20,100,20,11,1.681158017,,,20.53398333,96.41815,19.96595,0.075,0.26,144.4,1,,0.53398333,2.980555556,3.58185,0.681158017
OTTAWA INTL A,2024-07-13 3:00,2024,7,13,3:00,20,20,100,23,8,1.704470417,,,20.93996667,92.60595,19.72221667,0.3,0.605,200.0833333,1,,0.93996667,1.922222222,7.39405,0.704470417
OTTAWA INTL A,2024-07-13 4:00,2024,7,13,4:00,20.4,20.4,100,31,22,2.651525983,,,20.69878333,93.97746667,19.7155,0.315,0.636666667,217.9166667,1,,0.29878333,5.796111111,6.02253333,1.651525983
OTTAWA INTL A,2024-07-13 5:00,2024,7,13,5:00,19.7,19.7,100,31,8,2.1722719,,,19.88131667,98.68078333,19.69343333,0.08,0.341666667,128.2833333,1,,0.18131667,2.142222222,1.31921667,1.1722719
OTTAWA INTL A,2024-07-13 6:00,2024,7,13,6:00,19.6,19.6,100,19,4,19.36147012,,,19.70863333,99.23465,19.61111667,0.025,0.136666667,159.7333333,1.3,,0.10863333,1.086111111,0.76535,18.06147012
OTTAWA INTL A,2024-07-13 7:00,2024,7,13,7:00,20.5,20.5,100,24,10,173.3137681,,,19.77935,99.12406667,19.66395,0.075,0.321666667,235.5,12.95,,0.72065,2.702777778,0.87593333,160.3637681
OTTAWA INTL A,2024-07-13 8:00,2024,7,13,8:00,21.8,21,95,24,8,338.0205787,,,20.29371667,98.22708333,20.03128333,0.025,0.238333333,183.1833333,29.1,,1.50628333,2.197222222,3.22708333,308.9205787
OTTAWA INTL A,2024-07-13 9:00,2024,7,13,9:00,23.7,18.5,72,28,9,595.9469572,,,21.14735,95.49433333,20.42398333,0.156666667,0.443333333,263.2666667,53.8,,2.55265,2.343333333,23.49433333,542.1469572
OTTAWA INTL A,2024-07-13 10:00,2024,7,13,10:00,25.3,19.2,68,25,10,733.9451728,,,22.38778333,89.24826667,20.54368333,0.166666667,0.506666667,224.2833333,67.36666667,,2.91221667,2.611111111,21.24826667,666.5785061
OTTAWA INTL A,2024-07-13 11:00,2024,7,13,11:00,26.1,18.1,61,26,9,824.9177917,,,23.69185,81.83371667,20.4201,0.176666667,0.556666667,252.85,66.78333333,,2.40815,2.323333333,20.83371667,758.1344584
OTTAWA INTL A,2024-07-13 12:00,2024,7,13,12:00,27.5,17.6,54,24,12,906.5950205,,,24.74198333,76.3491,20.30121667,0.27,0.608333333,234.5666667,64.31666667,,2.75801667,3.063333333,22.3491,842.2783538
OTTAWA INTL A,2024-07-13 13:00,2024,7,13,13:00,28.1,17.8,53,25,16,882.9720782,,,25.176,73.81393333,20.18511667,0.163333333,0.558333333,196.35,62.86666667,,2.924,4.281111111,20.81393333,820.1054115
OTTAWA INTL A,2024-07-13 14:00,2024,7,13,14:00,28.5,16.6,48,26,9,846.4699103,,,25.37658333,71.36078333,19.8306,0.075,0.436666667,199.6333333,61.75,,3.12341667,2.425,23.36078333,784.7199103
OTTAWA INTL A,2024-07-13 15:00,2024,7,13,15:00,28.8,17.2,49,28,13,757.0548612,,,25.45401667,69.99015,19.5963,0.035,0.318333333,128.1666667,43.96666667,,3.34598333,3.576111111,20.99015,713.0881945
OTTAWA INTL A,2024-07-13 16:00,2024,7,13,16:00,28.9,17.6,50,26,9,609.940095,,,25.45871667,70.57151667,19.73506667,0.02,0.29,94.25,35.46666667,,3.44128333,2.48,20.57151667,574.4734283
OTTAWA INTL A,2024-07-13 17:00,2024,7,13,17:00,28.6,18.5,53,25,6,461.3399443,,,25.64503333,68.23606667,19.37475,0.03,0.213333333,128.3666667,20.38333333,,2.95496667,1.636666667,15.23606667,440.956611
OTTAWA INTL A,2024-07-13 18:00,2024,7,13,18:00,27.8,19.1,59,26,9,291.447593,,,25.51483333,67.13876667,18.99063333,0.005,0.111666667,137.3666667,9.9,,2.28516667,2.495,8.13876667,281.547593
OTTAWA INTL A,2024-07-13 19:00,2024,7,13,19:00,25.9,18.8,64,22,7,120.9524814,,,25.14308333,68.19091667,18.88333333,0.005,0.12,157,3.383333333,,0.75691667,1.939444444,4.19091667,117.5691481
OTTAWA INTL A,2024-07-13 20:00,2024,7,13,20:00,25.1,17.1,60,23,7,19.86087517,,,24.2509,68.40285,18.08403333,0.005,0.216666667,169.1,1.05,,0.8491,1.939444444,8.40285,18.81087517
OTTAWA INTL A,2024-07-13 21:00,2024,7,13,21:00,23.1,18.4,75,19,12,1.867168283,,,23.63351667,68.29623333,17.47021667,0,0.11,175.4833333,1,,0.53351667,3.333333333,6.70376667,0.867168283
OTTAWA INTL A,2024-07-13 22:00,2024,7,13,22:00,21.7,20.5,93,22,7,2.062340317,,,22.9669,72.69571667,17.80966667,0.035,0.158333333,188.7166667,1,,1.2669,1.909444444,20.30428333,1.062340317
OTTAWA INTL A,2024-07-13 23:00,2024,7,13,23:00,20.8,20.7,99,21,7,2.2575725,,,23.18023333,75.95263333,18.7237,0.24,0.545,211.6666667,1,,2.38023333,1.704444444,23.04736667,1.2575725
OTTAWA INTL A,2024-07-14 0:00,2024,7,14,0:00,19.4,19.4,100,22,9,1.92371885,,,21.78898333,84.74763333,19.12806667,0.02,0.088333333,124.95,1,,2.38898333,2.48,15.25236667,0.92371885
OTTAWA INTL A,2024-07-14 1:00,2024,7,14,1:00,19.5,19.5,100,23,11,1.634249033,,,20.92856667,87.00988333,18.70856667,0.085,0.286666667,180.5333333,1,,1.42856667,2.970555556,12.99011667,0.634249033
OTTAWA INTL A,2024-07-14 2:00,2024,7,14,2:00,19.2,19.2,100,22,10,1.7634012,,,20.74373333,88.69215,18.83231667,0.106666667,0.268333333,161.95,1,,1.54373333,2.671111111,11.30785,0.7634012
OTTAWA INTL A,2024-07-14 3:00,2024,7,14,3:00,18.3,18.3,100,19,11,1.737110433,,,20.19358333,89.7292,18.47633333,0.145,0.478333333,214.9166667,1,,1.89358333,2.910555556,10.2708,0.737110433
OTTAWA INTL A,2024-07-14 4:00,2024,7,14,4:00,18,18,100,21,7,1.7906703,,,19.72146667,91.01876667,18.23706667,0.198333333,0.508333333,220.5333333,1,,1.72146667,1.746111111,8.98123333,0.7906703
OTTAWA INTL A,2024-07-14 5:00,2024,7,14,5:00,17.6,17.6,100,22,8,10.80879782,,,19.55845,92.13908333,18.27046667,0.065,0.276666667,194.6333333,1.533333333,,1.95845,2.157222222,7.86091667,9.275464487
OTTAWA INTL A,2024-07-14 6:00,2024,7,14,6:00,18.6,18.6,100,20,9,93.4216601,,,19.50551667,92.17951667,18.22073333,0.075,0.326666667,186.45,13.21666667,,0.90551667,2.425,7.82048333,80.20499343
OTTAWA INTL A,2024-07-14 7:00,2024,7,14,7:00,20.9,19.9,94,23,8,254.6332975,,,20.48533333,88.03523333,18.4558,0.161666667,0.43,230.6,29.18333333,,0.41466667,2.060555555,5.96476667,225.4499642
OTTAWA INTL A,2024-07-14 8:00,2024,7,14,8:00,23.7,18.7,73,24,10,422.7675352,,,21.71215,83.44255,18.80575,0.223333333,0.585,253.8166667,44.96666667,,1.98785,2.554444445,10.44255,377.8008685
OTTAWA INTL A,2024-07-14 9:00,2024,7,14,9:00,25.5,19.6,69,25,9,581.9043345,,,22.70985,79.43963333,18.989,0.095,0.401666667,268.1333333,60.2,,2.79015,2.405,10.43963333,521.7043345
OTTAWA INTL A,2024-07-14 10:00,2024,7,14,10:00,27,20,65,22,10,735.8699455,,,24.05465,75.29616667,19.42811667,0.146666667,0.488333333,250.45,73.38333333,,2.94535,2.631111111,10.29616667,662.4866122
OTTAWA INTL A,2024-07-14 11:00,2024,7,14,11:00,27.9,18.9,58,22,14,822.4370948,,,25.38198333,70.38243333,19.60566667,0.316666667,0.701666667,238.2333333,70.08333333,,2.51801667,3.572222222,12.38243333,752.3537615
OTTAWA INTL A,2024-07-14 12:00,2024,7,14,12:00,28.5,17.1,50,25,17,869.6762675,,,26.06791667,65.92598333,19.21516667,0.203333333,0.61,247.9166667,65.56666667,,2.43208333,4.518888889,15.92598333,804.1096008
OTTAWA INTL A,2024-07-14 13:00,2024,7,14,13:00,29,18.3,52,21,17,886.2164632,,,26.65525,65.32991667,19.62658333,0.283333333,0.658333333,238.8333333,62.18333333,,2.34475,4.438888889,13.32991667,824.0331299
OTTAWA INTL A,2024-07-14 14:00,2024,7,14,14:00,29.7,19.9,55,24,14,591.1605352,,,26.77886667,66.084,19.9249,0.116666667,0.465,226.8166667,44.83333333,,2.92113333,3.772222222,11.084,546.3272019
OTTAWA INTL A,2024-07-14 15:00,2024,7,14,15:00,29.7,19.7,55,17,13,498.2081833,,,26.84466667,64.27096667,19.52678333,0.33,0.716666667,198.5333333,31.16666667,,2.85533333,3.281111111,9.27096667,467.0415166
OTTAWA INTL A,2024-07-14 16:00,2024,7,14,16:00,29.2,19.8,56,20,17,404.9048143,,,27.38445,61.82788333,19.39373333,0.558333333,0.941666667,219.1666667,25.31666667,,1.81555,4.163888889,5.82788333,379.5881476
OTTAWA INTL A,2024-07-14 17:00,2024,7,14,17:00,28.1,19.4,59,22,23,413.6878097,,,27.9739,58.93765,19.21296667,0.896666667,1.285,219.5333333,20.98333333,,0.1261,5.492222222,0.06235,392.7044764
OTTAWA INTL A,2024-07-14 18:00,2024,7,14,18:00,26.8,19,62,19,15,194.5818795,,,27.68121667,61.52088333,19.63445,0.911666667,1.288333333,212.35,10.18333333,,0.88121667,3.255,0.47911667,184.3985462
OTTAWA INTL A,2024-07-14 19:00,2024,7,14,19:00,25.4,17.6,61,19,15,67.78759977,,,27.02945,62.49983333,19.27681667,0.778333333,1.133333333,212.0333333,4.1,,1.62945,3.388333334,1.49983333,63.68759977
OTTAWA INTL A,2024-07-14 20:00,2024,7,14,20:00,24,17.1,65,18,12,11.94877047,,,26.29666667,60.26055,17.99818333,0.791666667,1.086666667,205.8666667,1.1,,2.29666667,2.541666666,4.73945,10.84877047
OTTAWA INTL A,2024-07-14 21:00,2024,7,14,21:00,23.4,17.5,69,20,8,2.099616367,,,25.26605,60.21648333,17.02105,0.3,0.66,202.6833333,1,,1.86605,1.922222222,8.78351667,1.099616367
OTTAWA INTL A,2024-07-14 22:00,2024,7,14,22:00,23.4,17.6,70,19,9,1.653535967,,,24.64193333,63.27823333,17.21095,0.501666667,0.775,196.2166667,1,,1.24193333,1.998333333,6.72176667,0.653535967
OTTAWA INTL A,2024-07-14 23:00,2024,7,14,23:00,22.9,19.1,79,21,14,1.778877033,,,24.27913333,68.1676,18.05108333,0.591666667,0.88,212.6166667,1,,1.37913333,3.297222222,10.8324,0.778877033
OTTAWA INTL A,2024-07-15 0:00,2024,7,15,0:00,22.2,20.2,89,21,10,1.957256317,,,23.67355,74.24028333,18.83505,0.49,0.78,216.75,1,,1.47355,2.287777778,14.75971667,0.957256317
OTTAWA INTL A,2024-07-15 1:00,2024,7,15,1:00,21.9,21.6,98,23,11,1.740134533,,,22.93861667,80.76608333,19.47511667,0.235,0.558333333,210.05,1,,1.03861667,2.820555556,17.23391667,0.740134533
OTTAWA INTL A,2024-07-15 2:00,2024,7,15,2:00,22.2,21.8,98,23,13,1.655343083,,,22.26541667,86.64385,19.95358333,0.095,0.335,154.5166667,1,,0.06541667,3.516111111,11.35615,0.655343083
OTTAWA INTL A,2024-07-15 3:00,2024,7,15,3:00,21.3,21.3,100,25,6,1.8258755,,,21.78951667,89.49028333,20.00996667,0.14,0.375,204.6166667,1,,0.48951667,1.526666667,10.50971667,0.8258755
OTTAWA INTL A,2024-07-15 4:00,2024,7,15,4:00,20.7,20.7,100,21,11,1.655920433,,,21.43121667,91.38085,19.99311667,0.135,0.341666667,212.3666667,1,,0.73121667,2.920555556,8.61915,0.655920433
OTTAWA INTL A,2024-07-15 5:00,2024,7,15,5:00,20.3,20.3,100,21,6,11.49430167,,,21.1147,93.3157,20.01928333,0.005,0.076666667,144.1666667,1.516666667,,0.8147,1.661666667,6.6843,9.977635003
OTTAWA INTL A,2024-07-15 6:00,2024,7,15,6:00,21.4,21.4,100,24,6,111.98698,,,21.3762,93.30988333,20.27738333,0.14,0.48,226.7666667,16.58333333,,0.0238,1.526666667,6.69011667,95.40364667
OTTAWA INTL A,2024-07-15 7:00,2024,7,15,7:00,23.1,22.3,95,25,8,264.6892093,,,22.2695,90.56518333,20.67743333,0.025,0.28,215.2166667,31,,0.8305,2.197222222,4.43481667,233.6892093
OTTAWA INTL A,2024-07-15 8:00,2024,7,15,8:00,24.9,22,84,24,9,404.8172772,,,23.0083,88.1689,20.97066667,0.081666667,0.423333333,233.3666667,46.55,,1.8917,2.418333333,4.1689,358.2672772
OTTAWA INTL A,2024-07-15 9:00,2024,7,15,9:00,25.5,21.4,78,25,10,519.9075752,,,23.71151667,85.7809,21.2142,0.065,0.43,207.2,47.1,,1.78848333,2.712777778,7.7809,472.8075752
OTTAWA INTL A,2024-07-15 10:00,2024,7,15,10:00,26.8,21.5,72,24,14,517.6294088,,,24.84571667,81.33608333,21.44083333,0.258333333,0.665,254.9,66.8,,1.95428333,3.630555556,9.33608333,450.8294088
OTTAWA INTL A,2024-07-15 11:00,2024,7,15,11:00,28,22.2,70,20,18,655.9294113,,,26.01383333,76.40321667,21.56278333,0.298333333,0.665,240.3333333,65.35,,1.98616667,4.701666667,6.40321667,590.5794113
OTTAWA INTL A,2024-07-15 12:00,2024,7,15,12:00,28.2,22.2,69,20,12,758.3406173,,,26.84506667,75.7172,22.22093333,0.203333333,0.595,222.8666667,49.43333333,,1.35493333,3.13,6.7172,708.907284
OTTAWA INTL A,2024-07-15 13:00,2024,7,15,13:00,29.6,22.2,64,22,16,616.4347253,,,27.35878333,74.45563333,22.43491667,0.238333333,0.625,258.4666667,60.83333333,,2.24121667,4.206111111,10.45563333,555.601392
OTTAWA INTL A,2024-07-15 14:00,2024,7,15,14:00,30.2,22.2,62,23,17,569.5448988,,,28.06788333,72.11611667,22.58681667,0.425,0.811666667,207.4666667,44.6,,2.13211667,4.297222222,10.11611667,524.9448988
OTTAWA INTL A,2024-07-15 15:00,2024,7,15,15:00,29.8,22.2,63,21,13,409.9549143,,,28.34556667,70.50991667,22.48475,0.485,0.816666667,217.55,36.98333333,,1.45443333,3.126111111,7.50991667,372.971581
OTTAWA INTL A,2024-07-15 16:00,2024,7,15,16:00,28.5,23.8,75,15,16,265.468843,,,27.95491667,72.24991667,22.50968333,0.315,0.678333333,211.9166667,23.2,,0.54508333,4.129444444,2.75008333,242.268843
OTTAWA INTL A,2024-07-15 17:00,2024,7,15,17:00,23.4,19.9,80,30,43,46.74945852,,,25.68035,81.50273333,22.24143333,0.505,0.936666667,157.3,4.85,,2.28035,11.43944444,1.50273333,41.89945852
OTTAWA INTL A,2024-07-15 18:00,2024,7,15,18:00,21.1,21.1,100,31,9,15.04457768,,,20.59936667,96.30625,20.01621667,0.333333333,0.678333333,196.4166667,1.15,,0.50063333,2.166666667,3.69375,13.89457768
OTTAWA INTL A,2024-07-15 19:00,2024,7,15,19:00,21.1,21.1,100,13,9,34.72631038,,,20.75633333,97.88738333,20.43745,0.15,0.348333333,94.86666667,2.25,,0.34366667,2.35,2.11261667,32.47631038
OTTAWA INTL A,2024-07-15 20:00,2024,7,15,20:00,20.6,20.6,100,11,8,11.0345026,,,20.99515,97.73271667,20.65016667,0.185,0.46,123.5166667,1.35,,0.39515,2.037222222,2.26728333,9.6845026
OTTAWA INTL A,2024-07-15 21:00,2024,7,15,21:00,20.6,20.6,100,26,5,1.63228825,,,20.62726667,98.12783333,20.34823333,0.056666667,0.191666667,192.7833333,1,,0.02726667,1.332222222,1.87216667,0.63228825
OTTAWA INTL A,2024-07-15 22:00,2024,7,15,22:00,20.1,20.1,100,12,10,1.8044053,,,20.40215,98.59303333,20.19986667,0.04,0.196666667,166.1833333,1,,0.30215,2.737777778,1.40696667,0.8044053
OTTAWA INTL A,2024-07-15 23:00,2024,7,15,23:00,20.1,20.1,100,16,12,1.542262917,,,20.37425,98.85165,20.21448333,0.106666667,0.341666667,110.0833333,1,,0.27425,3.226666666,1.14835,0.542262917
OTTAWA INTL A,2024-07-16 0:00,2024,7,16,0:00,19.5,19.5,100,18,4,1.664915983,,,20.371,98.79735,20.20233333,0.081666667,0.29,194.9333333,1,,0.871,1.029444444,1.20265,0.664915983
OTTAWA INTL A,2024-07-16 1:00,2024,7,16,1:00,19.4,19.4,100,19,8,1.6770975,,,20.07073333,98.89725,19.91841667,0.015,0.108333333,117.6666667,1,,0.67073333,2.207222222,1.10275,0.6770975
OTTAWA INTL A,2024-07-16 2:00,2024,7,16,2:00,19.5,19.5,100,23,5,1.454012933,,,19.71648333,99.03263333,19.5861,0,0.071666667,115.1833333,1,,0.21648333,1.388888889,0.96736667,0.454012933
OTTAWA INTL A,2024-07-16 3:00,2024,7,16,3:00,19.8,19.8,100,22,8,1.370681633,,,19.74873333,99.31513333,19.6643,0.005,0.031666667,67.41666667,1,,0.05126667,2.217222222,0.68486667,0.370681633
OTTAWA INTL A,2024-07-16 4:00,2024,7,16,4:00,19.3,19.3,100,21,10,1.561713917,,,19.74753333,99.55395,19.70191667,0.01,0.116666667,157.4833333,1,,0.44753333,2.767777778,0.44605,0.561713917
OTTAWA INTL A,2024-07-16 5:00,2024,7,16,5:00,19.3,19.3,100,22,9,9.819263567,,,19.94808333,99.2037,19.84566667,0.015,0.121666667,195.4666667,1.033333333,,0.64808333,2.485,0.7963,8.785930234
OTTAWA INTL A,2024-07-16 6:00,2024,7,16,6:00,20.1,20.1,100,19,9,105.8228483,,,20.03351667,99.25005,19.93881667,0.035,0.16,215.2166667,11.46666667,,0.06648333,2.465,0.74995,94.35618163
OTTAWA INTL A,2024-07-16 7:00,2024,7,16,7:00,21.7,21.7,100,19,13,239.1132137,,,20.8914,96.70578333,20.37415,0.38,0.7,206.9166667,24.05,,0.8086,3.231111111,3.29421667,215.0632137
OTTAWA INTL A,2024-07-16 8:00,2024,7,16,8:00,22.4,22.4,100,18,11,308.0757287,,,21.63028333,95.47826667,20.90253333,0.105,0.368333333,193.8333333,30.1,,0.76971667,2.950555556,4.52173333,277.9757287
OTTAWA INTL A,2024-07-16 9:00,2024,7,16,9:00,24.1,23.9,98,19,10,363.9513703,,,22.63375,91.99111667,21.29233333,0.235,0.545,195.8666667,31.33333333,,1.46625,2.542777778,6.00888333,332.618037
OTTAWA INTL A,2024-07-16 10:00,2024,7,16,10:00,24,23.9,99,21,9,340.3511335,,,23.4469,90.28246667,21.78981667,0.218333333,0.56,227.9833333,36.93333333,,0.5531,2.281666667,8.71753333,303.4178002
OTTAWA INTL A,2024-07-16 11:00,2024,7,16,11:00,24.7,24,95,16,6,210.3782768,,,23.56231667,91.28531667,22.08693333,0.035,0.24,161.3333333,22.6,,1.13768333,1.631666667,3.71468333,187.7782768
OTTAWA INTL A,2024-07-16 12:00,2024,7,16,12:00,25.3,23.4,89,20,8,120.769223,,,23.83773333,91.04685,22.31658333,0.103333333,0.266666667,180.4833333,13.01666667,,1.46226667,2.118888889,2.04685,107.7525563
OTTAWA INTL A,2024-07-16 13:00,2024,7,16,13:00,24.7,23.9,95,19,4,98.92657005,,,23.8141,92.17008333,22.49395,0.091666667,0.288333333,195.7833333,9.85,,0.8859,1.019444444,2.82991667,89.07657005
OTTAWA INTL A,2024-07-16 14:00,2024,7,16,14:00,24.9,24.6,98,24,8,187.6943186,,,23.86271667,93.32785,22.7497,0.04,0.22,194.5666667,17.85,,1.03728333,2.182222222,4.67215,169.8443186
OTTAWA INTL A,2024-07-16 15:00,2024,7,16,15:00,24.6,23.9,96,21,6,133.2222686,,,23.39945,96.64526667,22.86438333,0,0.096666667,174.1166667,12.26666667,,1.20055,1.666666667,0.64526667,120.9556019
OTTAWA INTL A,2024-07-16 16:00,2024,7,16,16:00,25.1,22.9,87,27,9,102.415659,,,23.4469,98.13843333,23.16753333,0.09,0.27,125.1833333,9.333333333,,1.6531,2.41,11.13843333,93.08232567
OTTAWA INTL A,2024-07-16 17:00,2024,7,16,17:00,25.6,23.6,89,22,8,143.0455971,,,23.24181667,97.51986667,22.8576,0.065,0.233333333,111.3,9.916666667,,2.35818333,2.157222222,8.51986667,133.1289304
OTTAWA INTL A,2024-07-16 18:00,2024,7,16,18:00,25.7,22.7,83,26,10,259.1764833,,,23.40876667,97.73555,23.06106667,0.02,0.128333333,147.2,12.88333333,,2.29123333,2.757777778,14.73555,246.29315
OTTAWA INTL A,2024-07-16 19:00,2024,7,16,19:00,24.8,23.4,92,24,8,102.7067878,,,23.54458333,97.01373333,23.07373333,0,0.02,91.71666667,3.516666667,,1.25541667,2.222222222,5.01373333,99.19012113
OTTAWA INTL A,2024-07-16 20:00,2024,7,16,20:00,23.7,20.9,84,21,10,15.27459598,,,23.14276667,96.21766667,22.53685,0,0.025,110.25,1,,0.55723333,2.777777778,12.21766667,14.27459598
OTTAWA INTL A,2024-07-16 21:00,2024,7,16,21:00,23.1,21.5,90,21,10,1.671776267,,,22.7963,93.9219,21.7933,0.005,0.116666667,103.1,1,,0.3037,2.772777778,3.9219,0.671776267
OTTAWA INTL A,2024-07-16 22:00,2024,7,16,22:00,23.2,22.1,94,21,18,1.622356083,,,23.08916667,88.96735,21.18375,0.283333333,0.518333333,165.5833333,1,,0.11083333,4.716666667,5.03265,0.622356083
OTTAWA INTL A,2024-07-16 23:00,2024,7,16,23:00,22.7,22.7,100,20,17,1.941433683,,,23.57775,86.7415,21.26443333,0.62,1.003333333,205.4833333,1,,0.87775,4.102222222,13.2585,0.941433683
OTTAWA INTL A,2024-07-17 0:00,2024,7,17,0:00,21.9,21.9,100,21,13,1.786395617,,,23.08268333,89.4844,21.28596667,0.785,1.123333333,210.5833333,1,,1.18268333,2.826111111,10.5156,0.786395617
OTTAWA INTL A,2024-07-17 1:00,2024,7,17,1:00,21.5,21.5,100,22,18,1.755712267,,,22.46893333,91.68231667,21.07453333,0.505,0.84,213.4166667,1,,0.96893333,4.495,8.31768333,0.755712267
OTTAWA INTL A,2024-07-17 2:00,2024,7,17,2:00,21.2,21.2,100,22,14,1.719908733,,,21.97268333,93.29061667,20.86666667,0.226666667,0.58,213.3166667,1,,0.77268333,3.662222222,6.70938333,0.719908733
OTTAWA INTL A,2024-07-17 3:00,2024,7,17,3:00,20.4,20.4,100,25,6,1.62578315,,,21.45803333,94.66398333,20.59246667,0.02,0.136666667,112.8166667,1,,1.05803333,1.646666667,5.33601667,0.62578315
OTTAWA INTL A,2024-07-17 4:00,2024,7,17,4:00,19.9,19.9,100,24,5,1.8796989,,,21.06621667,95.12903333,20.28266667,0.01,0.095,94.85,1,,1.16621667,1.378888889,4.87096667,0.8796989
OTTAWA INTL A,2024-07-17 5:00,2024,7,17,5:00,20.1,20.1,100,21,7,9.0346193,,,20.59221667,95.92156667,19.94493333,0.025,0.078333333,113.55,1.05,,0.49221667,1.919444444,4.07843333,7.9846193
OTTAWA INTL A,2024-07-17 6:00,2024,7,17,6:00,20.8,20.8,100,21,8,55.9510166,,,20.72446667,96.0294,20.09446667,0.005,0.12,94.1,4.6,,0.07553333,2.217222222,3.9706,51.3510166
OTTAWA INTL A,2024-07-17 7:00,2024,7,17,7:00,21.4,21.4,100,23,13,140.6353188,,,21.34248333,93.1206,20.20908333,0.175,0.436666667,171.9666667,12.65,,0.05751667,3.436111111,6.8794,127.9853188
OTTAWA INTL A,2024-07-17 8:00,2024,7,17,8:00,22.8,20,84,26,18,304.7446275,,,21.79938333,86.85451667,19.5342,0.356666667,0.715,231.9666667,29.13333333,,1.00061667,4.643333333,2.85451667,275.6112942
OTTAWA INTL A,2024-07-17 9:00,2024,7,17,9:00,23.9,19.6,77,25,17,542.994283,,,22.07995,86.43573333,19.73191667,0.126666667,0.498333333,186.4666667,51.11666667,,1.82005,4.595555555,9.43573333,491.8776163
OTTAWA INTL A,2024-07-17 10:00,2024,7,17,10:00,23.9,18.9,73,27,18,452.7143555,,,22.44503333,85.9225,19.99588333,0.07,0.395,182.8666667,37.63333333,,1.45496667,4.93,12.9225,415.0810222
OTTAWA INTL A,2024-07-17 11:00,2024,7,17,11:00,24.2,19.7,75,28,16,362.1658037,,,22.2069,87.56928333,20.0701,0.015,0.243333333,118.4333333,28.65,,1.9931,4.429444444,12.56928333,333.5158037
OTTAWA INTL A,2024-07-17 12:00,2024,7,17,12:00,23.9,19.3,75,29,16,563.6036243,,,22.98871667,84.64263333,20.28348333,0.125,0.495,226.1333333,48.75,,0.91128333,4.319444444,9.64263333,514.8536243
OTTAWA INTL A,2024-07-17 13:00,2024,7,17,13:00,25.1,19.4,70,25,10,690.7145908,,,23.67186667,81.035,20.2481,0.101666667,0.405,200,53.73333333,,1.42813333,2.676111111,11.035,636.9812575
OTTAWA INTL A,2024-07-17 14:00,2024,7,17,14:00,26.7,18.5,60,25,11,788.058814,,,24.52541667,77.71605,20.3958,0.243333333,0.601666667,192.95,52.06666667,,2.17458333,2.812222223,17.71605,735.9921473
OTTAWA INTL A,2024-07-17 15:00,2024,7,17,15:00,27.1,16.3,51,25,14,743.5559885,,,25.0134,74.07873333,20.08798333,0.135,0.495,178.6833333,48.85,,2.0866,3.753888889,23.07873333,694.7059885
OTTAWA INTL A,2024-07-17 16:00,2024,7,17,16:00,26.2,18.8,63,24,4,577.479717,,,25.08383333,73.65835,20.0695,0.055,0.35,137.75,34.28333333,,1.11616667,1.056111111,10.65835,543.1963837
OTTAWA INTL A,2024-07-17 17:00,2024,7,17,17:00,18.9,17.5,91,30,16,108.7984927,,,24.46751667,73.23413333,19.38151667,0.198333333,0.381666667,164.5666667,10.63333333,,5.56751667,4.246111111,17.76586667,98.16515937
OTTAWA INTL A,2024-07-17 18:00,2024,7,17,18:00,21.6,18.4,81,13,6,113.1877523,,,21.536,80.19483333,17.98825,0.836666667,1.071666667,200.5166667,9.316666667,,0.064,0.83,0.80516667,103.8710856
OTTAWA INTL A,2024-07-17 19:00,2024,7,17,19:00,20.6,20.6,100,16,9,65.1519487,,,21.24501667,84.24631667,18.4981,0.276666667,0.605,187.9666667,4.25,,0.64501667,2.223333333,15.75368333,60.9019487
OTTAWA INTL A,2024-07-17 20:00,2024,7,17,20:00,20.2,20.2,100,17,7,17.20064563,,,21.14738333,87.20686667,18.95611667,0.02,0.15,132.3666667,1.266666667,,0.94738333,1.924444444,12.79313333,15.93397896
OTTAWA INTL A,2024-07-17 21:00,2024,7,17,21:00,20.1,19.3,95,19,9,1.571484,,,21.37141667,85.76235,18.90031667,0.208333333,0.403333333,158.85,1,,1.27141667,2.291666667,9.23765,0.571484
OTTAWA INTL A,2024-07-17 22:00,2024,7,17,22:00,20,17.9,88,28,14,2.0295319,,,21.26026667,86.90305,19.01018333,0.103333333,0.393333333,167.25,1,,1.26026667,3.785555556,1.09695,1.0295319
OTTAWA INTL A,2024-07-17 23:00,2024,7,17,23:00,17.9,15.7,86,27,11,2.159020717,,,20.22763333,82.87718333,17.24475,0.01,0.16,138.8,1,,2.32763333,3.045555556,3.12281667,1.159020717
OTTAWA INTL A,2024-07-18 0:00,2024,7,18,0:00,16.7,15.8,94,26,10,1.9355122,,,19.2714,83.613,16.44868333,0.015,0.173333333,137.9666667,1,,2.5714,2.762777778,10.387,0.9355122
OTTAWA INTL A,2024-07-18 1:00,2024,7,18,1:00,16.2,16.2,100,25,10,1.867467483,,,18.06846667,85.10828333,15.54678333,0.05,0.243333333,158.05,1,,1.86846667,2.727777778,14.89171667,0.867467483
OTTAWA INTL A,2024-07-18 2:00,2024,7,18,2:00,15.9,15.9,100,26,14,1.873723383,,,17.23203333,87.87348333,15.22241667,0.07,0.296666667,201.4166667,1,,1.33203333,3.818888889,12.12651667,0.873723383
OTTAWA INTL A,2024-07-18 3:00,2024,7,18,3:00,15.2,15.2,100,26,15,1.709959917,,,16.53135,90.40461667,14.97391667,0.125,0.398333333,169.6333333,1,,1.33135,4.041666667,9.59538333,0.709959917
OTTAWA INTL A,2024-07-18 4:00,2024,7,18,4:00,14.7,14.7,100,25,14,1.59889865,,,16.2604,90.81645,14.77631667,0.055,0.25,125.7833333,1,,1.5604,3.833888889,9.18355,0.59889865
OTTAWA INTL A,2024-07-18 5:00,2024,7,18,5:00,14.7,14.7,100,27,11,7.10417565,,,16.58788333,89.4893,14.87133333,0.035,0.298333333,128.55,1,,1.88788333,3.020555556,10.5107,6.10417565
OTTAWA INTL A,2024-07-18 6:00,2024,7,18,6:00,16.5,15.8,96,30,18,66.51905058,,,16.66908333,88.63553333,14.80278333,0.04,0.301666667,159.5833333,5.35,,0.16908333,4.96,7.36446667,61.16905058
OTTAWA INTL A,2024-07-18 7:00,2024,7,18,7:00,16.7,15.9,95,30,22,211.1898227,,,16.89066667,87.16723333,14.76078333,0.09,0.433333333,132.2166667,23.11666667,,0.19066667,6.021111111,7.83276667,188.073156
OTTAWA INTL A,2024-07-18 8:00,2024,7,18,8:00,18,13.1,72,30,27,231.8305547,,,17.59488333,86.16206667,15.2739,0.085,0.465,219.2666667,24.23333333,,0.40511667,7.415,14.16206667,207.5972214
OTTAWA INTL A,2024-07-18 9:00,2024,7,18,9:00,19,13.5,70,27,21,350.371333,,,17.77863333,81.59493333,14.59761667,0.16,0.53,190.3666667,33.01666667,,1.22136667,5.673333333,11.59493333,317.3546663
OTTAWA INTL A,2024-07-18 10:00,2024,7,18,10:00,19,13,68,27,22,443.6635235,,,18.27835,77.12923333,14.21953333,0.223333333,0.683333333,146.3666667,39.01666667,,0.72165,5.887777778,9.12923333,404.6468568
OTTAWA INTL A,2024-07-18 11:00,2024,7,18,11:00,18.6,13.1,70,28,18,327.4331538,,,18.01965,76.55358333,13.85338333,0.196666667,0.635,84.11666667,30.4,,0.58035,4.803333333,6.55358333,297.0331538
OTTAWA INTL A,2024-07-18 12:00,2024,7,18,12:00,19,13.6,70,26,23,419.8312083,,,18.14175,76.41798333,13.94228333,0.17,0.531666667,126.2,30.95,,0.85825,6.218888889,6.41798333,388.8812083
OTTAWA INTL A,2024-07-18 13:00,2024,7,18,13:00,18.9,12.5,66,28,24,445.9815923,,,18.54896667,76.80743333,14.41813333,0.235,0.625,237.7333333,39.11666667,,0.35103333,6.431666667,10.80743333,406.8649256
OTTAWA INTL A,2024-07-18 14:00,2024,7,18,14:00,18,13.3,74,26,22,319.0613675,,,18.50498333,76.97786667,14.40793333,0.125,0.5,186.45,30.61666667,,0.50498333,5.986111111,2.97786667,288.4447008
OTTAWA INTL A,2024-07-18 15:00,2024,7,18,15:00,18.3,13.1,71,27,18,178.4633445,,,18.19753333,79.77608333,14.6649,0.075,0.39,193.05,17.8,,0.10246667,4.925,8.77608333,160.6633445
OTTAWA INTL A,2024-07-18 16:00,2024,7,18,16:00,19.1,13.4,69,28,21,223.247766,,,18.32655,80.27585,14.88803333,0.045,0.31,143.0666667,20.48333333,,0.77345,5.788333333,11.27585,202.7644327
OTTAWA INTL A,2024-07-18 17:00,2024,7,18,17:00,19,13.8,71,28,18,167.960217,,,18.4171,80.49276667,15.01876667,0.02,0.295,132.9333333,15.1,,0.5829,4.98,9.49276667,152.860217
OTTAWA INTL A,2024-07-18 18:00,2024,7,18,18:00,19.5,14.2,71,26,9,213.8858328,,,18.63093333,79.86431667,15.10476667,0.005,0.156666667,105.2833333,10.48333333,,0.86906667,2.495,8.86431667,203.4024995
OTTAWA INTL A,2024-07-18 19:00,2024,7,18,19:00,18.4,14.4,78,26,10,118.1630141,,,18.49026667,80.3374,15.05928333,0,0.116666667,117.6,2.616666667,,0.09026667,2.777777778,2.3374,115.5463474
OTTAWA INTL A,2024-07-18 20:00,2024,7,18,20:00,16.8,14.2,84,26,9,16.22766935,,,17.75475,82.6462,14.78208333,0,0.116666667,133.2666667,1,,0.95475,2.5,1.3538,15.22766935
OTTAWA INTL A,2024-07-18 21:00,2024,7,18,21:00,16.3,14.1,86,25,9,1.782484817,,,17.09628333,84.88148333,14.55145,0,0.015,117.0666667,1,,0.79628333,2.5,1.11851667,0.782484817
OTTAWA INTL A,2024-07-18 22:00,2024,7,18,22:00,15.5,14.1,92,25,9,1.724968367,,,16.7412,86.38196667,14.47335,0.055,0.305,180.2166667,1,,1.2412,2.445,5.61803333,0.724968367
OTTAWA INTL A,2024-07-18 23:00,2024,7,18,23:00,14.8,14.4,98,25,9,1.8603102,,,16.32731667,89.2658,14.57468333,0,0.07,137.9166667,1,,1.52731667,2.5,8.7342,0.8603102
OTTAWA INTL A,2024-07-19 0:00,2024,7,19,0:00,14.2,14.2,100,23,6,1.613875833,,,15.82151667,90.99398333,14.37228333,0.06,0.135,176.95,1,,1.62151667,1.606666667,9.00601667,0.613875833
OTTAWA INTL A,2024-07-19 1:00,2024,7,19,1:00,13.1,13.1,100,23,9,1.677589817,,,15.52195,91.47271667,14.15641667,0.005,0.12,154.3833333,1,,2.42195,2.495,8.52728333,0.677589817
OTTAWA INTL A,2024-07-19 2:00,2024,7,19,2:00,13.1,13.1,100,25,9,1.585476883,,,15.20631667,92.4996,14.01613333,0.045,0.166666667,156.5666667,1,,2.10631667,2.455,7.5004,0.585476883
OTTAWA INTL A,2024-07-19 3:00,2024,7,19,3:00,12.8,12.8,100,24,9,1.601201733,,,14.88738333,95.03516667,14.11676667,0.04,0.261666667,165.4166667,1,,2.08738333,2.46,4.96483333,0.601201733
OTTAWA INTL A,2024-07-19 4:00,2024,7,19,4:00,12.3,12.3,100,24,9,1.778706733,,,14.6096,96.10093333,14.01275,0.1,0.321666667,188.25,1,,2.3096,2.4,3.89906667,0.778706733
OTTAWA INTL A,2024-07-19 5:00,2024,7,19,5:00,13.1,13.1,100,28,9,7.069348367,,,14.33448333,96.20575,13.75518333,0.02,0.201666667,179.3333333,1.583333333,,1.23448333,2.48,3.79425,5.486015034
OTTAWA INTL A,2024-07-19 6:00,2024,7,19,6:00,15.5,14.9,96,27,11,94.52038478,,,14.59613333,95.82941667,13.9552,0.17,0.395,214.2833333,18.96666667,,0.90386667,2.885555556,0.17058333,75.55371811
OTTAWA INTL A,2024-07-19 7:00,2024,7,19,7:00,17.3,14.1,81,28,16,274.4928638,,,15.92836667,91.93143333,14.63426667,0.17,0.446666667,253.1166667,32.25,,1.37163333,4.274444444,10.93143333,242.2428638
OTTAWA INTL A,2024-07-19 8:00,2024,7,19,8:00,19.5,15,75,28,9,443.9439172,,,17.38356667,86.25238333,15.07723333,0.176666667,0.45,266.5,47.51666667,,2.11643333,2.323333333,11.25238333,396.4272505
OTTAWA INTL A,2024-07-19 9:00,2024,7,19,9:00,20.8,14.3,66,29,13,604.7484752,,,18.88033333,80.51801667,15.46931667,0.175,0.533333333,248.65,58.9,,1.91966667,3.436111111,14.51801667,545.8484752
OTTAWA INTL A,2024-07-19 10:00,2024,7,19,10:00,22.4,13.7,57,26,12,745.4711915,,,20.41708333,72.76646667,15.379,0.158333333,0.473333333,235.0166667,80.36666667,,1.98291667,3.175,15.76646667,665.1045248
OTTAWA INTL A,2024-07-19 11:00,2024,7,19,11:00,23.8,10.5,43,25,15,853.9407578,,,21.70786667,64.2279,14.61708333,0.251666667,0.595,226.4333333,68.63333333,,2.09213333,3.915,21.2279,785.3074245
OTTAWA INTL A,2024-07-19 12:00,2024,7,19,12:00,24.5,12,45,27,8,853.2983055,,,22.50173333,58.1903,13.87573333,0.201666667,0.596666667,217.3,68.46666667,,1.99826667,2.020555555,13.1903,784.8316388
OTTAWA INTL A,2024-07-19 13:00,2024,7,19,13:00,24.1,12.1,47,23,16,906.5354253,,,23.06303333,56.59111667,13.96953333,0.223333333,0.663333333,248.5166667,65.1,,1.03696667,4.221111111,9.59111667,841.4354253
OTTAWA INTL A,2024-07-19 14:00,2024,7,19,14:00,24.3,12.3,47,23,15,840.0578882,,,23.39368333,56.84111667,14.3469,0.23,0.653333333,205.65,56.21666667,,0.90631667,3.936666667,9.84111667,783.8412215
OTTAWA INTL A,2024-07-19 15:00,2024,7,19,15:00,24.7,11.8,44,23,15,805.3712948,,,23.82476667,53.31588333,13.74678333,0.235,0.648333333,200.4166667,48.11666667,,0.87523333,3.931666667,9.31588333,757.2546281
OTTAWA INTL A,2024-07-19 16:00,2024,7,19,16:00,24.7,13.2,48,23,16,589.6273223,,,23.50451667,57.07753333,14.4994,0.188333333,0.545,192.8333333,31,,1.19548333,4.256111111,9.07753333,558.6273223
OTTAWA INTL A,2024-07-19 17:00,2024,7,19,17:00,24.6,12.7,47,22,18,370.4006815,,,23.12091667,58.59868333,14.56435,0.1,0.416666667,152.75,22.03333333,,1.47908333,4.9,11.59868333,348.3673482
OTTAWA INTL A,2024-07-19 18:00,2024,7,19,18:00,23.6,12.2,48,22,15,273.6076905,,,23.16951667,57.41523333,14.28903333,0.08,0.348333333,180.05,11.16666667,,0.43048333,4.086666667,9.41523333,262.4410238
OTTAWA INTL A,2024-07-19 19:00,2024,7,19,19:00,22.3,13.2,56,20,12,105.1928876,,,22.96761667,56.9204,13.94755,0.225,0.471666667,162.0166667,4.25,,0.66761667,3.108333333,0.9204,100.9428876
OTTAWA INTL A,2024-07-19 20:00,2024,7,19,20:00,20.5,14.3,67,19,11,16.02953143,,,23.23246667,53.35408333,13.23973333,0.611666667,0.88,206.7166667,1.05,,2.73246667,2.443888889,13.64591667,14.97953143
OTTAWA INTL A,2024-07-19 21:00,2024,7,19,21:00,19.4,14.8,74,20,15,2.2122855,,,22.17756667,60.64581667,14.20215,0.713333333,0.988333333,199.95,1,,2.77756667,3.453333334,13.35418333,1.2122855
OTTAWA INTL A,2024-07-19 22:00,2024,7,19,22:00,18.4,14.7,79,20,13,1.89331575,,,21.01368333,68.0006,14.90023333,0.78,1.038333333,202.6333333,1,,2.61368333,2.831111111,10.9994,0.89331575
OTTAWA INTL A,2024-07-19 23:00,2024,7,19,23:00,18,14.4,79,22,14,2.02864925,,,20.05453333,71.19301667,14.69368333,0.685,0.966666667,205.6,1,,2.05453333,3.203888889,7.80698333,1.02864925
OTTAWA INTL A,2024-07-20 0:00,2024,7,20,0:00,16.8,14.4,86,22,11,1.67407755,,,18.99328333,76.79786667,14.8421,0.133333333,0.37,129.6,1,,2.19328333,2.922222223,9.20213333,0.67407755
OTTAWA INTL A,2024-07-20 1:00,2024,7,20,1:00,16.3,14.3,88,23,12,1.75301225,,,17.81945,80.92471667,14.51888333,0.11,0.34,157.4,1,,1.51945,3.223333333,7.07528333,0.75301225
OTTAWA INTL A,2024-07-20 2:00,2024,7,20,2:00,15.8,14.4,92,22,10,2.028910917,,,16.91923333,84.7742,14.35698333,0.015,0.091666667,121.3166667,1,,1.11923333,2.762777778,7.2258,1.028910917
OTTAWA INTL A,2024-07-20 3:00,2024,7,20,3:00,14.7,14.3,98,17,10,1.627611033,,,16.32618333,86.95096667,14.16735,0.005,0.11,139.8,1,,1.62618333,2.772777778,11.04903333,0.627611033
OTTAWA INTL A,2024-07-20 4:00,2024,7,20,4:00,14.1,14.1,100,28,8,1.63881845,,,16.19756667,86.2546,13.91456667,0.245,0.526666667,206.25,1,,2.09756667,1.977222222,13.7454,0.63881845
OTTAWA INTL A,2024-07-20 5:00,2024,7,20,5:00,13.6,13.6,100,20,8,6.7110754,,,16.67163333,83.68883333,13.91511667,0.18,0.486666667,156.0166667,1.333333333,,3.07163333,2.042222222,16.31116667,5.377742067
OTTAWA INTL A,2024-07-20 6:00,2024,7,20,6:00,15.3,15,98,20,8,90.06414813,,,16.32663333,87.00571667,14.17648333,0.015,0.121666667,93.81666667,16.63333333,,1.02663333,2.207222222,10.99428333,73.4308148
OTTAWA INTL A,2024-07-20 7:00,2024,7,20,7:00,18.2,14.8,80,22,12,264.3309868,,,17.38866667,83.03813333,14.49641667,0.1,0.348333333,165.3666667,31.13333333,,0.81133333,3.233333333,3.03813333,233.1976535
OTTAWA INTL A,2024-07-20 8:00,2024,7,20,8:00,20.4,15,71,22,15,364.0816997,,,18.76343333,77.6948,14.80318333,0.358333333,0.731666667,222.5333333,36.3,,1.63656667,3.808333334,6.6948,327.7816997
OTTAWA INTL A,2024-07-20 9:00,2024,7,20,9:00,22.5,14.8,61,23,17,598.4564557,,,20.25123333,73.52195,15.38436667,0.291666667,0.681666667,243.2,56.03333333,,2.24876667,4.430555555,12.52195,542.4231224
OTTAWA INTL A,2024-07-20 10:00,2024,7,20,10:00,24.1,15.7,59,25,17,738.3995472,,,21.9084,68.48525,15.85496667,0.321666667,0.721666667,238.55,69.1,,2.1916,4.400555555,9.48525,669.2995472
OTTAWA INTL A,2024-07-20 11:00,2024,7,20,11:00,25.6,15.7,54,23,18,845.7435033,,,23.55518333,61.82435,15.80713333,0.486666667,0.918333333,232.2833333,67.4,,2.04481667,4.513333333,7.82435,778.3435033
OTTAWA INTL A,2024-07-20 12:00,2024,7,20,12:00,26.1,15.2,50,21,17,932.0732522,,,24.85468333,56.80153333,15.70866667,0.605,0.966666667,221.6166667,67.56666667,,1.24531667,4.117222222,6.80153333,864.5065855
OTTAWA INTL A,2024-07-20 13:00,2024,7,20,13:00,26.4,15.2,49,23,13,809.5316713,,,24.96688333,58.98836667,16.40448333,0.273333333,0.71,225.8166667,56.43333333,,1.43311667,3.337777778,9.98836667,753.098338
OTTAWA INTL A,2024-07-20 14:00,2024,7,20,14:00,26.5,15.8,51,23,15,566.3906773,,,24.98006667,60.63006667,16.82813333,0.221666667,0.526666667,184.3,39.73333333,,1.51993333,3.945,9.63006667,526.657344
OTTAWA INTL A,2024-07-20 15:00,2024,7,20,15:00,27.8,15,45,25,24,494.0164415,,,24.36701667,65.64683333,17.53818333,0.02,0.291666667,100.8833333,31.91666667,,3.43298333,6.646666667,20.64683333,462.0997748
OTTAWA INTL A,2024-07-20 16:00,2024,7,20,16:00,26.1,14.2,47,26,18,302.697422,,,24.28691667,66.10853333,17.57056667,0.035,0.353333333,143.7833333,24.45,,1.81308333,4.965,19.10853333,278.247422
OTTAWA INTL A,2024-07-20 17:00,2024,7,20,17:00,23.6,16.6,65,33,27,78.7363055,,,23.2871,68.02735,17.04061667,0.126666667,0.503333333,112.6333333,7.683333333,,0.3129,7.373333333,3.02735,71.05297217
OTTAWA INTL A,2024-07-20 18:00,2024,7,20,18:00,22.7,17.1,70,35,17,78.4634948,,,21.8176,77.4958,17.72875,0.005,0.155,95.45,6.45,,0.8824,4.717222222,7.4958,72.0134948
OTTAWA INTL A,2024-07-20 19:00,2024,7,20,19:00,21.2,17.5,79,29,26,16.2860261,,,21.37835,79.43313333,17.69431667,0.083333333,0.323333333,111.5833333,1.566666667,,0.17835,7.138888889,0.43313333,14.71935943
OTTAWA INTL A,2024-07-20 20:00,2024,7,20,20:00,18.9,18.9,100,30,8,3.63188835,,,19.28645,93.19885,18.16341667,0.05,0.261666667,84.85,1,,0.38645,2.172222222,6.80115,2.63188835
OTTAWA INTL A,2024-07-20 21:00,2024,7,20,21:00,18.5,18.5,100,23,8,1.501833833,,,18.7159,97.54403333,18.34306667,0,0.07,116.1833333,1,,0.2159,2.222222222,2.45596667,0.501833833
OTTAWA INTL A,2024-07-20 22:00,2024,7,20,22:00,18.7,18.7,100,30,8,1.708767717,,,18.65765,98.10438333,18.3764,0,0.015,123.3666667,1,,0.04235,2.222222222,1.89561667,0.708767717
OTTAWA INTL A,2024-07-20 23:00,2024,7,20,23:00,18.4,18.4,100,31,11,1.751495967,,,18.2755,98.2935,18.02525,0.005,0.058333333,128.3833333,1,,0.1245,3.050555556,1.7065,0.751495967
OTTAWA INTL A,2024-07-21 0:00,2024,7,21,0:00,18.7,18.7,100,29,7,1.657301767,,,17.78801667,98.5594,17.58081667,0.005,0.08,96.35,1,,0.91198333,1.939444444,1.4406,0.657301767
OTTAWA INTL A,2024-07-21 1:00,2024,7,21,1:00,18.1,18.1,100,36,10,1.7928408,,,17.60203333,98.83391667,17.43906667,0.01,0.15,108.1666667,1,,0.49796667,2.767777778,1.16608333,0.7928408
OTTAWA INTL A,2024-07-21 2:00,2024,7,21,2:00,16.4,16.4,100,3,11,1.850297017,,,17.18238333,98.55003333,16.97385,0.04,0.113333333,77.31666667,1,,0.78238333,3.015555556,1.44996667,0.850297017
OTTAWA INTL A,2024-07-21 3:00,2024,7,21,3:00,16,16,100,4,9,2.08604935,,,16.34408333,97.85465,16.0247,0.085,0.335,55.46666667,1,,0.34408333,2.415,2.14535,1.08604935
OTTAWA INTL A,2024-07-21 4:00,2024,7,21,4:00,15.6,15.6,100,2,13,1.916543,,,14.87815,96.56645,14.35501667,0.05,0.338333333,59.05,1,,0.72185,3.561111111,3.43355,0.916543
OTTAWA INTL A,2024-07-21 5:00,2024,7,21,5:00,15,14.1,94,3,12,7.3659446,,,14.14026667,96.00495,13.52923333,0.125,0.408333333,67.76666667,1.283333333,,0.85973333,3.208333333,2.00495,6.082611267
OTTAWA INTL A,2024-07-21 6:00,2024,7,21,6:00,15.1,13.6,91,2,13,81.32707475,,,14.08963333,94.8382,13.291,0.04,0.181666667,50.26666667,12.18333333,,1.01036667,3.571111111,3.8382,69.14374142
OTTAWA INTL A,2024-07-21 7:00,2024,7,21,7:00,16.6,12.8,78,5,12,223.0438837,,,14.84313333,92.39353333,13.6368,0.045,0.231666667,130.0166667,20.68333333,,1.75686667,3.288333333,14.39353333,202.3605504
OTTAWA INTL A,2024-07-21 8:00,2024,7,21,8:00,18.3,13.3,72,6,9,421.8931847,,,15.97585,90.54293333,14.4452,0.06,0.285,161.4333333,43.48333333,,2.32415,2.44,18.54293333,378.4098514
OTTAWA INTL A,2024-07-21 9:00,2024,7,21,9:00,19.7,11.6,59,8,13,628.6601567,,,17.63175,78.24371667,13.75858333,0.155,0.45,112.2666667,60.65,,2.06825,3.456111111,19.24371667,568.0101567
OTTAWA INTL A,2024-07-21 10:00,2024,7,21,10:00,20.8,11.2,54,2,11,762.5280082,,,19.21281667,60.19296667,11.29356667,0.218333333,0.566666667,96.23333333,70.63333333,,1.58718333,2.837222223,6.19296667,691.8946749
OTTAWA INTL A,2024-07-21 11:00,2024,7,21,11:00,22.1,9.9,45,1,10,831.679583,,,19.63566667,61.38821667,11.9973,0.205,0.543333333,127.9,60.8,,2.46433333,2.572777778,16.38821667,770.879583
OTTAWA INTL A,2024-07-21 12:00,2024,7,21,12:00,23.2,12.4,50,32,7,935.4647473,,,20.49466667,59.18155,12.25805,0.306666667,0.636666667,180,65.48333333,,2.70533333,1.637777777,9.18155,869.981414
OTTAWA INTL A,2024-07-21 13:00,2024,7,21,13:00,23.4,12.1,49,30,21,918.3666548,,,21.492,58.583,13.04021667,0.301666667,0.648333333,158.4,68.65,,1.908,5.531666666,9.583,849.7166548
OTTAWA INTL A,2024-07-21 14:00,2024,7,21,14:00,23.7,12.8,50,31,18,865.9552378,,,22.00813333,60.8374,14.0999,0.17,0.531666667,180.3,54.85,,1.69186667,4.83,10.8374,811.1052378
OTTAWA INTL A,2024-07-21 15:00,2024,7,21,15:00,24.1,12.1,47,30,12,813.6582882,,,21.8498,64.4936,14.86325,0.128333333,0.488333333,131.8666667,42.31666667,,2.2502,3.205,17.4936,771.3416215
OTTAWA INTL A,2024-07-21 16:00,2024,7,21,16:00,24,10.8,43,30,16,529.8554862,,,21.54551667,63.34601667,14.30296667,0.05,0.25,113.5166667,19.98333333,,2.45448333,4.394444444,20.34601667,509.8721529
OTTAWA INTL A,2024-07-21 17:00,2024,7,21,17:00,23.8,10.7,43,29,16,471.5547518,,,21.87876667,63.3998,14.6278,0.055,0.27,140.9666667,20.56666667,,1.92123333,4.389444444,20.3998,450.9880851
OTTAWA INTL A,2024-07-21 18:00,2024,7,21,18:00,23.1,10.6,45,29,17,316.7549662,,,21.67573333,61.01646667,13.84765,0.03,0.236666667,119.5833333,11.28333333,,1.42426667,4.692222222,16.01646667,305.4716329
OTTAWA INTL A,2024-07-21 19:00,2024,7,21,19:00,21.3,11.9,55,31,14,115.3341157,,,21.24208333,60.31933333,13.26611667,0.01,0.153333333,134.1,3.45,,0.05791667,3.878888889,5.31933333,111.8841157
OTTAWA INTL A,2024-07-21 20:00,2024,7,21,20:00,19.7,11.7,59,30,10,16.26944858,,,20.3245,61.89413333,12.79408333,0.005,0.041666667,124.9,1.016666667,,0.6245,2.772777778,2.89413333,15.25278191
OTTAWA INTL A,2024-07-21 21:00,2024,7,21,21:00,19.3,11.9,62,32,10,2.327983067,,,19.09973333,68.45391667,13.1714,0.07,0.273333333,158.3666667,1,,0.20026667,2.707777778,6.45391667,1.327983067
OTTAWA INTL A,2024-07-21 22:00,2024,7,21,22:00,16,12.4,79,23,3,1.915882617,,,18.15716667,73.58728333,13.37148333,0.045,0.223333333,135.5333333,1,,2.15716667,0.788333333,5.41271667,0.915882617
OTTAWA INTL A,2024-07-21 23:00,2024,7,21,23:00,15.1,12.9,87,21,4,1.874855433,,,17.13481667,81.2883,13.91221667,0.025,0.093333333,135.2,1,,2.03481667,1.086111111,5.7117,0.874855433
OTTAWA INTL A,2024-07-22 0:00,2024,7,22,0:00,13.7,13.7,100,23,5,1.870551817,,,16.27366667,87.98153333,14.29343333,0.085,0.218333333,160.0833333,1,,2.57366667,1.303888889,12.01846667,0.870551817
OTTAWA INTL A,2024-07-22 1:00,2024,7,22,1:00,15.6,13.7,89,36,3,1.9054601,,,15.434,90.8257,13.95898333,0.005,0.09,142.3166667,1,,0.166,0.828333333,1.8257,0.9054601
OTTAWA INTL A,2024-07-22 2:00,2024,7,22,2:00,13.4,13.4,100,32,5,1.780985117,,,15.06015,92.93873333,13.94411667,0,0.03,141.4,1,,1.66015,1.388888889,7.06126667,0.780985117
OTTAWA INTL A,2024-07-22 3:00,2024,7,22,3:00,12.9,12.9,100,36,1,1.822548133,,,14.67581667,93.42161667,13.6424,0,0.075,72.86666667,1,,1.77581667,0.277777778,6.57838333,0.822548133
OTTAWA INTL A,2024-07-22 4:00,2024,7,22,4:00,12.3,12.3,100,0,1,1.746748067,,,13.80963333,95.24438333,13.07773333,0.005,0.06,150.2,1,,1.50963333,0.272777778,4.75561667,0.746748067
OTTAWA INTL A,2024-07-22 5:00,2024,7,22,5:00,11.9,11.9,100,33,4,5.986755917,,,13.53158333,95.96898333,12.91693333,0.03,0.106666667,134.3666667,1.033333333,,1.63158333,1.081111111,4.03101667,4.953422584
OTTAWA INTL A,2024-07-22 6:00,2024,7,22,6:00,14,14,100,27,3,78.75657258,,,13.45358333,96.11813333,12.86306667,0.02,0.16,154.5166667,10.81666667,,0.54641667,0.813333333,3.88186667,67.93990591
OTTAWA INTL A,2024-07-22 7:00,2024,7,22,7:00,17.2,15.4,89,36,3,243.4631447,,,14.53325,93.3238,13.48203333,0.075,0.323333333,216.0833333,27.76666667,,2.66675,0.758333333,4.3238,215.696478
OTTAWA INTL A,2024-07-22 8:00,2024,7,22,8:00,19.4,15.4,78,31,0,424.1288375,,,15.96878333,89.15991667,14.20035,0.135,0.37,265.9166667,46.95,,3.43121667,0.135,11.15991667,377.1788375
OTTAWA INTL A,2024-07-22 9:00,2024,7,22,9:00,21.8,14.1,61,26,8,597.8141572,,,17.76893333,83.85568333,15.01483333,0.12,0.416666667,253.6833333,57.9,,4.03106667,2.102222222,22.85568333,539.9141572
OTTAWA INTL A,2024-07-22 10:00,2024,7,22,10:00,23.4,11.1,45,28,8,750.9659245,,,19.89445,76.77605,15.71493333,0.16,0.445,276.8,69.26666667,,3.50555,2.062222222,31.77605,681.6992578
OTTAWA INTL A,2024-07-22 11:00,2024,7,22,11:00,24.6,13,48,25,9,822.5608433,,,21.81793333,65.09048333,14.97225,0.155,0.523333333,188.5,67.25,,2.78206667,2.345,17.09048333,755.3108433
OTTAWA INTL A,2024-07-22 12:00,2024,7,22,12:00,25.6,13,45,27,9,926.7011408,,,22.7759,58.71763333,14.28631667,0.168333333,0.531666667,207.6166667,65.95,,2.8241,2.331666667,13.71763333,860.7511408
OTTAWA INTL A,2024-07-22 13:00,2024,7,22,13:00,25.9,12,41,28,13,928.1617645,,,23.53095,55.722,14.17631667,0.151666667,0.485,191.0833333,67.41666667,,2.36905,3.459444444,14.722,860.7450978
OTTAWA INTL A,2024-07-22 14:00,2024,7,22,14:00,26.1,12.6,43,32,10,871.9038372,,,24.14003333,51.5046,13.50061667,0.115,0.465,188.45,55.71666667,,1.95996667,2.662777778,8.5046,816.1871705
OTTAWA INTL A,2024-07-22 15:00,2024,7,22,15:00,26.2,12.8,43,23,5,782.963796,,,24.23516667,50.3215,13.25446667,0.035,0.338333333,115.8333333,48.45,,1.96483333,1.353888889,7.3215,734.513796
OTTAWA INTL A,2024-07-22 16:00,2024,7,22,16:00,26.7,12.1,40,27,8,640.980897,,,24.30771667,50.1685,13.27276667,0.015,0.238333333,112.3166667,32.06666667,,2.39228333,2.207222222,10.1685,608.9142303
OTTAWA INTL A,2024-07-22 17:00,2024,7,22,17:00,26.5,12.5,41,31,0,455.967545,,,24.0418,49.77608333,12.91445,0.01,0.106666667,78.31666667,19.28333333,,2.4582,0.01,8.77608333,436.6842117
OTTAWA INTL A,2024-07-22 18:00,2024,7,22,18:00,25.6,13.3,46,35,7,324.4250105,,,24.10828333,48.04465,12.43783333,0,0.04,76.4,12.58333333,,1.49171667,1.944444444,2.04465,311.8416772
OTTAWA INTL A,2024-07-22 19:00,2024,7,22,19:00,24.3,11,43,5,7,106.6004813,,,23.2843,53.97596667,13.45573333,0,0.02,90.56666667,4.65,,1.0157,1.944444444,10.97596667,101.9504813
OTTAWA INTL A,2024-07-22 20:00,2024,7,22,20:00,22.2,12.4,53,5,10,18.01207555,,,22.00101667,61.58861667,14.29756667,0,0.045,113.7666667,1.316666667,,0.19898333,2.777777778,8.58861667,16.69540888
OTTAWA INTL A,2024-07-22 21:00,2024,7,22,21:00,20.3,13.7,66,6,11,2.135980633,,,21.18663333,67.16233333,14.8601,0,0.045,116.0666667,1,,0.88663333,3.055555556,1.16233333,1.135980633
OTTAWA INTL A,2024-07-22 22:00,2024,7,22,22:00,20.1,14.3,69,5,12,2.08911925,,,20.09185,76.95968333,15.94005,0,0.005,103.2,1,,0.00815,3.333333333,7.95968333,1.08911925
OTTAWA INTL A,2024-07-22 23:00,2024,7,22,23:00,19.4,14.1,71,5,10,1.778679667,,,19.16813333,81.20706667,15.8891,0,0.015,96.85,1,,0.23186667,2.777777778,10.20706667,0.778679667
OTTAWA INTL A,2024-07-23 0:00,2024,7,23,0:00,18.5,14.3,76,4,12,1.832804417,,,18.32406667,82.17028333,15.24923333,0,0,98.18333333,1,,0.17593333,3.333333333,6.17028333,0.832804417
OTTAWA INTL A,2024-07-23 1:00,2024,7,23,1:00,18.1,14.7,80,5,8,1.857500083,,,18.06348333,83.21596667,15.19101667,0,0.01,88.91666667,1,,0.03651667,2.222222222,3.21596667,0.857500083
OTTAWA INTL A,2024-07-23 2:00,2024,7,23,2:00,17.9,15.3,84,4,10,1.599864167,,,17.6103,85.52085,15.17136667,0.005,0.061666667,106.3666667,1,,0.2897,2.772777778,1.52085,0.599864167
OTTAWA INTL A,2024-07-23 3:00,2024,7,23,3:00,18.3,15.4,83,3,11,1.4140577,,,17.96553333,83.38266667,15.12598333,0.081666667,0.283333333,120.7333333,1,,0.33446667,2.973888889,0.38266667,0.4140577
OTTAWA INTL A,2024-07-23 4:00,2024,7,23,4:00,17.3,14.8,85,5,13,1.774648233,,,18.02536667,82.6099,15.03986667,0.263333333,0.551666667,64.41666667,1,,0.72536667,3.347777778,2.3901,0.774648233
OTTAWA INTL A,2024-07-23 5:00,2024,7,23,5:00,18,14,77,7,16,5.041066833,,,18.37275,78.70061667,14.62601667,0.251666667,0.618333333,84.31666667,1,,0.37275,4.192777777,1.70061667,4.041066833
OTTAWA INTL A,2024-07-23 6:00,2024,7,23,6:00,18.1,13.8,76,6,17,40.33241722,,,18.18036667,81.49351667,14.98035,0.236666667,0.546666667,70.43333333,2.3,,0.08036667,4.485555555,5.49351667,38.03241722
OTTAWA INTL A,2024-07-23 7:00,2024,7,23,7:00,18.2,14.5,78,7,16,90.59719705,,,18.61216667,76.77146667,14.46563333,0.216666667,0.596666667,75.46666667,9.85,,0.41216667,4.227777777,1.22853333,80.74719705
OTTAWA INTL A,2024-07-23 8:00,2024,7,23,8:00,18.8,14.9,78,7,16,203.4021924,,,19.0566,72.91378333,14.10595,0.253333333,0.645,82.3,17.11666667,,0.2566,4.191111111,5.08621667,186.2855257
OTTAWA INTL A,2024-07-23 9:00,2024,7,23,9:00,20.8,15.9,73,6,12,582.9173198,,,20.56366667,70.28638333,14.98196667,0.475,0.85,94.73333333,60.41666667,,0.23633333,2.858333333,2.71361667,522.5006531
OTTAWA INTL A,2024-07-23 10:00,2024,7,23,10:00,22.6,17.6,73,5,11,710.9768293,,,22.17436667,67.29148333,15.84443333,0.56,0.963333333,90.3,67.03333333,,0.42563333,2.495555556,5.70851667,643.943496
OTTAWA INTL A,2024-07-23 11:00,2024,7,23,11:00,24,17.3,66,6,7,823.9848762,,,22.91006667,68.16911667,16.74758333,0.298333333,0.616666667,92.41666667,66.55,,1.08993333,1.646111111,2.16911667,757.4348762
OTTAWA INTL A,2024-07-23 12:00,2024,7,23,12:00,25.4,16.4,57,6,12,886.0334567,,,23.57981667,67.26151667,17.17303333,0.345,0.731666667,64.93333333,64.88333333,,1.82018333,2.988333333,10.26151667,821.1501234
OTTAWA INTL A,2024-07-23 13:00,2024,7,23,13:00,26.4,16.5,54,11,10,865.3692702,,,24.34133333,64.86763333,17.32126667,0.253333333,0.631666667,113.4,62.9,,2.05866667,2.524444445,10.86763333,802.4692702
OTTAWA INTL A,2024-07-23 14:00,2024,7,23,14:00,26.5,15.1,49,8,13,852.790669,,,25.33646667,56.9166,16.17628333,0.293333333,0.673333333,95.7,54.41666667,,1.16353333,3.317777778,7.9166,798.3740023
OTTAWA INTL A,2024-07-23 15:00,2024,7,23,15:00,26.5,15.4,50,11,13,529.0085613,,,24.87213333,59.70548333,16.45596667,0.221666667,0.565,104.9,37.66666667,,1.62786667,3.389444444,9.70548333,491.3418946
OTTAWA INTL A,2024-07-23 16:00,2024,7,23,16:00,26.4,16,52,8,12,313.8890617,,,25.34355,56.50698333,16.08056667,0.195,0.513333333,107.7833333,26.2,,1.05645,3.138333333,4.50698333,287.6890617
OTTAWA INTL A,2024-07-23 17:00,2024,7,23,17:00,26.1,16.3,54,11,13,456.3305692,,,25.5739,53.8715,15.54408333,0.23,0.535,113.1666667,18.75,,0.5261,3.381111111,0.1285,437.5805692
OTTAWA INTL A,2024-07-23 18:00,2024,7,23,18:00,25,16.9,60,12,10,276.139674,,,25.68931667,52.89576667,15.37903333,0.288333333,0.656666667,120.45,8.55,,0.68931667,2.489444445,7.10423333,267.589674
OTTAWA INTL A,2024-07-23 19:00,2024,7,23,19:00,21.4,16.8,74,14,10,73.32159422,,,25.08235,55.21871667,15.47901667,0.176666667,0.481666667,122.35,2.616666667,,3.68235,2.601111111,18.78128333,70.70492755
OTTAWA INTL A,2024-07-23 20:00,2024,7,23,20:00,20.6,15.9,74,13,10,11.06633612,,,23.78756667,60.83656667,15.79186667,0.02,0.251666667,124.5833333,1,,3.18756667,2.757777778,13.16343333,10.06633612
OTTAWA INTL A,2024-07-23 21:00,2024,7,23,21:00,20.1,15.5,74,12,9,1.7930714,,,22.97543333,65.91298333,16.27451667,0.123333333,0.371666667,120.65,1,,2.87543333,2.376666667,8.08701667,0.7930714
OTTAWA INTL A,2024-07-23 22:00,2024,7,23,22:00,19.7,15.5,76,10,9,1.719661617,,,22.60978333,66.44776667,16.0621,0.091666667,0.34,121.1,1,,2.90978333,2.408333333,9.55223333,0.719661617
OTTAWA INTL A,2024-07-23 23:00,2024,7,23,23:00,19.4,16,80,7,9,1.773044817,,,21.98375,68.5996,15.95516667,0.02,0.155,105.7,1,,2.58375,2.48,11.4004,0.773044817
OTTAWA INTL A,2024-07-24 0:00,2024,7,24,0:00,19.3,16.4,83,8,10,1.689744467,,,20.60226667,76.55258333,16.35716667,0.01,0.111666667,100.4,1,,1.30226667,2.767777778,6.44741667,0.689744467
OTTAWA INTL A,2024-07-24 1:00,2024,7,24,1:00,19.6,16.7,83,9,13,1.78434575,,,20.4954,76.9521,16.33523333,0.14,0.375,73.01666667,1,,0.8954,3.471111111,6.0479,0.78434575
OTTAWA INTL A,2024-07-24 2:00,2024,7,24,2:00,18.6,17.1,91,8,14,1.80863005,,,20.29653333,77.86096667,16.32756667,0.353333333,0.705,78.73333333,1,,1.69653333,3.535555556,13.13903333,0.80863005
OTTAWA INTL A,2024-07-24 3:00,2024,7,24,3:00,17.9,17.6,98,9,17,2.150511383,,,19.65236667,76.70918333,15.46998333,0.45,0.803333333,88.36666667,1,,1.75236667,4.272222222,21.29081667,1.150511383
OTTAWA INTL A,2024-07-24 4:00,2024,7,24,4:00,17.6,17.1,97,8,14,1.772853617,,,18.83563333,77.85895,14.90861667,0.276666667,0.646666667,90.51666667,1,,1.23563333,3.612222222,19.14105,0.772853617
OTTAWA INTL A,2024-07-24 5:00,2024,7,24,5:00,17.2,17.1,99,8,14,7.210552217,,,18.25403333,80.05646667,14.77583333,0.308333333,0.668333333,87.45,1,,1.05403333,3.580555556,18.94353333,6.210552217
OTTAWA INTL A,2024-07-24 6:00,2024,7,24,6:00,17.8,17.5,98,10,16,77.14471198,,,18.30953333,81.33611667,15.07688333,0.393333333,0.733333333,100.0333333,8.4,,0.50953333,4.051111111,16.66388333,68.74471198
OTTAWA INTL A,2024-07-24 7:00,2024,7,24,7:00,19.5,17.8,90,8,17,209.743892,,,19.0326,81.33938333,15.78311667,0.43,0.765,95.61666667,23.76666667,,0.4674,4.292222222,8.66061667,185.9772253
OTTAWA INTL A,2024-07-24 8:00,2024,7,24,8:00,20.6,18.5,88,7,18,366.976884,,,20.00743333,79.69176667,16.41218333,0.63,1.011666667,90.76666667,39.05,,0.59256667,4.37,8.30823333,327.926884
OTTAWA INTL A,2024-07-24 9:00,2024,7,24,9:00,21.3,19.2,88,10,13,316.3140102,,,20.93823333,78.6032,17.10123333,0.768333333,1.253333333,86.65,35.5,,0.36176667,2.842777778,9.3968,280.8140102
OTTAWA INTL A,2024-07-24 10:00,2024,7,24,10:00,20.8,20.8,100,11,10,88.68063018,,,20.54216667,84.82046667,17.89335,0.221666667,0.566666667,87.78333333,8.966666667,,0.25783333,2.556111111,15.17953333,79.71396351
OTTAWA INTL A,2024-07-24 11:00,2024,7,24,11:00,22.6,22.1,97,10,18,392.12296,,,19.98241667,94.55273333,19.10465,0.43,0.756666667,121.5,30.18333333,,2.61758333,4.57,2.44726667,361.9396267
OTTAWA INTL A,2024-07-24 12:00,2024,7,24,12:00,23.9,21.2,84,10,17,625.4254567,,,21.62778333,89.80686667,19.90461667,0.83,1.34,85.75,47.8,,2.27221667,3.892222222,5.80686667,577.6254567
OTTAWA INTL A,2024-07-24 13:00,2024,7,24,13:00,23.9,22.6,92,7,16,428.2056607,,,22.55121667,88.01473333,20.49181667,0.4,0.775,90.6,35.25,,1.34878333,4.044444444,3.98526667,392.9556607
OTTAWA INTL A,2024-07-24 14:00,2024,7,24,14:00,22.8,22.8,100,5,17,62.08193288,,,22.24371667,91.81531667,20.8653,0.546666667,0.895,91.03333333,7.95,,0.55628333,4.175555555,8.18468333,54.13193288
OTTAWA INTL A,2024-07-24 15:00,2024,7,24,15:00,22.6,22.6,100,34,19,56.02589147,,,21.49913333,96.78073333,20.99358333,0.643333333,1.046666667,124.2166667,4.533333333,,1.10086667,4.634444445,3.21926667,51.49255814
OTTAWA INTL A,2024-07-24 16:00,2024,7,24,16:00,18.8,18.8,100,31,21,12.64119403,,,20.31306667,97.58898333,19.94513333,0.295,0.691666667,141.1833333,1.15,,1.51306667,5.538333333,2.41101667,11.49119403
OTTAWA INTL A,2024-07-24 17:00,2024,7,24,17:00,19.4,19.4,100,9,14,108.2937945,,,19.45016667,98.63428333,19.25486667,0.306666667,0.626666667,86.46666667,8.816666667,,0.05016667,3.582222222,1.36571667,99.47712783
OTTAWA INTL A,2024-07-24 18:00,2024,7,24,18:00,19.7,19.7,100,12,12,85.833472,,,19.89298333,96.97895,19.42465,0.366666667,0.67,132.3333333,6.433333333,,0.19298333,2.966666666,3.02105,79.40013867
OTTAWA INTL A,2024-07-24 19:00,2024,7,24,19:00,19.3,19.3,100,15,6,19.33615288,,,19.88016667,96.95571667,19.40815,0.311666667,0.628333333,129.3333333,1.3,,0.58016667,1.355,3.04428333,18.03615288
OTTAWA INTL A,2024-07-24 20:00,2024,7,24,20:00,18.6,18.6,100,15,14,2.71133935,,,19.695,97.70855,19.34746667,0.43,0.76,141.45,1,,1.095,3.458888889,2.29145,1.71133935
OTTAWA INTL A,2024-07-24 21:00,2024,7,24,21:00,18,18,100,14,5,1.7446086,,,19.28931667,98.56625,19.08288333,0.095,0.316666667,137.2166667,1,,1.28931667,1.293888889,1.43375,0.7446086
OTTAWA INTL A,2024-07-24 22:00,2024,7,24,22:00,17.5,17.5,100,17,0,1.749767883,,,18.71406667,98.71015,18.53115,0.04,0.183333333,139.4666667,1,,1.21406667,0.04,1.28985,0.749767883
OTTAWA INTL A,2024-07-24 23:00,2024,7,24,23:00,17.5,17.5,100,20,6,1.56909765,,,18.28368333,98.96093333,18.14135,0.04,0.206666667,99.5,1,,0.78368333,1.626666667,1.03906667,0.56909765
OTTAWA INTL A,2024-07-25 0:00,2024,7,25,0:00,17.6,17.6,100,21,8,1.431438,,,18.09251667,98.85501667,17.93295,0.095,0.308333333,96.23333333,1,,0.49251667,2.127222222,1.14498333,0.431438
OTTAWA INTL A,2024-07-25 1:00,2024,7,25,1:00,17.7,17.7,100,23,10,1.571010633,,,18.17716667,99.18601667,18.07101667,0.07,0.268333333,164.2166667,1,,0.47716667,2.707777778,0.81398333,0.571010633
OTTAWA INTL A,2024-07-25 2:00,2024,7,25,2:00,17.6,17.6,100,24,9,1.574495783,,,18.11791667,99.27721667,18.02616667,0.02,0.26,187.8333333,1,,0.51791667,2.48,0.72278333,0.574495783
OTTAWA INTL A,2024-07-25 3:00,2024,7,25,3:00,17.3,17.3,100,25,9,1.962671183,,,17.80751667,98.88108333,17.65216667,0.04,0.28,184.85,1,,0.50751667,2.46,1.11891667,0.962671183
OTTAWA INTL A,2024-07-25 4:00,2024,7,25,4:00,17.1,17.1,100,24,9,1.492005383,,,17.05791667,98.55038333,16.84953333,0,0.166666667,131.35,1,,0.04208333,2.5,1.44961667,0.492005383
OTTAWA INTL A,2024-07-25 5:00,2024,7,25,5:00,16.8,16.8,100,24,7,5.762341833,,,16.94608333,98.76348333,16.77176667,0,0.141666667,113.6833333,1,,0.14608333,1.944444444,1.23651667,4.762341833
OTTAWA INTL A,2024-07-25 6:00,2024,7,25,6:00,17.2,17.2,100,26,13,33.1338929,,,16.71538333,98.84408333,16.55403333,0.005,0.065,123.25,2.2,,0.48461667,3.606111111,1.15591667,30.9338929
OTTAWA INTL A,2024-07-25 7:00,2024,7,25,7:00,17.1,17.1,100,27,20,60.39330038,,,17.00188333,98.15805,16.73036667,0.01,0.283333333,129.9666667,3.75,,0.09811667,5.545555556,1.84195,56.64330038
OTTAWA INTL A,2024-07-25 8:00,2024,7,25,8:00,17.9,15.6,86,28,24,239.0576121,,,17.2817,95.15605,16.51785,0.115,0.47,163.1,20.5,,0.6183,6.551666667,9.15605,218.5576121
OTTAWA INTL A,2024-07-25 9:00,2024,7,25,9:00,18,15.7,86,28,21,237.637483,,,17.31065,92.81853333,16.15721667,0.205,0.633333333,222.3833333,24.08333333,,0.68935,5.628333333,6.81853333,213.5541497
OTTAWA INTL A,2024-07-25 10:00,2024,7,25,10:00,17.7,17.7,100,26,14,257.8953237,,,17.55381667,90.89163333,16.06901667,0.156666667,0.585,183.2666667,24.63333333,,0.14618333,3.732222222,9.10836667,233.2619904
OTTAWA INTL A,2024-07-25 11:00,2024,7,25,11:00,18.9,16.3,85,26,29,497.4638918,,,18.2065,89.20616667,16.41141667,0.276666667,0.678333333,216.8833333,43.4,,0.6935,7.778888889,4.20616667,454.0638918
OTTAWA INTL A,2024-07-25 12:00,2024,7,25,12:00,18.9,14.4,75,28,34,548.6950112,,,18.36053333,88.25035,16.40016667,0.421666667,0.93,239.6833333,45.55,,0.53946667,9.022777777,13.25035,503.1450112
OTTAWA INTL A,2024-07-25 13:00,2024,7,25,13:00,19.6,14.3,71,29,32,347.2082983,,,18.79311667,83.34811667,15.92691667,0.31,0.83,229.95,32.6,,0.80688333,8.578888889,12.34811667,314.6082983
OTTAWA INTL A,2024-07-25 14:00,2024,7,25,14:00,19.6,14.7,73,29,29,351.5276591,,,18.59358333,84.99463333,16.03808333,0.28,0.715,199.0166667,29.6,,1.00641667,7.775555556,11.99463333,321.9276591
OTTAWA INTL A,2024-07-25 15:00,2024,7,25,15:00,19.6,14.7,73,30,23,129.0592097,,,18.24006667,86.0159,15.8795,0.28,0.763333333,106.15,11.31666667,,1.35993333,6.108888889,13.0159,117.742543
OTTAWA INTL A,2024-07-25 16:00,2024,7,25,16:00,19.5,13.9,70,29,27,215.3123768,,,18.21071667,85.46013333,15.75,0.305,0.768333333,118.35,16.55,,1.28928333,7.195,15.46013333,198.7623768
OTTAWA INTL A,2024-07-25 17:00,2024,7,25,17:00,18.9,13,68,30,37,94.02274717,,,18.04673333,84.63615,15.4365,0.26,0.788333333,107.7666667,9.116666667,,0.85326667,10.01777778,16.63615,84.9060805
OTTAWA INTL A,2024-07-25 18:00,2024,7,25,18:00,17.2,13.4,78,30,29,97.61179213,,,16.8038,86.7113,14.59396667,0.291666667,0.786666667,107.8333333,7.433333333,,0.3962,7.763888889,8.7113,90.1784588
OTTAWA INTL A,2024-07-25 19:00,2024,7,25,19:00,16.5,13.7,83,28,24,38.83901762,,,16.71741667,88.25936667,14.78383333,0.228333333,0.66,115.4833333,3.25,,0.21741667,6.438333334,5.25936667,35.58901762
OTTAWA INTL A,2024-07-25 20:00,2024,7,25,20:00,16.8,14,84,31,29,3.860221567,,,16.79905,88.1254,14.84105,0.275,0.74,144.9833333,1,,0.00095,7.780555556,4.1254,2.860221567
OTTAWA INTL A,2024-07-25 21:00,2024,7,25,21:00,17.1,13.2,78,30,18,1.840240083,,,16.53141667,88.92716667,14.7162,0.168333333,0.543333333,86.53333333,1,,0.56858333,4.831666667,10.92716667,0.840240083
OTTAWA INTL A,2024-07-25 22:00,2024,7,25,22:00,17.3,13.9,80,28,13,1.3582611,,,16.53818333,90.4988,14.99643333,0.025,0.343333333,117.3333333,1,,0.76181667,3.586111111,10.4988,0.3582611
OTTAWA INTL A,2024-07-25 23:00,2024,7,25,23:00,17.2,13.7,79,30,14,1.675143183,,,16.76915,87.80916667,14.75498333,0.081666667,0.468333333,124.2833333,1,,0.43085,3.807222222,8.80916667,0.675143183
OTTAWA INTL A,2024-07-26 0:00,2024,7,26,0:00,16.6,13.6,82,30,19,2.185151633,,,16.56685,85.87675,14.21135,0.04,0.258333333,147.8833333,1,,0.03315,5.237777778,3.87675,1.185151633
OTTAWA INTL A,2024-07-26 1:00,2024,7,26,1:00,16.4,13.9,85,29,17,1.81927075,,,15.89968333,87.18158333,13.78845,0.065,0.281666667,130.0166667,1,,0.50031667,4.657222222,2.18158333,0.81927075
OTTAWA INTL A,2024-07-26 2:00,2024,7,26,2:00,14.9,13.7,92,29,14,1.882417833,,,15.56483333,89.07563333,13.78883333,0.065,0.34,172.6333333,1,,0.66483333,3.823888889,2.92436667,0.882417833
OTTAWA INTL A,2024-07-26 3:00,2024,7,26,3:00,15.2,13.5,89,28,12,1.661356167,,,14.96143333,88.8044,13.14673333,0.01,0.185,170.7,1,,0.23856667,3.323333333,0.1956,0.661356167
OTTAWA INTL A,2024-07-26 4:00,2024,7,26,4:00,14.7,13.4,92,29,17,1.651041717,,,14.33805,90.08425,12.7496,0.145,0.421666667,195.0833333,1,,0.36195,4.577222222,1.91575,0.651041717
OTTAWA INTL A,2024-07-26 5:00,2024,7,26,5:00,14.1,13.7,97,29,13,5.412059217,,,14.05461667,90.8246,12.59368333,0.235,0.5,199.45,1.083333333,,0.04538333,3.376111111,6.1754,4.328725884
OTTAWA INTL A,2024-07-26 6:00,2024,7,26,6:00,15.3,13.9,92,29,13,79.00388647,,,14.08815,90.3798,12.55266667,0.235,0.553333333,215.4166667,12.46666667,,1.21185,3.376111111,1.6202,66.5372198
OTTAWA INTL A,2024-07-26 7:00,2024,7,26,7:00,17.1,14,81,29,16,247.714468,,,15.24351667,87.30523333,13.16295,0.17,0.451666667,230.4833333,29.03333333,,1.85648333,4.274444444,6.30523333,218.6811347
OTTAWA INTL A,2024-07-26 8:00,2024,7,26,8:00,18.6,13.6,72,28,11,409.9475788,,,16.59248333,85.08633333,14.09183333,0.055,0.348333333,214.0333333,48.38333333,,2.00751667,3.000555556,13.08633333,361.5642455
OTTAWA INTL A,2024-07-26 9:00,2024,7,26,9:00,20.3,14.1,67,28,9,574.6938568,,,18.17825,79.63451667,14.61655,0.1,0.453333333,255.1333333,57.28333333,,2.12175,2.4,12.63451667,517.4105235
OTTAWA INTL A,2024-07-26 10:00,2024,7,26,10:00,22.6,15.3,63,28,14,716.1025488,,,19.82693333,74.21693333,15.1167,0.14,0.52,236.5833333,61.9,,2.77306667,3.748888889,11.21693333,654.2025488
OTTAWA INTL A,2024-07-26 11:00,2024,7,26,11:00,23.5,15.3,59,27,13,816.6066902,,,21.41971667,70.28031667,15.7975,0.15,0.551666667,260.4666667,64.3,,2.08028333,3.461111111,11.28031667,752.3066902
OTTAWA INTL A,2024-07-26 12:00,2024,7,26,12:00,24.6,14,51,27,18,888.6479273,,,22.50648333,66.03996667,15.86358333,0.141666667,0.58,166.1666667,64.45,,2.09351667,4.858333333,15.03996667,824.1979273
OTTAWA INTL A,2024-07-26 13:00,2024,7,26,13:00,25.3,13.7,48,29,25,809.8947483,,,23.32366667,68.76383333,17.27375,0.256666667,0.661666667,217.6,61.83333333,,1.97633333,6.687777777,20.76383333,748.061415
OTTAWA INTL A,2024-07-26 14:00,2024,7,26,14:00,26,14.3,48,31,24,800.448373,,,23.90661667,64.72685,16.87265,0.186666667,0.565,191.85,51.7,,2.09338333,6.48,16.72685,748.748373
OTTAWA INTL A,2024-07-26 15:00,2024,7,26,15:00,26.3,13.1,44,30,24,677.0452982,,,24.03746667,62.16018333,16.36166667,0.255,0.685,188.7666667,49.45,,2.26253333,6.411666667,18.16018333,627.5952982
OTTAWA INTL A,2024-07-26 16:00,2024,7,26,16:00,26.6,13.8,45,28,22,549.6148677,,,24.04896667,63.15085,16.62023333,0.118333333,0.493333333,147.5833333,30.23333333,,2.55103333,5.992777778,18.15085,519.3815344
OTTAWA INTL A,2024-07-26 17:00,2024,7,26,17:00,26.1,13.5,45,29,21,435.513614,,,23.90416667,63.66148333,16.61431667,0.075,0.363333333,119.3333333,17.85,,2.19583333,5.758333333,18.66148333,417.663614
OTTAWA INTL A,2024-07-26 18:00,2024,7,26,18:00,25,13.8,49,27,17,253.3327877,,,23.8623,61.47465,16.02586667,0.09,0.41,137.3333333,9.383333333,,1.1377,4.632222222,12.47465,243.9494544
OTTAWA INTL A,2024-07-26 19:00,2024,7,26,19:00,22,15.1,65,26,10,78.90452678,,,23.23673333,61.3052,15.39518333,0.02,0.265,170.4,2.883333333,,1.23673333,2.757777778,3.6948,76.02119345
OTTAWA INTL A,2024-07-26 20:00,2024,7,26,20:00,20.7,14.8,68,26,10,8.173031467,,,22.21118333,63.26095,14.91358333,0.035,0.24,159.2333333,1,,1.51118333,2.742777778,4.73905,7.173031467
OTTAWA INTL A,2024-07-26 21:00,2024,7,26,21:00,20.6,14.5,68,25,7,1.94569565,,,21.21453333,68.26941667,15.15175,0.025,0.215,189.05,1,,0.61453333,1.919444444,0.26941667,0.94569565
OTTAWA INTL A,2024-07-26 22:00,2024,7,26,22:00,18.6,15,79,26,10,1.812794367,,,20.47498333,71.85633333,15.24066667,0.02,0.156666667,111.5,1,,1.87498333,2.757777778,7.14366667,0.812794367
OTTAWA INTL A,2024-07-26 23:00,2024,7,26,23:00,18.9,14.9,78,27,6,1.799485133,,,19.3693,75.65925,14.97805,0.01,0.2,198.0333333,1,,0.4693,1.656666667,2.34075,0.799485133
OTTAWA INTL A,2024-07-27 0:00,2024,7,27,0:00,17.8,14.7,82,23,7,1.88079155,,,19.01186667,77.20793333,14.94681667,0.03,0.148333333,159.4833333,1,,1.21186667,1.914444444,4.79206667,0.88079155
OTTAWA INTL A,2024-07-27 1:00,2024,7,27,1:00,16.6,15.6,94,23,9,1.830187417,,,18.12003333,83.3229,15.26613333,0.02,0.19,180.4666667,1,,1.52003333,2.48,10.6771,0.830187417
OTTAWA INTL A,2024-07-27 2:00,2024,7,27,2:00,16.4,16,98,25,4,1.5678307,,,17.65426667,86.93476667,15.46915,0,0.07,150.7,1,,1.25426667,1.111111111,11.06523333,0.5678307
OTTAWA INTL A,2024-07-27 3:00,2024,7,27,3:00,15.9,15.3,97,25,7,1.838748617,,,17.13801667,89.83305,15.47446667,0,0.03,113.2166667,1,,1.23801667,1.944444444,7.16695,0.838748617
OTTAWA INTL A,2024-07-27 4:00,2024,7,27,4:00,16.3,16.3,100,29,10,1.555719567,,,16.74188333,91.42525,15.35735,0.01,0.071666667,128.15,1,,0.44188333,2.767777778,8.57475,0.555719567
OTTAWA INTL A,2024-07-27 5:00,2024,7,27,5:00,15.8,15.8,100,27,9,6.7601601,,,16.75016667,92.28773333,15.51195,0.06,0.196666667,155.45,1.033333333,,0.95016667,2.44,7.71226667,5.726826767
OTTAWA INTL A,2024-07-27 6:00,2024,7,27,6:00,17.9,16.6,92,29,12,56.24490823,,,16.6146,93.39771667,15.56436667,0.015,0.111666667,144.9166667,5.883333333,,1.2854,3.318333333,1.39771667,50.3615749
OTTAWA INTL A,2024-07-27 7:00,2024,7,27,7:00,19.2,16.6,85,28,14,200.5925538,,,17.52805,90.98293333,16.05758333,0.095,0.385,202.6666667,20.55,,1.67195,3.793888889,5.98293333,180.0425538
OTTAWA INTL A,2024-07-27 8:00,2024,7,27,8:00,21.3,16.6,74,29,9,392.2667337,,,19.1688,86.54311667,16.88926667,0.085,0.37,218.8166667,45.93333333,,2.1312,2.415,12.54311667,346.3334004
OTTAWA INTL A,2024-07-27 9:00,2024,7,27,9:00,23.1,16.6,66,26,8,554.7213465,,,20.64945,80.24578333,17.13755,0.07,0.383333333,223.6833333,53.01666667,,2.45055,2.152222222,14.24578333,501.7046798
OTTAWA INTL A,2024-07-27 10:00,2024,7,27,10:00,24.8,15.7,56,26,11,702.4897432,,,22.46886667,70.98563333,16.95461667,0.09,0.418333333,205,60.55,,2.33113333,2.965555556,14.98563333,641.9397432
OTTAWA INTL A,2024-07-27 11:00,2024,7,27,11:00,25.8,16.7,57,24,7,799.8157908,,,23.82613333,63.41015,16.47633333,0.09,0.405,183.35,64.33333333,,1.97386667,1.854444444,6.41015,735.4824575
OTTAWA INTL A,2024-07-27 12:00,2024,7,27,12:00,26.4,16.6,55,24,10,880.3417092,,,24.56613333,66.22168333,17.8641,0.155,0.55,219.8166667,60.5,,1.83386667,2.622777778,11.22168333,819.8417092
OTTAWA INTL A,2024-07-27 13:00,2024,7,27,13:00,27.1,15.6,49,26,8,872.4306825,,,24.50755,66.04823333,17.76706667,0.13,0.5,200.9166667,63.86666667,,2.59245,2.092222222,17.04823333,808.5640158
OTTAWA INTL A,2024-07-27 14:00,2024,7,27,14:00,27.3,15.5,48,23,9,812.7193868,,,24.97756667,64.3558,17.79045,0.191666667,0.575,220.8833333,52.11666667,,2.32243333,2.308333333,16.3558,760.6027201
OTTAWA INTL A,2024-07-27 15:00,2024,7,27,15:00,27.1,15,47,23,12,719.5393163,,,24.72626667,65.50325,17.84223333,0.093333333,0.468333333,165.0833333,48.45,,2.37373333,3.24,18.50325,671.0893163
OTTAWA INTL A,2024-07-27 16:00,2024,7,27,16:00,27.5,16.5,51,25,10,570.0129007,,,24.73343333,66.81645,18.1657,0.085,0.388333333,139.85,30.48333333,,2.76656667,2.692777778,15.81645,539.5295674
OTTAWA INTL A,2024-07-27 17:00,2024,7,27,17:00,26.7,16.2,52,22,11,401.3979585,,,24.75703333,66.33811667,18.07608333,0.025,0.211666667,125.65,19.13333333,,1.94296667,3.030555556,14.33811667,382.2646252
OTTAWA INTL A,2024-07-27 18:00,2024,7,27,18:00,25.5,15.4,53,21,14,235.2507483,,,24.53155,66.94861667,18.01005,0,0.05,120.9333333,10.43333333,,0.96845,3.888888889,13.94861667,224.817415
OTTAWA INTL A,2024-07-27 19:00,2024,7,27,19:00,24,15.8,60,22,10,93.01079745,,,23.87333333,65.03251667,16.92366667,0.005,0.081666667,142.4166667,4.4,,0.12666667,2.772777778,5.03251667,88.61079745
OTTAWA INTL A,2024-07-27 20:00,2024,7,27,20:00,22.6,15.5,64,21,10,9.0074413,,,22.94328333,65.27243333,16.09768333,0.01,0.11,141.7833333,1,,0.34328333,2.767777778,1.27243333,8.0074413
OTTAWA INTL A,2024-07-27 21:00,2024,7,27,21:00,21,17.1,78,20,9,1.821852183,,,22.56613333,69.20753333,16.65111667,0.051666667,0.09,118.4833333,1,,1.56613333,2.448333333,8.79246667,0.821852183
OTTAWA INTL A,2024-07-27 22:00,2024,7,27,22:00,19.9,16.9,82,19,8,2.072123017,,,23.04015,65.75338333,16.29498333,0.413333333,0.735,208.25,1,,3.14015,1.808888889,16.24661667,1.072123017
OTTAWA INTL A,2024-07-27 23:00,2024,7,27,23:00,19.2,16.7,85,20,8,1.964681733,,,21.82583333,73.4362,16.867,0.221666667,0.566666667,226.4166667,1,,2.62583333,2.000555555,11.5638,0.964681733
OTTAWA INTL A,2024-07-28 0:00,2024,7,28,0:00,18.8,17,89,22,10,1.9021078,,,20.02706667,81.61635,16.80375,0.045,0.181666667,137.4333333,1,,1.22706667,2.732777778,7.38365,0.9021078
OTTAWA INTL A,2024-07-28 1:00,2024,7,28,1:00,17,17,100,22,7,1.708057367,,,19.52591667,84.68601667,16.89961667,0.11,0.32,190.1166667,1,,2.52591667,1.834444444,15.31398333,0.708057367
OTTAWA INTL A,2024-07-28 2:00,2024,7,28,2:00,16.7,16.7,100,22,9,1.784568,,,19.24253333,85.45436667,16.76396667,0.04,0.23,181.5,1,,2.54253333,2.46,14.54563333,0.784568
OTTAWA INTL A,2024-07-28 3:00,2024,7,28,3:00,16.6,16.6,100,22,10,1.733579717,,,18.44343333,88.6879,16.56221667,0.07,0.263333333,150.0333333,1,,1.84343333,2.707777778,11.3121,0.733579717
OTTAWA INTL A,2024-07-28 4:00,2024,7,28,4:00,15.6,15.6,100,22.5,0,1.67947795,,,17.83613333,90.9671,16.36143333,0.005,0.045,157.0666667,1,,2.23613333,0.005,9.0329,0.67947795
OTTAWA INTL A,2024-07-28 5:00,2024,7,28,5:00,15.5,15.5,100,23,6,4.8108662,,,17.30356667,93.40533333,16.2497,0.045,0.221666667,208.75,1,,1.80356667,1.621666667,6.59466667,3.8108662
OTTAWA INTL A,2024-07-28 6:00,2024,7,28,6:00,16.7,16.7,100,23,3,65.93965975,,,17.47728333,92.43981667,16.25858333,0.1,0.306666667,206.0833333,8.083333333,,0.77728333,0.733333333,7.56018333,57.85632642
OTTAWA INTL A,2024-07-28 7:00,2024,7,28,7:00,18.8,18,95,23,5,213.9611743,,,18.35375,91.01078333,16.88171667,0.03,0.25,224.7166667,24.1,,0.44625,1.358888889,3.98921667,189.8611743
OTTAWA INTL A,2024-07-28 8:00,2024,7,28,8:00,21.5,17.2,76,21,5,387.0689868,,,19.89231667,85.50195,17.40325,0.045,0.281666667,219.5333333,44.58333333,,1.60768333,1.343888889,9.50195,342.4856535
OTTAWA INTL A,2024-07-28 9:00,2024,7,28,9:00,23.7,18.2,71,21,8,553.6032158,,,21.61388333,81.94903333,18.4196,0.035,0.3,214.2333333,56.16666667,,2.08611667,2.187222222,10.94903333,497.4365491
OTTAWA INTL A,2024-07-28 10:00,2024,7,28,10:00,25.7,18.2,63,22,11,694.139714,,,23.18568333,73.17291667,18.09575,0.131666667,0.47,198.5833333,59.5,,2.51431667,2.923888889,10.17291667,634.639714
OTTAWA INTL A,2024-07-28 11:00,2024,7,28,11:00,26.7,17.6,57,21,13,793.7746125,,,24.16793333,68.77016667,18.0861,0.12,0.448333333,202.65,63.56666667,,2.53206667,3.491111111,11.77016667,730.2079458
OTTAWA INTL A,2024-07-28 12:00,2024,7,28,12:00,27.7,17.1,52,23,13,856.7104993,,,25.19235,67.62003333,18.7961,0.166666667,0.548333333,227.6666667,62.05,,2.50765,3.444444444,15.62003333,794.6604993
OTTAWA INTL A,2024-07-28 13:00,2024,7,28,13:00,28.1,17.5,52,24,10,857.4883347,,,26.02428333,65.49625,19.07653333,0.14,0.538333333,184.0333333,70.46666667,,2.07571667,2.637777778,13.49625,787.021668
OTTAWA INTL A,2024-07-28 14:00,2024,7,28,14:00,28.6,16.1,46,22,13,797.0520395,,,26.24908333,65.20125,19.2165,0.133333333,0.485,172.45,50.48333333,,2.35091667,3.477777778,19.20125,746.5687062
OTTAWA INTL A,2024-07-28 15:00,2024,7,28,15:00,28.7,16.6,47,26,9,703.042799,,,26.36733333,65.42041667,19.38116667,0.065,0.406666667,162.9666667,50.83333333,,2.33266667,2.435,18.42041667,652.2094657
OTTAWA INTL A,2024-07-28 16:00,2024,7,28,16:00,28.7,18.3,53,22,10,564.7120683,,,26.21948333,66.69598333,19.55288333,0.025,0.3,130.1333333,29.93333333,,2.48051667,2.752777778,13.69598333,534.778735
OTTAWA INTL A,2024-07-28 17:00,2024,7,28,17:00,28,17.6,53,22,7,402.5693547,,,26.16438333,65.98045,19.32836667,0,0.156666667,128.0166667,18.38333333,,1.83561667,1.944444444,12.98045,384.1860214
OTTAWA INTL A,2024-07-28 18:00,2024,7,28,18:00,26.9,18.8,61,18,8,240.5568922,,,25.6957,67.61933333,19.27728333,0,0.13,111.6333333,9.3,,1.2043,2.222222222,6.61933333,231.2568922
OTTAWA INTL A,2024-07-28 19:00,2024,7,28,19:00,25.7,18.8,65,18,3,84.54374452,,,25.33013333,65.65936667,18.45688333,0.01,0.06,108.7333333,3.333333333,,0.36986667,0.823333333,0.65936667,81.21041119
OTTAWA INTL A,2024-07-28 20:00,2024,7,28,20:00,23.8,19.1,75,17,10,10.05783837,,,24.5597,64.71273333,17.4967,0.03,0.14,137.0333333,1,,0.7597,2.747777778,10.28726667,9.05783837
OTTAWA INTL A,2024-07-28 21:00,2024,7,28,21:00,22.6,19.2,81,18,6,2.083737517,,,24.11606667,68.86863333,18.05315,0.075,0.261666667,152.2166667,1,,1.51606667,1.591666667,12.13136667,1.083737517
OTTAWA INTL A,2024-07-28 22:00,2024,7,28,22:00,22,18.8,82,21,7,1.804363967,,,23.1471,77.0208,18.92051667,0,0.015,78.13333333,1,,1.1471,1.944444444,4.9792,0.804363967
OTTAWA INTL A,2024-07-28 23:00,2024,7,28,23:00,20.5,17.8,84,19,6,1.9206574,,,22.25161667,77.64691667,18.18088333,0,0.055,112.6833333,1,,1.75161667,1.666666667,6.35308333,0.9206574
OTTAWA INTL A,2024-07-29 0:00,2024,7,29,0:00,17.8,17.1,96,19,5,2.280604333,,,21.01681667,81.9206,17.82513333,0,0.055,125.4833333,1,,3.21681667,1.388888889,14.0794,1.280604333
OTTAWA INTL A,2024-07-29 1:00,2024,7,29,1:00,18.6,17.2,91,26,5,1.947695783,,,20.62155,89.41586667,18.84238333,0.005,0.025,101.6666667,1,,2.02155,1.383888889,1.58413333,0.947695783
OTTAWA INTL A,2024-07-29 2:00,2024,7,29,2:00,16.2,16.2,100,26.66666667,0,1.899239417,,,20.01528333,92.56171667,18.79685,0,0.02,92.1,1,,3.81528333,0,7.43828333,0.899239417
OTTAWA INTL A,2024-07-29 3:00,2024,7,29,3:00,16.8,16.8,100,27.33333333,0,1.945739417,,,19.20628333,94.11766667,18.26018333,0.01,0.086666667,115.5166667,1,,2.40628333,0.01,5.88233333,0.945739417
OTTAWA INTL A,2024-07-29 4:00,2024,7,29,4:00,15.8,15.8,100,28,3,1.834000583,,,18.55686667,95.39635,17.82955,0,0.02,92.16666667,1,,2.75686667,0.833333333,4.60365,0.834000583
OTTAWA INTL A,2024-07-29 5:00,2024,7,29,5:00,16,16,100,17,0,4.047461583,,,18.1708,95.74186667,17.50246667,0.01,0.105,81.11666667,1,,2.1708,0.01,4.25813333,3.047461583
OTTAWA INTL A,2024-07-29 6:00,2024,7,29,6:00,17.4,17.4,100,6,5,62.68223383,,,18.11275,95.97653333,17.48368333,0.015,0.081666667,115.2,6.816666667,,0.71275,1.373888889,4.02346667,55.86556716
OTTAWA INTL A,2024-07-29 7:00,2024,7,29,7:00,20.5,20.5,100,10,5,208.9681355,,,18.9139,95.34041667,18.17573333,0.08,0.25,209.1833333,23.16666667,,1.5861,1.308888889,4.65958333,185.8014688
OTTAWA INTL A,2024-07-29 8:00,2024,7,29,8:00,22.6,20.2,86,7,5,368.4140152,,,20.12501667,92.99328333,18.97936667,0.025,0.248333333,110.3833333,40.15,,2.47498333,1.363888889,6.99328333,328.2640152
OTTAWA INTL A,2024-07-29 9:00,2024,7,29,9:00,24.5,19.6,74,9,5,534.7269133,,,21.46768333,88.41886667,19.49361667,0.01,0.245,91.35,50.51666667,,3.03231667,1.378888889,14.41886667,484.2102466
OTTAWA INTL A,2024-07-29 10:00,2024,7,29,10:00,25.1,19.9,72,13,5,624.0562098,,,23.17245,83.18096667,20.1854,0.04,0.333333333,177.1666667,54.73333333,,1.92755,1.348888889,11.18096667,569.3228765
OTTAWA INTL A,2024-07-29 11:00,2024,7,29,11:00,25.2,19.4,70,14,8,502.7860988,,,24.89678333,74.3886,20.01188333,0.148333333,0.488333333,110.4833333,46.81666667,,0.30321667,2.073888889,4.3886,455.9694321
OTTAWA INTL A,2024-07-29 12:00,2024,7,29,12:00,25.3,19.8,71,16,7,525.8302953,,,25.35013333,70.71475,19.66686667,0.123333333,0.403333333,130.0333333,45.11666667,,0.05013333,1.821111111,0.28525,480.7136286
OTTAWA INTL A,2024-07-29 13:00,2024,7,29,13:00,24.8,19.7,73,21,6,354.7040458,,,24.95618333,71.83798333,19.54133333,0.06,0.348333333,211.7166667,35,,0.15618333,1.606666667,1.16201667,319.7040458
OTTAWA INTL A,2024-07-29 14:00,2024,7,29,14:00,24.3,20.4,79,17,8,173.4598633,,,24.4328,76.86893333,20.12705,0.1,0.341666667,137.4333333,18.78333333,,0.1328,2.122222222,2.13106667,154.67653
OTTAWA INTL A,2024-07-29 15:00,2024,7,29,15:00,25.1,20.7,76,17,7,190.214512,,,24.75416667,74.97018333,20.0397,0.125,0.435,147.5,18.5,,0.34583333,1.819444444,1.02981667,171.714512
OTTAWA INTL A,2024-07-29 16:00,2024,7,29,16:00,26.1,18.6,63,25,5,337.0226205,,,24.16796667,78.21961667,20.1558,0.01,0.118333333,125.4333333,18.28333333,,1.93203333,1.378888889,15.21961667,318.7392872
OTTAWA INTL A,2024-07-29 17:00,2024,7,29,17:00,26.4,18.9,63,21,3,397.1972857,,,24.48793333,76.70208333,20.15023333,0,0.115,141.1833333,17.98333333,,1.91206667,0.833333333,13.70208333,379.2139524
OTTAWA INTL A,2024-07-29 18:00,2024,7,29,18:00,25.4,20.5,74,16,5,228.2395815,,,24.54798333,75.21593333,19.89373333,0.005,0.055,90.03333333,9.233333333,,0.85201667,1.383888889,1.21593333,219.0062482
OTTAWA INTL A,2024-07-29 19:00,2024,7,29,19:00,23.9,19.1,75,23,6,81.46170562,,,24.01961667,75.2337,19.38496667,0,0.095,177.3166667,3.233333333,,0.11961667,1.666666667,0.2337,78.22837229
OTTAWA INTL A,2024-07-29 20:00,2024,7,29,20:00,19.6,18.5,94,19,5,8.42291765,,,22.86141667,78.4248,18.93266667,0.005,0.205,181.15,1,,3.26141667,1.383888889,15.5752,7.42291765
OTTAWA INTL A,2024-07-29 21:00,2024,7,29,21:00,21.1,20.1,94,21,6,1.858654783,,,21.88981667,81.49038333,18.60043333,0.165,0.413333333,188.1666667,1,,0.78981667,1.501666667,12.50961667,0.858654783
OTTAWA INTL A,2024-07-29 22:00,2024,7,29,22:00,20.2,20.2,100,22,5,1.710788733,,,21.68248333,84.56883333,18.99158333,0.025,0.131666667,150.0333333,1,,1.48248333,1.363888889,15.43116667,0.710788733
OTTAWA INTL A,2024-07-29 23:00,2024,7,29,23:00,19.2,19.2,100,21,5,1.94447645,,,21.15373333,89.40518333,19.3653,0,0.02,126.05,1,,1.95373333,1.388888889,10.59481667,0.94447645
OTTAWA INTL A,2024-07-30 0:00,2024,7,30,0:00,19.2,19.2,100,27,8,1.795341483,,,20.42455,91.68678333,19.05048333,0.03,0.146666667,128.8,1,,1.22455,2.192222222,8.31321667,0.795341483
OTTAWA INTL A,2024-07-30 1:00,2024,7,30,1:00,17.1,17.1,100,23,7,1.682886267,,,20.06666667,91.8854,18.73051667,0,0.046666667,105.2,1,,2.96666667,1.944444444,8.1146,0.682886267
OTTAWA INTL A,2024-07-30 2:00,2024,7,30,2:00,15.6,15.6,100,19,5,2.028065617,,,19.30278333,93.14731667,18.18965,0.005,0.036666667,153,1,,3.70278333,1.383888889,6.85268333,1.028065617
OTTAWA INTL A,2024-07-30 3:00,2024,7,30,3:00,15.7,15.7,100,17,7,2.0385711,,,19.05013333,94.77051667,18.2152,0.015,0.158333333,125.7666667,1,,3.35013333,1.929444444,5.22948333,1.0385711
OTTAWA INTL A,2024-07-30 4:00,2024,7,30,4:00,15.3,15.3,100,17,4,1.579297833,,,18.73665,96.48976667,18.19031667,0.01,0.098333333,100.8666667,1,,3.43665,1.101111111,3.51023333,0.579297833
OTTAWA INTL A,2024-07-30 5:00,2024,7,30,5:00,16,16,100,14.5,0,3.768735767,,,18.5354,96.64476667,18.01523333,0.015,0.106666667,131.5333333,1,,2.5354,0.015,3.35523333,2.768735767
OTTAWA INTL A,2024-07-30 6:00,2024,7,30,6:00,16.8,16.8,100,12,4,46.06237715,,,18.01378333,96.30091667,17.43838333,0,0.07,143.5666667,4.6,,1.21378333,1.111111111,3.69908333,41.46237715
OTTAWA INTL A,2024-07-30 7:00,2024,7,30,7:00,18.5,18.5,100,21,3,220.1832034,,,18.63008333,96.28803333,18.0507,0.085,0.268333333,122.1,17.91666667,,0.13008333,0.748333333,3.71196667,202.2665367
OTTAWA INTL A,2024-07-30 8:00,2024,7,30,8:00,22.1,19.4,84,19,7,402.9669187,,,19.35723333,95.42098333,18.63058333,0.115,0.408333333,70.71666667,33.8,,2.74276667,1.829444444,11.42098333,369.1669187
OTTAWA INTL A,2024-07-30 9:00,2024,7,30,9:00,23.9,19.2,75,15,6,562.2977522,,,20.8407,91.83193333,19.48463333,0.181666667,0.506666667,109.0333333,52.03333333,,3.0593,1.485,16.83193333,510.2644189
OTTAWA INTL A,2024-07-30 10:00,2024,7,30,10:00,25.5,20.5,73,18,7,680.7154893,,,23.02046667,84.24353333,20.20211667,0.156666667,0.468333333,184.35,58.71666667,,2.47953333,1.787777777,11.24353333,621.9988226
OTTAWA INTL A,2024-07-30 11:00,2024,7,30,11:00,26.7,20.4,68,19,7,777.888284,,,25.34248333,72.53748333,20.07148333,0.198333333,0.573333333,199.7333333,63.28333333,,1.35751667,1.746111111,4.53748333,714.6049507
OTTAWA INTL A,2024-07-30 12:00,2024,7,30,12:00,28.6,20.3,60,21,11,848.6795863,,,26.12183333,70.40105,20.32951667,0.146666667,0.531666667,207.3833333,63.86666667,,2.47816667,2.908888889,10.40105,784.8129196
OTTAWA INTL A,2024-07-30 13:00,2024,7,30,13:00,29.2,19.9,57,19,4,863.9892187,,,26.45606667,69.47213333,20.43505,0.126666667,0.423333333,136.2,68.76666667,,2.74393333,0.984444444,12.47213333,795.222552
OTTAWA INTL A,2024-07-30 14:00,2024,7,30,14:00,28.7,19.7,57,15,11,802.4611065,,,26.93011667,68.60508333,20.68785,0.09,0.416666667,125.8333333,51.3,,1.76988333,2.965555556,11.60508333,751.1611065
OTTAWA INTL A,2024-07-30 15:00,2024,7,30,15:00,29.7,18.3,50,18,10,704.0902165,,,27.17418333,68.19645,20.81016667,0.195,0.55,150.9666667,51.88333333,,2.52581667,2.582777778,18.19645,652.2068832
OTTAWA INTL A,2024-07-30 16:00,2024,7,30,16:00,29.6,18.2,50,14,7,536.3716242,,,28.18265,62.13351667,20.25921667,0.226666667,0.566666667,124.0666667,27.9,,1.41735,1.717777777,12.13351667,508.4716242
OTTAWA INTL A,2024-07-30 17:00,2024,7,30,17:00,29.1,19.2,55,14,9,386.5503608,,,28.28843333,60.62488333,19.97035,0.326666667,0.678333333,136.5166667,17.15,,0.81156667,2.173333333,5.62488333,369.4003608
OTTAWA INTL A,2024-07-30 18:00,2024,7,30,18:00,27,20.7,68,11,10,231.2361104,,,28.08581667,60.86338333,19.84141667,0.283333333,0.6,132.9,9.633333333,,1.08581667,2.494444445,7.13661667,221.6027771
OTTAWA INTL A,2024-07-30 19:00,2024,7,30,19:00,25.3,19.4,70,13,13,47.75197597,,,27.17495,62.75053333,19.47855,0.165,0.498333333,119.5333333,2.416666667,,1.87495,3.446111111,7.24946667,45.3353093
OTTAWA INTL A,2024-07-30 20:00,2024,7,30,20:00,23.2,20.1,82,13,9,4.8483205,,,26.65508333,60.01203333,18.26841667,0.271666667,0.571666667,128.8666667,1,,3.45508333,2.228333333,21.98796667,3.8483205
OTTAWA INTL A,2024-07-30 21:00,2024,7,30,21:00,22.2,21.4,95,13,12,2.397286317,,,24.95758333,72.91671667,19.77231667,0.268333333,0.603333333,169.8666667,1,,2.75758333,3.065,22.08328333,1.397286317
OTTAWA INTL A,2024-07-30 22:00,2024,7,30,22:00,21.3,21.3,100,14,13,2.216015867,,,23.53135,81.73708333,20.2461,0.181666667,0.508333333,143.8166667,1,,2.23135,3.429444444,18.26291667,1.216015867
OTTAWA INTL A,2024-07-30 23:00,2024,7,30,23:00,21.2,21.2,100,13,7,1.724665,,,22.54113333,88.22576667,20.52043333,0.131666667,0.326666667,126.0833333,1,,1.34113333,1.812777777,11.77423333,0.724665
OTTAWA INTL A,2024-07-31 0:00,2024,7,31,0:00,21,21,100,11.5,0,1.728183633,,,22.09635,90.35033333,20.4685,0.03,0.143333333,100.9666667,1,,1.09635,0.03,9.64966667,0.728183633
OTTAWA INTL A,2024-07-31 1:00,2024,7,31,1:00,20.9,20.9,100,10,8,1.538291417,,,21.78076667,92.19458333,20.48405,0.03,0.141666667,87.16666667,1,,0.88076667,2.192222222,7.80541667,0.538291417
OTTAWA INTL A,2024-07-31 2:00,2024,7,31,2:00,21.2,21.2,100,11,6,1.501632383,,,21.72935,92.44378333,20.47681667,0.025,0.113333333,82.2,1,,0.52935,1.641666667,7.55621667,0.501632383
OTTAWA INTL A,2024-07-31 3:00,2024,7,31,3:00,21,21,100,12,10,1.71318555,,,21.71795,92.57048333,20.48773333,0.01,0.123333333,100.3333333,1,,0.71795,2.767777778,7.42951667,0.71318555
OTTAWA INTL A,2024-07-31 4:00,2024,7,31,4:00,20.8,20.8,100,12,7,1.730952267,,,21.62208333,93.41311667,20.53921667,0.055,0.191666667,110.9166667,1,,0.82208333,1.889444444,6.58688333,0.730952267
OTTAWA INTL A,2024-07-31 5:00,2024,7,31,5:00,21.1,21.1,100,6,3,2.472832983,,,21.26181667,97.24311667,20.83441667,0.01,0.133333333,99.3,1,,0.16181667,0.823333333,2.75688333,1.472832983
OTTAWA INTL A,2024-07-31 6:00,2024,7,31,6:00,21.6,21.6,100,7,3,18.45326672,,,21.3814,98.37265,21.14263333,0.015,0.07,76.76666667,1.266666667,,0.2186,0.818333333,1.62735,17.18660005
OTTAWA INTL A,2024-07-31 7:00,2024,7,31,7:00,22.1,22.1,100,11,5,37.60932093,,,21.6517,98.60095,21.4507,0.005,0.103333333,94.68333333,2.283333333,,0.4483,1.383888889,1.39905,35.3259876
OTTAWA INTL A,2024-07-31 8:00,2024,7,31,8:00,22.9,22.9,100,14,9,98.17046327,,,21.91603333,98.56853333,21.70925,0.085,0.313333333,108.2166667,7.1,,0.98396667,2.415,1.43146667,91.07046327
OTTAWA INTL A,2024-07-31 9:00,2024,7,31,9:00,24.6,23.7,94,22,9,187.6317663,,,22.44846667,95.9841,21.80511667,0.155,0.471666667,166.6166667,14.76666667,,2.15153333,2.345,1.9841,172.8650996
OTTAWA INTL A,2024-07-31 10:00,2024,7,31,10:00,25.1,24.4,96,19,5,370.768644,,,23.25895,95.14986667,22.46715,0.08,0.363333333,172.2,32.15,,1.84105,1.308888889,0.85013333,338.618644
OTTAWA INTL A,2024-07-31 11:00,2024,7,31,11:00,25.9,22.9,83,26,7,320.877576,,,23.5667,95.19308333,22.78171667,0.03,0.236666667,131.3666667,32.43333333,,2.3333,1.914444444,12.19308333,288.4442427
OTTAWA INTL A,2024-07-31 12:00,2024,7,31,12:00,25.9,23.5,86,27,11,427.2276067,,,24.28128333,92.56225,23.02741667,0.045,0.333333333,208.7666667,37.96666667,,1.61871667,3.010555556,6.56225,389.26094
OTTAWA INTL A,2024-07-31 13:00,2024,7,31,13:00,26.1,23.5,85,29,13,473.1333742,,,24.8132,89.97666667,23.0857,0.075,0.381666667,167.6666667,41.05,,1.2868,3.536111111,4.97666667,432.0833742
OTTAWA INTL A,2024-07-31 14:00,2024,7,31,14:00,27.3,23.1,77,26,9,686.1862858,,,25.67046667,86.85783333,23.34366667,0.075,0.371666667,185.3166667,48.31666667,,1.62953333,2.425,9.85783333,637.8696191
OTTAWA INTL A,2024-07-31 15:00,2024,7,31,15:00,27.6,21.4,69,29,12,453.6786755,,,26.1362,85.12921667,23.46565,0.081666667,0.373333333,173.8333333,36.76666667,,1.4638,3.251666666,16.12921667,416.9120088
OTTAWA INTL A,2024-07-31 16:00,2024,7,31,16:00,27.9,22.7,73,23,11,326.4480486,,,26.23586667,84.18816667,23.38005,0.091666667,0.29,195.8666667,21.66666667,,1.66413333,2.963888889,11.18816667,304.7813819
OTTAWA INTL A,2024-07-31 17:00,2024,7,31,17:00,27.1,22,73,36,16,323.9242931,,,23.56525,93.802,22.52891667,0.121666667,0.378333333,172.0166667,17.18333333,,3.53475,4.322777777,20.802,306.7409598
OTTAWA INTL A,2024-07-31 18:00,2024,7,31,18:00,27.5,22.3,73,26,8,266.8568655,,,23.65823333,94.15513333,22.69145,0,0.115,90.6,10.11666667,,3.84176667,2.222222222,21.15513333,256.7401988
OTTAWA INTL A,2024-07-31 19:00,2024,7,31,19:00,25.8,22.9,84,12,4,74.40075283,,,23.9874,91.20298333,22.49153333,0.04,0.213333333,173.5666667,2.783333333,,1.8126,1.071111111,7.20298333,71.6174195
OTTAWA INTL A,2024-07-31 20:00,2024,7,31,20:00,24,22.9,94,12,7,8.404386883,,,23.30503333,94.47223333,22.39593333,0.115,0.413333333,199.8166667,1,,0.69496667,1.829444444,0.47223333,7.404386883
OTTAWA INTL A,2024-07-31 21:00,2024,7,31,21:00,23.3,23.3,100,20,10,1.555162917,,,23.1821,94.4779,22.27541667,0.12,0.313333333,168.6333333,1,,0.1179,2.657777778,5.5221,0.555162917
OTTAWA INTL A,2024-07-31 22:00,2024,7,31,22:00,23.2,23.2,100,24,7,1.787484117,,,22.79641667,94.89148333,21.96295,0.04,0.21,194.5,1,,0.40358333,1.904444444,5.10851667,0.787484117
OTTAWA INTL A,2024-07-31 23:00,2024,7,31,23:00,22.1,22.1,100,25,9,1.821484567,,,22.52288333,96.50053333,21.9673,0.175,0.461666667,220.55,1,,0.42288333,2.325,3.49946667,0.821484567
OTTAWA INTL A,2024-08-01 0:00,2024,8,1,0:00,21.3,21.3,100,24,7,2.201271217,,,22.37275,97.40051667,21.97008333,0.015,0.123333333,158.2166667,1,,1.07275,1.929444444,2.59948333,1.201271217
OTTAWA INTL A,2024-08-01 1:00,2024,8,1,1:00,21.6,21.6,100,25,7,1.542227417,,,21.73043333,98.17388333,21.45815,0.195,0.466666667,194.0833333,1,,0.13043333,1.749444444,1.82611667,0.542227417
OTTAWA INTL A,2024-08-01 2:00,2024,8,1,2:00,20.4,20.4,100,26,8,1.65079245,,,21.58915,98.0227,21.29195,0.291666667,0.631666667,211.5,1,,1.18915,1.930555555,1.9773,0.65079245
OTTAWA INTL A,2024-08-01 3:00,2024,8,1,3:00,21.1,21.1,100,28,9,1.826914,,,21.39261667,98.10656667,21.10945,0.38,0.68,222.3666667,1,,0.29261667,2.12,1.89343333,0.826914
OTTAWA INTL A,2024-08-01 4:00,2024,8,1,4:00,20.8,20.8,100,26,12,1.77165515,,,20.95725,98.4761,20.73565,0.181666667,0.388333333,212.1333333,1,,0.15725,3.151666666,1.5239,0.77165515
OTTAWA INTL A,2024-08-01 5:00,2024,8,1,5:00,20.4,20.4,100,28,10,4.005659667,,,20.69005,97.9139,20.37561667,0.07,0.233333333,182.8666667,1,,0.29005,2.707777778,2.0861,3.005659667
OTTAWA INTL A,2024-08-01 6:00,2024,8,1,6:00,21.2,21.2,100,27,13,57.93724183,,,20.60073333,97.65591667,20.24368333,0.24,0.57,221.3833333,7.3,,0.59926667,3.371111111,2.34408333,50.63724183
OTTAWA INTL A,2024-08-01 7:00,2024,8,1,7:00,22.6,22,96,31,16,206.0907483,,,21.5056,96.0445,20.87488333,0.196666667,0.525,249.6166667,23.15,,1.0944,4.247777777,0.0445,182.9407483
OTTAWA INTL A,2024-08-01 8:00,2024,8,1,8:00,24.6,21.8,84,28,13,377.2816802,,,22.55615,93.04001667,21.40125,0.135,0.45,256.4166667,38.48333333,,2.04385,3.476111111,9.04001667,338.7983469
OTTAWA INTL A,2024-08-01 9:00,2024,8,1,9:00,26.5,22.7,79,31,7,400.6397967,,,23.68505,89.70118333,21.92025,0.06,0.325,195.3166667,44.03333333,,2.81495,1.884444444,10.70118333,356.6064634
OTTAWA INTL A,2024-08-01 10:00,2024,8,1,10:00,27.6,21.6,69,28,5,534.7712992,,,24.60941667,87.49433333,22.42051667,0.065,0.371666667,208.95,45,,2.99058333,1.323888889,18.49433333,489.7712992
OTTAWA INTL A,2024-08-01 11:00,2024,8,1,11:00,29.5,21.7,62,26,4,780.06598,,,26.32315,80.97856667,22.81501667,0.155,0.478333333,221.9,61.01666667,,3.17685,0.956111111,18.97856667,719.0493133
OTTAWA INTL A,2024-08-01 12:00,2024,8,1,12:00,30.1,22.9,65,35,7,838.5779223,,,27.13606667,78.15341667,23.02275,0.133333333,0.485,149.25,66.93333333,,2.96393333,1.811111111,13.15341667,771.644589
OTTAWA INTL A,2024-08-01 13:00,2024,8,1,13:00,30.5,21.6,59,25,9,273.916053,,,25.42155,84.74246667,22.6147,0.426666667,0.79,142.9833333,23.8,,5.07845,2.073333333,25.74246667,250.116053
OTTAWA INTL A,2024-08-01 14:00,2024,8,1,14:00,29.7,23,67,8,12,796.8458463,,,25.1478,91.29863333,23.6446,0.136666667,0.5,123.8833333,59.68333333,,4.5522,3.196666666,24.29863333,737.162513
OTTAWA INTL A,2024-08-01 15:00,2024,8,1,15:00,31.5,19.6,48,28,12,629.570461,,,26.9766,78.1027,22.8463,0.045,0.32,146.3833333,45.25,,4.5234,3.288333333,30.1027,584.320461
OTTAWA INTL A,2024-08-01 16:00,2024,8,1,16:00,31.5,20,50,27,12,584.0632525,,,27.40446667,74.81798333,22.56266667,0.035,0.293333333,163.9166667,31.25,,4.09553333,3.298333333,24.81798333,552.8132525
OTTAWA INTL A,2024-08-01 17:00,2024,8,1,17:00,30.4,19.8,52,25,14,415.0864698,,,27.6042,71.67098333,22.04986667,0.005,0.123333333,112.7666667,17.61666667,,2.7958,3.883888889,19.67098333,397.4698031
OTTAWA INTL A,2024-08-01 18:00,2024,8,1,18:00,29.8,18.5,50,30,14,240.5885252,,,27.59425,71.27126667,21.94911667,0,0.133333333,175.4333333,8.116666667,,2.20575,3.888888889,21.27126667,232.4718585
OTTAWA INTL A,2024-08-01 19:00,2024,8,1,19:00,27.2,19.4,62,28,9,76.84032673,,,27.02616667,70.6555,21.26235,0.01,0.165,149.5,2.65,,0.17383333,2.49,8.6555,74.19032673
OTTAWA INTL A,2024-08-01 20:00,2024,8,1,20:00,27.1,18.9,60,24,6,7.44490445,,,26.06826667,70.08911667,20.21411667,0.005,0.17,183.65,1,,1.03173333,1.661666667,10.08911667,6.44490445
OTTAWA INTL A,2024-08-01 21:00,2024,8,1,21:00,23.8,20,79,18,12,2.02247225,,,25.43298333,71.4345,19.91108333,0.065,0.291666667,195.7833333,1,,1.63298333,3.268333333,7.5655,1.02247225
OTTAWA INTL A,2024-08-01 22:00,2024,8,1,22:00,23.7,22.2,91,20,8,2.204351467,,,24.39855,76.98863333,20.11168333,0.271666667,0.6,219.4166667,1,,0.69855,1.950555555,14.01136667,1.204351467
OTTAWA INTL A,2024-08-01 23:00,2024,8,1,23:00,23.4,22.8,96,21,10,1.78161655,,,23.46055,82.9512,20.42078333,0.07,0.295,195.7333333,1,,0.06055,2.707777778,13.0488,0.78161655
OTTAWA INTL A,2024-08-02 0:00,2024,8,2,0:00,22.8,22.8,100,20,8,1.7838452,,,22.99581667,88.02405,20.92815,0.005,0.095,181.5166667,1,,0.19581667,2.217222222,11.97595,0.7838452
OTTAWA INTL A,2024-08-02 1:00,2024,8,2,1:00,21.8,21.8,100,24,3,1.786592983,,,22.77768333,92.04573333,21.44605,0.045,0.181666667,154.95,1,,0.97768333,0.788333333,7.95426667,0.786592983
OTTAWA INTL A,2024-08-02 2:00,2024,8,2,2:00,20.3,20.3,100,23,5,2.180897817,,,22.44348333,94.18185,21.489,0,0.08,105.4,1,,2.14348333,1.388888889,5.81815,1.180897817
OTTAWA INTL A,2024-08-02 3:00,2024,8,2,3:00,20.2,20.2,100,19,8,1.844578867,,,21.8944,95.37788333,21.14971667,0,0.02,112.5666667,1,,1.6944,2.222222222,4.62211667,0.844578867
OTTAWA INTL A,2024-08-02 4:00,2024,8,2,4:00,20.2,20.2,100,18,9,1.7922964,,,21.26251667,96.4857,20.70806667,0.02,0.155,103.9666667,1,,1.06251667,2.48,3.5143,0.7922964
OTTAWA INTL A,2024-08-02 5:00,2024,8,2,5:00,19.7,19.7,100,19,5,4.871101517,,,20.9146,97.06871667,20.45905,0,0.005,115.2166667,1,,1.2146,1.388888889,2.93128333,3.871101517
OTTAWA INTL A,2024-08-02 6:00,2024,8,2,6:00,21.3,21.3,100,20,5,72.03338867,,,20.89031667,97.4544,20.49938333,0.03,0.115,109.35,7.9,,0.40968333,1.358888889,2.5456,64.13338867
OTTAWA INTL A,2024-08-02 7:00,2024,8,2,7:00,23.1,23.1,100,20,8,222.8364492,,,21.5581,97.20513333,21.1241,0.065,0.24,208.15,22.08333333,,1.5419,2.157222222,2.79486667,200.7531159
OTTAWA INTL A,2024-08-02 8:00,2024,8,2,8:00,24.3,23.4,95,23,5,328.3135952,,,22.47536667,95.70578333,21.78348333,0.055,0.306666667,210.6333333,33.78333333,,1.82463333,1.333888889,0.70578333,294.5302619
OTTAWA INTL A,2024-08-02 9:00,2024,8,2,9:00,25.6,23.1,86,21,3,339.8629645,,,23.37048333,93.54253333,22.29781667,0.01,0.198333333,115.8166667,32.33333333,,2.22951667,0.823333333,7.54253333,307.5296312
OTTAWA INTL A,2024-08-02 10:00,2024,8,2,10:00,26.9,22.6,77,19,6,393.7075837,,,24.42393333,91.22475,22.92855,0.083333333,0.35,152.8,34.85,,2.47606667,1.583333334,14.22475,358.8575837
OTTAWA INTL A,2024-08-02 11:00,2024,8,2,11:00,28,22.4,71,21,9,494.929563,,,25.32575,89.63408333,23.52605,0.07,0.321666667,208.3833333,43.23333333,,2.67425,2.43,18.63408333,451.6962297
OTTAWA INTL A,2024-08-02 12:00,2024,8,2,12:00,30.3,21.6,59,23,9,625.5878275,,,26.45761667,85.88166667,23.92991667,0.078333333,0.393333333,172.95,49.33333333,,3.84238333,2.421666667,26.88166667,576.2544942
OTTAWA INTL A,2024-08-02 13:00,2024,8,2,13:00,30.1,21.5,60,26,12,582.0872798,,,27.43481667,80.31658333,23.76525,0.105,0.381666667,149.7333333,47.73333333,,2.66518333,3.228333333,20.31658333,534.3539465
OTTAWA INTL A,2024-08-02 14:00,2024,8,2,14:00,30.7,22,59,19,9,543.171968,,,27.50981667,76.80411667,23.10018333,0.015,0.295,160.9166667,43.35,,3.19018333,2.485,17.80411667,499.821968
OTTAWA INTL A,2024-08-02 15:00,2024,8,2,15:00,30.1,20.8,57,23,16,528.6881848,,,27.6314,75.31728333,22.89181667,0.015,0.271666667,159.55,36.68333333,,2.4686,4.429444444,18.31728333,492.0048515
OTTAWA INTL A,2024-08-02 16:00,2024,8,2,16:00,29.9,20.9,58,23,10,504.9157775,,,27.67206667,73.21878333,22.46538333,0.005,0.266666667,128.5,31.21666667,,2.22793333,2.772777778,15.21878333,473.6991108
OTTAWA INTL A,2024-08-02 17:00,2024,8,2,17:00,29.9,20.8,58,22,8,361.7357045,,,27.74798333,74.79621667,22.89095,0,0.186666667,169.1333333,21.66666667,,2.15201667,2.222222222,16.79621667,340.0690378
OTTAWA INTL A,2024-08-02 18:00,2024,8,2,18:00,27.8,23.1,75,17,6,174.1847318,,,27.18038333,73.92431667,22.14151667,0.025,0.185,161.0666667,10.7,,0.61961667,1.641666667,1.07568333,163.4847318
OTTAWA INTL A,2024-08-02 19:00,2024,8,2,19:00,27.3,22,72,20,7,66.46136603,,,26.79608333,72.76971667,21.52308333,0.045,0.268333333,187.4333333,4.183333333,,0.50391667,1.899444444,0.76971667,62.2780327
OTTAWA INTL A,2024-08-02 20:00,2024,8,2,20:00,26.1,22.1,78,20,7,7.83442585,,,26.30126667,73.94531667,21.3088,0.125,0.353333333,186.5833333,1,,0.20126667,1.819444444,4.05468333,6.83442585
OTTAWA INTL A,2024-08-02 21:00,2024,8,2,21:00,25.2,21.1,78,20,9,1.861888583,,,25.74901667,75.45916667,21.10438333,0.02,0.165,166.2166667,1,,0.54901667,2.48,2.54083333,0.861888583
OTTAWA INTL A,2024-08-02 22:00,2024,8,2,22:00,24.2,21.3,83,19,9,1.90646725,,,25.41016667,80.0901,21.74845,0.02,0.091666667,121.9166667,1,,1.21016667,2.48,2.9099,0.90646725
OTTAWA INTL A,2024-08-02 23:00,2024,8,2,23:00,23.1,21.6,91,20,8,1.9539538,,,24.92008333,80.84045,21.42633333,0.075,0.216666667,172.9166667,1,,1.82008333,2.147222222,10.15955,0.9539538
OTTAWA INTL A,2024-08-03 0:00,2024,8,3,0:00,23,22,94,26,8,1.962849717,,,23.91985,85.73113333,21.40736667,0.02,0.205,192.3,1,,0.91985,2.202222222,8.26886667,0.962849717
OTTAWA INTL A,2024-08-03 1:00,2024,8,3,1:00,22.1,22.1,100,19,9,1.9352485,,,23.56993333,88.60338333,21.60495,0.085,0.246666667,185.2666667,1,,1.46993333,2.415,11.39661667,0.9352485
OTTAWA INTL A,2024-08-03 2:00,2024,8,3,2:00,21.7,21.7,100,19,9,1.493500833,,,23.61783333,87.2706,21.40306667,0.178333333,0.46,185.65,1,,1.91783333,2.321666667,12.7294,0.493500833
OTTAWA INTL A,2024-08-03 3:00,2024,8,3,3:00,21.2,21.2,100,22,7,1.8895876,,,23.28503333,88.41845,21.28835,0.05,0.166666667,134.2333333,1,,2.08503333,1.894444444,11.58155,0.8895876
OTTAWA INTL A,2024-08-03 4:00,2024,8,3,4:00,21.4,21.4,100,21,9,1.757618817,,,22.51005,91.21011667,21.03163333,0.005,0.031666667,117.8166667,1,,1.11005,2.495,8.78988333,0.757618817
OTTAWA INTL A,2024-08-03 5:00,2024,8,3,5:00,21,21,100,21,12,3.422858483,,,21.93483333,93.18371667,20.81023333,0.01,0.118333333,177.35,1,,0.93483333,3.323333333,6.81628333,2.422858483
OTTAWA INTL A,2024-08-03 6:00,2024,8,3,6:00,21.2,21.2,100,22,9,50.0976738,,,21.77506667,94.38163333,20.85976667,0.01,0.06,130.5666667,4.833333333,,0.57506667,2.49,5.61836667,45.26434047
OTTAWA INTL A,2024-08-03 7:00,2024,8,3,7:00,23.3,23.3,100,23,7,226.744656,,,22.75781667,91.29681667,21.28661667,0.146666667,0.45,253.75,23.66666667,,0.54218333,1.797777777,8.70318333,203.0779893
OTTAWA INTL A,2024-08-03 8:00,2024,8,3,8:00,24.8,23.1,90,22,10,344.6580417,,,23.82695,87.66396667,21.68355,0.115,0.448333333,243.5666667,32.08333333,,0.97305,2.662777778,2.33603333,312.5747084
OTTAWA INTL A,2024-08-03 9:00,2024,8,3,9:00,26.9,23.3,81,26,10,542.4917875,,,24.70348333,85.21656667,22.07945,0.181666667,0.531666667,286.6333333,53.73333333,,2.19651667,2.596111111,4.21656667,488.7584542
OTTAWA INTL A,2024-08-03 10:00,2024,8,3,10:00,28.7,21.9,66,25,7,663.782231,,,25.89448333,80.42271667,22.28798333,0.125,0.446666667,251.4833333,56.81666667,,2.80551667,1.819444444,14.42271667,606.9655643
OTTAWA INTL A,2024-08-03 11:00,2024,8,3,11:00,29.7,22.9,66,26,7,775.5368757,,,27.1714,76.52456667,22.70303333,0.141666667,0.476666667,250.8666667,68.45,,2.5286,1.802777777,10.52456667,707.0868757
OTTAWA INTL A,2024-08-03 12:00,2024,8,3,12:00,30.6,21.2,57,30,10,758.8507543,,,28.05108333,71.87321667,22.52101667,0.231666667,0.62,235.9,61.28333333,,2.54891667,2.546111111,14.87321667,697.567421
OTTAWA INTL A,2024-08-03 13:00,2024,8,3,13:00,30.2,21.6,60,21,14,737.1804452,,,28.65241667,71.8525,23.09171667,0.256666667,0.63,230.15,61.65,,1.54758333,3.632222222,11.8525,675.5304452
OTTAWA INTL A,2024-08-03 14:00,2024,8,3,14:00,31.3,21.9,57,22,16,583.2266785,,,28.5373,71.4041,22.87851667,0.158333333,0.515,170.6666667,46.23333333,,2.7627,4.286111111,14.4041,536.9933452
OTTAWA INTL A,2024-08-03 15:00,2024,8,3,15:00,30.9,22.2,59,23,21,478.9118937,,,28.97548333,71.51296667,23.32356667,0.265,0.608333333,206.9166667,43.33333333,,1.92451667,5.568333333,12.51296667,435.5785604
OTTAWA INTL A,2024-08-03 16:00,2024,8,3,16:00,29.4,23.7,71,20,21,431.1908733,,,28.86035,72.4375,23.42851667,0.22,0.591666667,216.2666667,31.33333333,,0.53965,5.613333333,1.4375,399.85754
OTTAWA INTL A,2024-08-03 17:00,2024,8,3,17:00,28.2,24.4,80,20,20,255.2027093,,,28.6749,73.57328333,23.50991667,0.503333333,0.931666667,207.7333333,19.96666667,,0.4749,5.052222223,6.42671667,235.2360426
OTTAWA INTL A,2024-08-03 18:00,2024,8,3,18:00,27.7,24.2,81,22,18,154.9336828,,,28.47891667,76.54801667,23.98206667,0.738333333,1.063333333,216.6333333,10.31666667,,0.77891667,4.261666667,4.45198333,144.6170161
OTTAWA INTL A,2024-08-03 19:00,2024,8,3,19:00,25.7,20.4,72,35,18,16.35732027,,,23.83121667,89.9681,22.0587,0.721666667,1.12,180.7166667,1.2,,1.86878333,4.278333333,17.9681,15.15732027
OTTAWA INTL A,2024-08-03 20:00,2024,8,3,20:00,21.4,21.4,100,16,8,16.79113862,,,20.90715,93.39383333,19.8238,0.585,0.833333333,213.3,1.95,,0.49285,1.637222222,6.60616667,14.84113862
OTTAWA INTL A,2024-08-03 21:00,2024,8,3,21:00,21.8,21.8,100,16,13,1.762279733,,,20.74723333,97.4597,20.35713333,0.141666667,0.441666667,193.4833333,1,,1.05276667,3.469444444,2.5403,0.762279733
OTTAWA INTL A,2024-08-03 22:00,2024,8,3,22:00,21.2,21.2,100,23,10,1.680811383,,,20.96583333,98.37161667,20.72695,0.126666667,0.37,222.0333333,1,,0.23416667,2.651111111,1.62838333,0.680811383
OTTAWA INTL A,2024-08-03 23:00,2024,8,3,23:00,22.1,22.1,100,22,7,1.481427217,,,20.88038333,98.7258,20.70001667,0.07,0.246666667,198.5,1,,1.21961667,1.874444444,1.2742,0.481427217
OTTAWA INTL A,2024-08-04 0:00,2024,8,4,0:00,21.8,21.8,100,30,8,1.668773083,,,20.93863333,98.74225,20.76098333,0.04,0.141666667,141.35,1,,0.86136667,2.182222222,1.25775,0.668773083
OTTAWA INTL A,2024-08-04 1:00,2024,8,4,1:00,19.9,19.9,100,5,8,1.808976933,,,20.79771667,98.64641667,20.60433333,0.15,0.413333333,81.48333333,1,,0.89771667,2.072222222,1.35358333,0.808976933
OTTAWA INTL A,2024-08-04 2:00,2024,8,4,2:00,19.5,19.5,100,3,6,1.6690077,,,20.3957,98.30838333,20.14656667,0.04,0.208333333,174.8166667,1,,0.8957,1.626666667,1.69161667,0.6690077
OTTAWA INTL A,2024-08-04 3:00,2024,8,4,3:00,19.2,19.2,100,2.5,0,1.697277533,,,19.97563333,98.73165,19.79618333,0,0.06,136.75,1,,0.77563333,0,1.26835,0.697277533
OTTAWA INTL A,2024-08-04 4:00,2024,8,4,4:00,19,19,100,2,6,1.736661933,,,19.87918333,98.95546667,19.73626667,0.03,0.156666667,158.85,1,,0.87918333,1.636666667,1.04453333,0.736661933
OTTAWA INTL A,2024-08-04 5:00,2024,8,4,5:00,18.8,18.8,100,6.333333333,0,3.514984117,,,19.46301667,98.90468333,19.31171667,0.015,0.093333333,192.3833333,1,,0.66301667,0.015,1.09531667,2.514984117
OTTAWA INTL A,2024-08-04 6:00,2024,8,4,6:00,18.5,18.5,100,10.66666667,0,65.44349937,,,19.39186667,99.23631667,19.29445,0.01,0.086666667,169.8333333,6.033333333,,0.89186667,0.01,0.76368333,59.41016604
OTTAWA INTL A,2024-08-04 7:00,2024,8,4,7:00,20.6,20.6,100,15,6,198.8588768,,,20.17756667,99.45513333,20.11631667,0.095,0.28,153.0666667,17.83333333,,0.42243333,1.571666667,0.54486667,181.0255435
OTTAWA INTL A,2024-08-04 8:00,2024,8,4,8:00,21.4,21.4,100,25,3,387.6810492,,,20.74918333,98.99863333,20.61338333,0.081666667,0.325,196.2166667,22.85,,0.65081667,0.751666666,1.00136667,364.8310492
OTTAWA INTL A,2024-08-04 9:00,2024,8,4,9:00,23.7,23.7,100,19,5,522.1471145,,,21.48731667,97.41935,21.08895,0.168333333,0.47,269.5666667,44.78333333,,2.21268333,1.220555556,2.58065,477.3637812
OTTAWA INTL A,2024-08-04 10:00,2024,8,4,10:00,26.4,21.9,76,15,4,684.6189165,,,22.84853333,94.39353333,21.92555,0.196666667,0.545,163.65,54.95,,3.55146667,0.914444444,18.39353333,629.6689165
OTTAWA INTL A,2024-08-04 11:00,2024,8,4,11:00,28,21.5,67,22,11,707.345925,,,24.33243333,90.23461667,22.65636667,0.211666667,0.55,220.6,57.65,,3.66756667,2.843888889,23.23461667,649.695925
OTTAWA INTL A,2024-08-04 12:00,2024,8,4,12:00,29.7,21.6,61,24,10,818.467865,,,25.36048333,86.67345,22.99096667,0.116666667,0.418333333,217.6666667,60.58333333,,4.33951667,2.661111111,25.67345,757.8845317
OTTAWA INTL A,2024-08-04 13:00,2024,8,4,13:00,29.8,20.7,57,27,10,824.0887672,,,26.95866667,73.89265,21.90678333,0.275,0.698333333,255.8,75.66666667,,2.84133333,2.502777778,16.89265,748.4221005
OTTAWA INTL A,2024-08-04 14:00,2024,8,4,14:00,31.6,17.4,42,24,20,774.9047135,,,27.4463,70.72325,21.67543333,0.186666667,0.58,187.1,52.83333333,,4.1537,5.368888889,28.72325,722.0713802
OTTAWA INTL A,2024-08-04 15:00,2024,8,4,15:00,31.3,16.7,41,26,26,620.349146,,,26.96363333,70.03315,21.05335,0.17,0.561666667,153.2333333,34.31666667,,4.33636667,7.052222222,29.03315,586.0324793
OTTAWA INTL A,2024-08-04 16:00,2024,8,4,16:00,30.8,15.5,39,30,29,549.9831823,,,27.04226667,67.80843333,20.59678333,0.208333333,0.68,130.45,29.9,,3.75773333,7.847222223,28.80843333,520.0831823
OTTAWA INTL A,2024-08-04 17:00,2024,8,4,17:00,29.9,16.7,44,29,27,348.6733825,,,26.49646667,66.60995,19.79028333,0.181666667,0.613333333,142,16.5,,3.40353333,7.318333333,22.60995,332.1733825
OTTAWA INTL A,2024-08-04 18:00,2024,8,4,18:00,28.1,16.8,50,32,30,196.1465219,,,25.71283333,71.09651667,20.09995,0.09,0.471666667,150.0666667,7.4,,2.38716667,8.243333333,21.09651667,188.7465219
OTTAWA INTL A,2024-08-04 19:00,2024,8,4,19:00,26.5,17.2,56,33,21,63.94044075,,,24.78535,74.16491667,19.89356667,0.065,0.365,164.4333333,1.95,,1.71465,5.768333333,18.16491667,61.99044075
OTTAWA INTL A,2024-08-04 20:00,2024,8,4,20:00,25.3,17.3,61,34,21,5.69238835,,,23.8995,76.28186667,19.48953333,0.005,0.173333333,158.8166667,1,,1.4005,5.828333333,15.28186667,4.69238835
OTTAWA INTL A,2024-08-04 21:00,2024,8,4,21:00,23.9,17,65,35,20,2.21298335,,,22.95873333,80.82195,19.51055,0.005,0.081666667,162.8166667,1,,0.94126667,5.550555556,15.82195,1.21298335
OTTAWA INTL A,2024-08-04 22:00,2024,8,4,22:00,22.7,15.8,65,35,15,2.206654767,,,22.15508333,79.50903333,18.46348333,0.03,0.19,87.75,1,,0.54491667,4.136666667,14.50903333,1.206654767
OTTAWA INTL A,2024-08-04 23:00,2024,8,4,23:00,21,15.5,70,1,12,2.04649705,,,20.7574,81.00266667,17.40006667,0.02,0.118333333,174.3333333,1,,0.2426,3.313333333,11.00266667,1.04649705
OTTAWA INTL A,2024-08-05 0:00,2024,8,5,0:00,19.9,15.4,75,4,7,1.804388933,,,19.88335,81.5705,16.65328333,0.005,0.133333333,187.0166667,1,,0.01665,1.939444444,6.5705,0.804388933
OTTAWA INTL A,2024-08-05 1:00,2024,8,5,1:00,17.8,15.6,87,7,4,1.82445275,,,19.06475,85.46583333,16.59091667,0.005,0.115,158.95,1,,1.26475,1.106111111,1.53416667,0.82445275
OTTAWA INTL A,2024-08-05 2:00,2024,8,5,2:00,17.8,15.3,85,2,7,1.780133617,,,18.48781667,88.91835,16.64426667,0.015,0.128333333,169.3833333,1,,0.68781667,1.929444444,3.91835,0.780133617
OTTAWA INTL A,2024-08-05 3:00,2024,8,5,3:00,15.8,15.8,100,24,5,1.677216167,,,18.05818333,91.95538333,16.75153333,0.035,0.173333333,207.1166667,1,,2.25818333,1.353888889,8.04461667,0.677216167
OTTAWA INTL A,2024-08-05 4:00,2024,8,5,4:00,16.8,16.8,100,27,5,1.685204133,,,17.38251667,92.5894,16.19048333,0.025,0.125,190.6333333,1,,0.58251667,1.363888889,7.4106,0.685204133
OTTAWA INTL A,2024-08-05 5:00,2024,8,5,5:00,17.1,17.1,100,28,4,2.096847567,,,17.30791667,91.95355,16.00686667,0.045,0.173333333,166.5666667,1,,0.20791667,1.066111111,8.04645,1.096847567
OTTAWA INTL A,2024-08-05 6:00,2024,8,5,6:00,17.8,17.8,100,19,6,35.23727768,,,17.45586667,92.48421667,16.24508333,0.055,0.18,182.1,3.233333333,,0.34413333,1.611666667,7.51578333,32.00394435
OTTAWA INTL A,2024-08-05 7:00,2024,8,5,7:00,19.1,18.7,98,29,6,45.66514323,,,17.97665,92.123,16.69985,0.005,0.145,182.3833333,3.666666667,,1.12335,1.661666667,5.877,41.99847656
OTTAWA INTL A,2024-08-05 8:00,2024,8,5,8:00,18.9,18.9,100,19,5,89.30634232,,,18.49716667,92.61301667,17.30001667,0.01,0.11,147.5833333,7.166666667,,0.40283333,1.378888889,7.38698333,82.13967565
OTTAWA INTL A,2024-08-05 9:00,2024,8,5,9:00,18.5,18.5,100,15,9,146.732558,,,19.1945,90.89025,17.69181667,0.105,0.281666667,77.51666667,13.55,,0.6945,2.395,9.10975,133.182558
OTTAWA INTL A,2024-08-05 10:00,2024,8,5,10:00,18.5,17.9,96,14,10,79.086827,,,19.66858333,88.63976667,17.76288333,0.12,0.455,111.9833333,7.566666667,,1.16858333,2.657777778,7.36023333,71.52016033
OTTAWA INTL A,2024-08-05 11:00,2024,8,5,11:00,18.6,18.5,99,7,6,75.40690788,,,19.3736,88.37428333,17.42273333,0.065,0.291666667,140.7666667,7.516666667,,0.7736,1.601666667,10.62571667,67.89024121
OTTAWA INTL A,2024-08-05 12:00,2024,8,5,12:00,18.8,18.4,97,13,7,52.1140804,,,17.77401667,94.20808333,16.85085,0.171666667,0.43,121.75,3.766666667,,1.02598333,1.772777777,2.79191667,48.34741373
OTTAWA INTL A,2024-08-05 13:00,2024,8,5,13:00,18.9,18.9,100,11,5,125.0757138,,,17.76038333,95.75685,17.09615,0.06,0.213333333,66.31666667,9.75,,1.13961667,1.328888889,4.24315,115.3257138
OTTAWA INTL A,2024-08-05 14:00,2024,8,5,14:00,19.1,18.9,99,7,12,81.87350063,,,17.88728333,95.3523,17.15548333,0.251666667,0.603333333,68.7,6.666666667,,1.21271667,3.081666666,3.6477,75.20683396
OTTAWA INTL A,2024-08-05 15:00,2024,8,5,15:00,17.2,17.2,100,3,22,57.49248928,,,16.9235,96.3357,16.35698333,0.395,0.8,46.46666667,3.366666667,,0.2765,5.716111111,3.6643,54.12582261
OTTAWA INTL A,2024-08-05 16:00,2024,8,5,16:00,16,16,100,4,22,50.22979855,,,16.46783333,97.10585,16.02753333,0.441666667,0.828333333,54.23333333,3.866666667,,0.46783333,5.669444444,2.89415,46.36313188
OTTAWA INTL A,2024-08-05 17:00,2024,8,5,17:00,15.4,15.4,100,3,19,67.03327183,,,15.43711667,97.51263333,15.06401667,0.336666667,0.701666667,64.86666667,5.033333333,,0.03711667,4.941111111,2.48736667,61.9999385
OTTAWA INTL A,2024-08-05 18:00,2024,8,5,18:00,15.4,15.4,100,6,12,95.82787342,,,15.33783333,96.67186667,14.83025,0.251666667,0.585,78.15,7.433333333,,0.06216667,3.081666666,3.32813333,88.39454009
OTTAWA INTL A,2024-08-05 19:00,2024,8,5,19:00,15.1,15.1,100,5,15,59.17695017,,,15.55731667,95.73425,14.89736667,0.205,0.451666667,74.53333333,3.7,,0.45731667,3.961666667,4.26575,55.47695017
OTTAWA INTL A,2024-08-05 20:00,2024,8,5,20:00,14.3,14.3,100,4,8,6.890957267,,,15.20446667,96.7934,14.71636667,0.085,0.293333333,173.5333333,1,,0.90446667,2.137222222,3.2066,5.890957267
OTTAWA INTL A,2024-08-05 21:00,2024,8,5,21:00,14.4,14.4,100,1,8,1.715698733,,,14.86346667,98.38381667,14.62918333,0.01,0.146666667,183.8166667,1,,0.46346667,2.212222222,1.61618333,0.715698733
OTTAWA INTL A,2024-08-05 22:00,2024,8,5,22:00,14.5,14.5,100,33,7,1.575459467,,,14.792,98.82853333,14.62781667,0,0.095,200.75,1,,0.292,1.944444444,1.17146667,0.575459467
OTTAWA INTL A,2024-08-05 23:00,2024,8,5,23:00,14,14,100,32,8,1.509198883,,,14.61393333,98.79216667,14.44405,0,0.015,107.4,1,,0.61393333,2.222222222,1.20783333,0.509198883
OTTAWA INTL A,2024-08-06 0:00,2024,8,6,0:00,13,13,100,31,7,1.74506755,,,14.66686667,98.97436667,14.52545,0,0.01,86.93333333,1,,1.66686667,1.944444444,1.02563333,0.74506755
OTTAWA INTL A,2024-08-06 1:00,2024,8,6,1:00,14.2,14.2,100,34,9,1.6424013,,,14.43383333,98.65561667,14.24245,0.04,0.216666667,169.55,1,,0.23383333,2.46,1.34438333,0.6424013
OTTAWA INTL A,2024-08-06 2:00,2024,8,6,2:00,13.9,13.9,100,35,9,1.57913815,,,14.20178333,99.11113333,14.08155,0.15,0.46,220.7666667,1,,0.30178333,2.35,0.88886667,0.57913815
OTTAWA INTL A,2024-08-06 3:00,2024,8,6,3:00,13.8,13.8,100,1,6,1.5968632,,,14.2491,99.25026667,14.15051667,0.045,0.208333333,171.4666667,1,,0.4491,1.621666667,0.74973333,0.5968632
OTTAWA INTL A,2024-08-06 4:00,2024,8,6,4:00,14,14,100,35,11,1.572121983,,,14.17506667,98.92318333,14.02553333,0.03,0.193333333,155.8833333,1,,0.17506667,3.025555556,1.07681667,0.572121983
OTTAWA INTL A,2024-08-06 5:00,2024,8,6,5:00,13.3,13.3,100,25.5,0,2.476368083,,,14.22941667,99.07448333,14.10346667,0,0.09,126.85,1,,0.92941667,0,0.92551667,1.476368083
OTTAWA INTL A,2024-08-06 6:00,2024,8,6,6:00,13.4,13.4,100,16,7,43.31399833,,,14.21086667,99.08546667,14.0866,0.005,0.13,159.9,2.45,,0.81086667,1.939444444,0.91453333,40.86399833
OTTAWA INTL A,2024-08-06 7:00,2024,8,6,7:00,14,14,100,22,5,128.5966896,,,14.65578333,98.8583,14.49608333,0,0.12,198.35,11.71666667,,0.65578333,1.388888889,1.1417,116.8800229
OTTAWA INTL A,2024-08-06 8:00,2024,8,6,8:00,15,15,100,23,5,238.3867465,,,15.2785,97.62035,14.92251667,0.01,0.205,212.0833333,19.9,,0.2785,1.378888889,2.37965,218.4867465
OTTAWA INTL A,2024-08-06 9:00,2024,8,6,9:00,17,15.6,91,36,7,412.7113385,,,16.00301667,94.1885,15.0844,0.085,0.338333333,202.9833333,35.25,,0.99698333,1.859444444,3.1885,377.4613385
OTTAWA INTL A,2024-08-06 10:00,2024,8,6,10:00,19,15.5,80,33,8,468.6029635,,,16.9135,90.35195,15.34045,0.18,0.436666667,302.9,41.35,,2.0865,2.042222222,10.35195,427.2529635
OTTAWA INTL A,2024-08-06 11:00,2024,8,6,11:00,20.4,14.2,67,13,8,604.3720305,,,18.0585,83.43885,15.21071667,0.08,0.361666667,182.6333333,51.66666667,,2.3415,2.142222222,16.43885,552.7053638
OTTAWA INTL A,2024-08-06 12:00,2024,8,6,12:00,21.5,12.4,56,6,7,685.3755597,,,19.07508333,79.0159,15.36495,0.17,0.526666667,258.1833333,54.1,,2.42491667,1.774444444,23.0159,631.2755597
OTTAWA INTL A,2024-08-06 13:00,2024,8,6,13:00,22.6,10.3,45,34,9,783.091731,,,19.90476667,72.02521667,14.68783333,0.146666667,0.47,243.5833333,63.46666667,,2.69523333,2.353333333,27.02521667,719.6250643
OTTAWA INTL A,2024-08-06 14:00,2024,8,6,14:00,23.4,11.3,46,35,6,673.823254,,,20.92718333,64.47498333,13.98121667,0.148333333,0.466666667,130.75,50.6,,2.47281667,1.518333334,18.47498333,623.223254
OTTAWA INTL A,2024-08-06 15:00,2024,8,6,15:00,23.4,8.5,38,35,7,446.9490903,,,20.8142,68.94536667,14.90705,0.005,0.165,113.45,31.88333333,,2.5858,1.939444444,30.94536667,415.065757
OTTAWA INTL A,2024-08-06 16:00,2024,8,6,16:00,22.8,11.3,48,35,12,401.2270712,,,21.19811667,64.7692,14.2812,0.056666667,0.268333333,154.6333333,30.85,,1.60188333,3.276666666,16.7692,370.3770712
OTTAWA INTL A,2024-08-06 17:00,2024,8,6,17:00,22.3,7.8,39,34,14,276.4424925,,,20.32443333,66.74501667,13.93761667,0.035,0.21,173.8333333,20.75,,1.97556667,3.853888889,27.74501667,255.6924925
OTTAWA INTL A,2024-08-06 18:00,2024,8,6,18:00,21.2,9.9,48,33,9,126.3924904,,,20.1,63.34636667,12.92403333,0.035,0.193333333,193.1166667,10.95,,1.1,2.465,15.34636667,115.4424904
OTTAWA INTL A,2024-08-06 19:00,2024,8,6,19:00,21.1,9.9,48,30,8,48.40323228,,,19.32795,66.09901667,12.8473,0,0.07,114.9166667,3.45,,1.77205,2.222222222,18.09901667,44.95323228
OTTAWA INTL A,2024-08-06 20:00,2024,8,6,20:00,17.6,13.1,75,25,5,9.18879245,,,18.82348333,65.61178333,12.26225,0.01,0.098333333,127.6666667,1,,1.22348333,1.378888889,9.38821667,8.18879245
OTTAWA INTL A,2024-08-06 21:00,2024,8,6,21:00,15.7,13.8,88,21,4,2.380641383,,,18.11178333,72.93143333,13.17043333,0,0.04,136.4166667,1,,2.41178333,1.111111111,15.06856667,1.380641383
OTTAWA INTL A,2024-08-06 22:00,2024,8,6,22:00,15.2,13.9,92,22,4,2.079091417,,,17.10938333,81.78056667,13.98143333,0,0.065,139.2333333,1,,1.90938333,1.111111111,10.21943333,1.079091417
OTTAWA INTL A,2024-08-06 23:00,2024,8,6,23:00,16.4,13.6,83,20,0,1.876758033,,,16.37806667,88.37901667,14.46953333,0,0.04,165.8833333,1,,0.02193333,0,5.37901667,0.876758033
OTTAWA INTL A,2024-08-07 0:00,2024,8,7,0:00,12.5,12.5,100,18,3,1.808900167,,,16.10745,92.70753333,14.94426667,0.01,0.12,166.8833333,1,,3.60745,0.823333333,7.29246667,0.808900167
OTTAWA INTL A,2024-08-07 1:00,2024,8,7,1:00,14.8,14.4,98,31,8,1.916295933,,,15.61126667,93.46323333,14.57648333,0.04,0.156666667,139.6166667,1,,0.81126667,2.182222222,4.53676667,0.916295933
OTTAWA INTL A,2024-08-07 2:00,2024,8,7,2:00,14.9,13.5,91,34,12,1.796556567,,,14.86416667,92.48258333,13.67383333,0.03,0.206666667,201.75,1,,0.03583333,3.303333333,1.48258333,0.796556567
OTTAWA INTL A,2024-08-07 3:00,2024,8,7,3:00,14.8,13.8,94,36,15,1.48488135,,,14.56675,92.86098333,13.44175,0.005,0.093333333,138.35,1,,0.23325,4.161666667,1.13901667,0.48488135
OTTAWA INTL A,2024-08-07 4:00,2024,8,7,4:00,14.2,13,92,1,15,1.662502567,,,14.46131667,92.70668333,13.31168333,0.005,0.065,133.4833333,1,,0.26131667,4.161666667,0.70668333,0.662502567
OTTAWA INTL A,2024-08-07 5:00,2024,8,7,5:00,13.7,12.1,90,36,14,3.821932,,,14.03386667,91.55323333,12.69596667,0,0.15,140.05,1,,0.33386667,3.888888889,1.55323333,2.821932
OTTAWA INTL A,2024-08-07 6:00,2024,8,7,6:00,14.8,12.3,85,1,9,66.13694282,,,13.7489,92.64996667,12.59513333,0.085,0.315,186.75,10.81666667,,1.0511,2.415,7.64996667,55.32027615
OTTAWA INTL A,2024-08-07 7:00,2024,8,7,7:00,17.2,12,71,34,13,199.3036215,,,14.76871667,90.03838333,13.16758333,0.141666667,0.433333333,273.0833333,22.86666667,,2.43128333,3.469444444,19.03838333,176.4369548
OTTAWA INTL A,2024-08-07 8:00,2024,8,7,8:00,19,10.9,59,35,10,409.6091405,,,15.90085,85.08273333,13.40888333,0.191666667,0.47,278.8166667,39.95,,3.09915,2.586111111,26.08273333,369.6591405
OTTAWA INTL A,2024-08-07 9:00,2024,8,7,9:00,20.8,10.9,53,4,12,581.2178053,,,17.49583333,78.5581,13.73161667,0.071666667,0.336666667,174.5166667,52.5,,3.30416667,3.261666666,25.5581,528.7178053
OTTAWA INTL A,2024-08-07 10:00,2024,8,7,10:00,22,9.9,46,3,11,728.4695843,,,19.30393333,70.70063333,13.84756667,0.13,0.45,145,59.76666667,,2.69606667,2.925555556,24.70063333,668.7029176
OTTAWA INTL A,2024-08-07 11:00,2024,8,7,11:00,22.4,7.6,38,7,9,831.9282352,,,20.84393333,57.80408333,12.21233333,0.228333333,0.553333333,162.5833333,66.18333333,,1.55606667,2.271666667,19.80408333,765.7449019
OTTAWA INTL A,2024-08-07 12:00,2024,8,7,12:00,23.5,9.6,41,7,9,899.528149,,,21.41615,53.21725,11.48278333,0.145,0.483333333,150.6,64.48333333,,2.08385,2.355,12.21725,835.0448157
OTTAWA INTL A,2024-08-07 13:00,2024,8,7,13:00,23.9,7.2,34,34,5,898.399551,,,21.99596667,49.38968333,10.89625,0.203333333,0.525,189.3333333,59.66666667,,1.90403333,1.185555556,15.38968333,838.7328843
OTTAWA INTL A,2024-08-07 14:00,2024,8,7,14:00,24.6,8.7,36,6,12,832.5111558,,,22.46353333,47.901,10.86811667,0.261666667,0.606666667,186.65,57.03333333,,2.13646667,3.071666666,11.901,775.4778225
OTTAWA INTL A,2024-08-07 15:00,2024,8,7,15:00,24.8,9.5,37,7.5,0,738.0622497,,,22.35018333,50.59113333,11.59238333,0.091666667,0.396666667,159.8666667,40.53333333,,2.44981667,0.091666667,13.59113333,697.5289164
OTTAWA INTL A,2024-08-07 16:00,2024,8,7,16:00,24.4,9.1,37,9,5,592.1474962,,,22.57756667,48.94545,11.29475,0.045,0.268333333,145.45,33.2,,1.82243333,1.343888889,11.94545,558.9474962
OTTAWA INTL A,2024-08-07 17:00,2024,8,7,17:00,24.3,10.7,42,11,10,423.5507167,,,22.40808333,50.9391,11.74621667,0.065,0.283333333,159.8833333,18.5,,1.89191667,2.712777778,8.9391,405.0507167
OTTAWA INTL A,2024-08-07 18:00,2024,8,7,18:00,23,11.6,48,12,12,246.8772348,,,22.40276667,46.18426667,10.28488333,0.025,0.173333333,117.8333333,7.333333333,,0.59723333,3.308333333,1.81573333,239.5439015
OTTAWA INTL A,2024-08-07 19:00,2024,8,7,19:00,20.7,11.7,56,10,7,75.26491017,,,21.18278333,50.4731,10.49848333,0,0.045,148.3166667,1.533333333,,0.48278333,1.944444444,5.5269,73.73157684
OTTAWA INTL A,2024-08-07 20:00,2024,8,7,20:00,18.7,11.2,61,11,8,6.54682,,,21.00111667,54.60168333,11.5133,0.115,0.408333333,153.2333333,1,,2.30111667,2.107222222,6.39831667,5.54682
OTTAWA INTL A,2024-08-07 21:00,2024,8,7,21:00,16.2,11.4,73,12,6,1.93197105,,,19.15701667,68.07613333,13.08121667,0,0.12,134.9833333,1,,2.95701667,1.666666667,4.92386667,0.93197105
OTTAWA INTL A,2024-08-07 22:00,2024,8,7,22:00,14.3,11.6,84,6,8,2.28368045,,,17.78183333,78.19843333,13.9484,0.005,0.03,105.1333333,1,,3.48183333,2.217222222,5.80156667,1.28368045
OTTAWA INTL A,2024-08-07 23:00,2024,8,7,23:00,15.1,11.3,78,6,7,2.177304867,,,16.77205,82.86723333,13.85785,0,0.04,111.3166667,1,,1.67205,1.944444444,4.86723333,1.177304867
OTTAWA INTL A,2024-08-08 0:00,2024,8,8,0:00,14.6,11.1,79,6,8,1.942073433,,,15.7268,85.3528,13.28821667,0,0.005,107.4666667,1,,1.1268,2.222222222,6.3528,0.942073433
OTTAWA INTL A,2024-08-08 1:00,2024,8,8,1:00,13.2,11,86,7,9,1.627631817,,,14.91783333,88.46213333,13.0439,0,0.04,102.35,1,,1.71783333,2.5,2.46213333,0.627631817
OTTAWA INTL A,2024-08-08 2:00,2024,8,8,2:00,12.9,11.4,90,4,9,1.7714768,,,14.51131667,91.52433333,13.16413333,0,0.045,83,1,,1.61131667,2.5,1.52433333,0.7714768
OTTAWA INTL A,2024-08-08 3:00,2024,8,8,3:00,12.1,12.1,100,4,15,1.616571883,,,14.16715,91.16718333,12.76341667,0.12,0.351666667,55.83333333,1,,2.06715,4.046666667,8.83281667,0.616571883
OTTAWA INTL A,2024-08-08 4:00,2024,8,8,4:00,12.2,12.2,100,5,15,1.3907828,,,14.10895,91.00891667,12.67906667,0.095,0.303333333,67.01666667,1,,1.90895,4.071666667,8.99108333,0.3907828
OTTAWA INTL A,2024-08-08 5:00,2024,8,8,5:00,12.3,12.3,100,5,11,2.59741165,,,14.24933333,89.71403333,12.59706667,0.228333333,0.478333333,75.03333333,1,,1.94933333,2.827222223,10.28596667,1.59741165
OTTAWA INTL A,2024-08-08 6:00,2024,8,8,6:00,14.1,13.8,98,7,10,54.96239543,,,14.92103333,86.98006667,12.78881667,0.308333333,0.626666667,78.83333333,8.766666667,,0.82103333,2.469444445,11.01993333,46.19572876
OTTAWA INTL A,2024-08-08 7:00,2024,8,8,7:00,15.6,14.5,93,6,12,183.5659375,,,16.17425,83.486,13.391,0.288333333,0.623333333,96.66666667,22,,0.57425,3.045,9.514,161.5659375
OTTAWA INTL A,2024-08-08 8:00,2024,8,8,8:00,17.9,14.1,78,6,10,333.7003707,,,17.4586,78.44323333,13.67773333,0.246666667,0.57,105.2833333,31.35,,0.4414,2.531111111,0.44323333,302.3503707
OTTAWA INTL A,2024-08-08 9:00,2024,8,8,9:00,19.2,14.4,73,9,10,393.0313427,,,18.92218333,72.4013,13.86541667,0.366666667,0.683333333,96.56666667,35.2,,0.27781667,2.411111111,0.5987,357.8313427
OTTAWA INTL A,2024-08-08 10:00,2024,8,8,10:00,21.7,14.3,62,7,12,624.5662107,,,20.55496667,65.6364,13.90795,0.488333333,0.808333333,104.0333333,53.2,,1.14503333,2.845,3.6364,571.3662107
OTTAWA INTL A,2024-08-08 11:00,2024,8,8,11:00,22.9,15.5,63,8,15,634.3591578,,,22.04745,62.32235,14.5286,0.44,0.803333333,113.6666667,58.95,,0.85255,3.726666667,0.67765,575.4091578
OTTAWA INTL A,2024-08-08 12:00,2024,8,8,12:00,24.2,14.9,56,9,22,522.7893147,,,22.64183333,63.741,15.4408,0.35,0.716666667,109.7166667,44.81666667,,1.55816667,5.761111111,7.741,477.972648
OTTAWA INTL A,2024-08-08 13:00,2024,8,8,13:00,25.5,15.8,54,9,21,736.9639477,,,23.53311667,61.96558333,15.83873333,0.71,1.211666667,111.1833333,59.15,,1.96688333,5.123333333,7.96558333,677.8139477
OTTAWA INTL A,2024-08-08 14:00,2024,8,8,14:00,25.2,15.5,55,9,20,586.8488552,,,23.98535,61.90406667,16.252,0.666666667,1.218333333,117.4833333,44.61666667,,1.21465,4.888888889,6.90406667,542.2321885
OTTAWA INTL A,2024-08-08 15:00,2024,8,8,15:00,24.6,16.2,59,11,19,324.5284342,,,24.21185,62.81073333,16.69426667,0.596666667,1.11,119.1,29.48333333,,0.38815,4.681111111,3.81073333,295.0451009
OTTAWA INTL A,2024-08-08 16:00,2024,8,8,16:00,24.3,17.1,64,10,17,148.4226588,,,23.91416667,65.06233333,16.96895,0.39,0.783333333,128.3333333,11.71666667,,0.38583333,4.332222222,1.06233333,136.7059921
OTTAWA INTL A,2024-08-08 17:00,2024,8,8,17:00,21.9,17.6,77,17,19,159.9030706,,,24.02101667,64.61338333,16.96175,0.386666667,0.796666667,125.05,13.38333333,,2.12101667,4.891111111,12.38661667,146.5197373
OTTAWA INTL A,2024-08-08 18:00,2024,8,8,18:00,21,17.6,81,16,14,58.33086852,,,22.79996667,70.50848333,17.1591,0.36,0.756666667,152.8666667,4.616666667,,1.79996667,3.528888889,10.49151667,53.71420185
OTTAWA INTL A,2024-08-08 19:00,2024,8,8,19:00,20.2,19.3,95,14,18,14.3615371,,,21.5034,77.36886667,17.39548333,0.14,0.481666667,140.65,1.016666667,,1.3034,4.86,17.63113333,13.34487043
OTTAWA INTL A,2024-08-08 20:00,2024,8,8,20:00,18.8,18.8,100,14,17,3.391875883,,,20.21728333,88.18485,18.20223333,0.105,0.453333333,138.9833333,1,,1.41728333,4.617222222,11.81515,2.391875883
OTTAWA INTL A,2024-08-08 21:00,2024,8,8,21:00,18.8,18.8,100,10,12,1.690479633,,,18.88858333,95.71448333,18.21265,0.131666667,0.415,124,1,,0.08858333,3.201666666,4.28551667,0.690479633
OTTAWA INTL A,2024-08-08 22:00,2024,8,8,22:00,19,19,100,12,14,1.37744635,,,18.68581667,96.75701667,18.18376667,0.171666667,0.483333333,94,1,,0.31418333,3.717222222,3.24298333,0.37744635
OTTAWA INTL A,2024-08-08 23:00,2024,8,8,23:00,19,19,100,12,11,1.560700117,,,18.80521667,95.99748333,18.17721667,0.015,0.16,116.0333333,1,,0.19478333,3.040555556,4.00251667,0.560700117
OTTAWA INTL A,2024-08-09 0:00,2024,8,9,0:00,19.1,19.1,100,12,17,1.575129183,,,18.80948333,95.67125,18.12715,0.015,0.153333333,103.1666667,1,,0.29051667,4.707222222,4.32875,0.575129183
OTTAWA INTL A,2024-08-09 1:00,2024,8,9,1:00,19,19,100,11,13,1.607958317,,,18.85161667,95.9178,18.21018333,0.025,0.168333333,91.4,1,,0.14838333,3.586111111,4.0822,0.607958317
OTTAWA INTL A,2024-08-09 2:00,2024,8,9,2:00,18.9,18.9,100,11,11,1.518591,,,18.84048333,96.26516667,18.25691667,0.03,0.206666667,96.43333333,1,,0.05951667,3.025555556,3.73483333,0.518591
OTTAWA INTL A,2024-08-09 3:00,2024,8,9,3:00,18.9,18.9,100,10,12,1.816801067,,,18.78066667,96.76378333,18.27923333,0.12,0.348333333,92.2,1,,0.11933333,3.213333333,3.23621667,0.816801067
OTTAWA INTL A,2024-08-09 4:00,2024,8,9,4:00,18.9,18.9,100,9,10,1.515114183,,,18.63786667,98.03645,18.34565,0.235,0.58,80.86666667,1,,0.26213333,2.542777778,1.96355,0.515114183
OTTAWA INTL A,2024-08-09 5:00,2024,8,9,5:00,18.9,18.9,100,9,12,1.613886133,,,18.49641667,98.72758333,18.31636667,0.413333333,0.716666667,81.68333333,1,,0.40358333,2.92,1.27241667,0.613886133
OTTAWA INTL A,2024-08-09 6:00,2024,8,9,6:00,19,19,100,9,12,3.295783417,,,18.4939,99.22386667,18.39401667,0.46,0.715,80.46666667,1,,0.5061,2.873333333,0.77613333,2.295783417
OTTAWA INTL A,2024-08-09 7:00,2024,8,9,7:00,19.4,19.4,100,12,12,13.67179328,,,18.57186667,99.5445,18.52356667,0.58,0.79,71.6,1,,0.82813333,2.753333333,0.4555,12.67179328
OTTAWA INTL A,2024-08-09 8:00,2024,8,9,8:00,20,20,100,13,16,22.13372185,,,18.73011667,99.74016667,18.71346667,0.333333333,0.628333333,91.15,1.35,,1.26988333,4.111111111,0.25983333,20.78372185
OTTAWA INTL A,2024-08-09 9:00,2024,8,9,9:00,20.7,20.7,100,13,17,61.19010977,,,19.3665,99.8875,19.37426667,0.15,0.455,82.63333333,4.833333333,,1.3335,4.572222222,0.1125,56.35677644
OTTAWA INTL A,2024-08-09 10:00,2024,8,9,10:00,20.4,20.4,100,9,20,38.83713648,,,20.00061667,99.90296667,20.01193333,0.22,0.575,118.1666667,2.466666667,,0.39938333,5.335555556,0.09703333,36.37046981
OTTAWA INTL A,2024-08-09 11:00,2024,8,9,11:00,20.9,20.9,100,9,12,56.06342205,,,20.155,99.70465,20.13441667,0.256666667,0.651666667,118.4333333,4.283333333,,0.745,3.076666666,0.29535,51.78008872
OTTAWA INTL A,2024-08-09 12:00,2024,8,9,12:00,20.7,20.7,100,8,16,41.55144392,,,20.27893333,99.68986667,20.25625,0.286666667,0.658333333,113.25,3.55,,0.42106667,4.157777777,0.31013333,38.00144392
OTTAWA INTL A,2024-08-09 13:00,2024,8,9,13:00,20.7,20.7,100,6,18,39.061537,,,20.1407,99.76706667,20.13011667,0.58,0.866666667,70.95,2.2,,0.5593,4.42,0.23293333,36.861537
OTTAWA INTL A,2024-08-09 14:00,2024,8,9,14:00,21.4,21.4,100,8,12,26.74930617,,,19.99421667,99.8996,20.00493333,0.383333333,0.683333333,82.6,1.416666667,,1.40578333,2.95,0.1004,25.3326395
OTTAWA INTL A,2024-08-09 15:00,2024,8,9,15:00,19.8,19.8,100,1,30,28.0704396,,,19.50906667,99.92316667,19.52298333,0.396666667,0.786666667,93.55,1.366666667,,0.29093333,7.936666666,0.07683333,26.70377293
OTTAWA INTL A,2024-08-09 16:00,2024,8,9,16:00,18.5,18.5,100,2,26,9.512479483,,,18.44925,99.62391667,18.41355,0.306666667,0.706666667,58.21666667,1,,0.05075,6.915555555,0.37608333,8.512479483
OTTAWA INTL A,2024-08-09 17:00,2024,8,9,17:00,18.8,18.8,100,4,16,36.22722663,,,18.34416667,99.62778333,18.30893333,0.408333333,0.735,63.3,2.35,,0.45583333,4.036111111,0.37221667,33.87722663
OTTAWA INTL A,2024-08-09 18:00,2024,8,9,18:00,19.3,19.3,100,3,6,126.3902522,,,18.71666667,99.89381667,18.72458333,0.03,0.171666667,131.5666667,8.683333333,,0.58333333,1.636666667,0.10618333,117.7069189
OTTAWA INTL A,2024-08-09 19:00,2024,8,9,19:00,19.2,19.2,100,23,6,35.91373577,,,19.20591667,100,19.23168333,0.085,0.28,183.55,2.4,,0.00591667,1.581666667,0,33.51373577
OTTAWA INTL A,2024-08-09 20:00,2024,8,9,20:00,19,19,100,26,14,2.397576883,,,19.17215,100,19.1976,0.045,0.241666667,160.2,1,,0.17215,3.843888889,0,1.397576883
OTTAWA INTL A,2024-08-09 21:00,2024,8,9,21:00,19,19,100,25,11,1.555202317,,,19.25273333,100,19.27863333,0.01,0.193333333,157.5666667,1,,0.25273333,3.045555556,0,0.555202317
OTTAWA INTL A,2024-08-09 22:00,2024,8,9,22:00,19.1,19.1,100,25,16,1.513249067,,,19.13121667,100,19.15683333,0.005,0.185,165.05,1,,0.03121667,4.439444444,0,0.513249067
OTTAWA INTL A,2024-08-09 23:00,2024,8,9,23:00,19,19,100,27,17,1.808218867,,,18.9963,100,19.02145,0.07,0.345,169.55,1,,0.0037,4.652222222,0,0.808218867
OTTAWA INTL A,2024-08-10 0:00,2024,8,10,0:00,18.1,18.1,100,24,8,1.708379383,,,18.44206667,100,18.4666,0.08,0.331666667,170.0833333,1,,0.34206667,2.142222222,0,0.708379383
OTTAWA INTL A,2024-08-10 1:00,2024,8,10,1:00,17.8,17.8,100,23,4,1.82853615,,,18.1679,100,18.19203333,0.135,0.361666667,169,1,,0.3679,0.976111111,0,0.82853615
OTTAWA INTL A,2024-08-10 2:00,2024,8,10,2:00,17.4,17.4,100,24,13,1.531815433,,,17.99521667,99.73606667,17.97695,0.255,0.573333333,196.0333333,1,,0.59521667,3.356111111,0.26393333,0.531815433
OTTAWA INTL A,2024-08-10 3:00,2024,8,10,3:00,16.5,16.5,100,23,13,1.825898417,,,17.72036667,99.47455,17.65986667,0.17,0.435,179.9833333,1,,1.22036667,3.441111111,0.52545,0.825898417
OTTAWA INTL A,2024-08-10 4:00,2024,8,10,4:00,15.4,15.4,100,21,12,1.887275817,,,16.62223333,98.51206667,16.40781667,0.095,0.37,173.9166667,1,,1.22223333,3.238333333,1.48793333,0.887275817
OTTAWA INTL A,2024-08-10 5:00,2024,8,10,5:00,14.9,14.9,100,22,14,2.69603,,,16.0921,98.28833333,15.84225,0.105,0.396666667,166.9166667,1,,1.1921,3.783888889,1.71166667,1.69603
OTTAWA INTL A,2024-08-10 6:00,2024,8,10,6:00,15.1,15.1,100,22,15,48.3331337,,,15.65535,98.36218333,15.41726667,0.211666667,0.48,168.9833333,7.216666667,,0.55535,3.955,1.63781667,41.11646703
OTTAWA INTL A,2024-08-10 7:00,2024,8,10,7:00,16.4,16.4,100,24,16,209.6334844,,,16.0413,97.10383333,15.60143333,0.278333333,0.658333333,185.6333333,23.48333333,,0.3587,4.166111111,2.89616667,186.1501511
OTTAWA INTL A,2024-08-10 8:00,2024,8,10,8:00,18.5,16.8,90,25,22,374.1022403,,,16.74196667,94.90073333,15.93963333,0.176666667,0.543333333,139.65,36.63333333,,1.75803333,5.934444444,4.90073333,337.468907
OTTAWA INTL A,2024-08-10 9:00,2024,8,10,9:00,19.8,15.8,78,27,22,555.9528632,,,17.81293333,92.6367,16.62415,0.135,0.498333333,167.2666667,47.38333333,,1.98706667,5.976111111,14.6367,508.5695299
OTTAWA INTL A,2024-08-10 10:00,2024,8,10,10:00,22,15.9,68,26,17,682.9027505,,,19.18631667,86.73158333,16.93513333,0.155,0.541666667,153.4833333,59.83333333,,2.81368333,4.567222222,18.73158333,623.0694172
OTTAWA INTL A,2024-08-10 11:00,2024,8,10,11:00,22,15.5,66,26,12,821.4803405,,,20.78386667,78.05306667,16.83223333,0.261666667,0.698333333,210.3666667,80.21666667,,1.21613333,3.071666666,12.05306667,741.2636738
OTTAWA INTL A,2024-08-10 12:00,2024,8,10,12:00,24,14.2,54,25,21,715.9820203,,,21.1524,77.66765,17.11351667,0.085,0.453333333,141.0166667,53.61666667,,2.8476,5.748333333,23.66765,662.3653536
OTTAWA INTL A,2024-08-10 13:00,2024,8,10,13:00,25,13.4,48,23,27,802.431702,,,22.11393333,70.71596667,16.53833333,0.226666667,0.618333333,210.3833333,51.43333333,,2.88606667,7.273333333,22.71596667,750.9983687
OTTAWA INTL A,2024-08-10 14:00,2024,8,10,14:00,24.3,14.8,55,29,23,412.7774938,,,21.7164,73.9822,16.8707,0.16,0.565,158.2333333,45.65,,2.5836,6.228888889,18.9822,367.1274938
OTTAWA INTL A,2024-08-10 15:00,2024,8,10,15:00,21.1,15.5,70,29,18,221.7519192,,,20.48675,80.94698333,17.1231,0.025,0.273333333,123.05,22.16666667,,0.61325,4.975,10.94698333,199.5852525
OTTAWA INTL A,2024-08-10 16:00,2024,8,10,16:00,23.4,13.7,54,28,17,308.4007955,,,19.82193333,79.87091667,16.2536,0.155,0.483333333,201.05,19.5,,3.57806667,4.567222222,25.87091667,288.9007955
OTTAWA INTL A,2024-08-10 17:00,2024,8,10,17:00,23.2,15.3,60,24,12,341.7756747,,,20.90108333,74.24521667,16.15965,0.04,0.291666667,124.4666667,15.25,,2.29891667,3.293333333,14.24521667,326.5256747
OTTAWA INTL A,2024-08-10 18:00,2024,8,10,18:00,20.6,15.6,73,28,17,162.9122205,,,21.03155,73.14723333,16.05505,0,0.045,100.0333333,14.11666667,,0.43155,4.722222222,0.14723333,148.7955538
OTTAWA INTL A,2024-08-10 19:00,2024,8,10,19:00,20.4,16,76,22,10,47.08479875,,,20.27826667,77.95446667,16.32545,0.025,0.141666667,116.3833333,2.75,,0.12173333,2.752777778,1.95446667,44.33479875
OTTAWA INTL A,2024-08-10 20:00,2024,8,10,20:00,18.1,17.4,96,24,15,4.71385985,,,18.7377,86.2823,16.38435,0.035,0.153333333,109.7333333,1,,0.6377,4.131666667,9.7177,3.71385985
OTTAWA INTL A,2024-08-10 21:00,2024,8,10,21:00,16.3,16.3,100,22,8,1.888933483,,,17.24206667,95.73931667,16.57698333,0.121666667,0.428333333,129.45,1,,0.94206667,2.100555555,4.26068333,0.888933483
OTTAWA INTL A,2024-08-10 22:00,2024,8,10,22:00,16.5,14.9,90,24,14,1.325087167,,,16.56958333,96.1964,15.98163333,0.005,0.153333333,125.15,1,,0.06958333,3.883888889,6.1964,0.325087167
OTTAWA INTL A,2024-08-10 23:00,2024,8,10,23:00,15,14.6,98,24,9,1.652530817,,,16.51356667,94.11726667,15.58365,0.09,0.355,154.8333333,1,,1.51356667,2.41,3.88273333,0.652530817
OTTAWA INTL A,2024-08-11 0:00,2024,8,11,0:00,14.3,14.3,100,21.5,0,1.8103541,,,16.09741667,94.71386667,15.26756667,0.01,0.091666667,89.25,1,,1.79741667,0.01,5.28613333,0.8103541
OTTAWA INTL A,2024-08-11 1:00,2024,8,11,1:00,14.9,14.9,100,19,8,1.5806834,,,15.44578333,96.22405,14.86553333,0.005,0.05,112.5166667,1,,0.54578333,2.217222222,3.77595,0.5806834
OTTAWA INTL A,2024-08-11 2:00,2024,8,11,2:00,14,14,100,20,9,1.655324483,,,15.30848333,94.5892,14.46316667,0.005,0.101666667,80.8,1,,1.30848333,2.495,5.4108,0.655324483
OTTAWA INTL A,2024-08-11 3:00,2024,8,11,3:00,14.1,14.1,100,20,9,1.757847517,,,15.12225,93.5031,14.0989,0,0.048333333,96.16666667,1,,1.02225,2.5,6.4969,0.757847517
OTTAWA INTL A,2024-08-11 4:00,2024,8,11,4:00,14,14,100,20,11,1.769943983,,,14.77848333,94.22363333,13.87531667,0.015,0.106666667,118.15,1,,0.77848333,3.040555556,5.77636667,0.769943983
OTTAWA INTL A,2024-08-11 5:00,2024,8,11,5:00,14.3,14.3,100,21,8,2.106329267,,,14.88061667,91.93718333,13.59948333,0.24,0.446666667,155.2833333,1,,0.58061667,1.982222222,8.06281667,1.106329267
OTTAWA INTL A,2024-08-11 6:00,2024,8,11,6:00,15,15,100,21,10,30.47269702,,,15.13051667,91.96193333,13.85098333,0.12,0.35,147.3,2.7,,0.13051667,2.657777778,8.03806667,27.77269702
OTTAWA INTL A,2024-08-11 7:00,2024,8,11,7:00,15.8,15.7,99,21,8,113.0861013,,,15.55601667,90.96903333,14.1046,0.005,0.135,108.2666667,10.98333333,,0.24398333,2.217222222,8.03096667,102.102768
OTTAWA INTL A,2024-08-11 8:00,2024,8,11,8:00,17.6,15.1,85,23,15,247.2863242,,,16.36381667,90.20453333,14.77331667,0.005,0.121666667,135.7333333,22.55,,1.23618333,4.161666667,5.20453333,224.7363242
OTTAWA INTL A,2024-08-11 9:00,2024,8,11,9:00,18.5,15.1,80,19,11,518.2942313,,,17.81795,84.38361667,15.16175,0.121666667,0.451666667,138.4833333,51.11666667,,0.68205,2.933888889,4.38361667,467.1775646
OTTAWA INTL A,2024-08-11 10:00,2024,8,11,10:00,20.9,15.3,70,22,17,258.1272427,,,18.18826667,82.64071667,15.19821667,0.055,0.31,128.3166667,26.28333333,,2.71173333,4.667222222,12.64071667,231.8439094
OTTAWA INTL A,2024-08-11 11:00,2024,8,11,11:00,19.6,15,74,23,22,147.2749954,,,18.29805,85.24958333,15.79008333,0.06,0.295,129.9166667,24.73333333,,1.30195,6.051111111,11.24958333,122.5416621
OTTAWA INTL A,2024-08-11 12:00,2024,8,11,12:00,19.3,15.8,80,27,13,406.4688595,,,18.38491667,87.60786667,16.30066667,0.065,0.35,149.5166667,39.4,,0.91508333,3.546111111,7.60786667,367.0688595
OTTAWA INTL A,2024-08-11 13:00,2024,8,11,13:00,20.6,16.8,78,15,5,643.5354402,,,19.96948333,78.62866667,16.15585,0.155,0.5,138.15,52.68333333,,0.63051667,1.233888889,0.62866667,590.8521069
OTTAWA INTL A,2024-08-11 14:00,2024,8,11,14:00,20.6,14.9,69,25,11,333.5465722,,,20.28726667,75.6273,15.82601667,0.203333333,0.565,155.8166667,45.48333333,,0.31273333,2.852222223,6.6273,288.0632389
OTTAWA INTL A,2024-08-11 15:00,2024,8,11,15:00,18.2,16,87,24,20,289.3799572,,,17.52906667,95.0142,16.74176667,0.02,0.181666667,103.4833333,20.33333333,,0.67093333,5.535555556,8.0142,269.0466239
OTTAWA INTL A,2024-08-11 16:00,2024,8,11,16:00,18.4,15.2,81,24,20,260.3088327,,,17.73536667,92.91308333,16.59313333,0.06,0.338333333,135.1,21.7,,0.66463333,5.495555556,11.91308333,238.6088327
OTTAWA INTL A,2024-08-11 17:00,2024,8,11,17:00,18.3,14.7,79,25,13,264.2587549,,,17.56516667,92.27656667,16.31768333,0,0.145,104,16.51666667,,0.73483333,3.611111111,13.27656667,247.7420882
OTTAWA INTL A,2024-08-11 18:00,2024,8,11,18:00,17.9,14.9,82,24,9,153.1260475,,,17.7493,90.19516667,16.14008333,0.01,0.148333333,94.4,6.716666667,,0.1507,2.49,8.19516667,146.4093808
OTTAWA INTL A,2024-08-11 19:00,2024,8,11,19:00,16.8,14.4,85,22,11,39.33942622,,,17.4308,88.88335,15.59576667,0,0.075,112.6833333,1.5,,0.6308,3.055555556,3.88335,37.83942622
OTTAWA INTL A,2024-08-11 20:00,2024,8,11,20:00,17,15,88,21,13,4.612423667,,,17.41145,85.00418333,14.88123333,0.09,0.3,103.4666667,1,,0.41145,3.521111111,2.99581667,3.612423667
OTTAWA INTL A,2024-08-11 21:00,2024,8,11,21:00,16.1,14.9,92,24,12,1.7896215,,,17.0583,85.71893333,14.65161667,0.188333333,0.551666667,145.2333333,1,,0.9583,3.145,6.28106667,0.7896215
OTTAWA INTL A,2024-08-11 22:00,2024,8,11,22:00,14.6,14.4,99,21,9,2.1293737,,,16.07813333,88.9722,14.27648333,0.035,0.121666667,116.2333333,1,,1.47813333,2.465,10.0278,1.1293737
OTTAWA INTL A,2024-08-11 23:00,2024,8,11,23:00,14.1,14.1,100,21,8,1.46585815,,,15.91438333,89.38805,14.18826667,0.01,0.155,117.0833333,1,,1.81438333,2.212222222,10.61195,0.46585815
OTTAWA INTL A,2024-08-12 0:00,2024,8,12,0:00,13.9,13.9,100,24,13,2.103261467,,,15.78935,90.49798333,14.2553,0.115,0.281666667,138.6166667,1,,1.88935,3.496111111,9.50201667,1.103261467
OTTAWA INTL A,2024-08-12 1:00,2024,8,12,1:00,13.1,13.1,100,23,11,1.866439533,,,14.80373333,93.60356667,13.79866667,0.01,0.176666667,149.1,1,,1.70373333,3.045555556,6.39643333,0.866439533
OTTAWA INTL A,2024-08-12 2:00,2024,8,12,2:00,12.4,12.4,100,24,10,1.597567017,,,14.24548333,95.92683333,13.62155,0.2,0.46,171.0333333,1,,1.84548333,2.577777778,4.07316667,0.597567017
OTTAWA INTL A,2024-08-12 3:00,2024,8,12,3:00,13.3,13.3,100,24,8,1.571426033,,,14.11203333,96.0944,13.51566667,0.265,0.586666667,169.1833333,1,,0.81203333,1.957222222,3.9056,0.571426033
OTTAWA INTL A,2024-08-12 4:00,2024,8,12,4:00,13.2,13.2,100,23,6,1.285800767,,,14.18708333,96.59975,13.67111667,0.02,0.146666667,105.9,1,,0.98708333,1.646666667,3.40025,0.285800767
OTTAWA INTL A,2024-08-12 5:00,2024,8,12,5:00,13.7,13.7,100,23,9,1.595342683,,,14.78808333,95.16418333,14.03905,0,0.025,108.45,1,,1.08808333,2.5,4.83581667,0.595342683
OTTAWA INTL A,2024-08-12 6:00,2024,8,12,6:00,14.4,14.4,100,23,9,20.01794762,,,14.99646667,95.1381,14.24236667,0,0.02,91.31666667,1.25,,0.59646667,2.5,4.8619,18.76794762
OTTAWA INTL A,2024-08-12 7:00,2024,8,12,7:00,15.4,15.4,100,27,13,92.80479993,,,15.39685,93.94311667,14.44466667,0,0.196666667,118.5333333,6.65,,0.00315,3.611111111,6.05688333,86.15479993
OTTAWA INTL A,2024-08-12 8:00,2024,8,12,8:00,15.8,15.5,98,30,14,94.38059857,,,15.62206667,92.25563333,14.38751667,0.02,0.34,106.85,7.55,,0.17793333,3.868888889,5.74436667,86.83059857
OTTAWA INTL A,2024-08-12 9:00,2024,8,12,9:00,17,14,82,31,17,216.224717,,,15.96486667,90.87481667,14.49298333,0.03,0.193333333,102.2333333,17.15,,1.03513333,4.692222222,8.87481667,199.074717
OTTAWA INTL A,2024-08-12 10:00,2024,8,12,10:00,18.1,15.2,83,26,16,392.7758228,,,16.78701667,88.64436667,14.91755,0.05,0.301666667,147.7166667,32,,1.31298333,4.394444444,5.64436667,360.7758228
OTTAWA INTL A,2024-08-12 11:00,2024,8,12,11:00,19.5,15.1,76,26,15,764.6361788,,,18.12816667,83.51873333,15.30601667,0.166666667,0.583333333,175.3,69.76666667,,1.37183333,4,7.51873333,694.8695121
OTTAWA INTL A,2024-08-12 12:00,2024,8,12,12:00,19.8,14.1,69,29,14,675.100403,,,19.13313333,80.46575,15.70156667,0.143333333,0.516666667,183.3166667,51.53333333,,0.66686667,3.745555556,11.46575,623.5670697
OTTAWA INTL A,2024-08-12 13:00,2024,8,12,13:00,21,14.3,65,30,26,631.943532,,,19.5119,79.5438,15.89568333,0.091666667,0.418333333,145.1333333,44.63333333,,1.4881,7.130555555,14.5438,587.3101987
OTTAWA INTL A,2024-08-12 14:00,2024,8,12,14:00,21.8,14.6,63,29,23,455.7224273,,,19.36926667,81.91395,16.21978333,0.04,0.333333333,106.1333333,34.61666667,,2.43073333,6.348888889,18.91395,421.1057606
OTTAWA INTL A,2024-08-12 15:00,2024,8,12,15:00,21.9,13.6,59,29,21,631.5954602,,,19.38658333,83.30183333,16.5017,0.015,0.286666667,114.6666667,39.83333333,,2.51341667,5.818333333,24.30183333,591.7621269
OTTAWA INTL A,2024-08-12 16:00,2024,8,12,16:00,22,13.5,58,28,23,533.6316173,,,19.99666667,78.78393333,16.21591667,0.08,0.493333333,123.4666667,24.3,,2.00333333,6.308888889,20.78393333,509.3316173
OTTAWA INTL A,2024-08-12 17:00,2024,8,12,17:00,21.1,13.6,61,28,24,370.9491693,,,20.08033333,77.54831667,16.04835,0.09,0.438333333,109.0666667,15.31666667,,1.01966667,6.576666667,16.54831667,355.6325026
OTTAWA INTL A,2024-08-12 18:00,2024,8,12,18:00,20,13,63,27,24,215.691865,,,19.53231667,77.7075,15.5524,0.05,0.351666667,105.7166667,15.75,,0.46768333,6.616666667,14.7075,199.941865
OTTAWA INTL A,2024-08-12 19:00,2024,8,12,19:00,18.5,13.2,71,28,14,59.21798028,,,18.6019,80.1977,15.13991667,0.03,0.345,92.3,1.216666667,,0.1019,3.858888889,9.1977,58.00131361
OTTAWA INTL A,2024-08-12 20:00,2024,8,12,20:00,16.2,13.9,86,29,9,4.01199455,,,17.5438,81.59171667,14.37466667,0,0.06,106.2333333,1,,1.3438,2.5,4.40828333,3.01199455
OTTAWA INTL A,2024-08-12 21:00,2024,8,12,21:00,15.1,14.1,94,26,9,1.902375833,,,16.5521,85.39525,14.10911667,0,0.075,115.2666667,1,,1.4521,2.5,8.60475,0.902375833
OTTAWA INTL A,2024-08-12 22:00,2024,8,12,22:00,14.1,14.1,100,27,12,1.54255135,,,15.9288,88.88416667,14.11548333,0,0,87.75,1,,1.8288,3.333333333,11.11583333,0.54255135
OTTAWA INTL A,2024-08-12 23:00,2024,8,12,23:00,13.8,13.8,100,26,8,1.614899767,,,15.71786667,90.35473333,14.16068333,0,0.005,140.3833333,1,,1.91786667,2.222222222,9.64526667,0.614899767
OTTAWA INTL A,2024-08-13 0:00,2024,8,13,0:00,13.8,13.8,100,25,10,1.6777768,,,15.52646667,91.92476667,14.23711667,0.035,0.18,136.5333333,1,,1.72646667,2.742777778,8.07523333,0.6777768
OTTAWA INTL A,2024-08-13 1:00,2024,8,13,1:00,14.1,14.1,100,24,7,1.452590317,,,15.45615,92.69406667,14.29668333,0.035,0.23,152.4,1,,1.35615,1.909444444,7.30593333,0.452590317
OTTAWA INTL A,2024-08-13 2:00,2024,8,13,2:00,13.3,13.3,100,24,10,1.949505167,,,15.45081667,93.9095,14.49201667,0.045,0.21,135.9333333,1,,2.15081667,2.732777778,6.0905,0.949505167
OTTAWA INTL A,2024-08-13 3:00,2024,8,13,3:00,13.1,13.1,100,26,9,1.641622517,,,14.98673333,95.67568333,14.31971667,0.01,0.143333333,143.8833333,1,,1.88673333,2.49,4.32431667,0.641622517
OTTAWA INTL A,2024-08-13 4:00,2024,8,13,4:00,12.7,12.7,100,24,9,1.508251833,,,14.55185,97.01578333,14.10115,0,0.08,161.0666667,1,,1.85185,2.5,2.98421667,0.508251833
OTTAWA INTL A,2024-08-13 5:00,2024,8,13,5:00,13.3,13.3,100,25,7,2.007862583,,,14.90528333,96.82983333,14.42403333,0,0.045,116.8833333,1,,1.60528333,1.944444444,3.17016667,1.007862583
OTTAWA INTL A,2024-08-13 6:00,2024,8,13,6:00,14.4,14.4,100,28,9,38.81909122,,,15.04716667,96.45638333,14.50595,0.01,0.063333333,102.1833333,3.083333333,,0.64716667,2.49,3.54361667,35.73575789
OTTAWA INTL A,2024-08-13 7:00,2024,8,13,7:00,16.4,16.4,100,29,11,153.2495548,,,15.79178333,95.41533333,15.07875,0,0.125,95.18333333,14.93333333,,0.60821667,3.055555556,4.58466667,138.3162215
OTTAWA INTL A,2024-08-13 8:00,2024,8,13,8:00,18.4,17.4,94,29,9,319.658598,,,16.83918333,93.18458333,15.7508,0.04,0.3,164.7833333,31.75,,1.56081667,2.46,0.81541667,287.908598
OTTAWA INTL A,2024-08-13 9:00,2024,8,13,9:00,20.1,17,82,29,8,520.3843552,,,18.21578333,88.88478333,16.36928333,0.05,0.355,128.1833333,46.1,,1.88421667,2.172222222,6.88478333,474.2843552
OTTAWA INTL A,2024-08-13 10:00,2024,8,13,10:00,22.3,17.5,74,27,13,663.7854747,,,20.03031667,83.33861667,17.13666667,0.07,0.395,170.55,55.78333333,,2.26968333,3.541111111,9.33861667,608.0021414
OTTAWA INTL A,2024-08-13 11:00,2024,8,13,11:00,24.1,17.4,66,27,13,778.2836885,,,21.68143333,77.04778333,17.49601667,0.055,0.433333333,152.0333333,79.66666667,,2.41856667,3.556111111,11.04778333,698.6170218
OTTAWA INTL A,2024-08-13 12:00,2024,8,13,12:00,24.9,17.3,63,30,10,842.3305588,,,22.50361667,74.14761667,17.68863333,0.071666667,0.426666667,128.9833333,57.65,,2.39638333,2.706111111,11.14761667,784.6805588
OTTAWA INTL A,2024-08-13 13:00,2024,8,13,13:00,25.9,17.5,59,29,19,848.3882387,,,23.112,68.98388333,17.12406667,0.12,0.478333333,146,57.7,,2.788,5.157777778,9.98388333,790.6882387
OTTAWA INTL A,2024-08-13 14:00,2024,8,13,14:00,26.7,16,51,30,14,781.1031395,,,23.76983333,67.7312,17.46556667,0.105,0.448333333,107.6333333,58.05,,2.93016667,3.783888889,16.7312,723.0531395
OTTAWA INTL A,2024-08-13 15:00,2024,8,13,15:00,27.6,14.2,43,35,18,683.2044355,,,23.98178333,65.82028333,17.20898333,0.02,0.355,98.31666667,43.6,,3.61821667,4.98,22.82028333,639.6044355
OTTAWA INTL A,2024-08-13 16:00,2024,8,13,16:00,26.1,14.2,47,32,14,548.2750217,,,24.04383333,65.71976667,17.2448,0.03,0.268333333,95.06666667,26.35,,2.05616667,3.858888889,18.71976667,521.9250217
OTTAWA INTL A,2024-08-13 17:00,2024,8,13,17:00,26.4,14.6,48,32,16,377.574982,,,24.1504,63.21323333,16.7361,0.01,0.138333333,115.15,16.11666667,,2.2496,4.434444444,15.21323333,361.4583153
OTTAWA INTL A,2024-08-13 18:00,2024,8,13,18:00,24.7,17.8,65,26,13,203.5270078,,,24.38165,60.92408333,16.37498333,0,0.101666667,125.8666667,10.56666667,,0.31835,3.611111111,4.07591667,192.9603411
OTTAWA INTL A,2024-08-13 19:00,2024,8,13,19:00,22.1,17.7,76,25,9,51.83745178,,,23.36975,65.70715,16.59978333,0,0.06,108.1,1.616666667,,1.26975,2.5,10.29285,50.22078511
OTTAWA INTL A,2024-08-13 20:00,2024,8,13,20:00,20.2,17,81,25,10,3.6342519,,,22.2952,70.27131667,16.63851667,0,0.065,104.1666667,1,,2.0952,2.777777778,10.72868333,2.6342519
OTTAWA INTL A,2024-08-13 21:00,2024,8,13,21:00,19.6,16.5,82,26,10,1.789282783,,,21.22281667,75.57925,16.75536667,0,0.05,104.1,1,,1.62281667,2.777777778,6.42075,0.789282783
OTTAWA INTL A,2024-08-13 22:00,2024,8,13,22:00,18.3,16.4,88,26,10,1.8666055,,,20.68298333,77.1848,16.56581667,0,0.01,122,1,,2.38298333,2.777777778,10.8152,0.8666055
OTTAWA INTL A,2024-08-13 23:00,2024,8,13,23:00,18.1,16.5,90,24,8,1.907645,,,20.15355,77.42643333,16.0987,0.03,0.203333333,95.41666667,1,,2.05355,2.192222222,12.57356667,0.907645
OTTAWA INTL A,2024-08-14 0:00,2024,8,14,0:00,16.8,16,95,28,8,1.617138683,,,19.31116667,81.872,16.15733333,0.025,0.223333333,107.8333333,1,,2.51116667,2.197222222,13.128,0.617138683
OTTAWA INTL A,2024-08-14 1:00,2024,8,14,1:00,16.9,16.5,98,27,9,1.9183977,,,18.94681667,82.7651,15.9694,0,0.075,96.2,1,,2.04681667,2.5,15.2349,0.9183977
OTTAWA INTL A,2024-08-14 2:00,2024,8,14,2:00,17.9,17.1,96,29,8,1.563232033,,,18.25938333,86.08395,15.91333333,0.075,0.288333333,131.15,1,,0.35938333,2.147222222,9.91605,0.563232033
OTTAWA INTL A,2024-08-14 3:00,2024,8,14,3:00,17.2,17.2,100,29,9,1.83539635,,,18.1693,86.45461667,15.89215,0.035,0.273333333,116.05,1,,0.9693,2.465,13.54538333,0.83539635
OTTAWA INTL A,2024-08-14 4:00,2024,8,14,4:00,17.3,17,98,29,10,1.7812594,,,17.77363333,88.15128333,15.80671667,0.025,0.208333333,118.9166667,1,,0.47363333,2.752777778,9.84871667,0.7812594
OTTAWA INTL A,2024-08-14 5:00,2024,8,14,5:00,16.5,16.5,100,27,13,2.021826317,,,17.3529,89.0866,15.55678333,0,0.03,99.08333333,1,,0.8529,3.611111111,10.9134,1.021826317
OTTAWA INTL A,2024-08-14 6:00,2024,8,14,6:00,17.1,17.1,100,28,12,33.23750442,,,17.04185,90.68371667,15.5267,0,0.095,116.25,2.616666667,,0.05815,3.333333333,9.31628333,30.62083775
OTTAWA INTL A,2024-08-14 7:00,2024,8,14,7:00,18.9,17.2,90,29,10,142.3559626,,,17.63783333,90.26001667,16.04308333,0,0.125,113.5,14,,1.26216667,2.777777778,0.26001667,128.3559626
OTTAWA INTL A,2024-08-14 8:00,2024,8,14,8:00,20.3,16.7,79,28,14,320.492093,,,18.88923333,87.10388333,16.71581667,0.05,0.346666667,118.5833333,31.55,,1.41076667,3.838888889,8.10388333,288.942093
OTTAWA INTL A,2024-08-14 9:00,2024,8,14,9:00,22.4,17.1,71,29,12,490.0513392,,,20.4199,82.69493333,17.3966,0.05,0.345,122.0833333,43.65,,1.9801,3.283333333,11.69493333,446.4013392
OTTAWA INTL A,2024-08-14 10:00,2024,8,14,10:00,24.3,18.6,70,26,8,649.4888723,,,22.13546667,77.82368333,18.09885,0.05,0.351666667,153.7,56.88333333,,2.16453333,2.172222222,7.82368333,592.605539
OTTAWA INTL A,2024-08-14 11:00,2024,8,14,11:00,25.9,17.9,60,29,9,755.8926505,,,23.67183333,75.81111667,19.17408333,0.055,0.395,164.45,70.7,,2.22816667,2.445,15.81111667,685.1926505
OTTAWA INTL A,2024-08-14 12:00,2024,8,14,12:00,27.2,19,60,27,11,816.3065303,,,25.02258333,71.99661667,19.64043333,0.04,0.336666667,160.1833333,56.41666667,,2.17741667,3.015555556,11.99661667,759.8898636
OTTAWA INTL A,2024-08-14 13:00,2024,8,14,13:00,28.5,14.6,42,29,21,838.5526718,,,25.7958,69.7842,19.87525,0.06,0.405,131.95,56.16666667,,2.7042,5.773333333,27.7842,782.3860051
OTTAWA INTL A,2024-08-14 14:00,2024,8,14,14:00,28.6,16.5,47,29,16,764.5042912,,,26.3595,67.41516667,19.85806667,0.065,0.406666667,130.2166667,88.35,,2.2405,4.379444444,20.41516667,676.1542912
OTTAWA INTL A,2024-08-14 15:00,2024,8,14,15:00,29.1,13.2,37,28,18,625.549041,,,26.21478333,69.39321667,20.1877,0.005,0.285,127.0666667,43.41666667,,2.88521667,4.995,32.39321667,582.1323743
OTTAWA INTL A,2024-08-14 16:00,2024,8,14,16:00,28.4,15.6,45,28,16,492.246449,,,25.78583333,70.043,19.92946667,0,0.165,121.7,25.78333333,,2.61416667,4.444444444,25.043,466.4631157
OTTAWA INTL A,2024-08-14 17:00,2024,8,14,17:00,27.7,15.2,46,29,18,338.7441108,,,25.57206667,69.34375,19.56393333,0,0.045,97.73333333,15.56666667,,2.12793333,5,23.34375,323.1774441
OTTAWA INTL A,2024-08-14 18:00,2024,8,14,18:00,25.2,18.8,67,26,9,158.8094543,,,25.19351667,68.74536667,19.06515,0,0.088333333,99.01666667,8.733333333,,0.00648333,2.5,1.74536667,150.076121
OTTAWA INTL A,2024-08-14 19:00,2024,8,14,19:00,22.9,18.1,74,25,9,22.04120068,,,24.24908333,68.0097,17.99161667,0,0,124.0666667,1.316666667,,1.34908333,2.5,5.9903,20.72453401
OTTAWA INTL A,2024-08-14 20:00,2024,8,14,20:00,22.9,17,69,25,9,3.064596267,,,23.36798333,71.88016667,18.0274,0,0.095,123.1166667,1,,0.46798333,2.5,2.88016667,2.064596267
OTTAWA INTL A,2024-08-14 21:00,2024,8,14,21:00,20.8,17.4,81,25,0,1.88050685,,,22.49351667,75.85991667,18.04306667,0,0.045,120.5666667,1,,1.69351667,0,5.14008333,0.88050685
OTTAWA INTL A,2024-08-14 22:00,2024,8,14,22:00,20.2,17.6,85,25,7,1.837309317,,,21.43398333,81.29658333,18.11601667,0.015,0.151666667,136.45,1,,1.23398333,1.929444444,3.70341667,0.837309317
OTTAWA INTL A,2024-08-14 23:00,2024,8,14,23:00,20.3,18.1,87,21,6,1.69605455,,,20.59333333,85.35471667,18.07126667,0,0.045,90.6,1,,0.29333333,1.666666667,1.64528333,0.69605455
OTTAWA INTL A,2024-08-15 0:00,2024,8,15,0:00,19.1,17.2,89,26,9,2.163062683,,,20.2036,87.54503333,18.09276667,0.005,0.06,125.4833333,1,,1.1036,2.495,1.45496667,1.163062683
OTTAWA INTL A,2024-08-15 1:00,2024,8,15,1:00,17.9,17.9,100,28,10,1.8171625,,,19.83581667,89.10413333,18.01053333,0.025,0.183333333,142.8,1,,1.93581667,2.752777778,10.89586667,0.8171625
OTTAWA INTL A,2024-08-15 2:00,2024,8,15,2:00,19.7,19.3,98,29,11,1.791733583,,,19.26643333,91.61953333,17.89153333,0,0.121666667,103.1666667,1,,0.43356667,3.055555556,6.38046667,0.791733583
OTTAWA INTL A,2024-08-15 3:00,2024,8,15,3:00,19.5,19.3,99,29,12,1.48608815,,,18.92741667,92.4319,17.69608333,0,0.015,113.5333333,1,,0.57258333,3.333333333,6.5681,0.48608815
OTTAWA INTL A,2024-08-15 4:00,2024,8,15,4:00,18.4,18.4,100,28,12,1.813195233,,,18.69413333,92.90821667,17.54625,0,0.035,113.1166667,1,,0.29413333,3.333333333,7.09178333,0.813195233
OTTAWA INTL A,2024-08-15 5:00,2024,8,15,5:00,17.6,17.6,100,29,6,1.926763917,,,18.4742,92.91005,17.32798333,0.005,0.251666667,131.6833333,1,,0.8742,1.661666667,7.08995,0.926763917
OTTAWA INTL A,2024-08-15 6:00,2024,8,15,6:00,17.8,17.8,100,27,9,28.6403919,,,18.19606667,93.66801667,17.18071667,0.005,0.191666667,133.3166667,1.983333333,,0.39606667,2.495,6.33198333,26.65705857
OTTAWA INTL A,2024-08-15 7:00,2024,8,15,7:00,19.8,19.5,98,28,12,140.9718297,,,18.82811667,93.09276667,17.71011667,0.01,0.153333333,124.5666667,12.93333333,,0.97188333,3.323333333,4.90723333,128.0384964
OTTAWA INTL A,2024-08-15 8:00,2024,8,15,8:00,21.4,18.4,83,28,13,292.4806792,,,20.09006667,89.41373333,18.31618333,0.065,0.363333333,99.31666667,27.63333333,,1.30993333,3.546111111,6.41373333,264.8473459
OTTAWA INTL A,2024-08-15 9:00,2024,8,15,9:00,23.4,19.6,79,30,11,455.1784183,,,21.35898333,85.39861667,18.82911667,0,0.196666667,84.88333333,41.03333333,,2.04101667,3.055555556,6.39861667,414.145085
OTTAWA INTL A,2024-08-15 10:00,2024,8,15,10:00,24.9,19.3,71,27,13,591.3799683,,,22.73948333,80.35125,19.20211667,0.015,0.293333333,109.5,52.33333333,,2.16051667,3.596111111,9.35125,539.046635
OTTAWA INTL A,2024-08-15 11:00,2024,8,15,11:00,26.3,19.8,67,26,13,707.2779555,,,23.90595,77.09355,19.66701667,0.03,0.321666667,133.5833333,57.93333333,,2.39405,3.581111111,10.09355,649.3446222
OTTAWA INTL A,2024-08-15 12:00,2024,8,15,12:00,27.9,18.3,55,27,12,775.0277722,,,25.08095,76.29436667,20.6309,0.05,0.373333333,131.3333333,55.28333333,,2.81905,3.283333333,21.29436667,719.7444389
OTTAWA INTL A,2024-08-15 13:00,2024,8,15,13:00,28.8,19,55,26,16,785.4240455,,,26.03643333,69.49116667,20.04118333,0.01,0.3,108.5,52.1,,2.76356667,4.434444444,14.49116667,733.3240455
OTTAWA INTL A,2024-08-15 14:00,2024,8,15,14:00,29.5,15.8,43,29,14,721.0973602,,,26.54651667,68.20748333,20.22306667,0.046666667,0.361666667,118.0666667,84.65,,2.95348333,3.842222222,25.20748333,636.4473602
OTTAWA INTL A,2024-08-15 15:00,2024,8,15,15:00,29.8,17.2,46,28,17,503.6501597,,,26.61546667,65.54243333,19.64561667,0,0.24,104.2166667,38.4,,3.18453333,4.722222222,19.54243333,465.2501597
OTTAWA INTL A,2024-08-15 16:00,2024,8,15,16:00,29.3,18.7,52,31,19,364.3621432,,,26.32271667,72.3501,20.97246667,0,0.123333333,102.55,19.16666667,,2.97728333,5.277777778,20.3501,345.1954765
OTTAWA INTL A,2024-08-15 17:00,2024,8,15,17:00,28.8,17.6,50,28,18,355.0876385,,,26.41963333,69.78313333,20.47588333,0.005,0.118333333,106.9333333,16.46666667,,2.38036667,4.995,19.78313333,338.6209718
OTTAWA INTL A,2024-08-15 18:00,2024,8,15,18:00,27.7,16.9,51,29,14,186.7174714,,,26.18268333,68.28208333,19.89783333,0,0.05,116.6333333,8.3,,1.51731667,3.888888889,17.28208333,178.4174714
OTTAWA INTL A,2024-08-15 19:00,2024,8,15,19:00,25.4,18.5,65,26,8,42.34818152,,,25.33586667,68.88736667,19.2343,0,0.005,108.4833333,1.8,,0.06413333,2.222222222,3.88736667,40.54818152
OTTAWA INTL A,2024-08-15 20:00,2024,8,15,20:00,22.7,18.5,77,27,7,2.85264835,,,24.38496667,70.64698333,18.72711667,0,0.04,125.5666667,1,,1.68496667,1.944444444,6.35301667,1.85264835
OTTAWA INTL A,2024-08-15 21:00,2024,8,15,21:00,22,17.9,77,26,8,2.168452417,,,23.48166667,74.54815,18.71778333,0,0.06,106.4833333,1,,1.48166667,2.222222222,2.45185,1.168452417
OTTAWA INTL A,2024-08-15 22:00,2024,8,15,22:00,20.4,18.1,86,21,3,1.865243067,,,22.54788333,77.96823333,18.53485,0,0.091666667,127.4,1,,2.14788333,0.833333333,8.03176667,0.865243067
OTTAWA INTL A,2024-08-15 23:00,2024,8,15,23:00,19.5,18.9,96,22,3,1.998339417,,,21.62386667,82.36191667,18.50781667,0,0,91.66666667,1,,2.12386667,0.833333333,13.63808333,0.998339417
OTTAWA INTL A,2024-08-16 0:00,2024,8,16,0:00,18.3,18.3,100,19,7,1.931920983,,,20.76805,89.95516667,19.08088333,0,0.04,102.65,1,,2.46805,1.944444444,10.04483333,0.931920983
OTTAWA INTL A,2024-08-16 1:00,2024,8,16,1:00,18.3,18.3,100,25,7,1.808372633,,,20.16656667,93.27546667,19.06875,0,0.025,96.25,1,,1.86656667,1.944444444,6.72453333,0.808372633
OTTAWA INTL A,2024-08-16 2:00,2024,8,16,2:00,16.9,16.9,100,24,7,1.825754733,,,19.68783333,95.0613,18.89913333,0,0.01,95.11666667,1,,2.78783333,1.944444444,4.9387,0.825754733
OTTAWA INTL A,2024-08-16 3:00,2024,8,16,3:00,17.6,17.6,100,23,7,1.795723717,,,19.21495,95.77136667,18.54703333,0,0.025,105.75,1,,1.61495,1.944444444,4.22863333,0.795723717
OTTAWA INTL A,2024-08-16 4:00,2024,8,16,4:00,18.2,18.2,100,26,5,1.532185133,,,18.69411667,96.74595,18.19015,0,0.01,112.7666667,1,,0.49411667,1.388888889,3.25405,0.532185133
OTTAWA INTL A,2024-08-16 5:00,2024,8,16,5:00,17.1,17.1,100,23,8,1.961910783,,,18.70978333,96.03766667,18.08876667,0,0.005,82.46666667,1,,1.60978333,2.222222222,3.96233333,0.961910783
OTTAWA INTL A,2024-08-16 6:00,2024,8,16,6:00,18,18,100,24,7,35.3481213,,,18.47496667,96.33535,17.90381667,0,0.005,93.16666667,3.333333333,,0.47496667,1.944444444,3.66465,32.01478797
OTTAWA INTL A,2024-08-16 7:00,2024,8,16,7:00,19.2,19.2,100,23,8,150.8208548,,,18.7377,95.86373333,18.08723333,0,0.04,110.0333333,15.43333333,,0.4623,2.222222222,4.13626667,135.3875215
OTTAWA INTL A,2024-08-16 8:00,2024,8,16,8:00,21.3,19.3,88,22,5,322.0669683,,,19.6171,94.17783333,18.67876667,0,0.14,90.48333333,31.13333333,,1.6829,1.388888889,6.17783333,290.933635
OTTAWA INTL A,2024-08-16 9:00,2024,8,16,9:00,23.7,20.3,81,21,0,483.44343,,,20.91861667,90.44848333,19.31881667,0,0.22,93.46666667,44.41666667,,2.78138333,0,9.44848333,439.0267633
OTTAWA INTL A,2024-08-16 10:00,2024,8,16,10:00,25.6,20.4,72,20,4,627.4376498,,,22.49933333,85.89656667,20.04513333,0.02,0.291666667,150.45,58.41666667,,3.10066667,1.091111111,13.89656667,569.0209831
OTTAWA INTL A,2024-08-16 11:00,2024,8,16,11:00,27.4,20.2,64,20,8,734.4341395,,,23.99593333,83.0898,20.9705,0.075,0.371666667,198.5333333,58.96666667,,3.40406667,2.147222222,19.0898,675.4674728
OTTAWA INTL A,2024-08-16 12:00,2024,8,16,12:00,28.8,19.2,56,22,10,799.1709203,,,25.49946667,78.72553333,21.55421667,0.06,0.351666667,158.3,55.11666667,,3.30053333,2.717777778,22.72553333,744.0542536
OTTAWA INTL A,2024-08-16 13:00,2024,8,16,13:00,29.7,18.8,51,23,11,779.2037353,,,26.6434,70.7332,20.9041,0.02,0.26,111.8166667,45.41666667,,3.0566,3.035555556,19.7332,733.7870686
OTTAWA INTL A,2024-08-16 14:00,2024,8,16,14:00,29.1,17.9,50,22,7,791.6106608,,,26.81505,68.17811667,20.46288333,0.045,0.32,137.0833333,74.61666667,,2.28495,1.899444444,18.17811667,716.9939941
OTTAWA INTL A,2024-08-16 15:00,2024,8,16,15:00,29.2,18,50,22,14,651.3668953,,,27.53311667,60.6821,19.25931667,0.093333333,0.4,141.6833333,42.75,,1.66688333,3.795555556,10.6821,608.6168953
OTTAWA INTL A,2024-08-16 16:00,2024,8,16,16:00,28.7,18.4,53,17,12,470.7620165,,,27.99183333,57.8825,18.9195,0.21,0.5,147.1666667,28.5,,0.70816667,3.123333333,4.8825,442.2620165
OTTAWA INTL A,2024-08-16 17:00,2024,8,16,17:00,27.9,17.9,54,19,11,341.6005698,,,28.03181667,51.66191667,17.16096667,0.255,0.585,171.1333333,14.85,,0.13181667,2.800555556,2.33808333,326.7505698
OTTAWA INTL A,2024-08-16 18:00,2024,8,16,18:00,25.9,17.6,60,20,11,176.2424641,,,27.3977,53.08263333,16.9886,0.021666667,0.211666667,126.8666667,6.883333333,,1.4977,3.033888889,6.91736667,169.3591308
OTTAWA INTL A,2024-08-16 19:00,2024,8,16,19:00,22.5,18,75,16,5,26.92202902,,,25.19285,66.68243333,18.56908333,0,0.005,89.06666667,1.4,,2.69285,1.388888889,8.31756667,25.52202902
OTTAWA INTL A,2024-08-16 20:00,2024,8,16,20:00,22.2,17.6,75,15,4,2.31915545,,,23.8845,70.1354,18.13105,0,0.005,101.75,1,,1.6845,1.111111111,4.8646,1.31915545
OTTAWA INTL A,2024-08-16 21:00,2024,8,16,21:00,20,17.5,85,16,7,2.204382467,,,22.96005,70.7071,17.3664,0,0.02,109.9833333,1,,2.96005,1.944444444,14.2929,1.204382467
OTTAWA INTL A,2024-08-16 22:00,2024,8,16,22:00,20.2,17.2,82,14,8,2.136512117,,,21.97493333,78.37393333,18.057,0,0.01,93.18333333,1,,1.77493333,2.222222222,3.62606667,1.136512117
OTTAWA INTL A,2024-08-16 23:00,2024,8,16,23:00,19.6,17.8,89,10,13,1.93875225,,,21.68111667,81.75445,18.4414,0,0.03,102.65,1,,2.08111667,3.611111111,7.24555,0.93875225
OTTAWA INTL A,2024-08-17 0:00,2024,8,17,0:00,19.7,18.6,93,11,12,1.80116955,,,20.85813333,89.87391667,19.15595,0.03,0.111666667,96.13333333,1,,1.15813333,3.303333333,3.12608333,0.80116955
OTTAWA INTL A,2024-08-17 1:00,2024,8,17,1:00,21.1,18.9,87,18,11,1.419358267,,,21.01518333,90.61763333,19.44653333,0,0.07,118.3833333,1,,0.08481667,3.055555556,3.61763333,0.419358267
OTTAWA INTL A,2024-08-17 2:00,2024,8,17,2:00,20.5,19.9,97,14,10,2.1158129,,,20.82955,92.29966667,19.55925,0.01,0.066666667,92,1,,0.32955,2.767777778,4.70033333,1.1158129
OTTAWA INTL A,2024-08-17 3:00,2024,8,17,3:00,19.9,19.9,100,10,15,2.01973685,,,20.4285,92.32046667,19.16345,0.05,0.17,79.21666667,1,,0.5285,4.116666667,7.67953333,1.01973685
OTTAWA INTL A,2024-08-17 4:00,2024,8,17,4:00,19.9,19.9,100,13,13,1.413181167,,,20.00638333,94.64036667,19.1449,0.04,0.218333333,104.1166667,1,,0.10638333,3.571111111,5.35963333,0.413181167
OTTAWA INTL A,2024-08-17 5:00,2024,8,17,5:00,19.4,19.4,100,16,9,2.027810033,,,20.12858333,92.80908333,18.95196667,0.03,0.24,130.3666667,1,,0.72858333,2.47,7.19091667,1.027810033
OTTAWA INTL A,2024-08-17 6:00,2024,8,17,6:00,19,19,100,12,7,3.58362675,,,19.70683333,95.48236667,18.9882,0.01,0.163333333,137.1833333,1,,0.70683333,1.934444444,4.51763333,2.58362675
OTTAWA INTL A,2024-08-17 7:00,2024,8,17,7:00,19,19,100,14,13,12.78590852,,,19.47245,97.81975,19.14398333,0,0.071666667,76.73333333,1.116666667,,0.47245,3.611111111,2.18025,11.66924185
OTTAWA INTL A,2024-08-17 8:00,2024,8,17,8:00,19.3,19.3,100,15,15,32.79727735,,,19.39575,98.2114,19.13146667,0.015,0.098333333,90.93333333,2.183333333,,0.09575,4.151666667,1.7886,30.61394402
OTTAWA INTL A,2024-08-17 9:00,2024,8,17,9:00,19.5,19.5,100,13,13,95.09413668,,,19.48375,97.73653333,19.14143333,0.065,0.348333333,121.5333333,6.95,,0.01625,3.546111111,2.26346667,88.14413668
OTTAWA INTL A,2024-08-17 10:00,2024,8,17,10:00,20.1,20.1,100,14,16,70.23845963,,,19.71316667,97.50716667,19.33276667,0.123333333,0.443333333,105.95,6.366666667,,0.38683333,4.321111111,2.49283333,63.87179296
OTTAWA INTL A,2024-08-17 11:00,2024,8,17,11:00,21.1,21.1,100,14,16,71.13634762,,,20.10598333,97.38546667,19.70468333,0.07,0.281666667,129.2666667,5.583333333,,0.99401667,4.374444444,2.61453333,65.55301429
OTTAWA INTL A,2024-08-17 12:00,2024,8,17,12:00,21.8,21.8,100,13,14,89.05018627,,,20.50466667,96.35476667,19.9305,0.04,0.275,126.7666667,7.633333333,,1.29533333,3.848888889,3.64523333,81.41685294
OTTAWA INTL A,2024-08-17 13:00,2024,8,17,13:00,22.5,22.5,100,15,10,144.7254137,,,21.10305,94.77621667,20.25873333,0.02,0.24,119.9333333,12.36666667,,1.39695,2.757777778,5.22378333,132.358747
OTTAWA INTL A,2024-08-17 14:00,2024,8,17,14:00,24,22.6,91,11,12,125.5842238,,,21.74085,93.85231667,20.73408333,0.02,0.236666667,122.5666667,10.78333333,,2.25915,3.313333333,2.85231667,114.8008905
OTTAWA INTL A,2024-08-17 15:00,2024,8,17,15:00,25,22.2,84,12,11,208.5875502,,,22.44025,92.38676667,21.17076667,0.015,0.258333333,106.8,16.13333333,,2.55975,3.040555556,8.38676667,192.4542169
OTTAWA INTL A,2024-08-17 16:00,2024,8,17,16:00,23.6,23.6,100,12,9,242.3852001,,,23.62638333,88.73046667,21.683,0.106666667,0.401666667,99.35,18.25,,0.02638333,2.393333333,11.26953333,224.1352001
OTTAWA INTL A,2024-08-17 17:00,2024,8,17,17:00,22.3,22.3,100,12,17,36.21417147,,,23.02263333,93.07718333,21.86031667,0.171666667,0.458333333,120.2666667,2.866666667,,0.72263333,4.550555555,6.92281667,33.3475048
OTTAWA INTL A,2024-08-17 18:00,2024,8,17,18:00,22.8,22.8,100,14,13,24.61515043,,,22.16958333,98.46425,21.94573333,0.078333333,0.361666667,126.9833333,1.366666667,,0.63041667,3.532777778,1.53575,23.24848376
OTTAWA INTL A,2024-08-17 19:00,2024,8,17,19:00,21.8,21.6,99,14,13,7.1570204,,,22.06038333,98.62403333,21.86306667,0.015,0.23,132.4666667,1,,0.26038333,3.596111111,0.37596667,6.1570204
OTTAWA INTL A,2024-08-17 20:00,2024,8,17,20:00,21.9,21.1,95,15,14,1.77595675,,,21.8545,95.7425,21.16775,0.065,0.291666667,143.8166667,1,,0.0455,3.823888889,0.7425,0.77595675
OTTAWA INTL A,2024-08-17 21:00,2024,8,17,21:00,21.8,21.1,96,15,12,1.669200783,,,21.36151667,95.85806667,20.69968333,0,0.035,106.1833333,1,,0.43848333,3.333333333,0.14193333,0.669200783
OTTAWA INTL A,2024-08-17 22:00,2024,8,17,22:00,21.8,20.9,95,15,13,1.591317417,,,21.19283333,95.62653333,20.49298333,0.01,0.171666667,142.8,1,,0.60716667,3.601111111,0.62653333,0.591317417
OTTAWA INTL A,2024-08-17 23:00,2024,8,17,23:00,21.6,20.8,95,14,13,1.523116883,,,21.67288333,91.13015,20.18701667,0.04,0.27,162.8333333,1,,0.07288333,3.571111111,3.86985,0.523116883
OTTAWA INTL A,2024-08-18 0:00,2024,8,18,0:00,21.4,20.2,93,15,16,1.721381367,,,21.81235,88.89425,19.92455,0.025,0.325,164.2,1,,0.41235,4.419444444,4.10575,0.721381367
OTTAWA INTL A,2024-08-18 1:00,2024,8,18,1:00,21.2,20,93,15,14,1.657606983,,,21.72223333,87.89701667,19.65343333,0.085,0.396666667,152.5166667,1,,0.52223333,3.803888889,5.10298333,0.657606983
OTTAWA INTL A,2024-08-18 2:00,2024,8,18,2:00,20.7,19.7,94,14,13,1.780852217,,,21.64925,86.66068333,19.35341667,0.075,0.268333333,143.6666667,1,,0.94925,3.536111111,7.33931667,0.780852217
OTTAWA INTL A,2024-08-18 3:00,2024,8,18,3:00,20.5,19.8,96,14,13,1.81315375,,,21.33501667,87.06826667,19.11965,0.025,0.196666667,152.1333333,1,,0.83501667,3.586111111,8.93173333,0.81315375
OTTAWA INTL A,2024-08-18 4:00,2024,8,18,4:00,19.3,19.3,100,15,14,2.35580835,,,21.26323333,86.1951,18.88718333,0.135,0.475,171.2833333,1,,1.96323333,3.753888889,13.8049,1.35580835
OTTAWA INTL A,2024-08-18 5:00,2024,8,18,5:00,19.2,19.2,100,14,10,1.885903,,,19.97418333,94.42475,19.06768333,0.075,0.288333333,145.5666667,1,,0.77418333,2.702777778,5.57525,0.885903
OTTAWA INTL A,2024-08-18 6:00,2024,8,18,6:00,19.4,19.4,100,13,11,8.756665833,,,19.50438333,97.33575,19.09608333,0,0.066666667,101.55,1,,0.10438333,3.055555556,2.66425,7.756665833
OTTAWA INTL A,2024-08-18 7:00,2024,8,18,7:00,19.7,19.7,100,14,15,58.65497598,,,19.63395,97.05003333,19.17788333,0,0.066666667,108.9666667,3.833333333,,0.06605,4.166666667,2.94996667,54.82164265
OTTAWA INTL A,2024-08-18 8:00,2024,8,18,8:00,19.9,19.9,100,17,12,150.0578734,,,20.14188333,95.1234,19.36035,0.035,0.2,126.35,12.21666667,,0.24188333,3.298333333,4.8766,137.8412067
OTTAWA INTL A,2024-08-18 9:00,2024,8,18,9:00,20.7,20.7,100,14,13,151.5253285,,,20.57045,93.51896667,19.5135,0.035,0.235,139.1,12.73333333,,0.12955,3.576111111,6.48103333,138.7919952
OTTAWA INTL A,2024-08-18 10:00,2024,8,18,10:00,21.4,21.3,99,18,8,163.0199179,,,20.96408333,93.0207,19.81828333,0.02,0.17,121.2,13.95,,0.43591667,2.202222222,5.9793,149.0699179
OTTAWA INTL A,2024-08-18 11:00,2024,8,18,11:00,22.6,21.8,95,16,13,241.8502413,,,21.55488333,91.57846667,20.15005,0.12,0.466666667,142.5,20.83333333,,1.04511667,3.491111111,3.42153333,221.016908
OTTAWA INTL A,2024-08-18 12:00,2024,8,18,12:00,24.5,22.1,86,15,16,513.2464818,,,22.70446667,87.13721667,20.4769,0.166666667,0.546666667,158.8833333,38.96666667,,1.79553333,4.277777777,1.13721667,474.2798151
OTTAWA INTL A,2024-08-18 13:00,2024,8,18,13:00,25.5,22,81,18,9,403.6124305,,,23.75833333,83.32311667,20.78635,0.198333333,0.558333333,157.5333333,35.6,,1.74166667,2.301666667,2.32311667,368.0124305
OTTAWA INTL A,2024-08-18 14:00,2024,8,18,14:00,25.3,20.7,75,17,16,426.0414622,,,24.32416667,81.11955,20.89733333,0.183333333,0.535,148.2666667,32.88333333,,0.97583333,4.261111111,6.11955,393.1581289
OTTAWA INTL A,2024-08-18 15:00,2024,8,18,15:00,25.7,21.2,76,16,18,500.4641258,,,25.09168333,77.40633333,20.88221667,0.241666667,0.603333333,162.3,35.3,,0.60831667,4.758333333,1.40633333,465.1641258
OTTAWA INTL A,2024-08-18 16:00,2024,8,18,16:00,24.9,21.5,81,17,21,310.5370703,,,25.35183333,77.22336667,21.09835,0.215,0.568333333,130.0166667,20.51666667,,0.45183333,5.618333333,3.77663333,290.0204036
OTTAWA INTL A,2024-08-18 17:00,2024,8,18,17:00,23.4,23.4,100,15,10,133.521633,,,24.54618333,82.16591667,21.30658333,0.148333333,0.456666667,152.7166667,10.36666667,,1.14618333,2.629444445,17.83408333,123.1549663
OTTAWA INTL A,2024-08-18 18:00,2024,8,18,18:00,22.5,22.5,100,18,12,78.12940283,,,23.43015,89.07425,21.55356667,0.04,0.226666667,112.8166667,5.416666667,,0.93015,3.293333333,10.92575,72.71273616
OTTAWA INTL A,2024-08-18 19:00,2024,8,18,19:00,21.6,21.6,100,15,6,13.55669853,,,23.12203333,88.8111,21.19646667,0.178333333,0.473333333,162.5666667,1.366666667,,1.52203333,1.488333334,11.1889,12.19003186
OTTAWA INTL A,2024-08-18 20:00,2024,8,18,20:00,21,21,100,19,4,1.720423967,,,21.91596667,95.12996667,21.12788333,0.02,0.071666667,113.5833333,1,,0.91596667,1.091111111,4.87003333,0.720423967
OTTAWA INTL A,2024-08-18 21:00,2024,8,18,21:00,21,21,100,28,5,1.854604483,,,21.36645,96.07981667,20.74321667,0,0.036666667,68.51666667,1,,0.36645,1.388888889,3.92018333,0.854604483
OTTAWA INTL A,2024-08-18 22:00,2024,8,18,22:00,20.4,20.4,100,25,7,2.33266445,,,20.88966667,98.05945,20.59883333,0.02,0.131666667,123.3,1,,0.48966667,1.924444444,1.94055,1.33266445
OTTAWA INTL A,2024-08-18 23:00,2024,8,18,23:00,19.4,19.4,100,28,8,1.65208625,,,20.47895,99.09266667,20.35875,0,0.025,107.95,1,,1.07895,2.222222222,0.90733333,0.65208625
OTTAWA INTL A,2024-08-19 0:00,2024,8,19,0:00,20,20,100,30,9,1.601920417,,,20.13531667,99.26905,20.04376667,0.02,0.12,120.35,1,,0.13531667,2.48,0.73095,0.601920417
OTTAWA INTL A,2024-08-19 1:00,2024,8,19,1:00,20.1,20.1,100,30,13,1.6399609,,,19.86735,99.4649,19.80735,0,0.01,119.7666667,1,,0.23265,3.611111111,0.5351,0.6399609
OTTAWA INTL A,2024-08-19 2:00,2024,8,19,2:00,18.6,18.6,100,32,27,1.869054333,,,19.66466667,99.30371667,19.57838333,0.03,0.3,69.7,1,,1.06466667,7.47,0.69628333,0.869054333
OTTAWA INTL A,2024-08-19 3:00,2024,8,19,3:00,17.3,17.3,100,32,21,2.1041547,,,18.42806667,97.81358333,18.09983333,0.13,0.468333333,99.7,1,,1.12806667,5.703333333,2.18641667,1.1041547
OTTAWA INTL A,2024-08-19 4:00,2024,8,19,4:00,17.3,17.3,100,32,17,1.7647453,,,17.64993333,96.83645,17.16328333,0.146666667,0.476666667,97.48333333,1,,0.34993333,4.575555555,3.16355,0.7647453
OTTAWA INTL A,2024-08-19 5:00,2024,8,19,5:00,16.9,16.9,100,32,21,1.6781528,,,17.25741667,96.50235,16.71716667,0.105,0.465,121.1666667,1,,0.35741667,5.728333333,3.49765,0.6781528
OTTAWA INTL A,2024-08-19 6:00,2024,8,19,6:00,16.8,16.8,100,33,20,19.09923593,,,17.09911667,94.88956667,16.29383333,0.191666667,0.596666667,141.1833333,1.3,,0.29911667,5.363888889,5.11043333,17.79923593
OTTAWA INTL A,2024-08-19 7:00,2024,8,19,7:00,17,16.3,95,32,25,65.1805205,,,16.91531667,93.15945,15.82236667,0.283333333,0.736666667,108.1833333,4.5,,0.08468333,6.661111111,1.84055,60.6805205
OTTAWA INTL A,2024-08-19 8:00,2024,8,19,8:00,15.9,15.5,97,32,25,86.81334292,,,16.5865,91.17018333,15.15935,0.32,0.723333333,116.0666667,6.533333333,,0.6865,6.624444444,5.82981667,80.28000959
OTTAWA INTL A,2024-08-19 9:00,2024,8,19,9:00,16.2,14.3,89,35,23,90.8302166,,,16.07851667,90.19613333,14.48963333,0.358333333,0.791666667,129.1333333,7.016666667,,0.12148333,6.030555556,1.19613333,83.81354993
OTTAWA INTL A,2024-08-19 10:00,2024,8,19,10:00,15.6,13.3,86,33,33,98.6604821,,,15.6707,90.2836,14.10005,0.395,0.81,145.9333333,7.233333333,,0.0707,8.771666667,4.2836,91.42714877
OTTAWA INTL A,2024-08-19 11:00,2024,8,19,11:00,14.9,14.4,97,34,30,178.476138,,,14.81806667,95.70625,14.15643333,0.241666667,0.64,103.15,13.96666667,,0.08193333,8.091666666,1.29375,164.5094713
OTTAWA INTL A,2024-08-19 12:00,2024,8,19,12:00,15.1,13.9,93,34,26,175.8332203,,,14.59351667,95.7472,13.9396,0.27,0.723333333,141.3166667,14.45,,0.50648333,6.952222222,2.7472,161.3832203
OTTAWA INTL A,2024-08-19 13:00,2024,8,19,13:00,14.6,13.3,92,33,31,121.8541911,,,14.55488333,94.51345,13.70105,0.291666667,0.713333333,86.46666667,10.16666667,,0.04511667,8.319444444,2.51345,111.6875244
OTTAWA INTL A,2024-08-19 14:00,2024,8,19,14:00,14.7,13,90,34,27,111.9135131,,,14.38458333,92.72206667,13.2375,0.493333333,0.885,92,9.116666667,,0.31541667,7.006666667,2.72206667,102.7968464
OTTAWA INTL A,2024-08-19 15:00,2024,8,19,15:00,14.8,11.4,80,35,30,61.37923013,,,14.56923333,88.11983333,12.64001667,0.453333333,0.911666667,59.16666667,4.8,,0.23076667,7.88,8.11983333,56.57923013
OTTAWA INTL A,2024-08-19 16:00,2024,8,19,16:00,14.6,12,84,34,21,82.99054815,,,13.97698333,91.5125,12.62841667,0.271666667,0.705,234.2333333,6.1,,0.62301667,5.561666666,7.5125,76.89054815
OTTAWA INTL A,2024-08-19 17:00,2024,8,19,17:00,15.6,9.5,67,34,35,157.6561108,,,14.41015,88.05423333,12.45758333,0.305,0.73,107.7333333,12.83333333,,1.18985,9.417222222,21.05423333,144.8227775
OTTAWA INTL A,2024-08-19 18:00,2024,8,19,18:00,15.6,8.6,63,34,30,225.4733629,,,15.16265,77.25655,11.21806667,0.495,0.95,67.26666667,15.18333333,,0.43735,7.838333333,14.25655,210.2900296
OTTAWA INTL A,2024-08-19 19:00,2024,8,19,19:00,13.8,9.8,77,31,14,34.07529607,,,14.00726667,86.54106667,11.80801667,0,0.045,105.35,1.816666667,,0.20726667,3.888888889,9.54106667,32.2586294
OTTAWA INTL A,2024-08-19 20:00,2024,8,19,20:00,13.2,10.6,84,31,10,2.359567967,,,13.14088333,89.12285,11.40288333,0,0.03,96,1,,0.05911667,2.777777778,5.12285,1.359567967
OTTAWA INTL A,2024-08-19 21:00,2024,8,19,21:00,14.5,8.4,66,35,28,1.60473505,,,13.70491667,87.65756667,11.69045,0.096666667,0.34,89,1,,0.79508333,7.681111111,21.65756667,0.60473505
OTTAWA INTL A,2024-08-19 22:00,2024,8,19,22:00,12.8,7,67,34,23,2.362102033,,,13.55335,77.93538333,9.7912,0.245,0.656666667,147.45,1,,0.75335,6.143888889,10.93538333,1.362102033
OTTAWA INTL A,2024-08-19 23:00,2024,8,19,23:00,11.8,7.1,73,32,18,1.9153343,,,12.60278333,78.88395,9.045333333,0.226666667,0.586666667,166.3333333,1,,0.80278333,4.773333333,5.88395,0.9153343
OTTAWA INTL A,2024-08-20 0:00,2024,8,20,0:00,9.8,7.9,88,31,13,1.64846835,,,11.46265,86.05858333,9.22465,0.005,0.15,117.1166667,1,,1.66265,3.606111111,1.94141667,0.64846835
OTTAWA INTL A,2024-08-20 1:00,2024,8,20,1:00,10.9,8.7,86,32,19,1.533437783,,,11.73638333,86.21008333,9.519983333,0.03,0.291666667,108.3333333,1,,0.83638333,5.247777778,0.21008333,0.533437783
OTTAWA INTL A,2024-08-20 2:00,2024,8,20,2:00,10.8,9.1,90,31,18,1.668044167,,,11.75098333,87.59008333,9.770933333,0.04,0.253333333,93.85,1,,0.95098333,4.96,2.40991667,0.668044167
OTTAWA INTL A,2024-08-20 3:00,2024,8,20,3:00,10.7,9.8,95,31,17,1.42365775,,,11.67485,89.93658333,10.09153333,0,0.131666667,135.9833333,1,,0.97485,4.722222222,5.06341667,0.42365775
OTTAWA INTL A,2024-08-20 4:00,2024,8,20,4:00,11.7,10,89,31,23,1.307646867,,,12.09241667,89.62196667,10.45153333,0.055,0.395,129.5333333,1,,0.39241667,6.333888889,0.62196667,0.307646867
OTTAWA INTL A,2024-08-20 5:00,2024,8,20,5:00,12.1,9.9,86,33,26,1.5432016,,,12.44196667,88.55965,10.61798333,0.161666667,0.53,144.5666667,1,,0.34196667,7.060555555,2.55965,0.5432016
OTTAWA INTL A,2024-08-20 6:00,2024,8,20,6:00,12.5,10.2,86,32,24,11.4170751,,,12.60038333,87.8612,10.65543333,0.185,0.615,91.38333333,1.116666667,,0.10038333,6.481666667,1.8612,10.30040843
OTTAWA INTL A,2024-08-20 7:00,2024,8,20,7:00,13,10.6,85,32,24,72.40991387,,,12.87205,88.27061667,10.99325,0.185,0.505,103.6333333,5.216666667,,0.12795,6.481666667,3.27061667,67.1932472
OTTAWA INTL A,2024-08-20 8:00,2024,8,20,8:00,13.5,10.6,82,33,27,160.3057984,,,13.47965,86.90708333,11.35651667,0.126666667,0.5,87.6,13.71666667,,0.02035,7.373333333,4.90708333,146.5891317
OTTAWA INTL A,2024-08-20 9:00,2024,8,20,9:00,15.5,10.7,73,32,34,363.1413577,,,14.20855,85.35085,11.79865,0.213333333,0.658333333,149.35,31.05,,1.29145,9.231111111,12.35085,332.0913577
OTTAWA INTL A,2024-08-20 10:00,2024,8,20,10:00,16.1,10.8,71,35,24,539.0543208,,,14.99573333,80.79715,11.73136667,0.276666667,0.758333333,170.55,41.4,,1.10426667,6.39,9.79715,497.6543208
OTTAWA INTL A,2024-08-20 11:00,2024,8,20,11:00,16.9,11,68,33,27,503.2416402,,,15.55873333,76.8033,11.51738333,0.428333333,0.923333333,138.3833333,43.2,,1.34126667,7.071666667,8.8033,460.0416402
OTTAWA INTL A,2024-08-20 12:00,2024,8,20,12:00,17.1,10.8,66,33,27,485.5031392,,,15.99196667,76.49328333,11.87675,0.333333333,0.751666667,116.7833333,41.76666667,,1.10803333,7.166666667,10.49328333,443.7364725
OTTAWA INTL A,2024-08-20 13:00,2024,8,20,13:00,17.7,11.1,65,32,26,651.2652163,,,16.54501667,74.55963333,12.01971667,0.32,0.885,146.55,62.68333333,,1.15498333,6.902222222,9.55963333,588.581883
OTTAWA INTL A,2024-08-20 14:00,2024,8,20,14:00,18.4,11.5,64,35,25,500.9700367,,,16.80731667,74.93908333,12.3527,0.311666667,0.733333333,127.3166667,63.3,,1.59268333,6.632777777,10.93908333,437.6700367
OTTAWA INTL A,2024-08-20 15:00,2024,8,20,15:00,18.7,9.4,54,36,27,714.0519263,,,17.63521667,71.34216667,12.38828333,0.251666667,0.711666667,130.25,41.8,,1.06478333,7.248333333,17.34216667,672.2519263
OTTAWA INTL A,2024-08-20 16:00,2024,8,20,16:00,18.2,8.9,54,34,28,278.9230209,,,17.42113333,66.76271667,11.18175,0.473333333,0.908333333,95.01666667,22.16666667,,0.77886667,7.304444445,12.76271667,256.7563542
OTTAWA INTL A,2024-08-20 17:00,2024,8,20,17:00,16.6,10.4,67,33,17,121.2300961,,,16.1189,71.7052,11.01445,0.238333333,0.613333333,86.85,10.88333333,,0.4811,4.483888889,4.7052,110.3467628
OTTAWA INTL A,2024-08-20 18:00,2024,8,20,18:00,16.1,9.9,67,32,18,111.6474719,,,16.08855,76.45701667,11.9562,0.025,0.265,90.55,7.833333333,,0.01145,4.975,9.45701667,103.8141386
OTTAWA INTL A,2024-08-20 19:00,2024,8,20,19:00,15.5,9.9,69,32,17,21.50062492,,,15.33893333,81.35466667,12.17733333,0,0.06,110.0166667,1.516666667,,0.16106667,4.722222222,12.35466667,19.98395825
OTTAWA INTL A,2024-08-20 20:00,2024,8,20,20:00,15.4,10.3,71,32,15,1.890117283,,,14.86493333,83.53276667,12.11735,0,0.09,114.6666667,1,,0.53506667,4.166666667,12.53276667,0.890117283
OTTAWA INTL A,2024-08-20 21:00,2024,8,20,21:00,15.1,10.3,73,31,14,1.80632475,,,14.72088333,83.98805,12.05835,0,0.035,108.45,1,,0.37911667,3.888888889,10.98805,0.80632475
OTTAWA INTL A,2024-08-20 22:00,2024,8,20,22:00,14.8,10.1,73,32,14,1.8528932,,,14.50235,83.90398333,11.82978333,0,0.03,72.56666667,1,,0.29765,3.888888889,10.90398333,0.8528932
OTTAWA INTL A,2024-08-20 23:00,2024,8,20,23:00,14.2,10.3,77,33,16,1.949694183,,,14.36238333,84.20568333,11.74586667,0.005,0.116666667,83.13333333,1,,0.16238333,4.439444444,7.20568333,0.949694183
OTTAWA INTL A,2024-08-21 0:00,2024,8,21,0:00,13.6,10.7,83,33,16,1.689875483,,,13.7078,85.26871667,11.29358333,0.05,0.25,142.0833333,1,,0.1078,4.394444444,2.26871667,0.689875483
OTTAWA INTL A,2024-08-21 1:00,2024,8,21,1:00,13.3,10.6,84,34,16,1.670557167,,,13.43361667,86.20651667,11.18868333,0.015,0.158333333,142.5166667,1,,0.13361667,4.429444444,2.20651667,0.670557167
OTTAWA INTL A,2024-08-21 2:00,2024,8,21,2:00,12.6,11.3,92,30,11,1.353060383,,,13.29235,88.2577,11.40565,0.005,0.116666667,147.3,1,,0.69235,3.050555556,3.7423,0.353060383
OTTAWA INTL A,2024-08-21 3:00,2024,8,21,3:00,13.9,11.2,84,33,14,1.500807917,,,13.57023333,88.59121667,11.73683333,0.02,0.186666667,175.3833333,1,,0.32976667,3.868888889,4.59121667,0.500807917
OTTAWA INTL A,2024-08-21 4:00,2024,8,21,4:00,14,11.3,84,33,18,1.734425133,,,13.58196667,89.68441667,11.93478333,0,0.06,113.8333333,1,,0.41803333,5,5.68441667,0.734425133
OTTAWA INTL A,2024-08-21 5:00,2024,8,21,5:00,13.4,12.6,95,31,15,1.927526183,,,13.4672,92.09291667,12.22096667,0,0.106666667,144.05,1,,0.0672,4.166666667,2.90708333,0.927526183
OTTAWA INTL A,2024-08-21 6:00,2024,8,21,6:00,13.2,13.2,100,32,13,3.672078333,,,13.15253333,95.31455,12.43468333,0,0.041666667,104.7,1,,0.04746667,3.611111111,4.68545,2.672078333
OTTAWA INTL A,2024-08-21 7:00,2024,8,21,7:00,12.8,12.8,100,31,19,31.42103875,,,12.89826667,97.59768333,12.54233333,0,0.061666667,98.8,2.65,,0.09826667,5.277777778,2.40231667,28.77103875
OTTAWA INTL A,2024-08-21 8:00,2024,8,21,8:00,12.9,12.9,100,30,19,34.99674988,,,12.95103333,98.02391667,12.66168333,0.05,0.296666667,180.05,2.233333333,,0.05103333,5.227777778,1.97608333,32.76341655
OTTAWA INTL A,2024-08-21 9:00,2024,8,21,9:00,13,13,100,30,13,94.70873287,,,12.94646667,97.84811667,12.62958333,0.025,0.305,134.6666667,6.183333333,,0.05353333,3.586111111,2.15188333,88.52539954
OTTAWA INTL A,2024-08-21 10:00,2024,8,21,10:00,14.7,13.3,91,30,17,367.8128293,,,13.73171667,96.82225,13.25083333,0.03,0.285,161.4333333,27.61666667,,0.96828333,4.692222222,5.82225,340.1961626
OTTAWA INTL A,2024-08-21 11:00,2024,8,21,11:00,17.1,13,77,29,19,533.426401,,,15.4352,91.95453333,14.14795,0.065,0.348333333,144.8833333,39.35,,1.6648,5.212777778,14.95453333,494.076401
OTTAWA INTL A,2024-08-21 12:00,2024,8,21,12:00,18,11.9,67,31,19,412.7141928,,,15.9706,88.64398333,14.11256667,0.015,0.268333333,109.2166667,32.58333333,,2.0294,5.262777778,21.64398333,380.1308595
OTTAWA INTL A,2024-08-21 13:00,2024,8,21,13:00,18.7,11.5,62,32,24,333.1472787,,,17.01548333,79.76168333,13.49075,0.135,0.475,105.3166667,27.4,,1.68451667,6.531666667,17.76168333,305.7472787
OTTAWA INTL A,2024-08-21 14:00,2024,8,21,14:00,18.1,10.4,60,1,24,96.12964955,,,16.60115,78.20265,12.79636667,0.273333333,0.616666667,69.55,8.433333333,,1.49885,6.393333334,18.20265,87.69631622
OTTAWA INTL A,2024-08-21 15:00,2024,8,21,15:00,16.8,12.1,74,1,17,98.91278428,,,15.958,84.84053333,13.42283333,0.111666667,0.283333333,91.23333333,9.6,,0.842,4.610555555,10.84053333,89.31278428
OTTAWA INTL A,2024-08-21 16:00,2024,8,21,16:00,13.7,13.2,97,6,13,77.96400097,,,14.6244,92.84015,13.49073333,0.075,0.296666667,95.48333333,6.7,,0.9244,3.536111111,4.15985,71.26400097
OTTAWA INTL A,2024-08-21 17:00,2024,8,21,17:00,14.2,14.2,100,27,10,68.17243302,,,14.24051667,96.43138333,13.69688333,0.086666667,0.233333333,105.4333333,5.716666667,,0.04051667,2.691111111,3.56861667,62.45576635
OTTAWA INTL A,2024-08-21 18:00,2024,8,21,18:00,14.2,14.2,100,27,15,33.10899498,,,14.41128333,97.81481667,14.0877,0.085,0.376666667,158.8,2.366666667,,0.21128333,4.081666667,2.18518333,30.74232831
OTTAWA INTL A,2024-08-21 19:00,2024,8,21,19:00,15,12.4,84,35,20,10.3038375,,,14.11608333,97.34321667,13.71815,0.17,0.436666667,112.7333333,1,,0.88391667,5.385555556,13.34321667,9.3038375
OTTAWA INTL A,2024-08-21 20:00,2024,8,21,20:00,13.8,12.9,94,31,15,1.773026183,,,13.58703333,96.19723333,13.00745,0.055,0.226666667,123.5666667,1,,0.21296667,4.111666667,2.19723333,0.773026183
OTTAWA INTL A,2024-08-21 21:00,2024,8,21,21:00,13.5,13.5,100,28,8,1.4809455,,,13.20588333,98.1217,12.93146667,0,0.09,136.75,1,,0.29411667,2.222222222,1.8783,0.4809455
OTTAWA INTL A,2024-08-21 22:00,2024,8,21,22:00,13.6,13.6,100,30,10,1.340909917,,,13.23051667,98.342,12.99051667,0.015,0.163333333,140.5333333,1,,0.36948333,2.762777778,1.658,0.340909917
OTTAWA INTL A,2024-08-21 23:00,2024,8,21,23:00,13.9,13.9,100,29,10,1.520421,,,13.35248333,98.37075,13.11683333,0.015,0.125,138.9,1,,0.54751667,2.762777778,1.62925,0.520421
OTTAWA INTL A,2024-08-22 0:00,2024,8,22,0:00,13.9,13.9,100,30,12,1.587504083,,,13.38366667,97.83768333,13.06468333,0.005,0.15,132.8333333,1,,0.51633333,3.328333333,2.16231667,0.587504083
OTTAWA INTL A,2024-08-22 1:00,2024,8,22,1:00,13.8,13.8,100,30,10,1.494595483,,,13.3969,98.17521667,13.13058333,0,0.055,117.9833333,1,,0.4031,2.777777778,1.82478333,0.494595483
OTTAWA INTL A,2024-08-22 2:00,2024,8,22,2:00,14.1,14.1,100,28,8,1.523333083,,,13.4876,96.83876667,13.01103333,0,0.05,140.65,1,,0.6124,2.222222222,3.16123333,0.523333083
OTTAWA INTL A,2024-08-22 3:00,2024,8,22,3:00,14.3,14.3,100,29,11,1.662888933,,,13.43058333,96.06615,12.8317,0,0.051666667,113.9,1,,0.86941667,3.055555556,3.93385,0.662888933
OTTAWA INTL A,2024-08-22 4:00,2024,8,22,4:00,13.4,13.4,100,25,5,1.72462585,,,13.35596667,96.65268333,12.85046667,0.01,0.04,123.4166667,1,,0.04403333,1.378888889,3.34731667,0.72462585
OTTAWA INTL A,2024-08-22 5:00,2024,8,22,5:00,12.3,12.3,100,27,11,1.65496945,,,13.3321,95.94971667,12.71418333,0,0.081666667,115.7666667,1,,1.0321,3.055555556,4.05028333,0.65496945
OTTAWA INTL A,2024-08-22 6:00,2024,8,22,6:00,13.3,13.3,100,27,4,19.69287057,,,13.04608333,95.98628333,12.4359,0.005,0.015,82.73333333,1.416666667,,0.25391667,1.106111111,4.01371667,18.2762039
OTTAWA INTL A,2024-08-22 7:00,2024,8,22,7:00,14.5,14.5,100,27,12,91.2175302,,,13.1938,96.54551667,12.67141667,0,0.04,121.5166667,6.6,,1.3062,3.333333333,3.45448333,84.6175302
OTTAWA INTL A,2024-08-22 8:00,2024,8,22,8:00,15,15,100,27,14,138.4000405,,,14.23573333,94.59815,13.39708333,0.005,0.08,98.38333333,11.41666667,,0.76426667,3.883888889,5.40185,126.9833738
OTTAWA INTL A,2024-08-22 9:00,2024,8,22,9:00,16,14.7,91,28,13,296.5333227,,,14.90926667,92.95015,13.79418333,0,0.12,92.06666667,22.48333333,,1.09073333,3.611111111,1.95015,274.0499894
OTTAWA INTL A,2024-08-22 10:00,2024,8,22,10:00,17.5,14.8,84,27,12,467.3883173,,,16.18106667,88.48443333,14.29378333,0.05,0.316666667,125.5166667,40.7,,1.31893333,3.283333333,4.48443333,426.6883173
OTTAWA INTL A,2024-08-22 11:00,2024,8,22,11:00,18.8,14.7,77,29,13,636.8887968,,,17.4336,83.71721667,14.66511667,0.05,0.331666667,142.5666667,44.93333333,,1.3664,3.561111111,6.71721667,591.9554635
OTTAWA INTL A,2024-08-22 12:00,2024,8,22,12:00,21.1,12.2,56,27,16,801.2840217,,,19.17846667,76.89491667,15.03723333,0.116666667,0.45,169.5166667,50.43333333,,1.92153333,4.327777777,20.89491667,750.8506884
OTTAWA INTL A,2024-08-22 13:00,2024,8,22,13:00,22.9,12.1,50,27,16,648.108054,,,20.06778333,72.11435,14.90486667,0.085,0.393333333,156.5833333,43.46666667,,2.83221667,4.359444444,22.11435,604.6413873
OTTAWA INTL A,2024-08-22 14:00,2024,8,22,14:00,21.8,13.6,59,28,12,683.7827122,,,20.52008333,69.4715,14.74896667,0.123333333,0.48,157.4666667,61.86666667,,1.27991667,3.21,10.4715,621.9160455
OTTAWA INTL A,2024-08-22 15:00,2024,8,22,15:00,23.7,14.3,55,27,14,461.2108495,,,20.49785,66.21788333,13.98578333,0.02,0.255,117.95,24.03333333,,3.20215,3.868888889,11.21788333,437.1775162
OTTAWA INTL A,2024-08-22 16:00,2024,8,22,16:00,20.1,14.4,69,24,13,371.7766172,,,20.51973333,70.51651667,14.99145,0,0.095,90.11666667,22.26666667,,0.41973333,3.611111111,1.51651667,349.5099505
OTTAWA INTL A,2024-08-22 17:00,2024,8,22,17:00,22.3,14.3,60,24,9,281.6278368,,,20.68226667,69.53496667,14.92801667,0,0.105,94.35,13.98333333,,1.61773333,2.5,9.53496667,267.6445035
OTTAWA INTL A,2024-08-22 18:00,2024,8,22,18:00,21.4,13,58,27,10,149.8388688,,,20.13896667,71.82061667,14.90663333,0,0.07,108.8833333,5.316666667,,1.26103333,2.777777778,13.82061667,144.5222021
OTTAWA INTL A,2024-08-22 19:00,2024,8,22,19:00,18.4,13.5,73,25,8,34.13791938,,,19.09158333,69.97938333,13.50581667,0,0.03,115.4333333,1.2,,0.69158333,2.222222222,3.02061667,32.93791938
OTTAWA INTL A,2024-08-22 20:00,2024,8,22,20:00,17.9,13.1,73,26,9,2.363453933,,,18.02735,75.70253333,13.68095,0.02,0.116666667,138.9333333,1,,0.12735,2.48,2.70253333,1.363453933
OTTAWA INTL A,2024-08-22 21:00,2024,8,22,21:00,15.8,13,83,25,10,1.512023533,,,17.47223333,76.2813,13.26876667,0,0.01,141.0166667,1,,1.67223333,2.777777778,6.7187,0.512023533
OTTAWA INTL A,2024-08-22 22:00,2024,8,22,22:00,17.1,12.6,75,25,4,1.77498695,,,17.42621667,74.53148333,12.87061667,0.015,0.036666667,132.1166667,1,,0.32621667,1.096111111,0.46851667,0.77498695
OTTAWA INTL A,2024-08-22 23:00,2024,8,22,23:00,14.4,12.6,89,25,13,1.799090633,,,16.71556667,78.6031,12.9908,0.11,0.335,137.3666667,1,,2.31556667,3.501111111,10.3969,0.799090633
OTTAWA INTL A,2024-08-23 0:00,2024,8,23,0:00,14.2,11.8,85,26,9,1.711301817,,,16.1196,82.62518333,13.1787,0,0.02,136.8666667,1,,1.9196,2.5,2.37481667,0.711301817
OTTAWA INTL A,2024-08-23 1:00,2024,8,23,1:00,14.6,12.5,87,26,3,1.508455433,,,15.81713333,86.72445,13.6247,0,0.025,130.9833333,1,,1.21713333,0.833333333,0.27555,0.508455433
OTTAWA INTL A,2024-08-23 2:00,2024,8,23,2:00,13.5,12.6,94,25,4,2.202424,,,15.7786,87.86535,13.78948333,0,0.01,121.8666667,1,,2.2786,1.111111111,6.13465,1.202424
OTTAWA INTL A,2024-08-23 3:00,2024,8,23,3:00,11.5,11.5,100,26,3,2.09741685,,,14.88033333,90.13921667,13.29315,0,0.01,121.3833333,1,,3.38033333,0.833333333,9.86078333,1.09741685
OTTAWA INTL A,2024-08-23 4:00,2024,8,23,4:00,12.9,12.9,100,30,3,1.857439667,,,14.03523333,94.71125,13.21595,0.075,0.208333333,138.9666667,1,,1.13523333,0.758333333,5.28875,0.857439667
OTTAWA INTL A,2024-08-23 5:00,2024,8,23,5:00,11.1,11.1,100,26,5,1.7122739,,,13.5709,95.91526667,12.94741667,0.1,0.286666667,159.4166667,1,,2.4709,1.288888889,4.08473333,0.7122739
OTTAWA INTL A,2024-08-23 6:00,2024,8,23,6:00,12,12,100,22,7,27.17899237,,,13.13261667,96.29491667,12.57123333,0.005,0.091666667,144.8333333,3.983333333,,1.13261667,1.939444444,3.70508333,23.19565904
OTTAWA INTL A,2024-08-23 7:00,2024,8,23,7:00,14.2,14.2,100,24,9,165.9599145,,,13.85865,95.85883333,13.2252,0.035,0.196666667,98.93333333,17.6,,0.34135,2.465,4.14116667,148.3599145
OTTAWA INTL A,2024-08-23 8:00,2024,8,23,8:00,16.9,14.2,84,27,20,307.4894142,,,15.44653333,91.19348333,14.02935,0.07,0.283333333,167.8166667,27.73333333,,1.45346667,5.485555556,7.19348333,279.7560809
OTTAWA INTL A,2024-08-23 9:00,2024,8,23,9:00,19.8,15,73,27,7,484.5717318,,,16.89491667,85.92628333,14.53863333,0.086666667,0.356666667,168.8333333,40.66666667,,2.90508333,1.857777777,12.92628333,443.9050651
OTTAWA INTL A,2024-08-23 10:00,2024,8,23,10:00,21.5,15.1,66,26,12,656.4655008,,,18.70555,80.92603333,15.37931667,0.095,0.385,171.5666667,59.93333333,,2.79445,3.238333333,14.92603333,596.5321675
OTTAWA INTL A,2024-08-23 11:00,2024,8,23,11:00,22.8,15.3,62,23,5,763.7605975,,,20.38305,76.6322,16.1575,0.12,0.49,197.45,74.55,,2.41695,1.268888889,14.6322,689.2105975
OTTAWA INTL A,2024-08-23 12:00,2024,8,23,12:00,24.1,14.6,55,19,14,822.29,,,21.7818,68.79223333,15.8028,0.193333333,0.576666667,182.95,53.65,,2.3182,3.695555556,13.79223333,768.64
OTTAWA INTL A,2024-08-23 13:00,2024,8,23,13:00,23.3,13.5,54,24,10,763.8571768,,,22.13033333,66.82825,15.68253333,0.146666667,0.536666667,193.7,49.35,,1.16966667,2.631111111,12.82825,714.5071768
OTTAWA INTL A,2024-08-23 14:00,2024,8,23,14:00,24.9,14.3,51,21,15,716.7628965,,,22.84778333,66.16615,16.20583333,0.135,0.483333333,174.1333333,103.95,,2.05221667,4.031666667,15.16615,612.8128965
OTTAWA INTL A,2024-08-23 15:00,2024,8,23,15:00,25.1,13.1,47,23,16,654.9302343,,,22.66088333,65.31721667,15.83256667,0.02,0.333333333,115.05,35.7,,2.43911667,4.424444444,18.31721667,619.2302343
OTTAWA INTL A,2024-08-23 16:00,2024,8,23,16:00,24.9,14.2,51,22,14,406.294677,,,22.83636667,66.14586667,16.19713333,0.055,0.331666667,120.9333333,27.35,,2.06363333,3.833888889,15.14586667,378.944677
OTTAWA INTL A,2024-08-23 17:00,2024,8,23,17:00,23.8,14.1,54,23,13,272.3540817,,,22.53898333,65.6991,15.79966667,0.045,0.235,112.7833333,11.68333333,,1.26101667,3.566111111,11.6991,260.6707484
OTTAWA INTL A,2024-08-23 18:00,2024,8,23,18:00,22.7,15.7,64,21,12,178.8717758,,,21.858,67.12305,15.5026,0,0.075,91.71666667,6.183333333,,0.842,3.333333333,3.12305,172.6884425
OTTAWA INTL A,2024-08-23 19:00,2024,8,23,19:00,20.5,16.8,79,18,9,43.29669093,,,22.05855,66.6485,15.578,0.066666667,0.29,149.05,2.433333333,,1.55855,2.433333333,12.3515,40.8633576
OTTAWA INTL A,2024-08-23 20:00,2024,8,23,20:00,18.7,16.7,88,17,9,2.4806302,,,21.91631667,72.5485,16.77583333,0.466666667,0.765,191.6833333,1,,3.21631667,2.033333333,15.4515,1.4806302
OTTAWA INTL A,2024-08-23 21:00,2024,8,23,21:00,17.8,16.6,93,18,8,1.861978067,,,20.92965,76.17538333,16.59681667,0.373333333,0.728333333,195.35,1,,3.12965,1.848888889,16.82461667,0.861978067
OTTAWA INTL A,2024-08-23 22:00,2024,8,23,22:00,17.6,16.5,94,21,12,1.924659883,,,20.09208333,79.11295,16.37825,0.29,0.665,188.4166667,1,,2.49208333,3.043333333,14.88705,0.924659883
OTTAWA INTL A,2024-08-23 23:00,2024,8,23,23:00,16.8,16.6,98,23,8,1.846541583,,,18.599,86.57378333,16.3361,0.135,0.31,143.8833333,1,,1.799,2.087222222,11.42621667,0.846541583
OTTAWA INTL A,2024-08-24 0:00,2024,8,24,0:00,15.3,15.3,100,24,9,1.5430893,,,18.20008333,86.7689,15.9795,0.06,0.228333333,145.6666667,1,,2.90008333,2.44,13.2311,0.5430893
OTTAWA INTL A,2024-08-24 1:00,2024,8,24,1:00,14.8,14.8,100,25,9,1.679413483,,,17.80541667,86.19445,15.48753333,0.12,0.35,182.2833333,1,,3.00541667,2.38,13.80555,0.679413483
OTTAWA INTL A,2024-08-24 2:00,2024,8,24,2:00,15.4,15.4,100,24,6,1.626877767,,,17.16298333,86.0912,14.837,0.09,0.378333333,177.7166667,1,,1.76298333,1.576666667,13.9088,0.626877767
OTTAWA INTL A,2024-08-24 3:00,2024,8,24,3:00,13.7,13.7,100,25,5,1.644063033,,,17.00536667,85.0427,14.49211667,0.025,0.24,153.7333333,1,,3.30536667,1.363888889,14.9573,0.644063033
OTTAWA INTL A,2024-08-24 4:00,2024,8,24,4:00,13.9,13.9,100,19,8,1.770976217,,,16.3023,86.49458333,14.06263333,0.02,0.198333333,157.6166667,1,,2.4023,2.202222222,13.50541667,0.770976217
OTTAWA INTL A,2024-08-24 5:00,2024,8,24,5:00,12.7,12.7,100,18,8,1.835880583,,,15.70236667,90.1799,14.11386667,0.015,0.068333333,104.8666667,1,,3.00236667,2.207222222,9.8201,0.835880583
OTTAWA INTL A,2024-08-24 6:00,2024,8,24,6:00,13.6,13.6,100,20,10,24.78861187,,,15.11113333,93.90701667,14.15391667,0.01,0.045,107.6166667,3.233333333,,1.51113333,2.767777778,6.09298333,21.55527854
OTTAWA INTL A,2024-08-24 7:00,2024,8,24,7:00,15.8,15.8,100,18,4,154.6229042,,,15.64885,91.98478333,14.36503333,0,0.105,110.9,17.8,,0.15115,1.111111111,8.01521667,136.8229042
OTTAWA INTL A,2024-08-24 8:00,2024,8,24,8:00,18.5,15.7,84,23,7,359.955663,,,17.17416667,86.90131667,14.98743333,0.055,0.311666667,109.0333333,35.4,,1.32583333,1.889444444,2.90131667,324.555663
OTTAWA INTL A,2024-08-24 9:00,2024,8,24,9:00,19.5,16.4,82,22,7,343.0483868,,,18.39981667,82.4489,15.37325,0.03,0.296666667,108.6,30.2,,1.10018333,1.914444444,0.4489,312.8483868
OTTAWA INTL A,2024-08-24 10:00,2024,8,24,10:00,22,16.5,71,21,10,609.25897,,,19.69276667,76.81755,15.5185,0.05,0.345,137.3166667,52.31666667,,2.30723333,2.727777778,5.81755,556.9423033
OTTAWA INTL A,2024-08-24 11:00,2024,8,24,11:00,23.5,13.3,52,21,11,766.6416633,,,21.37546667,69.66088333,15.61711667,0.135,0.47,181.6833333,65.83333333,,2.12453333,2.920555556,17.66088333,700.80833
OTTAWA INTL A,2024-08-24 12:00,2024,8,24,12:00,24.5,14.2,52,25,10,720.1015338,,,22.29375,68.32928333,16.1961,0.128333333,0.461666667,172.2666667,52.7,,2.20625,2.649444445,16.32928333,667.4015338
OTTAWA INTL A,2024-08-24 13:00,2024,8,24,13:00,24.9,14.6,52,23,16,734.3633372,,,23.34866667,64.66371667,16.31933333,0.17,0.526666667,188.6333333,48.45,,1.55133333,4.274444444,12.66371667,685.9133372
OTTAWA INTL A,2024-08-24 14:00,2024,8,24,14:00,25.1,15.3,54,22,11,628.4923513,,,23.29216667,67.7188,17.005,0.103333333,0.456666667,167.1,99.8,,1.80783333,2.952222223,13.7188,528.6923513
OTTAWA INTL A,2024-08-24 15:00,2024,8,24,15:00,25.2,15.3,54,21,14,339.1420402,,,22.76891667,71.5601,17.38168333,0.005,0.206666667,104.2666667,27.75,,2.43108333,3.883888889,17.5601,311.3920402
OTTAWA INTL A,2024-08-24 16:00,2024,8,24,16:00,24.2,15.8,59,25,13,326.4933028,,,22.87143333,71.63236667,17.49615,0.01,0.176666667,104.25,24.65,,1.32856667,3.601111111,12.63236667,301.8433028
OTTAWA INTL A,2024-08-24 17:00,2024,8,24,17:00,23.7,15.6,60,22,11,111.3880548,,,22.29155,74.19325,17.49488333,0.01,0.033333333,97.13333333,8.55,,1.40845,3.045555556,14.19325,102.8380548
OTTAWA INTL A,2024-08-24 18:00,2024,8,24,18:00,23.1,15.6,62,20,8,87.23302502,,,22.87353333,67.79318333,16.61455,0.075,0.283333333,147.05,6.366666667,,0.22646667,2.147222222,5.79318333,80.86635835
OTTAWA INTL A,2024-08-24 19:00,2024,8,24,19:00,20.6,15.3,71,17,6,21.08824153,,,22.55791667,67.38256667,16.22545,0.025,0.155,150.3333333,1.466666667,,1.95791667,1.641666667,3.61743333,19.62157486
OTTAWA INTL A,2024-08-24 20:00,2024,8,24,20:00,20.7,16.2,75,20,11,1.818020383,,,22.40163333,65.66746667,15.67418333,0.065,0.246666667,168.6,1,,1.70163333,2.990555556,9.33253333,0.818020383
OTTAWA INTL A,2024-08-24 21:00,2024,8,24,21:00,20.8,16.9,78,21,10,1.739625783,,,22.29155,69.83311667,16.52891667,0.09,0.345,182.5833333,1,,1.49155,2.687777778,8.16688333,0.739625783
OTTAWA INTL A,2024-08-24 22:00,2024,8,24,22:00,19.9,17.6,86,20,6,1.76890335,,,21.38253333,76.31888333,17.05715,0.02,0.098333333,100.0833333,1,,1.48253333,1.646666667,9.68111667,0.76890335
OTTAWA INTL A,2024-08-24 23:00,2024,8,24,23:00,19.4,17.7,90,19,8,1.6917218,,,20.65543333,79.89966667,17.08433333,0,0.02,103.4833333,1,,1.25543333,2.222222222,10.10033333,0.6917218
OTTAWA INTL A,2024-08-25 0:00,2024,8,25,0:00,18.9,17.8,93,18,8,1.779516583,,,20.40791667,81.90481667,17.23478333,0,0,98.75,1,,1.50791667,2.222222222,11.09518333,0.779516583
OTTAWA INTL A,2024-08-25 1:00,2024,8,25,1:00,18.2,18,99,19,7,1.846232283,,,20.28663333,83.55825,17.432,0,0.03,101.7,1,,2.08663333,1.944444444,15.44175,0.846232283
OTTAWA INTL A,2024-08-25 2:00,2024,8,25,2:00,17.8,17.8,100,19,6,1.601251767,,,19.56276667,87.35481667,17.42618333,0,0.005,91.28333333,1,,1.76276667,1.666666667,12.64518333,0.601251767
OTTAWA INTL A,2024-08-25 3:00,2024,8,25,3:00,17.8,17.8,100,22,8,1.954525317,,,18.90106667,91.06255,17.43053333,0,0.01,93.51666667,1,,1.10106667,2.222222222,8.93745,0.954525317
OTTAWA INTL A,2024-08-25 4:00,2024,8,25,4:00,17.4,17.4,100,24,5,1.6884194,,,18.54325,94.41855,17.65225,0.01,0.06,73.43333333,1,,1.14325,1.378888889,5.58145,0.6884194
OTTAWA INTL A,2024-08-25 5:00,2024,8,25,5:00,16.9,16.9,100,24.5,0,1.880004333,,,18.31435,94.8904,17.50393333,0.015,0.086666667,115.95,1,,1.41435,0.015,5.1096,0.880004333
OTTAWA INTL A,2024-08-25 6:00,2024,8,25,6:00,17.5,17.5,100,25,6,18.70219395,,,18.01596667,95.64786667,17.33266667,0.025,0.106666667,132.4333333,1.883333333,,0.51596667,1.641666667,4.35213333,16.81886062
OTTAWA INTL A,2024-08-25 7:00,2024,8,25,7:00,19.1,18.5,96,30,5,31.67601865,,,18.20573333,97.37928333,17.80573333,0.076666667,0.246666667,120.85,2.25,,0.89426667,1.312222222,1.37928333,29.42601865
OTTAWA INTL A,2024-08-25 8:00,2024,8,25,8:00,20.9,18.9,88,21,4,272.2061938,,,18.535,98.96371667,18.39315,0.005,0.121666667,89.16666667,17.51666667,,2.365,1.106111111,10.96371667,254.6895271
OTTAWA INTL A,2024-08-25 9:00,2024,8,25,9:00,23,18.8,77,24,0,428.8767173,,,19.18635,97.77208333,18.84981667,0.025,0.195,153.5166667,32.73333333,,3.81365,0.025,20.77208333,396.143384
OTTAWA INTL A,2024-08-25 10:00,2024,8,25,10:00,23.9,18.7,73,27,6,637.8586297,,,20.26335,94.84978333,19.43493333,0.02,0.273333333,111.2833333,47.9,,3.63665,1.646666667,21.84978333,589.9586297
OTTAWA INTL A,2024-08-25 11:00,2024,8,25,11:00,25.4,18,63,29,7,712.8228853,,,21.64928333,89.06875,19.78933333,0.051666667,0.32,153.9833333,59.9,,3.75071667,1.892777777,26.06875,652.9228853
OTTAWA INTL A,2024-08-25 12:00,2024,8,25,12:00,26.2,16.9,56,23,14,731.317724,,,22.71778333,82.88275,19.67746667,0.13,0.441666667,226.5666667,53.01666667,,3.48221667,3.758888889,26.88275,678.3010573
OTTAWA INTL A,2024-08-25 13:00,2024,8,25,13:00,26.2,16.9,56,24,8,807.5849795,,,23.65638333,73.09721667,18.56473333,0.126666667,0.495,171.8166667,48.88333333,,2.54361667,2.095555555,17.09721667,758.7016462
OTTAWA INTL A,2024-08-25 14:00,2024,8,25,14:00,26.1,17.4,58,26,9,739.2409803,,,24.12405,70.54471667,18.44671667,0.075,0.393333333,139.95,125.85,,1.97595,2.425,12.54471667,613.3909803
OTTAWA INTL A,2024-08-25 15:00,2024,8,25,15:00,27.1,16.4,51,31,11,445.921843,,,23.59315,68.84033333,17.5493,0.02,0.2,100.9,29.33333333,,3.50685,3.035555556,17.84033333,416.5885097
OTTAWA INTL A,2024-08-25 16:00,2024,8,25,16:00,27.2,15,47,31,12,492.5904755,,,23.50346667,75.35775,18.9116,0.005,0.16,85.78333333,25.96666667,,3.69653333,3.328333333,28.35775,466.6238088
OTTAWA INTL A,2024-08-25 17:00,2024,8,25,17:00,25.5,17.1,59,33,11,332.6507925,,,23.19066667,75.45501667,18.62901667,0,0.05,69.36666667,12.8,,2.30933333,3.055555556,16.45501667,319.8507925
OTTAWA INTL A,2024-08-25 18:00,2024,8,25,18:00,24.4,17.1,63,35,8,143.6341869,,,23.34333333,73.41203333,18.3403,0,0.06,98.76666667,4.1,,1.05666667,2.222222222,10.41203333,139.5341869
OTTAWA INTL A,2024-08-25 19:00,2024,8,25,19:00,24,16.8,64,4,7,27.28861748,,,22.505,76.72486667,18.23365,0,0.08,144.3833333,1,,1.495,1.944444444,12.72486667,26.28861748
OTTAWA INTL A,2024-08-25 20:00,2024,8,25,20:00,19.3,17.3,88,13,7,2.506563667,,,21.58566667,79.75731667,17.9598,0,0.075,134.6,1,,2.28566667,1.944444444,8.24268333,1.506563667
OTTAWA INTL A,2024-08-25 21:00,2024,8,25,21:00,19.8,18.8,94,19,10,2.017495867,,,20.82453333,86.66216667,18.53571667,0,0.01,123.45,1,,1.02453333,2.777777778,7.33783333,1.017495867
OTTAWA INTL A,2024-08-25 22:00,2024,8,25,22:00,19.1,18.4,96,21,4,1.84029835,,,19.94953333,93.03563333,18.81273333,0.04,0.118333333,128.7333333,1,,0.84953333,1.071111111,2.96436667,0.84029835
OTTAWA INTL A,2024-08-25 23:00,2024,8,25,23:00,18.9,18.9,100,27,4,1.686134683,,,19.50341667,95.1541,18.73096667,0.01,0.096666667,118.1,1,,0.60341667,1.101111111,4.8459,0.686134683
OTTAWA INTL A,2024-08-26 0:00,2024,8,26,0:00,18.3,18.3,100,21,6,1.635553367,,,19.33286667,96.4124,18.77201667,0,0.045,58.81666667,1,,1.03286667,1.666666667,3.5876,0.635553367
OTTAWA INTL A,2024-08-26 1:00,2024,8,26,1:00,18.4,18.4,100,1,3,1.794487733,,,19.12556667,97.2881,18.71,0,0.01,73.36666667,1,,0.72556667,0.833333333,2.7119,0.794487733
OTTAWA INTL A,2024-08-26 2:00,2024,8,26,2:00,17.2,17.2,100,5,5,1.5736006,,,18.7099,97.4903,18.3282,0,0.015,87.23333333,1,,1.5099,1.388888889,2.5097,0.5736006
OTTAWA INTL A,2024-08-26 3:00,2024,8,26,3:00,17.3,17.3,100,3,4,1.7468518,,,18.46395,97.7225,18.12058333,0.005,0.095,141.7333333,1,,1.16395,1.106111111,2.2775,0.7468518
OTTAWA INTL A,2024-08-26 4:00,2024,8,26,4:00,16.8,16.8,100,36,3,1.649897333,,,18.12093333,97.70826667,17.77581667,0.01,0.046666667,93.28333333,1,,1.32093333,0.823333333,2.29173333,0.649897333
OTTAWA INTL A,2024-08-26 5:00,2024,8,26,5:00,16.6,16.6,100,9,5,1.765474317,,,17.98206667,98.14658333,17.70816667,0,0.05,96.4,1,,1.38206667,1.388888889,1.85341667,0.765474317
OTTAWA INTL A,2024-08-26 6:00,2024,8,26,6:00,16.2,16.2,100,5,8,13.85911103,,,17.87941667,98.64,17.6853,0,0.05,96.25,1.016666667,,1.67941667,2.222222222,1.36,12.84244436
OTTAWA INTL A,2024-08-26 7:00,2024,8,26,7:00,18.2,18.2,100,32,4,97.27085848,,,18.22148333,98.78161667,18.05023333,0.04,0.143333333,211.9,6.483333333,,0.02148333,1.071111111,1.21838333,90.78752515
OTTAWA INTL A,2024-08-26 8:00,2024,8,26,8:00,21.4,20.4,94,3,4,292.7162908,,,18.68693333,98.5088,18.47101667,0.025,0.235,197.8666667,28.91666667,,2.71306667,1.086111111,4.5088,263.7996241
OTTAWA INTL A,2024-08-26 9:00,2024,8,26,9:00,23,20.7,87,15,0,479.4435682,,,20.04495,94.19113333,19.1043,0.015,0.238333333,115.1166667,41.98333333,,2.95505,0.015,7.19113333,437.4602349
OTTAWA INTL A,2024-08-26 10:00,2024,8,26,10:00,24.9,20.1,74,27,5,625.5810047,,,21.6035,89.73186667,19.8665,0.06,0.345,145.85,55.13333333,,3.2965,1.328888889,15.73186667,570.4476714
OTTAWA INTL A,2024-08-26 11:00,2024,8,26,11:00,25.9,19.4,67,8,4,740.9289532,,,23.33645,84.01641667,20.50745,0.105,0.383333333,193.5833333,63.05,,2.56355,1.006111111,17.01641667,677.8789532
OTTAWA INTL A,2024-08-26 12:00,2024,8,26,12:00,27.3,19.1,61,14,6,691.2416067,,,24.05436667,77.15831667,19.82368333,0.01,0.275,143.7,53.96666667,,3.24563333,1.656666667,16.15831667,637.27494
OTTAWA INTL A,2024-08-26 13:00,2024,8,26,13:00,28,17,51,28,9,668.8757927,,,25.06561667,72.43796667,19.77623333,0.11,0.41,149.6166667,49.78333333,,2.93438333,2.39,21.43796667,619.0924594
OTTAWA INTL A,2024-08-26 14:00,2024,8,26,14:00,28,16.9,50,22,8,514.3856032,,,25.25353333,69.67698333,19.33273333,0.055,0.306666667,144.8,74.15,,2.74646667,2.167222222,19.67698333,440.2356032
OTTAWA INTL A,2024-08-26 15:00,2024,8,26,15:00,28.4,16.8,49,20,10,602.9665402,,,25.47165,68.66955,19.30868333,0.03,0.3,106.7666667,40.25,,2.92835,2.747777778,19.66955,562.7165402
OTTAWA INTL A,2024-08-26 16:00,2024,8,26,16:00,28.4,19.7,58,24,11,466.686892,,,25.38345,68.88038333,19.2766,0.015,0.121666667,68.7,22.1,,3.01655,3.040555556,10.88038333,444.586892
OTTAWA INTL A,2024-08-26 17:00,2024,8,26,17:00,28,15.7,47,27,9,320.3992365,,,25.26078333,68.73593333,19.12423333,0.005,0.078333333,76.08333333,12,,2.73921667,2.495,21.73593333,308.3992365
OTTAWA INTL A,2024-08-26 18:00,2024,8,26,18:00,25.7,18.1,63,28,9,146.0273212,,,25.04836667,67.8325,18.71056667,0,0.005,99.46666667,3.35,,0.65163333,2.5,4.8325,142.6773212
OTTAWA INTL A,2024-08-26 19:00,2024,8,26,19:00,23.2,17.9,72,19,6,24.78372647,,,24.1157,68.17791667,17.90348333,0,0,157.2666667,1.033333333,,0.9157,1.666666667,3.82208333,23.75039314
OTTAWA INTL A,2024-08-26 20:00,2024,8,26,20:00,20.6,18.4,87,18,7,2.337441367,,,23.3647,68.81335,17.3312,0.02,0.156666667,123.8,1,,2.7647,1.924444444,18.18665,1.337441367
OTTAWA INTL A,2024-08-26 21:00,2024,8,26,21:00,21.8,18.8,83,18,9,2.258654583,,,22.22618333,75.9463,17.7945,0.065,0.2,150.9166667,1,,0.42618333,2.435,7.0537,1.258654583
OTTAWA INTL A,2024-08-26 22:00,2024,8,26,22:00,20.6,19.2,91,18,10,2.027662833,,,21.23678333,86.86558333,18.97913333,0,0.015,99.23333333,1,,0.63678333,2.777777778,4.13441667,1.027662833
OTTAWA INTL A,2024-08-26 23:00,2024,8,26,23:00,19.4,19.4,100,18,10,1.830885267,,,20.33766667,91.16501667,18.87266667,0,0,102.6666667,1,,0.93766667,2.777777778,8.83498333,0.830885267
OTTAWA INTL A,2024-08-27 0:00,2024,8,27,0:00,19.4,19.4,100,19,9,1.696602617,,,19.74218333,94.55035,18.86626667,0,0,89.08333333,1,,0.34218333,2.5,5.44965,0.696602617
OTTAWA INTL A,2024-08-27 1:00,2024,8,27,1:00,18,18,100,18,7,1.818329767,,,19.31105,95.78446667,18.64538333,0,0.01,98.31666667,1,,1.31105,1.944444444,4.21553333,0.818329767
OTTAWA INTL A,2024-08-27 2:00,2024,8,27,2:00,18,18,100,20,7,1.877767383,,,19.03881667,96.54526667,18.50071667,0,0.005,93.88333333,1,,1.03881667,1.944444444,3.45473333,0.877767383
OTTAWA INTL A,2024-08-27 3:00,2024,8,27,3:00,17.1,17.1,100,19,8,1.619884433,,,18.49435,96.59628333,17.96601667,0,0.01,93.21666667,1,,1.39435,2.222222222,3.40371667,0.619884433
OTTAWA INTL A,2024-08-27 4:00,2024,8,27,4:00,17.8,17.8,100,19,10,1.663912833,,,18.2326,97.11685,17.79076667,0,0.005,88.85,1,,0.4326,2.777777778,2.88315,0.663912833
OTTAWA INTL A,2024-08-27 5:00,2024,8,27,5:00,16.9,16.9,100,21,11,1.740701717,,,17.94193333,97.13231667,17.5033,0,0.02,89.53333333,1,,1.04193333,3.055555556,2.86768333,0.740701717
OTTAWA INTL A,2024-08-27 6:00,2024,8,27,6:00,17.2,17.2,100,20,9,21.03313245,,,17.78403333,98.13143333,17.50771667,0,0.02,78.2,1.4,,0.58403333,2.5,1.86856667,19.63313245
OTTAWA INTL A,2024-08-27 7:00,2024,8,27,7:00,18.8,18.8,100,20,8,137.1222524,,,17.80071667,99.09013333,17.679,0,0.045,68.38333333,9.05,,0.99928333,2.222222222,0.90986667,128.0722524
OTTAWA INTL A,2024-08-27 8:00,2024,8,27,8:00,21.6,19.6,88,20,10,319.9387202,,,18.64718333,98.73546667,18.46803333,0.035,0.25,209.3333333,30.28333333,,2.95281667,2.742777778,10.73546667,289.6553869
OTTAWA INTL A,2024-08-27 9:00,2024,8,27,9:00,24.2,18.9,72,22,12,475.0659898,,,20.4228,93.38,19.33183333,0.065,0.381666667,161.15,40.91666667,,3.7772,3.268333333,21.38,434.1493231
OTTAWA INTL A,2024-08-27 10:00,2024,8,27,10:00,25.9,18.4,63,21,17,545.4830577,,,22.81986667,81.35091667,19.4325,0.206666667,0.51,165.2666667,55.88333333,,3.08013333,4.515555555,18.35091667,489.5997244
OTTAWA INTL A,2024-08-27 11:00,2024,8,27,11:00,27.4,18.8,59,21,14,700.61325,,,25.27861667,68.86288333,19.16256667,0.318333333,0.72,191.9166667,62.66666667,,2.12138333,3.570555556,9.86288333,637.9465833
OTTAWA INTL A,2024-08-27 12:00,2024,8,27,12:00,28.3,18,53,22,17,712.4348677,,,26.4525,63.228,18.90805,0.415,0.783333333,188.65,52.15,,1.8475,4.307222222,10.228,660.2848677
OTTAWA INTL A,2024-08-27 13:00,2024,8,27,13:00,27.5,16.8,52,20,23,726.2761453,,,27.06513333,60.77066667,18.84156667,0.511666667,0.868333333,194.3166667,59.81666667,,0.43486667,5.877222222,8.77066667,666.4594786
OTTAWA INTL A,2024-08-27 14:00,2024,8,27,14:00,28.8,18.3,52,19,20,708.7554,,,27.66935,57.11278333,18.42786667,0.608333333,1.031666667,194.9666667,87.63333333,,1.13065,4.947222223,5.11278333,621.1220667
OTTAWA INTL A,2024-08-27 15:00,2024,8,27,15:00,28.1,16.6,49,19,25,454.3003932,,,27.77016667,57.3731,18.58923333,0.541666667,0.97,186.3666667,35.95,,0.32983333,6.402777777,8.3731,418.3503932
OTTAWA INTL A,2024-08-27 16:00,2024,8,27,16:00,27.4,18.5,58,19,20,311.3164102,,,27.54275,56.52431667,18.14086667,0.511666667,0.941666667,191.8,22.03333333,,0.14275,5.043888889,1.47568333,289.2830769
OTTAWA INTL A,2024-08-27 17:00,2024,8,27,17:00,26.2,18.2,61,17,11,95.69582838,,,26.75676667,57.72726667,17.7363,0.471666667,0.801666667,178.6166667,7.15,,0.55676667,2.583888889,3.27273333,88.54582838
OTTAWA INTL A,2024-08-27 18:00,2024,8,27,18:00,24.7,18.6,68,18,12,92.39258332,,,26.35843333,60.29706667,18.05906667,0.596666667,0.971666667,191.0166667,6.416666667,,1.65843333,2.736666666,7.70293333,85.97591665
OTTAWA INTL A,2024-08-27 19:00,2024,8,27,19:00,24.8,16.8,61,18,18,7.389990467,,,25.86773333,61.66918333,17.96416667,0.526666667,0.921666667,195.7833333,1.066666667,,1.06773333,4.473333333,0.66918333,6.3233238
OTTAWA INTL A,2024-08-27 20:00,2024,8,27,20:00,22.4,19.4,83,21,14,5.679497183,,,22.49606667,80.2165,18.61865,0.236666667,0.531666667,169.55,1,,0.09606667,3.652222222,2.7835,4.679497183
OTTAWA INTL A,2024-08-27 21:00,2024,8,27,21:00,22.1,19.8,86,21,16,1.215105917,,,20.10106667,96.78178333,19.59943333,0.026666667,0.126666667,68.95,1,,1.99893333,4.417777777,10.78178333,0.215105917
OTTAWA INTL A,2024-08-27 22:00,2024,8,27,22:00,21.6,20.8,95,26,13,1.8201411,,,20.3032,98.0957,20.01938333,0.083333333,0.216666667,159.1,1,,1.2968,3.527777778,3.0957,0.8201411
OTTAWA INTL A,2024-08-27 23:00,2024,8,27,23:00,21.5,21.5,100,25,16,1.268746467,,,20.85425,98.20566667,20.58793333,0.236666667,0.558333333,176.6833333,1,,0.64575,4.207777777,1.79433333,0.268746467
OTTAWA INTL A,2024-08-28 0:00,2024,8,28,0:00,22.1,22.1,100,27,23,1.507375333,,,21.25713333,97.93233333,20.94525,0.115,0.506666667,173.4833333,1,,0.84286667,6.273888889,2.06766667,0.507375333
OTTAWA INTL A,2024-08-28 1:00,2024,8,28,1:00,21.2,21.2,100,29,29,1.832048367,,,21.13075,97.58166667,20.76038333,0.035,0.418333333,124.15,1,,0.06925,8.020555556,2.41833333,0.832048367
OTTAWA INTL A,2024-08-28 2:00,2024,8,28,2:00,19.4,19.4,100,31,34,2.655478433,,,20.45311667,95.61463333,19.75298333,0.231666667,0.643333333,122.6,1,,1.05311667,9.212777777,4.38536667,1.655478433
OTTAWA INTL A,2024-08-28 3:00,2024,8,28,3:00,18.1,17.6,97,32,26,2.0932295,,,18.6852,92.56065,17.47655,0.281666667,0.77,98.96666667,1,,0.5852,6.940555555,4.43935,1.0932295
OTTAWA INTL A,2024-08-28 4:00,2024,8,28,4:00,16.9,14.5,85,33,33,1.971062217,,,17.508,90.28053333,15.91825,0.256666667,0.693333333,137.2333333,1,,0.608,8.91,5.28053333,0.971062217
OTTAWA INTL A,2024-08-28 5:00,2024,8,28,5:00,16.6,14.2,86,33,28,1.694527917,,,16.80456667,88.52065,14.9161,0.288333333,0.683333333,146.2666667,1,,0.20456667,7.489444445,2.52065,0.694527917
OTTAWA INTL A,2024-08-28 6:00,2024,8,28,6:00,15.9,12.7,81,33,27,6.106043883,,,16.38808333,87.86726667,14.39036667,0.235,0.645,86.11666667,1,,0.48808333,7.265,6.86726667,5.106043883
OTTAWA INTL A,2024-08-28 7:00,2024,8,28,7:00,15.5,12.8,84,33,21,28.00688292,,,15.97223333,86.3905,13.71898333,0.256666667,0.626666667,114.15,1.683333333,,0.47223333,5.576666666,2.3905,26.32354959
OTTAWA INTL A,2024-08-28 8:00,2024,8,28,8:00,15.3,11.7,79,34,25,88.13053403,,,15.42153333,84.4842,12.82833333,0.366666667,0.75,44.08333333,6.166666667,,0.12153333,6.577777777,5.4842,81.96386736
OTTAWA INTL A,2024-08-28 9:00,2024,8,28,9:00,15.8,10.7,71,35,26,307.5828768,,,15.01715,79.33345,11.4831,0.6,0.97,47.48333333,25.28333333,,0.78285,6.622222222,8.33345,282.2995435
OTTAWA INTL A,2024-08-28 10:00,2024,8,28,10:00,16.4,10.8,69,36,18,647.8658473,,,15.5801,76.2803,11.43361667,0.526666667,0.9,43.26666667,60.73333333,,0.8199,4.473333333,7.2803,587.132514
OTTAWA INTL A,2024-08-28 11:00,2024,8,28,11:00,18.1,11.3,64,1,13,481.5969685,,,16.162,74.78016667,11.69865,0.346666667,0.705,87.96666667,44.13333333,,1.938,3.264444444,10.78016667,437.4636352
OTTAWA INTL A,2024-08-28 12:00,2024,8,28,12:00,18.7,10.9,60,3,13,780.765247,,,16.76265,70.88878333,11.45665,0.313333333,0.728333333,76.15,49.28333333,,1.93735,3.297777778,10.88878333,731.4819137
OTTAWA INTL A,2024-08-28 13:00,2024,8,28,13:00,18.9,10.9,59,1,20,493.8712852,,,17.46943333,69.80453333,11.90951667,0.406666667,0.791666667,128.7166667,40.46666667,,1.43056667,5.148888889,10.80453333,453.4046185
OTTAWA INTL A,2024-08-28 14:00,2024,8,28,14:00,19.6,11,57,36,16,441.8136618,,,17.11741667,70.67738333,11.76186667,0.338333333,0.745,128.8666667,35.11666667,,2.48258333,4.106111111,13.67738333,406.6969951
OTTAWA INTL A,2024-08-28 15:00,2024,8,28,15:00,19.6,11.4,59,1,11,631.7997788,,,17.3589,69.89913333,11.82428333,0.305,0.746666667,94.85,36.6,,2.2411,2.750555556,10.89913333,595.1997788
OTTAWA INTL A,2024-08-28 16:00,2024,8,28,16:00,18.5,11.1,62,1,14,452.1686732,,,17.36145,70.08095,11.86525,0.265,0.711666667,169.3666667,23.45,,1.13855,3.623888889,8.08095,428.7186732
OTTAWA INTL A,2024-08-28 17:00,2024,8,28,17:00,18.6,10.6,60,35,22,321.576784,,,17.21876667,72.183,12.17986667,0.19,0.578333333,125.8833333,10.4,,1.38123333,5.921111111,12.183,311.176784
OTTAWA INTL A,2024-08-28 18:00,2024,8,28,18:00,17.8,10.3,61,36,17,164.7960444,,,17.13236667,74.99528333,12.67981667,0.17,0.481666667,61.43333333,3.45,,0.66763333,4.552222222,13.99528333,161.3460444
OTTAWA INTL A,2024-08-28 19:00,2024,8,28,19:00,16.5,10.4,67,36,17,22.24422403,,,16.41986667,81.03038333,13.16383333,0.01,0.063333333,90.01666667,1,,0.08013333,4.712222222,14.03038333,21.24422403
OTTAWA INTL A,2024-08-28 20:00,2024,8,28,20:00,15.8,10.7,71,1,14,2.114103633,,,15.3958,84.99465,12.9005,0,0.035,102.8333333,1,,0.4042,3.888888889,13.99465,1.114103633
OTTAWA INTL A,2024-08-28 21:00,2024,8,28,21:00,14.6,10.6,77,1,12,1.852633617,,,14.5468,84.39281667,11.95965,0,0,110.5666667,1,,0.0532,3.333333333,7.39281667,0.852633617
OTTAWA INTL A,2024-08-28 22:00,2024,8,28,22:00,14.1,10.7,80,2,13,1.56456155,,,13.9391,86.79383333,11.7899,0,0.05,94.9,1,,0.1609,3.611111111,6.79383333,0.56456155
OTTAWA INTL A,2024-08-28 23:00,2024,8,28,23:00,13.9,10.9,82,3,18,1.603590433,,,13.78783333,88.42686667,11.92315,0.01,0.035,59.5,1,,0.11216667,4.99,6.42686667,0.603590433
OTTAWA INTL A,2024-08-29 0:00,2024,8,29,0:00,13.2,11,87,3,19,1.532627717,,,14.1103,84.98988333,11.63435,0.155,0.45,57.58333333,1,,0.9103,5.122777778,2.01011667,0.532627717
OTTAWA INTL A,2024-08-29 1:00,2024,8,29,1:00,11.4,11.2,99,4,15,1.807872367,,,13.94588333,82.07125,10.9501,0.29,0.638333333,60.3,1,,2.54588333,3.876666667,16.92875,0.807872367
OTTAWA INTL A,2024-08-29 2:00,2024,8,29,2:00,12,10.3,89,3,18,1.690008367,,,13.33888333,83.39633333,10.59688333,0.21,0.546666667,41.4,1,,1.33888333,4.79,5.60366667,0.690008367
OTTAWA INTL A,2024-08-29 3:00,2024,8,29,3:00,10.1,9.7,97,4,12,1.706167467,,,12.62221667,85.10958333,10.19896667,0.055,0.325,96.96666667,1,,2.52221667,3.278333333,11.89041667,0.706167467
OTTAWA INTL A,2024-08-29 4:00,2024,8,29,4:00,9.8,9.4,98,4,13,1.743212917,,,12.057,88.50541667,10.22718333,0.005,0.095,82.36666667,1,,2.257,3.606111111,9.49458333,0.743212917
OTTAWA INTL A,2024-08-29 5:00,2024,8,29,5:00,9.6,9.3,98,3,17,1.632953083,,,11.46438333,91.77861667,10.18591667,0,0.01,87.83333333,1,,1.86438333,4.722222222,6.22138333,0.632953083
OTTAWA INTL A,2024-08-29 6:00,2024,8,29,6:00,10.2,9.6,96,3,12,20.90929153,,,11.1033,91.80625,9.833283333,0.005,0.131666667,70.16666667,3.833333333,,0.9033,3.328333333,4.19375,17.0759582
OTTAWA INTL A,2024-08-29 7:00,2024,8,29,7:00,12.8,9.7,81,4,16,155.3139225,,,11.76535,87.9719,9.84795,0.13,0.4,116.3,18.78333333,,1.03465,4.314444444,6.9719,136.5305892
OTTAWA INTL A,2024-08-29 8:00,2024,8,29,8:00,14.3,10.2,76,5,16,347.3278313,,,13.35861667,80.25961667,10.032,0.183333333,0.54,87.85,33.08333333,,0.94138333,4.261111111,4.25961667,314.244498
OTTAWA INTL A,2024-08-29 9:00,2024,8,29,9:00,15.4,10,70,8,12,521.3771022,,,14.82415,74.05043333,10.25845,0.286666667,0.68,76.95,45.11666667,,0.57585,3.046666666,4.05043333,476.2604355
OTTAWA INTL A,2024-08-29 10:00,2024,8,29,10:00,16.8,10.9,68,5,15,675.2822053,,,15.84148333,71.11555,10.6291,0.248333333,0.595,91.4,74.9,,0.95851667,3.918333334,3.11555,600.3822053
OTTAWA INTL A,2024-08-29 11:00,2024,8,29,11:00,17.8,10.3,61,4,16,779.6598303,,,16.48495,67.61868333,10.48733333,0.321666667,0.726666667,63.8,72.38333333,,1.31505,4.122777777,6.61868333,707.276497
OTTAWA INTL A,2024-08-29 12:00,2024,8,29,12:00,19.4,11.1,58,5,18,838.9207685,,,17.28316667,65.53693333,10.77858333,0.423333333,0.935,75.06666667,53.86666667,,2.11683333,4.576666667,7.53693333,785.0541018
OTTAWA INTL A,2024-08-29 13:00,2024,8,29,13:00,20,11.7,58,8,13,833.476868,,,18.18745,64.47835,11.39153333,0.468333333,0.928333333,68.15,57.08333333,,1.81255,3.142777778,6.47835,776.3935347
OTTAWA INTL A,2024-08-29 14:00,2024,8,29,14:00,20.8,12.1,57,8,12,754.7716153,,,19.04193333,62.86813333,11.81891667,0.415,0.856666667,73.95,105.5666667,,1.75806667,2.918333333,5.86813333,649.2049486
OTTAWA INTL A,2024-08-29 15:00,2024,8,29,15:00,21,12,56,6,13,654.5529288,,,19.62891667,61.0851,11.93148333,0.318333333,0.74,66.03333333,36.36666667,,1.37108333,3.292777778,5.0851,618.1862621
OTTAWA INTL A,2024-08-29 16:00,2024,8,29,16:00,21.1,11.5,54,6,22,509.143324,,,20.08433333,56.53558333,11.1767,0.3,0.71,101.0333333,19.93333333,,1.01566667,5.811111111,2.53558333,489.2099907
OTTAWA INTL A,2024-08-29 17:00,2024,8,29,17:00,20.7,11.2,54,4,18,329.9777187,,,20.02136667,56.78208333,11.1913,0.29,0.685,70.71666667,9.4,,0.67863333,4.71,2.78208333,320.5777187
OTTAWA INTL A,2024-08-29 18:00,2024,8,29,18:00,18.6,10.6,59,6,14,131.320116,,,19.76463333,56.26726667,10.81651667,0.116666667,0.385,96.71666667,2.65,,1.16463333,3.772222222,2.73273333,128.670116
OTTAWA INTL A,2024-08-29 19:00,2024,8,29,19:00,15.8,10.4,70,8,10,18.8968673,,,18.83636667,61.25845,11.22803333,0.035,0.216666667,119.3833333,1,,3.03636667,2.742777778,8.74155,17.8968673
OTTAWA INTL A,2024-08-29 20:00,2024,8,29,20:00,15.8,10.4,70,7,10,1.94798885,,,17.45545,68.6684,11.6001,0.015,0.15,116.85,1,,1.65545,2.762777778,1.3316,0.94798885
OTTAWA INTL A,2024-08-29 21:00,2024,8,29,21:00,14.8,10.2,74,7,13,1.8613031,,,15.74391667,79.02008333,12.12671667,0,0.025,113.55,1,,0.94391667,3.611111111,5.02008333,0.8613031
OTTAWA INTL A,2024-08-29 22:00,2024,8,29,22:00,13.8,10.5,80,7,13,1.932255517,,,14.96283333,85.37053333,12.54351667,0,0.02,98.16666667,1,,1.16283333,3.611111111,5.37053333,0.932255517
OTTAWA INTL A,2024-08-29 23:00,2024,8,29,23:00,13.8,11,83,6,13,1.569681267,,,14.5467,87.99468333,12.59671667,0.005,0.076666667,100.9166667,1,,0.7467,3.606111111,4.99468333,0.569681267
OTTAWA INTL A,2024-08-30 0:00,2024,8,30,0:00,13.3,11.7,90,6,17,1.541465133,,,14.63901667,86.7707,12.47101667,0.125,0.336666667,80.13333333,1,,1.33901667,4.597222222,3.2293,0.541465133
OTTAWA INTL A,2024-08-30 1:00,2024,8,30,1:00,12.5,12.2,98,7,15,1.742492217,,,14.62253333,84.12768333,11.98803333,0.17,0.465,77.43333333,1,,2.12253333,3.996666667,13.87231667,0.742492217
OTTAWA INTL A,2024-08-30 2:00,2024,8,30,2:00,11,11,100,5,8,1.516526783,,,14.31013333,84.25145,11.70393333,0.12,0.398333333,72.13333333,1,,3.31013333,2.102222222,15.74855,0.516526783
OTTAWA INTL A,2024-08-30 3:00,2024,8,30,3:00,10.6,10.6,100,5,12,1.635088217,,,14.01478333,84.85083333,11.52031667,0.178333333,0.406666667,69.36666667,1,,3.41478333,3.155,15.14916667,0.635088217
OTTAWA INTL A,2024-08-30 4:00,2024,8,30,4:00,11.4,11.4,100,6,14,1.67441405,,,13.59301667,84.86296667,11.10905,0.546666667,0.768333333,72.98333333,1,,2.19301667,3.342222222,15.13703333,0.67441405
OTTAWA INTL A,2024-08-30 5:00,2024,8,30,5:00,10.6,10.6,100,5,11,1.540341483,,,13.35895,85.75098333,11.03663333,0.145,0.421666667,63.46666667,1,,2.75895,2.910555556,14.24901667,0.540341483
OTTAWA INTL A,2024-08-30 6:00,2024,8,30,6:00,11.4,11.4,100,6,13,17.26109487,,,13.30878333,86.37908333,11.09736667,0.488333333,0.745,68.5,2.1,,1.90878333,3.122777778,13.62091667,15.16109487
OTTAWA INTL A,2024-08-30 7:00,2024,8,30,7:00,13.4,13.4,100,8,13,114.7743251,,,13.9152,85.88511667,11.6063,0.396666667,0.698333333,76.88333333,13.63333333,,0.5152,3.214444444,14.11488333,101.1409918
OTTAWA INTL A,2024-08-30 8:00,2024,8,30,8:00,15.4,14.6,95,8,13,193.780409,,,15.00106667,84.7334,12.46815,0.303333333,0.668333333,92.33333333,15.75,,0.39893333,3.307777778,10.2666,178.030409
OTTAWA INTL A,2024-08-30 9:00,2024,8,30,9:00,18.3,16.1,87,9,11,386.9809988,,,16.67833333,81.26278333,13.46793333,0.393333333,0.751666667,100.85,36.91666667,,1.62166667,2.662222223,5.73721667,350.0643321
OTTAWA INTL A,2024-08-30 10:00,2024,8,30,10:00,19.4,16.1,81,11,11,268.879786,,,17.90306667,80.50946667,14.52131667,0.18,0.436666667,119.45,22.95,,1.49693333,2.875555556,0.49053333,245.929786
OTTAWA INTL A,2024-08-30 11:00,2024,8,30,11:00,19.6,16.6,82,12,10,252.555824,,,19.05373333,79.91365,15.5269,0.15,0.495,111.3666667,23.38333333,,0.54626667,2.627777778,2.08635,229.1724907
OTTAWA INTL A,2024-08-30 12:00,2024,8,30,12:00,21.3,18.4,83,12,14,234.2496235,,,19.62383333,80.66861667,16.23016667,0.181666667,0.54,132.0666667,21.05,,1.67616667,3.707222222,2.33138333,213.1996235
OTTAWA INTL A,2024-08-30 13:00,2024,8,30,13:00,21.8,18.8,83,13,10,153.6080862,,,20.08923333,81.27425,16.80191667,0.148333333,0.43,127.2833333,14.68333333,,1.71076667,2.629444445,1.72575,138.9247529
OTTAWA INTL A,2024-08-30 14:00,2024,8,30,14:00,22.1,19.4,85,11,14,204.0894987,,,20.57293333,82.1573,17.44533333,0.045,0.223333333,94.05,17.95,,1.52706667,3.843888889,2.8427,186.1394987
OTTAWA INTL A,2024-08-30 15:00,2024,8,30,15:00,22.1,19.5,85,11,15,184.176779,,,21.42903333,81.69648333,18.19205,0.095,0.416666667,125.6833333,14.48333333,,0.67096667,4.071666667,3.30351667,169.6934457
OTTAWA INTL A,2024-08-30 16:00,2024,8,30,16:00,22.8,19.9,84,14,11,203.7549905,,,22.12103333,80.6503,18.66118333,0.191666667,0.535,137.9333333,18.15,,0.67896667,2.863888889,3.3497,185.6049905
OTTAWA INTL A,2024-08-30 17:00,2024,8,30,17:00,22.4,20,86,16,10,126.4484127,,,22.28803333,81.94806667,19.0792,0.148333333,0.413333333,139.1833333,9.216666667,,0.11196667,2.629444445,4.05193333,117.231746
OTTAWA INTL A,2024-08-30 18:00,2024,8,30,18:00,21.8,19.4,86,16,11,49.45428273,,,22.55011667,82.14938333,19.37563333,0.213333333,0.555,171.5,3.8,,0.75011667,2.842222223,3.85061667,45.65428273
OTTAWA INTL A,2024-08-30 19:00,2024,8,30,19:00,21.3,18.7,85,16,16,5.5717805,,,22.33988333,79.9055,18.7262,0.426666667,0.811666667,180.8,1,,1.03988333,4.017777777,5.0945,4.5717805
OTTAWA INTL A,2024-08-30 20:00,2024,8,30,20:00,20.9,18.4,85,17,12,1.884010767,,,21.8844,80.38555,18.37851667,0.265,0.636666667,158.3333333,1,,0.9844,3.068333333,4.61445,0.884010767
OTTAWA INTL A,2024-08-30 21:00,2024,8,30,21:00,20.4,18.2,87,16,15,1.924786533,,,21.53978333,80.28525,18.0225,0.21,0.548333333,179.6833333,1,,1.13978333,3.956666667,6.71475,0.924786533
OTTAWA INTL A,2024-08-30 22:00,2024,8,30,22:00,19.9,17.9,88,17,14,1.710420967,,,21.12168333,80.79733333,17.71623333,0.333333333,0.665,179.8666667,1,,1.22168333,3.555555556,7.20266667,0.710420967
OTTAWA INTL A,2024-08-30 23:00,2024,8,30,23:00,18.9,17.6,93,16,13,1.936131317,,,20.80885,81.34253333,17.51796667,0.348333333,0.713333333,171.8833333,1,,1.90885,3.262777778,11.65746667,0.936131317
OTTAWA INTL A,2024-08-31 0:00,2024,8,31,0:00,18.5,17.8,95,16,15,1.9912215,,,20.05463333,82.71098333,17.0443,0.335,0.701666667,176.7333333,1,,1.55463333,3.831666667,12.28901667,0.9912215
OTTAWA INTL A,2024-08-31 1:00,2024,8,31,1:00,18.5,17.9,96,21,6,2.419275417,,,19.43218333,85.2254,16.90793333,0.195,0.535,159.6333333,1,,0.93218333,1.471666667,10.7746,1.419275417
OTTAWA INTL A,2024-08-31 2:00,2024,8,31,2:00,17.8,17.8,100,18,12,1.7258367,,,18.20651667,94.24521667,17.28621667,0.091666667,0.366666667,162,1,,0.40651667,3.241666666,5.75478333,0.7258367
OTTAWA INTL A,2024-08-31 3:00,2024,8,31,3:00,17.7,17.7,100,18,12,1.86120325,,,18.02096667,95.42256667,17.30006667,0.271666667,0.655,176.7833333,1,,0.32096667,3.061666666,4.57743333,0.86120325
OTTAWA INTL A,2024-08-31 4:00,2024,8,31,4:00,17.6,17.6,100,18,14,1.536114767,,,17.87515,97.40375,17.48076667,0.353333333,0.72,178.9,1,,0.27515,3.535555556,2.59625,0.536114767
OTTAWA INTL A,2024-08-31 5:00,2024,8,31,5:00,18,18,100,20,20,1.535091,,,17.9274,97.52335,17.55233333,0.378333333,0.743333333,181.9,1,,0.0726,5.177222223,2.47665,0.535091
OTTAWA INTL A,2024-08-31 6:00,2024,8,31,6:00,18.2,18.2,100,19,13,4.59171775,,,18.2887,97.81255,17.9603,0.523333333,0.845,186.8,1,,0.0887,3.087777778,2.18745,3.59171775
OTTAWA INTL A,2024-08-31 7:00,2024,8,31,7:00,18.7,18.7,100,20,20,16.50463488,,,18.59895,98.22308333,18.33696667,0.2,0.518333333,199.1833333,1.116666667,,0.10105,5.355555556,1.77691667,15.38796821
OTTAWA INTL A,2024-08-31 8:00,2024,8,31,8:00,19.4,19.4,100,21,19,27.15705023,,,19.009,96.85451667,18.52215,0.596666667,0.875,192.9666667,1.65,,0.391,4.681111111,3.14548333,25.50705023
OTTAWA INTL A,2024-08-31 9:00,2024,8,31,9:00,20,20,100,21,18,69.5267754,,,19.4798,95.9133,18.83508333,0.381666667,0.756666667,199.85,6.083333333,,0.5202,4.618333333,4.0867,63.44344207
OTTAWA INTL A,2024-08-31 10:00,2024,8,31,10:00,20.8,20.8,100,22,16,44.95068925,,,19.42726667,97.6646,19.07293333,0.085,0.333333333,169.9666667,2.533333333,,1.37273333,4.359444444,2.3354,42.41735592
OTTAWA INTL A,2024-08-31 11:00,2024,8,31,11:00,20.9,20.9,100,22,16,75.88269705,,,20.36268333,95.47025,19.63983333,0.246666667,0.588333333,168.5666667,6.733333333,,0.53731667,4.197777777,4.52975,69.14936372
OTTAWA INTL A,2024-08-31 12:00,2024,8,31,12:00,21.1,21.1,100,21,18,186.07129,,,21.35393333,92.717,20.15061667,0.44,0.755,181.8333333,20.96666667,,0.25393333,4.56,7.283,165.1046233
OTTAWA INTL A,2024-08-31 13:00,2024,8,31,13:00,22.4,21.9,97,21,17,312.7978615,,,21.96555,90.76233333,20.41218333,0.463333333,0.805,188.0833333,24.96666667,,0.43445,4.258888889,6.23766667,287.8311948
OTTAWA INTL A,2024-08-31 14:00,2024,8,31,14:00,22.6,22.2,98,20,22,294.5054167,,,22.70701667,89.01996667,20.83003333,0.328333333,0.68,190.5833333,24.78333333,,0.10701667,5.782777778,8.98003333,269.7220834
OTTAWA INTL A,2024-08-31 15:00,2024,8,31,15:00,23.9,23,95,21,16,212.7352348,,,22.8986,88.81716667,20.98058333,0.478333333,0.791666667,192.5,17.23333333,,1.0014,3.966111111,6.18283333,195.5019015
OTTAWA INTL A,2024-08-31 16:00,2024,8,31,16:00,22.9,22.6,98,23,13,266.8176647,,,21.81406667,93.29703333,20.70668333,0.25,0.538333333,172.8833333,13.48333333,,1.08593333,3.361111111,4.70296667,253.3343314
OTTAWA INTL A,2024-08-31 17:00,2024,8,31,17:00,22.6,22.6,100,20,6,285.2212028,,,22.09855,91.88128333,20.74305,0.11,0.316666667,106.1333333,10.66666667,,0.50145,1.556666667,8.11871667,274.5545361
OTTAWA INTL A,2024-08-31 18:00,2024,8,31,18:00,22.6,21.1,91,27,9,133.3486809,,,22.06071667,90.66145,20.47165,0.005,0.081666667,121.45,4.833333333,,0.53928333,2.495,0.33855,128.5153476
OTTAWA INTL A,2024-08-31 19:00,2024,8,31,19:00,21.5,20,91,23,6,18.10653498,,,20.63045,81.33645,17.3421,0.015,0.155,138.8,1,,0.86955,1.651666667,9.66355,17.10653498
OTTAWA INTL A,2024-08-31 20:00,2024,8,31,20:00,19.8,19.8,100,18,10,2.299519517,,,19.51916667,82.5368,16.48598333,0.01,0.136666667,143.65,1,,0.28083333,2.767777778,17.4632,1.299519517
OTTAWA INTL A,2024-08-31 21:00,2024,8,31,21:00,19.1,19.1,100,20,8,1.88440575,,,18.5361,85.52055,16.07525,0.035,0.175,130.4666667,1,,0.5639,2.187222222,14.47945,0.88440575
OTTAWA INTL A,2024-08-31 22:00,2024,8,31,22:00,18.2,18.2,100,20,8,1.69109465,,,18.08063333,92.45658333,16.85836667,0,0.015,95.58333333,1,,0.11936667,2.222222222,7.54341667,0.69109465
OTTAWA INTL A,2024-08-31 23:00,2024,8,31,23:00,17.8,17.8,100,20,10,2.12357885,,,17.5516,95.819,16.89813333,0,0.02,103.1,1,,0.2484,2.777777778,4.181,1.12357885
OTTAWA INTL A,2024-09-01 0:00,2024,9,1,0:00,17.4,17.4,100,20,7,1.553948183,,,16.99288333,97.01923333,16.53771667,0,0,98.65,1,,0.40711667,1.944444444,2.98076667,0.553948183
OTTAWA INTL A,2024-09-01 1:00,2024,9,1,1:00,16.5,16.5,100,24,7,1.76398295,,,16.65365,95.4442,15.9421,0,0,74.56666667,1,,0.15365,1.944444444,4.5558,0.76398295
OTTAWA INTL A,2024-09-01 2:00,2024,9,1,2:00,15.8,15.8,100,20,9,1.648561667,,,16.73761667,94.51731667,15.87286667,0,0.005,89.93333333,1,,0.93761667,2.5,5.48268333,0.648561667
OTTAWA INTL A,2024-09-01 3:00,2024,9,1,3:00,15.3,15.3,100,19,10,1.769613767,,,16.72231667,93.37156667,15.66598333,0,0.02,111.2666667,1,,1.42231667,2.777777778,6.62843333,0.769613767
OTTAWA INTL A,2024-09-01 4:00,2024,9,1,4:00,14.4,14.4,100,18,8,2.080015767,,,16.25146667,93.31688333,15.18985,0.01,0.108333333,111.7333333,1,,1.85146667,2.212222222,6.68311667,1.080015767
OTTAWA INTL A,2024-09-01 5:00,2024,9,1,5:00,14,14,100,17,8,1.60378985,,,15.36968333,95.75171667,14.71283333,0.015,0.093333333,108.3666667,1,,1.36968333,2.207222222,4.24828333,0.60378985
OTTAWA INTL A,2024-09-01 6:00,2024,9,1,6:00,14.1,14.1,100,18,7,14.69282743,,,15.49471667,93.55061667,14.47696667,0.135,0.43,162.1666667,2.35,,1.39471667,1.809444444,6.44938333,12.34282743
OTTAWA INTL A,2024-09-01 7:00,2024,9,1,7:00,16.2,16.2,100,20,19,126.528634,,,15.83085,92.54115,14.64195,0.13,0.398333333,151.15,14.58333333,,0.36915,5.147777778,7.45885,111.9453007
OTTAWA INTL A,2024-09-01 8:00,2024,9,1,8:00,18.5,18.5,100,19,16,181.744571,,,17.22526667,94.41,16.3382,0.376666667,0.75,191.6666667,18.95,,1.27473333,4.067777777,5.59,162.794571
OTTAWA INTL A,2024-09-01 9:00,2024,9,1,9:00,21.3,19.3,88,19,24,483.2125362,,,19.43648333,89.77115,17.72968333,0.421666667,0.775,193.6833333,44,,1.86351667,6.245,1.77115,439.2125362
OTTAWA INTL A,2024-09-01 10:00,2024,9,1,10:00,22.6,19.1,80,21,21,541.3669972,,,21.45013333,83.89035,18.63376667,0.393333333,0.791666667,191.8166667,50.53333333,,1.14986667,5.44,3.89035,490.8336639
OTTAWA INTL A,2024-09-01 11:00,2024,9,1,11:00,23.1,18.4,74,23,30,269.4031905,,,22.07965,82.33713333,18.94338333,0.3,0.658333333,176.25,22.96666667,,1.02035,8.033333333,8.33713333,246.4365238
OTTAWA INTL A,2024-09-01 12:00,2024,9,1,12:00,22.6,17.4,72,25,29,116.1744975,,,21.09376667,83.96621667,18.29846667,0.205,0.576666667,175.3166667,10.7,,1.50623333,7.850555556,11.96621667,105.4744975
OTTAWA INTL A,2024-09-01 13:00,2024,9,1,13:00,24,17.6,67,26,24,475.5865352,,,21.77758333,81.27323333,18.44698333,0.25,0.678333333,190.4333333,35.93333333,,2.22241667,6.416666667,14.27323333,439.6532019
OTTAWA INTL A,2024-09-01 14:00,2024,9,1,14:00,22.9,15.7,63,29,30,646.1570018,,,21.22315,78.23048333,17.29876667,0.208333333,0.65,124.8,37.76666667,,1.67685,8.125,15.23048333,608.3903351
OTTAWA INTL A,2024-09-01 15:00,2024,9,1,15:00,23.5,12.6,50,29,32,562.8889328,,,21.30366667,73.5019,16.39038333,0.245,0.718333333,113.8166667,32.66666667,,2.19633333,8.643888889,23.5019,530.2222661
OTTAWA INTL A,2024-09-01 16:00,2024,9,1,16:00,23.1,11.6,48,30,29,454.5450317,,,21.06656667,70.35891667,15.47368333,0.265,0.743333333,106.2666667,19.93333333,,2.03343333,7.790555556,22.35891667,434.6116984
OTTAWA INTL A,2024-09-01 17:00,2024,9,1,17:00,21.6,11.9,53,32,30,224.3710149,,,20.11788333,71.89445,14.89916667,0.151666667,0.6,93.9,7.633333333,,1.48211667,8.181666666,18.89445,216.7376816
OTTAWA INTL A,2024-09-01 18:00,2024,9,1,18:00,19.6,10.4,55,31,19,127.5971743,,,19.23241667,72.72908333,14.22801667,0.095,0.416666667,85.51666667,2.416666667,,0.36758333,5.182777778,17.72908333,125.1805076
OTTAWA INTL A,2024-09-01 19:00,2024,9,1,19:00,18.1,10.2,60,32,19,16.30583173,,,17.84331667,73.87115,13.13158333,0,0.085,99.05,1,,0.25668333,5.277777778,13.87115,15.30583173
OTTAWA INTL A,2024-09-01 20:00,2024,9,1,20:00,16.6,10.5,67,33,9,2.099107417,,,16.27868333,77.37958333,12.3279,0.005,0.09,105.15,1,,0.32131667,2.495,10.37958333,1.099107417
OTTAWA INTL A,2024-09-01 21:00,2024,9,1,21:00,15.6,10.2,70,34,8,1.898038933,,,15.68205,78.22875,11.91391667,0.005,0.076666667,128.35,1,,0.08205,2.217222222,8.22875,0.898038933
OTTAWA INTL A,2024-09-01 22:00,2024,9,1,22:00,14.1,10.8,80,31,9,1.93844085,,,14.87281667,83.98533333,12.20158333,0,0.065,114.1833333,1,,0.77281667,2.5,3.98533333,0.93844085
OTTAWA INTL A,2024-09-01 23:00,2024,9,1,23:00,12.8,11.7,93,26,9,1.748870617,,,13.71063333,88.38161667,11.8387,0.09,0.261666667,166.5,1,,0.91063333,2.41,4.61838333,0.748870617
OTTAWA INTL A,2024-09-02 0:00,2024,9,2,0:00,11.2,11.2,100,26,7,1.6534345,,,13.28,90.56155,11.78321667,0.035,0.305,151.0166667,1,,2.08,1.909444444,9.43845,0.6534345
OTTAWA INTL A,2024-09-02 1:00,2024,9,2,1:00,10.2,10.2,100,26,8,1.608537967,,,12.79815,92.1089,11.56193333,0.105,0.29,147.3166667,1,,2.59815,2.117222222,7.8911,0.608537967
OTTAWA INTL A,2024-09-02 2:00,2024,9,2,2:00,9.3,9.3,100,27,10,1.664024983,,,12.38485,92.98905,11.29685,0.005,0.131666667,154.2666667,1,,3.08485,2.772777778,7.01095,0.664024983
OTTAWA INTL A,2024-09-02 3:00,2024,9,2,3:00,9.9,9.9,100,28,10,1.69129195,,,11.9269,93.34188333,10.8993,0.04,0.241666667,159.6,1,,2.0269,2.737777778,6.65811667,0.69129195
OTTAWA INTL A,2024-09-02 4:00,2024,9,2,4:00,11.2,11.2,100,29,11,1.727564833,,,11.70743333,92.23553333,10.50158333,0.015,0.171666667,111.9166667,1,,0.50743333,3.040555556,7.76446667,0.727564833
OTTAWA INTL A,2024-09-02 5:00,2024,9,2,5:00,10.7,10.7,100,30,16,1.618802417,,,11.65101667,90.00425,10.07758333,0.04,0.338333333,91.68333333,1,,0.95101667,4.404444444,9.99575,0.618802417
OTTAWA INTL A,2024-09-02 6:00,2024,9,2,6:00,10.2,10.2,100,28,12,14.51959125,,,11.4075,88.70625,9.621466667,0.08,0.443333333,127.3333333,2.8,,1.2075,3.253333333,11.29375,11.71959125
OTTAWA INTL A,2024-09-02 7:00,2024,9,2,7:00,11.6,9.2,85,31,23,137.2661626,,,11.49438333,87.68758333,9.534916667,0.215,0.638333333,185.9333333,16.73333333,,0.10561667,6.173888889,2.68758333,120.5328293
OTTAWA INTL A,2024-09-02 8:00,2024,9,2,8:00,12.7,7.5,70,30,26,331.3200042,,,12.11073333,83.69781667,9.442683333,0.236666667,0.675,164.0833333,31.33333333,,0.58926667,6.985555555,13.69781667,299.9866709
OTTAWA INTL A,2024-09-02 9:00,2024,9,2,9:00,13.3,6.6,64,30,29,404.8809566,,,12.68438333,76.80861667,8.725633333,0.258333333,0.685,112.9,37.55,,0.61561667,7.797222223,12.80861667,367.3309566
OTTAWA INTL A,2024-09-02 10:00,2024,9,2,10:00,13.5,5.9,60,31,26,569.222914,,,13.01255,69.52495,7.575483333,0.485,0.97,98.21666667,61.46666667,,0.48745,6.737222222,9.52495,507.7562473
OTTAWA INTL A,2024-09-02 11:00,2024,9,2,11:00,14.5,6.7,59,31,21,504.2711373,,,13.36141667,68.54476667,7.703716667,0.326666667,0.816666667,149.5,39.06666667,,1.13858333,5.506666666,9.54476667,465.2044706
OTTAWA INTL A,2024-09-02 12:00,2024,9,2,12:00,14.8,6.1,56,31,26,657.1480602,,,13.879,68.06971667,8.094283333,0.275,0.748333333,153.85,43.7,,0.921,6.947222222,12.06971667,613.4480602
OTTAWA INTL A,2024-09-02 13:00,2024,9,2,13:00,16.8,6.2,49,27,18,735.5785845,,,14.76726667,66.5445,8.6067,0.166666667,0.51,100.6333333,42.73333333,,2.03273333,4.833333333,17.5445,692.8452512
OTTAWA INTL A,2024-09-02 14:00,2024,9,2,14:00,17.9,5.5,44,28,20,774.9541818,,,15.91515,62.47036667,8.758333333,0.256666667,0.666666667,156.3833333,47.43333333,,1.98485,5.298888889,18.47036667,727.5208485
OTTAWA INTL A,2024-09-02 15:00,2024,9,2,15:00,18.4,4.8,40,28,21,660.3936203,,,16.4989,60.71263333,8.888766667,0.155,0.565,112.2833333,39.8,,1.9011,5.678333333,20.71263333,620.5936203
OTTAWA INTL A,2024-09-02 16:00,2024,9,2,16:00,18.8,4.6,39,30,21,465.5323967,,,16.5547,61.35073333,9.07715,0.116666667,0.508333333,92.51666667,18.46666667,,2.2453,5.716666666,22.35073333,447.06573
OTTAWA INTL A,2024-09-02 17:00,2024,9,2,17:00,17.7,3.7,39,29,19,313.0188998,,,16.39731667,60.73503333,8.796533333,0.06,0.458333333,90.26666667,10.36666667,,1.30268333,5.217777778,21.73503333,302.6522331
OTTAWA INTL A,2024-09-02 18:00,2024,9,2,18:00,16.6,3.4,41,31,22,124.9164352,,,15.9269,63.18946667,8.937216667,0.04,0.353333333,103.35,3.066666667,,0.6731,6.071111111,22.18946667,121.8497685
OTTAWA INTL A,2024-09-02 19:00,2024,9,2,19:00,14.8,3.2,45,29,12,14.8382427,,,14.94533333,60.54488333,7.388066667,0.01,0.205,133.1833333,1,,0.14533333,3.323333333,15.54488333,13.8382427
OTTAWA INTL A,2024-09-02 20:00,2024,9,2,20:00,12.3,4,57,27,11,1.8801312,,,13.67026667,62.4896,6.648333333,0.01,0.126666667,145.75,1,,1.37026667,3.045555556,5.4896,0.8801312
OTTAWA INTL A,2024-09-02 21:00,2024,9,2,21:00,9.9,5,71,26,14,1.734092767,,,12.88708333,66.30896667,6.766333333,0.025,0.251666667,141.7333333,1,,2.98708333,3.863888889,4.69103333,0.734092767
OTTAWA INTL A,2024-09-02 22:00,2024,9,2,22:00,9.3,5.4,77,26,12,1.79270785,,,12.29081667,69.83286667,6.952166667,0,0.125,145.7666667,1,,2.99081667,3.333333333,7.16713333,0.79270785
OTTAWA INTL A,2024-09-02 23:00,2024,9,2,23:00,8.2,5.3,82,26,10,1.618241667,,,11.65453333,73.43441667,7.075316667,0.165,0.44,170.9333333,1,,3.45453333,2.612777778,8.56558333,0.618241667
OTTAWA INTL A,2024-09-03 0:00,2024,9,3,0:00,8.4,5.8,84,26,16,1.6385735,,,11.13365,77.54055,7.3627,0.185,0.391666667,183.1,1,,2.73365,4.259444444,6.45945,0.6385735
OTTAWA INTL A,2024-09-03 1:00,2024,9,3,1:00,8.7,5.5,81,26,14,1.604263483,,,10.7888,80.17788333,7.520716667,0.145,0.436666667,181.2666667,1,,2.0888,3.743888889,0.82211667,0.604263483
OTTAWA INTL A,2024-09-03 2:00,2024,9,3,2:00,8.1,5.6,84,29,11,1.751348533,,,10.45558333,84.0814,7.888783333,0.065,0.266666667,166.15,1,,2.35558333,2.990555556,0.0814,0.751348533
OTTAWA INTL A,2024-09-03 3:00,2024,9,3,3:00,7.3,5.6,89,24,7,1.585906783,,,9.8039,87.69066667,7.8689,0.155,0.355,171.3,1,,2.5039,1.789444444,1.30933333,0.585906783
OTTAWA INTL A,2024-09-03 4:00,2024,9,3,4:00,6,5.7,98,22,8,1.26707245,,,9.789983333,86.83646667,7.711183333,0.28,0.62,188.6833333,1,,3.789983333,1.942222222,11.16353333,0.26707245
OTTAWA INTL A,2024-09-03 5:00,2024,9,3,5:00,6.6,5.6,93,23,9,1.681702433,,,10.09993333,85.73031667,7.828733333,0.131666667,0.336666667,142.4333333,1,,3.49993333,2.368333333,7.26968333,0.681702433
OTTAWA INTL A,2024-09-03 6:00,2024,9,3,6:00,7,6.6,97,20,7,12.31329233,,,9.711383333,87.90303333,7.813233333,0.145,0.395,180.3666667,2.616666667,,2.711383333,1.799444444,9.09696667,9.696625663
OTTAWA INTL A,2024-09-03 7:00,2024,9,3,7:00,9.5,8,90,23,8,148.9548997,,,10.55358333,86.44245,8.395766667,0.17,0.388333333,161.85,17.23333333,,1.05358333,2.052222222,3.55755,131.7215664
OTTAWA INTL A,2024-09-03 8:00,2024,9,3,8:00,13.6,8.3,70,28,16,328.1872344,,,12.38481667,82.48615,9.497183333,0.11,0.423333333,154.8833333,32,,1.21518333,4.334444444,12.48615,296.1872344
OTTAWA INTL A,2024-09-03 9:00,2024,9,3,9:00,15.8,9.2,64,28,18,491.8168923,,,13.71563333,79.27005,10.20276667,0.115,0.433333333,209.8833333,41.66666667,,2.08436667,4.885,15.27005,450.1502256
OTTAWA INTL A,2024-09-03 10:00,2024,9,3,10:00,17.2,10.2,63,28,13,626.8481813,,,15.48331667,74.38298333,10.9565,0.115,0.443333333,156.4333333,65.23333333,,1.71668333,3.496111111,11.38298333,561.614848
OTTAWA INTL A,2024-09-03 11:00,2024,9,3,11:00,19.4,12.1,62,26,12,726.3905632,,,17.08868333,70.73886667,11.744,0.2,0.526666667,183.3,53.46666667,,2.31131667,3.133333333,8.73886667,672.9238965
OTTAWA INTL A,2024-09-03 12:00,2024,9,3,12:00,21.1,10,48,29,20,776.817228,,,17.98498333,69.26385,12.28536667,0.161666667,0.503333333,186.3333333,49.25,,3.11501667,5.393888889,21.26385,727.567228
OTTAWA INTL A,2024-09-03 13:00,2024,9,3,13:00,22,10,46,30,20,782.9833138,,,19.03868333,67.23676667,12.83688333,0.136666667,0.546666667,173.5,48.28333333,,2.96131667,5.418888889,21.23676667,734.6999805
OTTAWA INTL A,2024-09-03 14:00,2024,9,3,14:00,22.6,9.8,44,27,15,710.7910115,,,20.15178333,63.8533,13.10036667,0.178333333,0.596666667,162.55,49.4,,2.44821667,3.988333334,19.8533,661.3910115
OTTAWA INTL A,2024-09-03 15:00,2024,9,3,15:00,22.6,9.1,42,27,18,610.735788,,,20.14495,62.79755,12.84518333,0.07,0.435,99.5,45.31666667,,2.45505,4.93,20.79755,565.4191213
OTTAWA INTL A,2024-09-03 16:00,2024,9,3,16:00,21.9,8.9,43,27,16,405.9954547,,,20.292,62.24755,12.84821667,0.03,0.293333333,115.7833333,17.66666667,,1.608,4.414444444,19.24755,388.328788
OTTAWA INTL A,2024-09-03 17:00,2024,9,3,17:00,22.5,9,42,27,17,291.2343873,,,20.17355,60.18168333,12.21811667,0.005,0.135,94.2,8.466666667,,2.32645,4.717222222,18.18168333,282.7677206
OTTAWA INTL A,2024-09-03 18:00,2024,9,3,18:00,19.8,9.3,50,25,10,113.5766021,,,19.81438333,58.31023333,11.40291667,0,0.055,107.5333333,2.133333333,,0.01438333,2.777777778,8.31023333,111.4432688
OTTAWA INTL A,2024-09-03 19:00,2024,9,3,19:00,18.5,8.9,53,21,6,12.58017647,,,18.73485,59.10543333,10.60023333,0,0.025,117.9333333,1,,0.23485,1.666666667,6.10543333,11.58017647
OTTAWA INTL A,2024-09-03 20:00,2024,9,3,20:00,17.2,9.8,61,20,8,1.36883095,,,18.3606,61.20311667,10.77261667,0,0.01,112.8166667,1,,1.1606,2.222222222,0.20311667,0.36883095
OTTAWA INTL A,2024-09-03 21:00,2024,9,3,21:00,16.4,10.1,66,20,10,2.149828083,,,18.34831667,66.06133333,11.90676667,0,0,75.16666667,1,,1.94831667,2.777777778,0.06133333,1.149828083
OTTAWA INTL A,2024-09-03 22:00,2024,9,3,22:00,14.5,10.4,76,21,11,2.193364083,,,17.29963333,70.06568333,11.80098333,0.055,0.18,123.7333333,1,,2.79963333,3.000555556,5.93431667,1.193364083
OTTAWA INTL A,2024-09-03 23:00,2024,9,3,23:00,13.1,10.9,86,26,11,1.699049483,,,17.12801667,71.3522,11.91891667,0.24,0.553333333,183.4,1,,4.02801667,2.815555556,14.6478,0.699049483
OTTAWA INTL A,2024-09-04 0:00,2024,9,4,0:00,12.7,11.5,92,20,10,1.952385883,,,16.27938333,76.27323333,12.10931667,0.205,0.495,178.4,1,,3.57938333,2.572777778,15.72676667,0.952385883
OTTAWA INTL A,2024-09-04 1:00,2024,9,4,1:00,12.2,12.2,100,21,9,1.6516502,,,16.06235,78.55648333,12.3516,0.3,0.646666667,184.7166667,1,,3.86235,2.2,21.44351667,0.6516502
OTTAWA INTL A,2024-09-04 2:00,2024,9,4,2:00,11.7,11.7,100,20,8,2.073257183,,,15.4844,81.66643333,12.37676667,0.175,0.456666667,176.7,1,,3.7844,2.047222222,18.33356667,1.073257183
OTTAWA INTL A,2024-09-04 3:00,2024,9,4,3:00,11.1,11.1,100,21,11,1.82224705,,,14.76403333,84.66216667,12.22268333,0.065,0.238333333,161.5166667,1,,3.66403333,2.990555556,15.33783333,0.82224705
OTTAWA INTL A,2024-09-04 4:00,2024,9,4,4:00,10.9,10.9,100,21,10,1.660317617,,,14.11101667,86.00411667,11.82011667,0.268333333,0.503333333,151.65,1,,3.21101667,2.509444445,13.99588333,0.660317617
OTTAWA INTL A,2024-09-04 5:00,2024,9,4,5:00,11,11,100,21,10,1.594441167,,,13.67565,88.52151667,11.82841667,0,0.041666667,94.26666667,1,,2.67565,2.777777778,11.47848333,0.594441167
OTTAWA INTL A,2024-09-04 6:00,2024,9,4,6:00,11,11,100,20,5,11.26118913,,,12.99215,90.9715,11.56668333,0.015,0.12,148.9666667,2,,1.99215,1.373888889,9.0285,9.26118913
OTTAWA INTL A,2024-09-04 7:00,2024,9,4,7:00,13.5,13.4,100,22,6,123.710879,,,13.74681667,89.75025,12.1065,0.235,0.506666667,177.0833333,14.86666667,,0.24681667,1.431666667,10.24975,108.8442123
OTTAWA INTL A,2024-09-04 8:00,2024,9,4,8:00,16.3,13,81,22,9,301.6544243,,,15.33218333,84.02695,12.66171667,0.185,0.468333333,208,29.4,,0.96781667,2.315,3.02695,272.2544243
OTTAWA INTL A,2024-09-04 9:00,2024,9,4,9:00,18.9,13.9,73,18,10,466.6892382,,,16.67296667,79.11678333,13.05113333,0.1,0.383333333,198.0666667,40.18333333,,2.22703333,2.677777778,6.11678333,426.5059049
OTTAWA INTL A,2024-09-04 10:00,2024,9,4,10:00,20.7,12.4,59,22,17,607.2098872,,,18.5178,70.27666667,13.00605,0.175,0.521666667,243.55,59.3,,2.1822,4.547222222,11.27666667,547.9098872
OTTAWA INTL A,2024-09-04 11:00,2024,9,4,11:00,22.4,12.5,53,22,13,708.2606437,,,20.60505,63.94695,13.54791667,0.35,0.73,209.7833333,58.48333333,,1.79495,3.261111111,10.94695,649.7773104
OTTAWA INTL A,2024-09-04 12:00,2024,9,4,12:00,23.8,11.9,47,21,18,763.2196347,,,21.20168333,64.06765,14.1515,0.176666667,0.54,186.8833333,49.51666667,,2.59831667,4.823333333,17.06765,713.702968
OTTAWA INTL A,2024-09-04 13:00,2024,9,4,13:00,24.3,12.1,46,20,14,763.4660887,,,22.05495,61.95235,14.42383333,0.261666667,0.635,218.2,45.78333333,,2.24505,3.627222222,15.95235,717.6827554
OTTAWA INTL A,2024-09-04 14:00,2024,9,4,14:00,24.9,11.9,44,24,18,696.7297072,,,23.45695,52.31413333,13.12185,0.568333333,0.936666667,205.5166667,49.36666667,,1.44305,4.431666667,8.31413333,647.3630405
OTTAWA INTL A,2024-09-04 15:00,2024,9,4,15:00,24.5,12.4,46,20,20,585.6078975,,,23.3197,55.19956667,13.8034,0.396666667,0.793333333,189.9166667,39.75,,1.1803,5.158888889,9.19956667,545.8578975
OTTAWA INTL A,2024-09-04 16:00,2024,9,4,16:00,24,13.5,51,23,14,436.1966002,,,22.40311667,61.544,14.66368333,0.1,0.408333333,137.4666667,18.41666667,,1.59688333,3.788888889,10.544,417.7799335
OTTAWA INTL A,2024-09-04 17:00,2024,9,4,17:00,22.7,13.4,55,20,17,278.2399868,,,22.2526,62.44953333,14.727,0.205,0.506666667,169.7666667,9.433333333,,0.4474,4.517222222,7.44953333,268.8066535
OTTAWA INTL A,2024-09-04 18:00,2024,9,4,18:00,20.8,13.4,62,19,11,127.2810992,,,22.88143333,59.17325,14.50833333,0.535,0.921666667,192.1666667,5.883333333,,2.08143333,2.520555556,2.82675,121.3977659
OTTAWA INTL A,2024-09-04 19:00,2024,9,4,19:00,18.8,12.7,67,20,10,13.83996847,,,21.6879,57.39228333,12.91925,0.506666667,0.833333333,194,1.183333333,,2.8879,2.271111111,9.60771667,12.65663514
OTTAWA INTL A,2024-09-04 20:00,2024,9,4,20:00,17.2,11.3,68,21,9,2.252652033,,,20.55001667,54.73731667,11.13996667,0.436666667,0.765,198.7,1,,3.35001667,2.063333333,13.26268333,1.252652033
OTTAWA INTL A,2024-09-04 21:00,2024,9,4,21:00,16,11.1,72,20,8,2.1185421,,,19.41328333,58.71696667,11.13418333,0.378333333,0.688333333,188.8,1,,3.41328333,1.843888889,13.28303333,1.1185421
OTTAWA INTL A,2024-09-04 22:00,2024,9,4,22:00,15.4,10.8,74,19,4,1.801414583,,,18.39163333,63.3764,11.31915,0.14,0.443333333,167.4333333,1,,2.99163333,0.971111111,10.6236,0.801414583
OTTAWA INTL A,2024-09-04 23:00,2024,9,4,23:00,14.4,10.6,78,19,7,1.916260533,,,16.89141667,72.83136667,11.99448333,0.01,0.051666667,109.7666667,1,,2.49141667,1.934444444,5.16863333,0.916260533
OTTAWA INTL A,2024-09-05 0:00,2024,9,5,0:00,13.5,10.1,80,18,7,1.87970315,,,15.95088333,77.26261667,11.9882,0.005,0.031666667,89.66666667,1,,2.45088333,1.939444444,2.73738333,0.87970315
OTTAWA INTL A,2024-09-05 1:00,2024,9,5,1:00,13.1,10.3,83,18,9,1.759155983,,,15.00153333,80.52228333,11.69375,0.005,0.045,112.2166667,1,,1.90153333,2.495,2.47771667,0.759155983
OTTAWA INTL A,2024-09-05 2:00,2024,9,5,2:00,12,10.1,88,16,7,2.06066445,,,14.41741667,81.93711667,11.38531667,0.01,0.065,124.8,1,,2.41741667,1.934444444,6.06288333,1.06066445
OTTAWA INTL A,2024-09-05 3:00,2024,9,5,3:00,12,10.9,93,10,0,1.925709083,,,13.64941667,85.55196667,11.28691667,0,0.08,91.08333333,1,,1.64941667,0,7.44803333,0.925709083
OTTAWA INTL A,2024-09-05 4:00,2024,9,5,4:00,11.3,10.5,95,4,7,1.791771183,,,13.2574,89.28046667,11.5433,0,0.075,93.35,1,,1.9574,1.944444444,5.71953333,0.791771183
OTTAWA INTL A,2024-09-05 5:00,2024,9,5,5:00,11.2,11.2,100,16,9,1.714068483,,,12.93855,88.95981667,11.17611667,0,0.125,123.8166667,1,,1.73855,2.5,11.04018333,0.714068483
OTTAWA INTL A,2024-09-05 6:00,2024,9,5,6:00,11,11,100,11,5,11.32042982,,,12.53813333,89.40615,10.85626667,0,0.055,102.2833333,1.433333333,,1.53813333,1.388888889,10.59385,9.887096487
OTTAWA INTL A,2024-09-05 7:00,2024,9,5,7:00,13.8,13.8,100,15,4,113.689081,,,13.08438333,88.07496667,11.16845,0.015,0.175,101.2833333,12.88333333,,0.71561667,1.096111111,11.92503333,100.8057477
OTTAWA INTL A,2024-09-05 8:00,2024,9,5,8:00,16.7,14.7,88,16,9,293.5840298,,,14.62215,85.9043,12.30341667,0.02,0.238333333,104.25,27.43333333,,2.07785,2.48,2.0957,266.1506965
OTTAWA INTL A,2024-09-05 9:00,2024,9,5,9:00,19.4,15.3,77,18,13,466.8679452,,,16.6418,82.00333333,13.5705,0.141666667,0.448333333,132.7,40.16666667,,2.7582,3.469444444,5.00333333,426.7012785
OTTAWA INTL A,2024-09-05 10:00,2024,9,5,10:00,21.4,16,71,21,12,611.9721448,,,18.61433333,78.96215,14.91215,0.151666667,0.485,160.55,74.7,,2.78566667,3.181666666,7.96215,537.2721448
OTTAWA INTL A,2024-09-05 11:00,2024,9,5,11:00,23.3,14.6,57,17,15,715.0121228,,,19.91911667,78.09798333,16.00638333,0.21,0.5,141.3833333,53.25,,3.38088333,3.956666667,21.09798333,661.7621228
OTTAWA INTL A,2024-09-05 12:00,2024,9,5,12:00,24.5,12.9,48,19,17,773.874022,,,22.48105,64.69948333,15.46661667,0.306666667,0.678333333,176.5666667,48.98333333,,2.01895,4.415555555,16.69948333,724.8906887
OTTAWA INTL A,2024-09-05 13:00,2024,9,5,13:00,24.9,12.9,47,15,22,772.6087995,,,23.95448333,53.91656667,14.05391667,0.711666667,1.133333333,184.5,46.8,,0.94551667,5.399444444,6.91656667,725.8087995
OTTAWA INTL A,2024-09-05 14:00,2024,9,5,14:00,25,13.4,48,16,15,698.1468083,,,24.44891667,50.88255,13.63276667,0.861666667,1.345,189.3666667,49.3,,0.55108333,3.305,2.88255,648.8468083
OTTAWA INTL A,2024-09-05 15:00,2024,9,5,15:00,25.2,12.7,45,17,21,599.047131,,,24.59731667,49.81513333,13.44373333,0.735,1.248333333,184.0666667,45.21666667,,0.60268333,5.098333333,4.81513333,553.8304643
OTTAWA INTL A,2024-09-05 16:00,2024,9,5,16:00,24.9,12.2,44,18,17,453.6041802,,,24.65225,48.84968333,13.18823333,0.581666667,0.981666667,192.3333333,19.23333333,,0.24775,4.140555555,4.84968333,434.3708469
OTTAWA INTL A,2024-09-05 17:00,2024,9,5,17:00,24,13.4,51,18,10,274.6972777,,,24.32518333,49.31108333,13.03683333,0.638333333,1.028333333,188.9333333,8.583333333,,0.32518333,2.139444445,1.68891667,266.1139444
OTTAWA INTL A,2024-09-05 18:00,2024,9,5,18:00,21.4,14.4,64,16,9,100.2356167,,,23.64953333,53.12848333,13.56025,0.38,0.665,173.1166667,2.233333333,,2.24953333,2.12,10.87151667,98.00228337
OTTAWA INTL A,2024-09-05 19:00,2024,9,5,19:00,20.5,13.8,65,18,8,10.44019668,,,21.35151667,66.09263333,14.75126667,0.02,0.258333333,137.5,1,,0.85151667,2.202222222,1.09263333,9.44019668
OTTAWA INTL A,2024-09-05 20:00,2024,9,5,20:00,17.4,13.7,79,14,6,2.1511134,,,19.6489,72.40295,14.56168333,0.02,0.2,129.9,1,,2.2489,1.646666667,6.59705,1.1511134
OTTAWA INTL A,2024-09-05 21:00,2024,9,5,21:00,15.9,14.3,90,16,4,1.836397583,,,18.38448333,78.76471667,14.64823333,0,0.061666667,109.15,1,,2.48448333,1.111111111,11.23528333,0.836397583
OTTAWA INTL A,2024-09-05 22:00,2024,9,5,22:00,14.9,13.2,89,15,5,2.297233017,,,17.3983,82.55998333,14.41586667,0,0.07,110.6833333,1,,2.4983,1.388888889,6.44001667,1.297233017
OTTAWA INTL A,2024-09-05 23:00,2024,9,5,23:00,13.1,12.7,98,11,12,1.887479533,,,16.40743333,84.84371667,13.86863333,0,0.1,130.1666667,1,,3.30743333,3.333333333,13.15628333,0.887479533
OTTAWA INTL A,2024-09-06 0:00,2024,9,6,0:00,14.5,13.1,91,15,14,2.078511817,,,16.63011667,77.57858333,12.69521667,0.056666667,0.231666667,134.4833333,1,,2.13011667,3.832222222,13.42141667,1.078511817
OTTAWA INTL A,2024-09-06 1:00,2024,9,6,1:00,13.6,12.6,94,14,10,1.7112748,,,15.59016667,82.05501667,12.54243333,0.106666667,0.321666667,168.3,1,,1.99016667,2.671111111,11.94498333,0.7112748
OTTAWA INTL A,2024-09-06 2:00,2024,9,6,2:00,13.6,13.1,97,15,13,1.805244733,,,14.32295,87.30645,12.25706667,0.03,0.263333333,101.55,1,,0.72295,3.581111111,9.69355,0.805244733
OTTAWA INTL A,2024-09-06 3:00,2024,9,6,3:00,13,12.8,99,15,12,1.710057633,,,13.85353333,89.19435,12.11971667,0.04,0.218333333,92.23333333,1,,0.85353333,3.293333333,9.80565,0.710057633
OTTAWA INTL A,2024-09-06 4:00,2024,9,6,4:00,13.2,13.1,99,15,13,1.5587397,,,13.54123333,90.43376667,12.02093333,0.171666667,0.47,108.9333333,1,,0.34123333,3.439444444,8.56623333,0.5587397
OTTAWA INTL A,2024-09-06 5:00,2024,9,6,5:00,13.2,13,99,16,13,1.530804033,,,13.41656667,90.50718333,11.90968333,0.13,0.41,115.1333333,1,,0.21656667,3.481111111,8.49281667,0.530804033
OTTAWA INTL A,2024-09-06 6:00,2024,9,6,6:00,13.8,12.8,94,16,15,9.409618217,,,13.08538333,91.26376667,11.70821667,0.04,0.26,100.3333333,1.3,,0.71461667,4.126666667,2.73623333,8.109618217
OTTAWA INTL A,2024-09-06 7:00,2024,9,6,7:00,15.5,13.1,86,16,8,117.38514,,,13.49653333,90.04523333,11.90881667,0.115,0.361666667,98.61666667,13.66666667,,2.00346667,2.107222222,4.04523333,103.7184733
OTTAWA INTL A,2024-09-06 8:00,2024,9,6,8:00,17.6,12.9,73,18,18,315.6367714,,,15.26063333,85.52815,12.86395,0.206666667,0.493333333,92.11666667,30.21666667,,2.33936667,4.793333333,12.52815,285.4201047
OTTAWA INTL A,2024-09-06 9:00,2024,9,6,9:00,19.7,13.7,68,19,13,442.5983169,,,17.50161667,78.78166667,13.76485,0.255,0.551666667,155.45,37.75,,2.19838333,3.356111111,10.78166667,404.8483169
OTTAWA INTL A,2024-09-06 10:00,2024,9,6,10:00,22.2,14.2,60,18,17,599.0597303,,,19.88803333,68.70201667,13.9825,0.65,1.018333333,189.9333333,80.4,,2.31196667,4.072222222,8.70201667,518.6597303
OTTAWA INTL A,2024-09-06 11:00,2024,9,6,11:00,21.8,14.7,64,16,15,392.050148,,,20.73801667,67.39365,14.49753333,0.316666667,0.681666667,168.6,35.08333333,,1.06198333,3.85,3.39365,356.9668147
OTTAWA INTL A,2024-09-06 12:00,2024,9,6,12:00,21.4,15.4,68,19,10,224.3926257,,,20.86456667,67.69696667,14.68903333,0.253333333,0.59,145.3833333,19.73333333,,0.53543333,2.524444445,0.30303333,204.6592924
OTTAWA INTL A,2024-09-06 13:00,2024,9,6,13:00,20.8,15.3,70,17,5,268.9265797,,,21.35831667,66.96786667,14.99178333,0.373333333,0.701666667,167.8,27.43333333,,0.55831667,1.015555556,3.03213333,241.4932464
OTTAWA INTL A,2024-09-06 14:00,2024,9,6,14:00,20.9,16.1,73,15,0,135.0863932,,,20.53968333,72.00628333,15.3155,0.135,0.381666667,164.95,12.61666667,,0.36031667,0.135,0.99371667,122.4697265
OTTAWA INTL A,2024-09-06 15:00,2024,9,6,15:00,21.5,16.2,72,13,0,122.5694127,,,19.66351667,81.3774,16.40553333,0.04,0.141666667,106.0666667,11.4,,1.83648333,0.04,9.3774,111.1694127
OTTAWA INTL A,2024-09-06 16:00,2024,9,6,16:00,20.6,17.5,82,11,9,125.2980032,,,20.11501667,81.29838333,16.82936667,0,0.081666667,78.05,12.2,,0.48498333,2.5,0.70161667,113.0980032
OTTAWA INTL A,2024-09-06 17:00,2024,9,6,17:00,19.9,18.4,91,11,4,38.1931276,,,20.337,75.83585,15.95021667,0.05,0.268333333,139.3,2.716666667,,0.437,1.061111111,15.16415,35.47646093
OTTAWA INTL A,2024-09-06 18:00,2024,9,6,18:00,19.8,17.3,85,17,12,9.830810683,,,19.4677,84.42196667,16.78266667,0.06,0.21,131.7333333,1.1,,0.3323,3.273333333,0.57803333,8.730810683
OTTAWA INTL A,2024-09-06 19:00,2024,9,6,19:00,17.8,17.6,99,21,15,2.940343517,,,20.03635,80.18941667,16.53411667,0.2,0.545,153.7,1,,2.23635,3.966666667,18.81058333,1.940343517
OTTAWA INTL A,2024-09-06 20:00,2024,9,6,20:00,17.4,17.4,100,24,3,1.963269367,,,18.59573333,90.27618333,16.97696667,0.275,0.496666667,156.4833333,1,,1.19573333,0.558333333,9.72381667,0.963269367
OTTAWA INTL A,2024-09-06 21:00,2024,9,6,21:00,17.1,17.1,100,20,0,1.4340966,,,17.6835,96.77381667,17.18653333,0.005,0.07,109.9333333,1,,0.5835,0.005,3.22618333,0.4340966
OTTAWA INTL A,2024-09-06 22:00,2024,9,6,22:00,16.9,16.9,100,16,0,1.568669783,,,17.59126667,97.63923333,17.23565,0,0.02,104.6166667,1,,0.69126667,0,2.36076667,0.568669783
OTTAWA INTL A,2024-09-06 23:00,2024,9,6,23:00,16.7,16.7,100,12,8,1.487548267,,,17.55818333,98.03005,17.26565,0.015,0.09,128.8833333,1,,0.85818333,2.207222222,1.96995,0.487548267
OTTAWA INTL A,2024-09-07 0:00,2024,9,7,0:00,17.1,17.1,100,9,9,1.76447105,,,17.55208333,97.03851667,17.09865,0.04,0.198333333,103.55,1,,0.45208333,2.46,2.96148333,0.76447105
OTTAWA INTL A,2024-09-07 1:00,2024,9,7,1:00,17,17,100,11,8,1.579912617,,,17.41135,96.67588333,16.8994,0.195,0.411666667,135.2166667,1,,0.41135,2.027222222,3.32411667,0.579912617
OTTAWA INTL A,2024-09-07 2:00,2024,9,7,2:00,16.9,16.9,100,15,15,1.74877725,,,17.32426667,96.61896667,16.8031,0.1,0.313333333,126.2166667,1,,0.42426667,4.066666667,3.38103333,0.74877725
OTTAWA INTL A,2024-09-07 3:00,2024,9,7,3:00,16.7,16.7,100,17,7,1.758753117,,,17.1484,96.24573333,16.56626667,0.193333333,0.51,154.4166667,1,,0.4484,1.751111111,3.75426667,0.758753117
OTTAWA INTL A,2024-09-07 4:00,2024,9,7,4:00,16.5,16.5,100,14,12,1.625131117,,,16.94925,97.64928333,16.59601667,0.075,0.291666667,116.3833333,1,,0.44925,3.258333333,2.35071667,0.625131117
OTTAWA INTL A,2024-09-07 5:00,2024,9,7,5:00,16.3,16.3,100,11,10,1.5290218,,,16.704,98.15166667,16.43196667,0.06,0.295,112.9333333,1,,0.404,2.717777778,1.84833333,0.5290218
OTTAWA INTL A,2024-09-07 6:00,2024,9,7,6:00,16.2,16.2,100,10,10,2.799533233,,,16.4893,98.37446667,16.25288333,0.09,0.308333333,89.11666667,1,,0.2893,2.687777778,1.62553333,1.799533233
OTTAWA INTL A,2024-09-07 7:00,2024,9,7,7:00,16.3,16.3,100,17,11,5.84242645,,,16.20601667,98.56431667,16.00005,0.165,0.456666667,110.2666667,1,,0.09398333,2.890555556,1.43568333,4.84242645
OTTAWA INTL A,2024-09-07 8:00,2024,9,7,8:00,13.2,13.2,100,27,14,15.78310875,,,15.14156667,98.41825,14.91261667,0.33,0.678333333,194.8166667,1,,1.94156667,3.558888889,1.58175,14.78310875
OTTAWA INTL A,2024-09-07 9:00,2024,9,7,9:00,12.9,12.9,100,23,12,49.91005018,,,13.71891667,98.8659,13.56025,0.205,0.518333333,164.8333333,3.45,,0.81891667,3.128333333,1.1341,46.46005018
OTTAWA INTL A,2024-09-07 10:00,2024,9,7,10:00,13.1,13.1,100,20,5,77.56518642,,,13.67703333,98.80303333,13.50861667,0.18,0.486666667,187.7833333,6.266666667,,0.57703333,1.208888889,1.19696667,71.29851975
OTTAWA INTL A,2024-09-07 11:00,2024,9,7,11:00,13.5,13.5,100,20,9,118.5960816,,,13.90228333,98.58451667,13.69981667,0.25,0.528333333,169.4,11.03333333,,0.40228333,2.25,1.41548333,107.5627483
OTTAWA INTL A,2024-09-07 12:00,2024,9,7,12:00,13.7,13.7,100,26,13,90.41080518,,,13.95085,98.41208333,13.7215,0.395,0.76,202.5166667,7.133333333,,0.25085,3.216111111,1.58791667,83.27747185
OTTAWA INTL A,2024-09-07 13:00,2024,9,7,13:00,13.8,13.8,100,29,5,96.3345264,,,13.74211667,98.53258333,13.53156667,0.225,0.513333333,184.5,10.78333333,,0.05788333,1.163888889,1.46741667,85.55119307
OTTAWA INTL A,2024-09-07 14:00,2024,9,7,14:00,13.1,13.1,100,29,13,103.7300554,,,13.50411667,98.39245,13.27186667,0.051666667,0.316666667,116.7166667,8.083333333,,0.40411667,3.559444444,1.60755,95.64672207
OTTAWA INTL A,2024-09-07 15:00,2024,9,7,15:00,13,13,100,29,18,91.92844682,,,13.36681667,97.9553,13.06625,0.15,0.528333333,175.4,8.616666667,,0.36681667,4.85,2.0447,83.31178015
OTTAWA INTL A,2024-09-07 16:00,2024,9,7,16:00,14.9,14.9,100,28,18,115.3824797,,,13.08648333,98.39561667,12.85486667,0.11,0.433333333,169.7333333,7.983333333,,1.81351667,4.89,1.60438333,107.3991464
OTTAWA INTL A,2024-09-07 17:00,2024,9,7,17:00,13.9,11,82,27,28,197.5550324,,,13.49271667,97.26301667,13.08238333,0.171666667,0.533333333,153.7833333,11.46666667,,0.40728333,7.606111111,15.26301667,186.0883657
OTTAWA INTL A,2024-09-07 18:00,2024,9,7,18:00,12.2,9.5,84,27,23,99.21822113,,,12.40705,94.82378333,11.61445,0.13,0.515,154.45,4.683333333,,0.20705,6.258888889,10.82378333,94.5348878
OTTAWA INTL A,2024-09-07 19:00,2024,9,7,19:00,11.1,9.4,89,26,16,13.5541995,,,11.315,93.0413,10.24283333,0.13,0.503333333,153.9833333,1.2,,0.215,4.314444444,4.0413,12.3541995
OTTAWA INTL A,2024-09-07 20:00,2024,9,7,20:00,9.8,8.1,89,28,17,1.882108567,,,10.85601667,92.3266,9.67085,0.11,0.503333333,182.8833333,1,,1.05601667,4.612222222,3.3266,0.882108567
OTTAWA INTL A,2024-09-07 21:00,2024,9,7,21:00,8.4,6.6,88,27,19,2.11953485,,,9.970866667,90.5864,8.512116667,0.231666667,0.66,206.85,1,,1.570866667,5.046111111,2.5864,1.11953485
OTTAWA INTL A,2024-09-07 22:00,2024,9,7,22:00,7.7,5.6,87,27,18,2.01499105,,,8.92065,88.72686667,7.1695,0.3,0.758333333,230.45,1,,1.22065,4.7,1.72686667,1.01499105
OTTAWA INTL A,2024-09-07 23:00,2024,9,7,23:00,6.4,4.8,89,27,18,1.849279467,,,8.171,87.81698333,6.279983333,0.226666667,0.666666667,219.25,1,,1.771,4.773333333,1.18301667,0.849279467
OTTAWA INTL A,2024-09-08 0:00,2024,9,8,0:00,5.5,4.1,91,26,21,1.70983975,,,7.502916667,88.1783,5.6801,0.251666667,0.658333333,199.4166667,1,,2.002916667,5.581666666,2.8217,0.70983975
OTTAWA INTL A,2024-09-08 1:00,2024,9,8,1:00,5,5,100,25,12,1.621195283,,,7.118683333,89.21113333,5.467216667,0.211666667,0.608333333,216.5833333,1,,2.118683333,3.121666666,10.78886667,0.621195283
OTTAWA INTL A,2024-09-08 2:00,2024,9,8,2:00,5.5,5.5,100,24,18,1.989369117,,,6.776966667,88.38931667,4.996933333,0.245,0.631666667,226.6666667,1,,1.276966667,4.755,11.61068333,0.989369117
OTTAWA INTL A,2024-09-08 3:00,2024,9,8,3:00,5.9,5.5,98,24,15,1.254768367,,,6.561366667,90.55616667,5.133016667,0.298333333,0.686666667,196.95,1,,0.661366667,3.868333334,7.44383333,0.254768367
OTTAWA INTL A,2024-09-08 4:00,2024,9,8,4:00,5.1,4.7,97,24,15,1.591801617,,,6.77835,90.26025,5.300783333,0.331666667,0.786666667,220.2166667,1,,1.67835,3.835,6.73975,0.591801617
OTTAWA INTL A,2024-09-08 5:00,2024,9,8,5:00,5.7,4.4,92,23,14,1.35939115,,,6.997116667,87.95761667,5.144683333,0.365,0.821666667,214.15,1,,1.297116667,3.523888889,4.04238333,0.35939115
OTTAWA INTL A,2024-09-08 6:00,2024,9,8,6:00,6.1,5.5,96,22,14,6.393070267,,,7.2162,88.01381667,5.369983333,0.276666667,0.678333333,209.6166667,1.05,,1.1162,3.612222222,7.98618333,5.343070267
OTTAWA INTL A,2024-09-08 7:00,2024,9,8,7:00,7.6,4.2,79,23,24,57.54763448,,,7.767566667,84.55286667,5.334966667,0.44,0.83,205.9166667,4.2,,0.167566667,6.226666667,5.55286667,53.34763448
OTTAWA INTL A,2024-09-08 8:00,2024,9,8,8:00,8.5,4.2,74,23,31,176.1020852,,,8.2471,83.44136667,5.613916667,0.546666667,0.938333333,217.0166667,15.93333333,,0.2529,8.064444444,9.44136667,160.1687519
OTTAWA INTL A,2024-09-08 9:00,2024,9,8,9:00,9.1,4.8,74,25,27,188.0207845,,,8.755833333,81.62626667,5.795,0.563333333,1.041666667,233.7333333,16.56666667,,0.344166667,6.936666667,7.62626667,171.4541178
OTTAWA INTL A,2024-09-08 10:00,2024,9,8,10:00,9.4,5.6,77,24,31,222.7914122,,,9.294833333,80.175,6.06185,0.48,0.885,234.8833333,18.85,,0.105166667,8.131111111,3.175,203.9414122
OTTAWA INTL A,2024-09-08 11:00,2024,9,8,11:00,10.4,4.8,68,25,23,200.6341605,,,9.7829,78.52648333,6.23635,0.455,0.86,213.3333333,18.75,,0.6171,5.933888889,10.52648333,181.8841605
OTTAWA INTL A,2024-09-08 12:00,2024,9,8,12:00,11.3,4.5,63,26,35,348.7957687,,,10.55715,76.12635,6.535516667,0.545,0.981666667,225.4333333,31.01666667,,0.74285,9.177222222,13.12635,317.779102
OTTAWA INTL A,2024-09-08 13:00,2024,9,8,13:00,11.9,5.2,63,24,30,432.6423705,,,11.27813333,74.81865,6.982483333,0.691666667,1.11,228.0166667,34.1,,0.62186667,7.641666666,11.81865,398.5423705
OTTAWA INTL A,2024-09-08 14:00,2024,9,8,14:00,12,4.8,61,25,33,200.668146,,,11.10365,76.14216667,7.07075,0.595,0.961666667,220.25,19.61666667,,0.89635,8.571666667,15.14216667,181.0514793
OTTAWA INTL A,2024-09-08 15:00,2024,9,8,15:00,12.6,5.6,62,25,26,235.1495603,,,11.62481667,74.30031667,7.216466667,0.495,0.943333333,230.8333333,22.06666667,,0.97518333,6.727222222,12.30031667,213.0828936
OTTAWA INTL A,2024-09-08 16:00,2024,9,8,16:00,12.6,5.3,61,26,32,157.1281226,,,11.61518333,75.12203333,7.3692,0.481666667,0.956666667,227.1833333,13.85,,0.98481667,8.407222222,14.12203333,143.2781226
OTTAWA INTL A,2024-09-08 17:00,2024,9,8,17:00,11.8,5.7,66,26,26,57.10345972,,,11.38821667,77.4845,7.601783333,0.423333333,0.851666667,219.3,4.883333333,,0.41178333,6.798888889,11.4845,52.22012639
OTTAWA INTL A,2024-09-08 18:00,2024,9,8,18:00,11,5.8,71,26,26,39.46669017,,,11.30493333,78.96255,7.798716667,0.35,0.793333333,200.6833333,3.15,,0.30493333,6.872222222,7.96255,36.31669017
OTTAWA INTL A,2024-09-08 19:00,2024,9,8,19:00,10.6,5.2,69,26,19,3.269496783,,,10.8734,78.8925,7.36705,0.443333333,0.895,219.1666667,1,,0.2734,4.834444445,9.8925,2.269496783
OTTAWA INTL A,2024-09-08 20:00,2024,9,8,20:00,10,5.7,74,25,13,1.690853683,,,10.5428,78.66616667,7.0025,0.37,0.785,216.1333333,1,,0.5428,3.241111111,4.66616667,0.690853683
OTTAWA INTL A,2024-09-08 21:00,2024,9,8,21:00,9.9,6.6,80,26,8,1.332261267,,,10.42413333,80.2414,7.176316667,0.273333333,0.643333333,171,1,,0.52413333,1.948888889,0.2414,0.332261267
OTTAWA INTL A,2024-09-08 22:00,2024,9,8,22:00,10.6,6.2,74,24,11,1.382258783,,,10.77308333,79.03543333,7.29485,0.283333333,0.708333333,197.3166667,1,,0.17308333,2.772222223,5.03543333,0.382258783
OTTAWA INTL A,2024-09-08 23:00,2024,9,8,23:00,10.7,6.4,74,23,10,1.5777048,,,10.84588333,79.66031667,7.48145,0.373333333,0.688333333,204.6,1,,0.14588333,2.404444445,5.66031667,0.5777048
OTTAWA INTL A,2024-09-09 0:00,2024,9,9,0:00,10.4,6.9,79,20,7,1.460728083,,,10.70218333,82.09628333,7.7829,0.165,0.4,161,1,,0.30218333,1.779444444,3.09628333,0.460728083
OTTAWA INTL A,2024-09-09 1:00,2024,9,9,1:00,10.2,7.4,82,23,9,1.5080193,,,10.58995,84.29043333,8.0551,0.01,0.103333333,107.5,1,,0.38995,2.49,2.29043333,0.5080193
OTTAWA INTL A,2024-09-09 2:00,2024,9,9,2:00,10.6,8.1,85,23,13,1.526992633,,,10.71693333,84.74543333,8.263983333,0.17,0.453333333,174.1166667,1,,0.11693333,3.441111111,0.25456667,0.526992633
OTTAWA INTL A,2024-09-09 3:00,2024,9,9,3:00,10.3,8.7,90,23,14,1.4593259,,,11.00006667,84.58875,8.515633333,0.28,0.646666667,204.25,1,,0.70006667,3.608888889,5.41125,0.4593259
OTTAWA INTL A,2024-09-09 4:00,2024,9,9,4:00,8.5,8.5,100,23,12,2.133745883,,,10.95418333,86.60381667,8.817366667,0.301666667,0.66,204.0666667,1,,2.45418333,3.031666666,13.39618333,1.133745883
OTTAWA INTL A,2024-09-09 5:00,2024,9,9,5:00,8,8,100,23,11,1.665165483,,,9.736066667,92.61741667,8.605983333,0.245,0.52,205.4833333,1,,1.736066667,2.810555556,7.38258333,0.665165483
OTTAWA INTL A,2024-09-09 6:00,2024,9,9,6:00,7.7,7.7,100,22,11,7.452095217,,,9.427216667,95.3339,8.7283,0.26,0.538333333,201.8666667,1.616666667,,1.727216667,2.795555556,4.6661,5.83542855
OTTAWA INTL A,2024-09-09 7:00,2024,9,9,7:00,9.8,9.8,100,23,10,116.9868406,,,9.974416667,95.48671667,9.29685,0.16,0.38,186.4666667,14.41666667,,0.174416667,2.617777778,4.51328333,102.5701739
OTTAWA INTL A,2024-09-09 8:00,2024,9,9,8:00,12.3,10.9,91,25,8,305.2151743,,,11.32211667,91.85045,10.05625,0.145,0.426666667,183.1666667,28.61666667,,0.97788333,2.077222222,0.85045,276.5985076
OTTAWA INTL A,2024-09-09 9:00,2024,9,9,9:00,15.2,10.6,74,26,14,475.0993228,,,12.46313333,88.58636667,10.64166667,0.16,0.445,272.1,40.31666667,,2.73686667,3.728888889,14.58636667,434.7826561
OTTAWA INTL A,2024-09-09 10:00,2024,9,9,10:00,16.7,9.7,63,32,11,606.3259483,,,13.95053333,83.03215,11.12475,0.175,0.453333333,233.3666667,54.66666667,,2.74946667,2.880555556,20.03215,551.6592816
OTTAWA INTL A,2024-09-09 11:00,2024,9,9,11:00,16.4,10.4,67,29,11,284.9617267,,,15.21876667,76.17616667,11.06101667,0.05,0.281666667,158.75,28.75,,1.18123333,3.005555556,9.17616667,256.2117267
OTTAWA INTL A,2024-09-09 12:00,2024,9,9,12:00,16.1,11.2,73,28,12,282.2299117,,,15.41898333,73.04463333,10.6186,0.135,0.461666667,182.8833333,24.33333333,,0.68101667,3.198333333,0.04463333,257.8965784
OTTAWA INTL A,2024-09-09 13:00,2024,9,9,13:00,17.6,10.7,63,30,7,304.2164203,,,15.47971667,70.79498333,10.21556667,0.195,0.453333333,173.7,26.31666667,,2.12028333,1.749444444,7.79498333,277.8997536
OTTAWA INTL A,2024-09-09 14:00,2024,9,9,14:00,17.9,9.4,57,23,14,420.121066,,,15.80858333,71.75371667,10.73208333,0.035,0.278333333,142.0833333,31.63333333,,2.09141667,3.853888889,14.75371667,388.4877327
OTTAWA INTL A,2024-09-09 15:00,2024,9,9,15:00,18.8,12.5,67,23,12,544.0236475,,,16.97146667,67.25788333,10.85553333,0.12,0.443333333,150.9333333,33.55,,1.82853333,3.213333333,0.25788333,510.4736475
OTTAWA INTL A,2024-09-09 16:00,2024,9,9,16:00,19,9.4,53,26,12,400.9047013,,,16.79916667,68.57868333,11.00165,0.055,0.323333333,127.3833333,15.5,,2.20083333,3.278333333,15.57868333,385.4047013
OTTAWA INTL A,2024-09-09 17:00,2024,9,9,17:00,18.4,10.2,58,27,14,264.2528848,,,16.60255,70.32366667,11.19153333,0,0.151666667,98.65,6.866666667,,1.79745,3.888888889,12.32366667,257.3862181
OTTAWA INTL A,2024-09-09 18:00,2024,9,9,18:00,16.4,10,66,27,11,88.41312383,,,16.08426667,72.9244,11.24298333,0.035,0.156666667,125.7333333,1.65,,0.31573333,3.020555556,6.9244,86.76312383
OTTAWA INTL A,2024-09-09 19:00,2024,9,9,19:00,13.6,8.7,72,27,12,7.257529467,,,14.80456667,73.85723333,10.20028333,0.04,0.235,146.0833333,1,,1.20456667,3.293333333,1.85723333,6.257529467
OTTAWA INTL A,2024-09-09 20:00,2024,9,9,20:00,12.4,7.9,74,28,12,2.1798614,,,13.70566667,77.70345,9.890866667,0.01,0.228333333,135.7333333,1,,1.30566667,3.323333333,3.70345,1.1798614
OTTAWA INTL A,2024-09-09 21:00,2024,9,9,21:00,10.3,8.9,91,24,6,1.729116217,,,12.85986667,81.99876667,9.874983333,0.015,0.191666667,179.4666667,1,,2.55986667,1.651666667,9.00123333,0.729116217
OTTAWA INTL A,2024-09-09 22:00,2024,9,9,22:00,10.5,8.7,89,29,8,1.92156945,,,12.17031667,84.14715,9.585316667,0.195,0.498333333,173.4333333,1,,1.67031667,2.027222222,4.85285,0.92156945
OTTAWA INTL A,2024-09-09 23:00,2024,9,9,23:00,11,8.8,86,30,10,1.99120315,,,11.41463333,87.3602,9.400433333,0.07,0.285,178.0166667,1,,0.41463333,2.707777778,1.3602,0.99120315
OTTAWA INTL A,2024-09-10 0:00,2024,9,10,0:00,8.4,8.1,98,27,11,1.652985883,,,10.54533333,89.81063333,8.953716667,0.281666667,0.628333333,193.5333333,1,,2.14533333,2.773888889,8.18936667,0.652985883
OTTAWA INTL A,2024-09-10 1:00,2024,9,10,1:00,7.1,7.1,100,25,10,1.734742917,,,9.95865,89.95598333,8.397466667,0.115,0.35,159.5666667,1,,2.85865,2.662777778,10.04401667,0.734742917
OTTAWA INTL A,2024-09-10 2:00,2024,9,10,2:00,6.5,4.9,89,28,12,1.689233683,,,9.486216667,89.495,7.854416667,0.05,0.233333333,163.3166667,1,,2.986216667,3.283333333,0.495,0.689233683
OTTAWA INTL A,2024-09-10 3:00,2024,9,10,3:00,6.4,6.4,100,28,13,1.805751567,,,9.132316667,89.35865,7.480633333,0.1,0.303333333,169.7,1,,2.732316667,3.511111111,10.64135,0.805751567
OTTAWA INTL A,2024-09-10 4:00,2024,9,10,4:00,7,7,100,24,8,1.517413533,,,8.324333333,92.49375,7.187316667,0,0.09,173.8166667,1,,1.324333333,2.222222222,7.50625,0.517413533
OTTAWA INTL A,2024-09-10 5:00,2024,9,10,5:00,5.2,5.2,100,26,12,1.762350583,,,7.824616667,93.31388333,6.819733333,0.04,0.17,154.6166667,1,,2.624616667,3.293333333,6.68611667,0.762350583
OTTAWA INTL A,2024-09-10 6:00,2024,9,10,6:00,6,6,100,24,9,8.15786795,,,7.496533333,95.0195,6.75655,0.03,0.211666667,156.3666667,1.7,,1.496533333,2.47,4.9805,6.45786795
OTTAWA INTL A,2024-09-10 7:00,2024,9,10,7:00,8.8,8.8,100,26,9,115.8441165,,,7.7825,95.5056,7.115833333,0.165,0.43,208.1166667,14.63333333,,1.0175,2.335,4.4944,101.2107832
OTTAWA INTL A,2024-09-10 8:00,2024,9,10,8:00,11.2,9.1,87,27,13,306.4139802,,,9.69885,88.72585,7.928,0.14,0.435,235.7833333,28.56666667,,1.50115,3.471111111,1.72585,277.8473135
OTTAWA INTL A,2024-09-10 9:00,2024,9,10,9:00,13.9,8,67,24,8,482.011008,,,11.56878333,80.11483333,8.26815,0.175,0.506666667,216.1333333,40.88333333,,2.33121667,2.047222222,13.11483333,441.1276747
OTTAWA INTL A,2024-09-10 10:00,2024,9,10,10:00,16.4,5.2,47,31,13,622.5859035,,,13.31463333,73.72056667,8.720083333,0.115,0.46,204.4833333,76.98333333,,3.08536667,3.496111111,26.72056667,545.6025702
OTTAWA INTL A,2024-09-10 11:00,2024,9,10,11:00,18.4,4.6,40,30,14,707.5596383,,,15.53765,65.45418333,9.091916667,0.238333333,0.596666667,220.5,56.63333333,,2.86235,3.650555556,25.45418333,650.926305
OTTAWA INTL A,2024-09-10 12:00,2024,9,10,12:00,19.4,4.8,38,28,23,757.5572708,,,16.45273333,61.41045,8.998283333,0.216666667,0.568333333,191.25,46.63333333,,2.94726667,6.172222222,23.41045,710.9239375
OTTAWA INTL A,2024-09-10 13:00,2024,9,10,13:00,19.8,5.8,39,30,18,753.3247498,,,17.60486667,58.86876667,9.46845,0.16,0.488333333,202.4,42.03333333,,2.19513333,4.84,19.86876667,711.2914165
OTTAWA INTL A,2024-09-10 14:00,2024,9,10,14:00,20.5,6.5,40,26,19,674.7812317,,,18.1844,62.4046,10.89146667,0.135,0.491666667,164.6833333,51.1,,2.3156,5.142777778,22.4046,623.6812317
OTTAWA INTL A,2024-09-10 15:00,2024,9,10,15:00,20.7,7.3,41,27,12,572.0754782,,,18.63466667,59.6718,10.64483333,0.075,0.431666667,124.4666667,31.38333333,,2.06533333,3.258333333,18.6718,540.6921449
OTTAWA INTL A,2024-09-10 16:00,2024,9,10,16:00,20.7,7.5,42,30,22,422.9802438,,,18.77995,62.01818333,11.36325,0.035,0.338333333,115.0333333,17.78333333,,1.92005,6.076111111,20.01818333,405.1969105
OTTAWA INTL A,2024-09-10 17:00,2024,9,10,17:00,20.5,8,44,28,13,241.9186497,,,18.34691667,62.77041667,11.1388,0.02,0.183333333,91.71666667,6.683333333,,2.15308333,3.591111111,18.77041667,235.2353164
OTTAWA INTL A,2024-09-10 18:00,2024,9,10,18:00,19.3,8.2,48,28,4,80.27718802,,,17.87908333,62.72511667,10.68688333,0,0.05,126.1666667,1.683333333,,1.42091667,1.111111111,14.72511667,78.59385469
OTTAWA INTL A,2024-09-10 19:00,2024,9,10,19:00,13.6,9.2,75,21,3,6.378161317,,,16.66011667,65.68263333,10.21981667,0.103333333,0.263333333,148.95,1,,3.06011667,0.73,9.31736667,5.378161317
OTTAWA INTL A,2024-09-10 20:00,2024,9,10,20:00,12.5,9.2,80,19,5,1.631038,,,16.02448333,69.58741667,10.47221667,0,0.02,142.1166667,1,,3.52448333,1.388888889,10.41258333,0.631038
OTTAWA INTL A,2024-09-10 21:00,2024,9,10,21:00,14.4,9.7,73,18,10,1.636083117,,,14.86348333,74.54396667,10.38933333,0.01,0.085,130.8166667,1,,0.46348333,2.767777778,1.54396667,0.636083117
OTTAWA INTL A,2024-09-10 22:00,2024,9,10,22:00,13.4,9.9,79,18,12,1.983644983,,,13.69306667,82.39408333,10.75421667,0.035,0.151666667,135.1,1,,0.29306667,3.298333333,3.39408333,0.983644983
OTTAWA INTL A,2024-09-10 23:00,2024,9,10,23:00,12.6,11,90,19,13,1.74838045,,,13.16791667,88.03158333,11.24435,0,0.075,136.8666667,1,,0.56791667,3.611111111,1.96841667,0.74838045
OTTAWA INTL A,2024-09-11 0:00,2024,9,11,0:00,11.5,11.5,100,20,12,2.181423517,,,12.6862,89.23328333,10.97105,0,0.005,126.1166667,1,,1.1862,3.333333333,10.76671667,1.181423517
OTTAWA INTL A,2024-09-11 1:00,2024,9,11,1:00,10.4,10.4,100,20,12,1.76184365,,,12.21718333,92.41221667,11.03655,0,0.035,127.6166667,1,,1.81718333,3.333333333,7.58778333,0.76184365
OTTAWA INTL A,2024-09-11 2:00,2024,9,11,2:00,10.4,10.4,100,20,7,1.864807017,,,11.9341,94.2938,11.05901667,0,0.01,111.0333333,1,,1.5341,1.944444444,5.7062,0.864807017
OTTAWA INTL A,2024-09-11 3:00,2024,9,11,3:00,10,10,100,22,7,1.9673114,,,11.34751667,95.04273333,10.5947,0,0.02,100.6166667,1,,1.34751667,1.944444444,4.95726667,0.9673114
OTTAWA INTL A,2024-09-11 4:00,2024,9,11,4:00,9.6,9.6,100,22,5,1.565560533,,,10.67363333,95.94991667,10.0658,0.04,0.128333333,134.8833333,1,,1.07363333,1.348888889,4.05008333,0.565560533
OTTAWA INTL A,2024-09-11 5:00,2024,9,11,5:00,9.8,9.8,100,20,4,1.52416375,,,10.23791667,96.55045,9.724616667,0,0.07,122.1333333,1,,0.43791667,1.111111111,3.44955,0.52416375
OTTAWA INTL A,2024-09-11 6:00,2024,9,11,6:00,9.2,9.2,100,21,8,8.843524233,,,10.02418333,96.51315,9.505633333,0,0.01,103.5,1.4,,0.82418333,2.222222222,3.48685,7.443524233
OTTAWA INTL A,2024-09-11 7:00,2024,9,11,7:00,11.2,11.2,100,19,5,104.8603468,,,10.56778333,96.7069,10.07795,0,0.105,78.25,10.88333333,,0.63221667,1.388888889,3.2931,93.97701347
OTTAWA INTL A,2024-09-11 8:00,2024,9,11,8:00,14,13.7,99,20,6,276.6360138,,,11.75996667,95.72846667,11.1134,0.03,0.206666667,177.55,25.58333333,,2.24003333,1.636666667,3.27153333,251.0526805
OTTAWA INTL A,2024-09-11 9:00,2024,9,11,9:00,16.6,13.8,83,21,7,432.8350285,,,13.25488333,93.83721667,12.29808333,0.06,0.265,235.7833333,36.83333333,,3.34511667,1.884444444,10.83721667,396.0016952
OTTAWA INTL A,2024-09-11 10:00,2024,9,11,10:00,18.6,14.5,77,15,9,581.2947825,,,15.26596667,90.28121667,13.69896667,0.14,0.431666667,175.5833333,60.36666667,,3.33403333,2.36,13.28121667,520.9281158
OTTAWA INTL A,2024-09-11 11:00,2024,9,11,11:00,21.1,13.7,62,24,15,681.477177,,,17.56948333,83.90666667,14.826,0.256666667,0.566666667,221.3333333,54.68333333,,3.53051667,3.91,21.90666667,626.7938437
OTTAWA INTL A,2024-09-11 12:00,2024,9,11,12:00,22.6,12.5,53,22,21,717.4780413,,,19.43823333,75.3151,14.95998333,0.243333333,0.65,227.3333333,45.51666667,,3.16176667,5.59,22.3151,671.9613746
OTTAWA INTL A,2024-09-11 13:00,2024,9,11,13:00,23.6,12.3,48,25,17,728.1928025,,,20.7502,69.19555,14.90621667,0.258333333,0.678333333,209.8666667,42.16666667,,2.8498,4.463888889,21.19555,686.0261358
OTTAWA INTL A,2024-09-11 14:00,2024,9,11,14:00,24.1,13.1,50,22,17,675.230567,,,21.51165,68.11285,15.39621667,0.163333333,0.481666667,177.2166667,61.15,,2.58835,4.558888889,18.11285,614.080567
OTTAWA INTL A,2024-09-11 15:00,2024,9,11,15:00,24.3,13.5,50,24,14,564.0677982,,,21.50796667,67.89853333,15.34646667,0.13,0.485,175.7833333,32.08333333,,2.79203333,3.758888889,17.89853333,531.9844649
OTTAWA INTL A,2024-09-11 16:00,2024,9,11,16:00,22.9,13.1,53,21,12,402.7100922,,,21.6477,66.16888333,15.07518333,0.081666667,0.323333333,146.1833333,16.56666667,,1.2523,3.251666666,13.16888333,386.1434255
OTTAWA INTL A,2024-09-11 17:00,2024,9,11,17:00,22.7,13.6,56,22,10,231.8971373,,,21.04546667,67.84076667,14.89518333,0.01,0.095,105.85,7.8,,1.65453333,2.767777778,11.84076667,224.0971373
OTTAWA INTL A,2024-09-11 18:00,2024,9,11,18:00,20.4,13.3,64,20,8,55.81420562,,,20.48,69.6388,14.76028333,0.01,0.068333333,106.9333333,1.966666667,,0.08,2.212222222,5.6388,53.84753895
OTTAWA INTL A,2024-09-11 19:00,2024,9,11,19:00,18.7,14.3,75,21,8,3.147842467,,,19.70183333,72.8937,14.72286667,0.015,0.086666667,101.1333333,1,,1.00183333,2.207222222,2.1063,2.147842467
OTTAWA INTL A,2024-09-11 20:00,2024,9,11,20:00,18.6,13.6,72,20,7,1.930076667,,,20.5043,67.7488,14.35783333,0.34,0.698333333,199.7,1,,1.9043,1.604444444,4.2512,0.930076667
OTTAWA INTL A,2024-09-11 21:00,2024,9,11,21:00,17.2,13.7,79,19,7,1.740932133,,,19.7075,69.48643333,13.97848333,0.241666667,0.438333333,152.8,1,,2.5075,1.702777777,9.51356667,0.740932133
OTTAWA INTL A,2024-09-11 22:00,2024,9,11,22:00,16.6,13,79,21,9,1.8171313,,,18.13465,76.06081667,13.86598333,0,0.07,99.35,1,,1.53465,2.5,2.93918333,0.8171313
OTTAWA INTL A,2024-09-11 23:00,2024,9,11,23:00,15.5,13.5,88,20,7,2.038448617,,,17.38118333,79.05783333,13.73181667,0,0.03,132.0333333,1,,1.88118333,1.944444444,8.94216667,1.038448617
OTTAWA INTL A,2024-09-12 0:00,2024,9,12,0:00,15.2,13.9,92,21,4,1.569174567,,,17.1269,79.20873333,13.51306667,0,0.106666667,154.3833333,1,,1.9269,1.111111111,12.79126667,0.569174567
OTTAWA INTL A,2024-09-12 1:00,2024,9,12,1:00,14.9,13.4,91,19,8,1.611337633,,,17.30676667,77.33653333,13.321,0.18,0.45,176.9166667,1,,2.40676667,2.042222222,13.66346667,0.611337633
OTTAWA INTL A,2024-09-12 2:00,2024,9,12,2:00,14.5,13.8,95,17,7,1.441879083,,,16.85491667,82.43195,13.85875,0.103333333,0.233333333,149.4666667,1,,2.35491667,1.841111111,12.56805,0.441879083
OTTAWA INTL A,2024-09-12 3:00,2024,9,12,3:00,13.7,13.7,100,15,4,1.987156767,,,16.21641667,89.32731667,14.47363333,0,0.01,68.51666667,1,,2.51641667,1.111111111,10.67268333,0.987156767
OTTAWA INTL A,2024-09-12 4:00,2024,9,12,4:00,13.9,13.9,100,16.5,0,1.871141817,,,15.91118333,92.57338333,14.72798333,0,0.045,118.9333333,1,,2.01118333,0,7.42661667,0.871141817
OTTAWA INTL A,2024-09-12 5:00,2024,9,12,5:00,14.2,14.1,99,18,8,1.737750383,,,15.81146667,87.50336667,13.75725,0.035,0.18,158.7,1,,1.61146667,2.187222222,11.49663333,0.737750383
OTTAWA INTL A,2024-09-12 6:00,2024,9,12,6:00,14.4,14.4,100,16.33333333,0,3.530611533,,,15.098,92.10696667,13.84136667,0.025,0.071666667,124.3333333,1,,0.698,0.025,7.89303333,2.530611533
OTTAWA INTL A,2024-09-12 7:00,2024,9,12,7:00,15.6,14.1,91,14.66666667,0,81.30417972,,,15.03211667,93.338,13.98283333,0,0.07,100.3833333,6.1,,0.56788333,0,2.338,75.20417972
OTTAWA INTL A,2024-09-12 8:00,2024,9,12,8:00,16.4,13.8,84,13,6,223.0616448,,,15.85865,92.24766667,14.62056667,0,0.135,93.08333333,17.4,,0.54135,1.666666667,8.24766667,205.6616448
OTTAWA INTL A,2024-09-12 9:00,2024,9,12,9:00,19.5,13.1,66,15,5,411.6738158,,,17.14661667,89.3875,15.40408333,0.03,0.251666667,103.0333333,35.76666667,,2.35338333,1.358888889,23.3875,375.9071491
OTTAWA INTL A,2024-09-12 10:00,2024,9,12,10:00,21.5,13.7,61,15,8,514.0795102,,,18.42743333,85.42666667,15.95286667,0.055,0.306666667,169.5,49.16666667,,3.07256667,2.167222222,24.42666667,464.9128435
OTTAWA INTL A,2024-09-12 11:00,2024,9,12,11:00,22.8,14.3,58,10,12,668.295444,,,21.21135,68.67405,15.22103333,0.193333333,0.555,154.8833333,50.83333333,,1.58865,3.14,10.67405,617.4621107
OTTAWA INTL A,2024-09-12 12:00,2024,9,12,12:00,23.1,14.4,58,10,10,673.2897623,,,22.4786,64.40118333,15.44318333,0.196666667,0.546666667,169.4333333,46.38333333,,0.6214,2.581111111,6.40118333,626.906429
OTTAWA INTL A,2024-09-12 13:00,2024,9,12,13:00,24.4,14,52,18,13,536.2966113,,,22.61556667,62.84256667,15.19188333,0.131666667,0.46,122.9,34.81666667,,1.78443333,3.479444444,10.84256667,501.4799446
OTTAWA INTL A,2024-09-12 14:00,2024,9,12,14:00,24.9,14.4,52,19,12,613.7398247,,,23.51596667,60.00786667,15.31843333,0.186666667,0.583333333,129.1333333,45.08333333,,1.38403333,3.146666666,8.00786667,568.6564914
OTTAWA INTL A,2024-09-12 15:00,2024,9,12,15:00,25.3,14.1,49,19,12,499.371587,,,22.76701667,65.61873333,16.0061,0.08,0.375,164.0833333,26.98333333,,2.53298333,3.253333333,16.61873333,472.3882537
OTTAWA INTL A,2024-09-12 16:00,2024,9,12,16:00,24.5,15.4,56,17,10,394.89205,,,22.72353333,65.55401667,15.95733333,0.045,0.211666667,129.9,17.38333333,,1.77646667,2.732777778,9.55401667,377.5087167
OTTAWA INTL A,2024-09-12 17:00,2024,9,12,17:00,23.3,16.2,64,15,8,213.8376895,,,22.39881667,67.628,16.13405,0.025,0.173333333,128.4666667,8,,0.90118333,2.197222222,3.628,205.8376895
OTTAWA INTL A,2024-09-12 18:00,2024,9,12,18:00,21.4,16,71,15,7,62.23713962,,,21.55666667,71.26758333,16.14766667,0,0.04,100.1833333,2.066666667,,0.15666667,1.944444444,0.26758333,60.17047295
OTTAWA INTL A,2024-09-12 19:00,2024,9,12,19:00,17.4,14.9,85,16,5,4.713897267,,,20.64113333,74.18176667,15.89825,0.03,0.21,137.55,1,,3.24113333,1.358888889,10.81823333,3.713897267
OTTAWA INTL A,2024-09-12 20:00,2024,9,12,20:00,17.9,15.6,86,17,8,2.0505491,,,19.36893333,79.59036667,15.76566667,0.01,0.085,112,1,,1.46893333,2.212222222,6.40963333,1.0505491
OTTAWA INTL A,2024-09-12 21:00,2024,9,12,21:00,18.5,15.7,83,19,7,1.963715883,,,18.27725,84.14165,15.57283333,0,0.09,108.3333333,1,,0.22275,1.944444444,1.14165,0.963715883
OTTAWA INTL A,2024-09-12 22:00,2024,9,12,22:00,17.4,16.4,93,19,8,2.16922935,,,17.49691667,89.4516,15.76035,0,0.025,104.4166667,1,,0.09691667,2.222222222,3.5484,1.16922935
OTTAWA INTL A,2024-09-12 23:00,2024,9,12,23:00,16,16,100,20,7,1.8130832,,,16.74871667,93.88371667,15.77856667,0,0.035,97.56666667,1,,0.74871667,1.944444444,6.11628333,0.8130832
OTTAWA INTL A,2024-09-13 0:00,2024,9,13,0:00,16.3,16.3,100,17,0,1.774515267,,,16.28808333,94.83895,15.47878333,0,0.025,86.46666667,1,,0.01191667,0,5.16105,0.774515267
OTTAWA INTL A,2024-09-13 1:00,2024,9,13,1:00,14.4,14.4,100,14,0,1.628508167,,,15.9674,95.93216667,15.33846667,0,0.02,96.35,1,,1.5674,0,4.06783333,0.628508167
OTTAWA INTL A,2024-09-13 2:00,2024,9,13,2:00,14.4,14.4,100,11,5,1.579152533,,,15.67386667,95.65166667,15.00016667,0.005,0.12,102.6,1,,1.27386667,1.383888889,4.34833333,0.579152533
OTTAWA INTL A,2024-09-13 3:00,2024,9,13,3:00,14.3,14.3,100,12,0,1.443964417,,,15.26415,96.52065,14.73268333,0,0.03,88.81666667,1,,0.96415,0,3.47935,0.443964417
OTTAWA INTL A,2024-09-13 4:00,2024,9,13,4:00,14.1,14.1,100,13,3,1.56085425,,,15.13336667,96.91123333,14.6648,0.005,0.035,116.5666667,1,,1.03336667,0.828333333,3.08876667,0.56085425
OTTAWA INTL A,2024-09-13 5:00,2024,9,13,5:00,13.1,13.1,100,9.666666667,0,1.822328033,,,14.89911667,96.72651667,14.40166667,0,0.031666667,103.1,1,,1.79911667,0,3.27348333,0.822328033
OTTAWA INTL A,2024-09-13 6:00,2024,9,13,6:00,14.2,14.2,100,6.333333333,0,8.21336365,,,14.70973333,97.38843333,14.31815,0,0.05,76.3,1.066666667,,0.50973333,0,2.61156667,7.146696983
OTTAWA INTL A,2024-09-13 7:00,2024,9,13,7:00,15.3,15.3,100,3,10,106.964123,,,15.1591,97.31421667,14.75481667,0.02,0.18,78.73333333,10.46666667,,0.1409,2.757777778,2.68578333,96.49745633
OTTAWA INTL A,2024-09-13 8:00,2024,9,13,8:00,17.5,17.5,100,2,6,274.1103673,,,16.11283333,94.64175,15.27045,0.13,0.383333333,67.83333333,25.76666667,,1.38716667,1.536666667,5.35825,248.3437006
OTTAWA INTL A,2024-09-13 9:00,2024,9,13,9:00,19.6,17.4,87,8.25,0,409.9743878,,,17.32568333,90.66303333,15.80248333,0.11,0.426666667,71.16666667,35.31666667,,2.27431667,0.11,3.66303333,374.6577211
OTTAWA INTL A,2024-09-13 10:00,2024,9,13,10:00,22.4,18,76,14.5,0,554.0773638,,,18.95401667,87.33446667,16.82093333,0.06,0.358333333,172.8,48.65,,3.44598333,0.06,11.33446667,505.4273638
OTTAWA INTL A,2024-09-13 11:00,2024,9,13,11:00,24.1,17.8,67,20.75,0,651.095213,,,20.28306667,84.56191667,17.61665,0.095,0.421666667,196.2833333,48.8,,3.81693333,0.095,17.56191667,602.295213
OTTAWA INTL A,2024-09-13 12:00,2024,9,13,12:00,25.7,18.5,64,27,7,705.0222667,,,21.66473333,79.63081667,18.0111,0.14,0.363333333,254.5333333,43.33333333,,4.03526667,1.804444444,15.63081667,661.6889334
OTTAWA INTL A,2024-09-13 13:00,2024,9,13,13:00,26.5,17.4,57,25,5,684.5691533,,,22.91146667,77.04978333,18.6977,0.135,0.385,185.9833333,39.18333333,,3.58853333,1.253888889,20.04978333,645.38582
OTTAWA INTL A,2024-09-13 14:00,2024,9,13,14:00,27.5,17.7,55,25,11,636.0624567,,,23.69645,74.34871667,18.87998333,0.01,0.275,111.6333333,42.5,,3.80355,3.045555556,19.34871667,593.5624567
OTTAWA INTL A,2024-09-13 15:00,2024,9,13,15:00,27.3,16.8,52,14,0,530.3027102,,,24.51856667,68.04115,18.24911667,0.005,0.186666667,126.0333333,36.41666667,,2.78143333,0.005,16.04115,493.8860435
OTTAWA INTL A,2024-09-13 16:00,2024,9,13,16:00,27.1,17.2,54,3,9,388.1535667,,,24.48211667,68.06781667,18.22666667,0,0.065,80.73333333,15.28333333,,2.61788333,2.5,14.06781667,372.8702334
OTTAWA INTL A,2024-09-13 17:00,2024,9,13,17:00,26,17.2,58,7,8,210.3141792,,,24.35665,69.07651667,18.3427,0.015,0.103333333,95.25,6.466666667,,1.64335,2.207222222,11.07651667,203.8475125
OTTAWA INTL A,2024-09-13 18:00,2024,9,13,18:00,23.5,18.6,74,11,7,61.5149838,,,23.7337,72.02435,18.4087,0,0.07,142.3166667,1.65,,0.2337,1.944444444,1.97565,59.8649838
OTTAWA INTL A,2024-09-13 19:00,2024,9,13,19:00,22.3,18.2,78,13,7,5.3258304,,,23.04588333,75.17071667,18.42566667,0.035,0.23,162.0333333,1,,0.74588333,1.909444444,2.82928333,4.3258304
OTTAWA INTL A,2024-09-13 20:00,2024,9,13,20:00,20.4,18.3,87,16,4,2.085455183,,,21.41795,81.62998333,18.16196667,0.065,0.216666667,164.7166667,1,,1.01795,1.046111111,5.37001667,1.085455183
OTTAWA INTL A,2024-09-13 21:00,2024,9,13,21:00,18.8,18.8,100,18,4,2.232048267,,,20.37726667,87.72551667,18.28996667,0.045,0.25,155.3666667,1,,1.57726667,1.066111111,12.27448333,1.232048267
OTTAWA INTL A,2024-09-13 22:00,2024,9,13,22:00,18.5,17.9,96,31,3,2.009733817,,,19.6171,93.53516667,18.56931667,0.01,0.068333333,120.7333333,1,,1.1171,0.823333333,2.46483333,1.009733817
OTTAWA INTL A,2024-09-13 23:00,2024,9,13,23:00,17.4,17.4,100,29,0,1.986984567,,,18.8138,95.20878333,18.05393333,0,0.065,112.2166667,1,,1.4138,0,4.79121667,0.986984567
OTTAWA INTL A,2024-09-14 0:00,2024,9,14,0:00,17.1,17.1,100,27,5,1.795732,,,18.11863333,95.80985,17.46168333,0,0.005,111.0166667,1,,1.01863333,1.388888889,4.19015,0.795732
OTTAWA INTL A,2024-09-14 1:00,2024,9,14,1:00,17,17,100,17,0,1.62643315,,,17.6503,96.49116667,17.10735,0,0.055,100.9333333,1,,0.6503,0,3.50883333,0.62643315
OTTAWA INTL A,2024-09-14 2:00,2024,9,14,2:00,16,16,100,7,5,1.78183265,,,17.36288333,96.17341667,16.76876667,0,0.02,76.93333333,1,,1.36288333,1.388888889,3.82658333,0.78183265
OTTAWA INTL A,2024-09-14 3:00,2024,9,14,3:00,16.6,16.6,100,2,4,1.652142367,,,16.88491667,96.63076667,16.36673333,0,0.01,79.13333333,1,,0.28491667,1.111111111,3.36923333,0.652142367
OTTAWA INTL A,2024-09-14 4:00,2024,9,14,4:00,15.1,15.1,100,6,3,1.698137733,,,16.53488333,96.80471667,16.04603333,0.005,0.05,106.6,1,,1.43488333,0.828333333,3.19528333,0.698137733
OTTAWA INTL A,2024-09-14 5:00,2024,9,14,5:00,15.3,15.3,100,3,4,1.494279917,,,16.15601667,97.6078,15.79726667,0,0.086666667,121.15,1,,0.85601667,1.111111111,2.3922,0.494279917
OTTAWA INTL A,2024-09-14 6:00,2024,9,14,6:00,15.3,15.3,100,6,4,6.0851128,,,15.88541667,97.82385,15.5616,0,0.02,102.6333333,1.05,,0.58541667,1.111111111,2.17615,5.0351128
OTTAWA INTL A,2024-09-14 7:00,2024,9,14,7:00,18,18,100,1,7,93.22204805,,,16.41383333,97.3106,16.00678333,0,0.13,85.8,9.583333333,,1.58616667,1.944444444,2.6894,83.63871472
OTTAWA INTL A,2024-09-14 8:00,2024,9,14,8:00,20.2,18.9,92,1,7,252.0318788,,,17.20383333,96.11325,16.6,0.02,0.201666667,129.6333333,23.41666667,,2.99616667,1.924444444,4.11325,228.6152121
OTTAWA INTL A,2024-09-14 9:00,2024,9,14,9:00,22.5,19.3,82,6,9,419.986701,,,18.64795,93.30448333,17.56413333,0.035,0.258333333,129.35,35.9,,3.85205,2.465,11.30448333,384.086701
OTTAWA INTL A,2024-09-14 10:00,2024,9,14,10:00,23.9,19,74,7,11,558.3009658,,,20.51853333,86.7682,18.25636667,0.216666667,0.548333333,85.16666667,54.7,,3.38146667,2.838888889,12.7682,503.6009658
OTTAWA INTL A,2024-09-14 11:00,2024,9,14,11:00,25.2,19.4,70,8,8,647.2139767,,,21.82371667,83.46201667,18.91715,0.055,0.373333333,123.85,48.15,,3.37628333,2.167222222,13.46201667,599.0639767
OTTAWA INTL A,2024-09-14 12:00,2024,9,14,12:00,26.6,18.7,61,3,6,700.1236765,,,22.98225,80.20838333,19.41043333,0.093333333,0.413333333,204.95,43.61666667,,3.61775,1.573333334,19.20838333,656.5070098
OTTAWA INTL A,2024-09-14 13:00,2024,9,14,13:00,27.6,17.7,54,16,8,729.2140623,,,24.00956667,77.17111667,19.78435,0.115,0.396666667,137.7666667,35.83333333,,3.59043333,2.107222222,23.17111667,693.380729
OTTAWA INTL A,2024-09-14 14:00,2024,9,14,14:00,27.2,17.3,54,13,7,507.7585467,,,24.52763333,74.19233333,19.6526,0.146666667,0.496666667,155.25,44.43333333,,2.67236667,1.797777777,20.19233333,463.3252134
OTTAWA INTL A,2024-09-14 15:00,2024,9,14,15:00,27.6,16.9,52,18,8,413.644852,,,24.71061667,70.58111667,19.02375,0.055,0.261666667,156.5333333,33.08333333,,2.88938333,2.167222222,18.58111667,380.5615187
OTTAWA INTL A,2024-09-14 16:00,2024,9,14,16:00,27.3,16.7,52,12,7,285.9693956,,,24.52498333,70.566,18.8443,0.015,0.18,138.95,11.71666667,,2.77501667,1.929444444,18.566,274.2527289
OTTAWA INTL A,2024-09-14 17:00,2024,9,14,17:00,26.8,18,58,12,5,176.6613848,,,24.37241667,70.6996,18.72781667,0,0.075,95,5.9,,2.42758333,1.388888889,12.6996,170.7613848
OTTAWA INTL A,2024-09-14 18:00,2024,9,14,18:00,24.5,17.5,65,13,6,59.43236122,,,23.67575,71.99476667,18.34955,0,0.035,142.3,1.65,,0.82425,1.666666667,6.99476667,57.78236122
OTTAWA INTL A,2024-09-14 19:00,2024,9,14,19:00,20.3,18.1,87,10,4,4.45768815,,,22.81921667,73.70451667,17.89926667,0.075,0.238333333,155.2,1,,2.51921667,1.036111111,13.29548333,3.45768815
OTTAWA INTL A,2024-09-14 20:00,2024,9,14,20:00,19.2,17.4,89,8,4,1.963030467,,,21.89081667,77.5874,17.81786667,0.07,0.221666667,141.65,1,,2.69081667,1.041111111,11.4126,0.963030467
OTTAWA INTL A,2024-09-14 21:00,2024,9,14,21:00,19.7,16.8,83,12,8,2.3988317,,,20.71666667,85.07623333,18.13393333,0,0.035,112.25,1,,1.01666667,2.222222222,2.07623333,1.3988317
OTTAWA INTL A,2024-09-14 22:00,2024,9,14,22:00,18.2,16.6,90,12,7,2.014569217,,,19.59218333,91.31401667,18.16006667,0,0.015,81.05,1,,1.39218333,1.944444444,1.31401667,1.014569217
OTTAWA INTL A,2024-09-14 23:00,2024,9,14,23:00,19.5,17.2,86,10,8,1.805103233,,,19.30308333,93.01846667,18.16943333,0.05,0.18,105.7333333,1,,0.19691667,2.172222222,7.01846667,0.805103233
