Station Name,Date/Time (LST),Year,Month,Day,Time (LST),Temp,Dew Point,Rel_H,Wind Dir,Wind Spd,Solar Radiation,,,ta,rh,dpT,ws,gws,wd,rsds,,dta,dws,drh
OTTAWA INTL A,2024-06-15 0:00,2024,6,15,0:00,12.2,9.4,83,5,13,1.855775967,,,12.83161667,83.61358333,10.13838333,0.066666667,0.633333333,356.5,,,0.63161667,3.544444444,0.61358333
OTTAWA INTL A,2024-06-15 1:00,2024,6,15,1:00,11.7,9,83,5,13,1.961655633,,,12.21503333,88.13918333,10.32223333,0,0.266666667,337.7666667,,,0.51503333,3.611111111,5.13918333
OTTAWA INTL A,2024-06-15 2:00,2024,6,15,2:00,10.3,9.6,95,3,14,1.4668738,,,11.57161667,86.7833,9.45275,0.141666667,0.633333333,120.8,,,1.27161667,3.747222222,8.2167
OTTAWA INTL A,2024-06-15 3:00,2024,6,15,3:00,11.4,9.9,91,1,17,1.551513917,,,11.45443333,83.69438333,8.803966667,0.45,1.225,308.3166667,,,0.05443333,4.272222222,7.30561667
OTTAWA INTL A,2024-06-15 4:00,2024,6,15,4:00,11.8,8.8,82,1,12,1.5730336,,,11.44333333,82.60875,8.597983333,0.358333333,1.125,332.6166667,,,0.35666667,2.975,0.60875
OTTAWA INTL A,2024-06-15 5:00,2024,6,15,5:00,12.1,9,81,35,14,15.99152182,,,11.51306667,81.6977,8.503933333,0.808333333,1.733333333,335.6,,,0.58693333,3.080555556,0.6977
OTTAWA INTL A,2024-06-15 6:00,2024,6,15,6:00,12.1,7.8,74,36,22,88.06809713,,,11.82896667,76.49491667,7.8378,1.525,2.841666667,320.15,,,0.27103333,4.586111111,2.49491667
OTTAWA INTL A,2024-06-15 7:00,2024,6,15,7:00,12.2,6.9,70,2,26,236.3693762,,,12.30228333,67.94213333,6.529383333,2.441666667,4.1,327.7833333,,,0.10228333,4.780555555,2.05786667
OTTAWA INTL A,2024-06-15 8:00,2024,6,15,8:00,12.8,4.5,57,2,23,475.5991745,,,13.10616667,55.59273333,4.394583333,2.758333333,4.508333333,307.7166667,,,0.30616667,3.630555556,1.40726667
OTTAWA INTL A,2024-06-15 9:00,2024,6,15,9:00,14.7,3.3,46,35,20,637.6054622,,,14.22325,48.23041667,3.441633333,2.666666667,4.483333333,326.9666667,,,0.47675,2.888888889,2.23041667
OTTAWA INTL A,2024-06-15 10:00,2024,6,15,10:00,14.9,3,45,1,10,742.8444707,,,15.24203333,45.69645,3.595033333,1.758333333,3.175,252.55,,,0.34203333,1.019444445,0.69645
OTTAWA INTL A,2024-06-15 11:00,2024,6,15,11:00,16.1,2.8,40,34,18,934.3005687,,,16.06953333,42.80271667,3.420933333,1.933333333,3.391666667,302.9333333,,,0.03046667,3.066666667,2.80271667
OTTAWA INTL A,2024-06-15 12:00,2024,6,15,12:00,16.6,3.8,42,36,21,954.2889128,,,16.71905,42.54598333,3.924866667,1.875,3.458333333,290.7833333,,,0.11905,3.958333333,0.54598333
OTTAWA INTL A,2024-06-15 13:00,2024,6,15,13:00,17.2,2.9,38,33,25,983.0968602,,,17.3493,41.32811667,4.080283333,2.983333333,4.911666667,291.7333333,,,0.1493,3.961111111,3.32811667
OTTAWA INTL A,2024-06-15 14:00,2024,6,15,14:00,18.4,2.8,35,35,22,930.082173,,,18.06128333,38.60891667,3.74185,2.541666667,4.108333333,311,,,0.33871667,3.569444444,3.60891667
OTTAWA INTL A,2024-06-15 15:00,2024,6,15,15:00,18.8,2.5,33,1,20,791.1477553,,,18.74236667,36.941,3.72295,2.258333333,3.766666667,314.9833333,,,0.05763333,3.297222223,3.941
OTTAWA INTL A,2024-06-15 16:00,2024,6,15,16:00,18.8,2.3,33,35,17,650.5162298,,,19.44766667,35.06041667,3.61105,2.208333333,3.675,272.0666667,,,0.64766667,2.513888889,2.06041667
OTTAWA INTL A,2024-06-15 17:00,2024,6,15,17:00,18.9,2.2,32,33,19,520.1880058,,,19.91665,34.38486667,3.748033333,2.016666667,3.491666667,309.4333333,,,1.01665,3.261111111,2.38486667
OTTAWA INTL A,2024-06-15 18:00,2024,6,15,18:00,18.7,2.5,34,34,18,334.7600055,,,19.734,34.29375,3.555033333,1.65,2.991666667,303.6833333,,,1.034,3.35,0.29375
OTTAWA INTL A,2024-06-15 19:00,2024,6,15,19:00,17.7,3.4,38,34,11,145.7914227,,,19.21455,35.19101667,3.46825,1.25,2.5,327.0833333,,,1.51455,1.805555556,2.80898333
OTTAWA INTL A,2024-06-15 20:00,2024,6,15,20:00,15.6,3.6,44,6,7,25.4405598,,,17.56555,40.11558333,3.8293,0.291666667,0.933333333,340.5333333,,,1.96555,1.652777777,3.88441667
OTTAWA INTL A,2024-06-15 21:00,2024,6,15,21:00,11.5,5.4,66,9,4,2.453211533,,,15.14126667,51.33013333,5.155633333,0,0,350,,,3.64126667,1.111111111,14.66986667
OTTAWA INTL A,2024-06-15 22:00,2024,6,15,22:00,11.1,4.9,65,20,5,2.142818283,,,13.06186667,56.33218333,4.573166667,0,0,350,,,1.96186667,1.388888889,8.66781667
OTTAWA INTL A,2024-06-15 23:00,2024,6,15,23:00,10.5,5.8,72,17,3,2.2019422,,,12.5693,67.7285,6.6976,0.025,0.1,285.6166667,,,2.0693,0.808333333,4.2715
OTTAWA INTL A,2024-06-16 0:00,2024,6,16,0:00,10.9,5.1,67,36,3,1.90115045,,,11.23165,78.86128333,7.708033333,0,0,0,,,0.33165,0.833333333,11.86128333
OTTAWA INTL A,2024-06-16 1:00,2024,6,16,1:00,9,4.9,75,36,3,1.682090883,,,10.75663333,78.92541667,7.253316667,0.016666667,0.191666667,146.7833333,,,1.75663333,0.816666666,3.92541667
OTTAWA INTL A,2024-06-16 2:00,2024,6,16,2:00,8,4.5,79,36,2,1.789295333,,,10.05843333,85.30885,7.713666667,0,0.058333333,329.15,,,2.05843333,0.555555556,6.30885
OTTAWA INTL A,2024-06-16 3:00,2024,6,16,3:00,6.8,5.2,90,5,5,1.75962735,,,9.3561,86.89446667,7.292666667,0.033333333,0.25,325.85,,,2.5561,1.355555556,3.10553333
OTTAWA INTL A,2024-06-16 4:00,2024,6,16,4:00,8.4,5.7,83,36,1,1.99664055,,,8.717233333,89.4506,7.087283333,0,0.125,324,,,0.317233333,0.277777778,6.4506
OTTAWA INTL A,2024-06-16 5:00,2024,6,16,5:00,7.2,6.8,97,23,4,18.54827452,,,8.481266667,89.31461667,6.831433333,0.025,0.141666667,324,,,1.281266667,1.086111111,7.68538333
OTTAWA INTL A,2024-06-16 6:00,2024,6,16,6:00,12.1,8.2,77,36,1,147.2565067,,,10.47915,81.50508333,7.441866667,0.008333333,0.1,219.9666667,,,1.62085,0.269444445,4.50508333
OTTAWA INTL A,2024-06-16 7:00,2024,6,16,7:00,14.7,7,60,36,1,259.1059498,,,13.43935,72.43758333,8.592283333,0.166666667,0.858333333,53.7,,,1.26065,0.111111111,12.43758333
OTTAWA INTL A,2024-06-16 8:00,2024,6,16,8:00,16.8,8.3,57,19,7,445.144763,,,15.59123333,65.46898333,9.146366667,0.133333333,0.783333333,129.4666667,,,1.20876667,1.811111111,8.46898333
OTTAWA INTL A,2024-06-16 9:00,2024,6,16,9:00,18.1,6.6,46,14,9,571.660524,,,17.75431667,56.41913333,8.978883333,0.25,1,118.2166667,,,0.34568333,2.25,10.41913333
OTTAWA INTL A,2024-06-16 10:00,2024,6,16,10:00,18.9,5.8,42,19,6,563.2739605,,,19.05118333,51.30948333,8.779766667,0.666666667,1.616666667,120.4166667,,,0.15118333,1,9.30948333
OTTAWA INTL A,2024-06-16 11:00,2024,6,16,11:00,19.5,5.5,40,18,3,718.824472,,,19.95626667,46.62953333,8.1686,1.325,2.658333333,140.3166667,,,0.45626667,0.491666667,6.62953333
OTTAWA INTL A,2024-06-16 12:00,2024,6,16,12:00,20.1,6,39,19,7,683.7904183,,,20.48471667,41.94568333,7.117616667,1.508333333,2.783333333,127.2833333,,,0.38471667,0.436111111,2.94568333
OTTAWA INTL A,2024-06-16 13:00,2024,6,16,13:00,20.5,6.2,39,13,4,552.9251322,,,21.00651667,40.26163333,6.984683333,0.825,1.85,165.0333333,,,0.50651667,0.286111111,1.26163333
OTTAWA INTL A,2024-06-16 14:00,2024,6,16,14:00,20.8,6.5,39,15,11,472.4676862,,,21.43836667,38.22575,6.618916667,0.575,1.516666667,158.95,,,0.63836667,2.480555556,0.77425
OTTAWA INTL A,2024-06-16 15:00,2024,6,16,15:00,20.3,6.7,41,18,9,350.8449182,,,20.96398333,41.16558333,7.275633333,1.291666667,2.45,143.4833333,,,0.66398333,1.208333333,0.16558333
OTTAWA INTL A,2024-06-16 16:00,2024,6,16,16:00,20.5,7.1,42,17,10,315.3948852,,,21.14095,42.40035,7.8702,1.125,2.325,140.9166667,,,0.64095,1.652777778,0.40035
OTTAWA INTL A,2024-06-16 17:00,2024,6,16,17:00,19.6,8.6,49,17,5,172.7981082,,,20.90533333,40.91186667,7.13745,0.916666667,2.05,171.3666667,,,1.30533333,0.472222222,8.08813333
OTTAWA INTL A,2024-06-16 18:00,2024,6,16,18:00,19.1,10.2,56,14,7,79.37294955,,,20.29365,41.93771667,6.950283333,0.75,1.775,147.3833333,,,1.19365,1.194444444,14.06228333
OTTAWA INTL A,2024-06-16 19:00,2024,6,16,19:00,18.6,10.7,60,13,7,95.70961968,,,20.3313,42.83653333,7.2842,0.45,1.233333333,141.8,,,1.7313,1.494444444,17.16346667
OTTAWA INTL A,2024-06-16 20:00,2024,6,16,20:00,14.5,10.4,77,13,8,15.98079007,,,19.17815,50.55875,8.668333333,0.341666667,1.058333333,109.8833333,,,4.67815,1.880555555,26.44125
OTTAWA INTL A,2024-06-16 21:00,2024,6,16,21:00,14.2,9.5,73,12,11,2.06833655,,,17.90798333,57.52565,9.413066667,0.008333333,0.225,109.1333333,,,3.70798333,3.047222223,15.47435
OTTAWA INTL A,2024-06-16 22:00,2024,6,16,22:00,15.2,9.2,67,12,8,1.760740583,,,17.21781667,59.16971667,9.192733333,0.116666667,0.6,110.2666667,,,2.01781667,2.105555555,7.83028333
OTTAWA INTL A,2024-06-16 23:00,2024,6,16,23:00,15.4,10,70,10,12,1.676987583,,,16.97651667,59.77746667,9.118666667,0.016666667,0.416666667,110.85,,,1.57651667,3.316666666,10.22253333
OTTAWA INTL A,2024-06-17 0:00,2024,6,17,0:00,15.7,9.9,68,8,9,1.557823783,,,16.84276667,60.11316667,9.072,0.025,0.316666667,108.5333333,,,1.14276667,2.475,7.88683333
OTTAWA INTL A,2024-06-17 1:00,2024,6,17,1:00,15.2,10.6,74,10,11,1.742886717,,,16.3109,64.13711667,9.529366667,0,0.2,96.86666667,,,1.1109,3.055555556,9.86288333
OTTAWA INTL A,2024-06-17 2:00,2024,6,17,2:00,15.1,11.3,78,8,8,1.83834785,,,15.78183333,75.67871667,11.5096,0.366666667,1.216666667,50.63333333,,,0.68183333,1.855555555,2.32128333
OTTAWA INTL A,2024-06-17 3:00,2024,6,17,3:00,15.2,11.6,79,9,9,1.490834033,,,16.053,67.83821667,10.1238,0.416666667,1.266666667,66.55,,,0.853,2.083333333,11.16178333
OTTAWA INTL A,2024-06-17 4:00,2024,6,17,4:00,15.2,12.5,84,6,8,2.135511067,,,15.94296667,68.50096667,10.16645,0.1,0.65,62.41666667,,,0.74296667,2.122222222,15.49903333
OTTAWA INTL A,2024-06-17 5:00,2024,6,17,5:00,14.9,13.2,90,33,8,5.914270117,,,15.43183333,75.64878333,11.15098333,0.041666667,0.358333333,193.9166667,,,0.53183333,2.180555555,14.35121667
OTTAWA INTL A,2024-06-17 6:00,2024,6,17,6:00,14.3,14.3,100,19,4,15.061659,,,15.20081667,83.40381667,12.42255,0,0.108333333,156.7833333,,,0.90081667,1.111111111,16.59618333
OTTAWA INTL A,2024-06-17 7:00,2024,6,17,7:00,15,15,100,19,0,58.93975048,,,15.671,83.12698333,12.83028333,0.375,1.041666667,89.88333333,,,0.671,0.375,16.87301667
OTTAWA INTL A,2024-06-17 8:00,2024,6,17,8:00,17.5,17.5,100,19,14,325.894286,,,17.1881,79.49988333,13.61508333,0.391666667,1.291666667,146.4166667,,,0.3119,3.497222222,20.50011667
OTTAWA INTL A,2024-06-17 9:00,2024,6,17,9:00,20.3,18.3,88,21,14,601.776933,,,20.20376667,75.06303333,15.66125,1.308333333,2.633333333,184.95,,,0.09623333,2.580555556,12.93696667
OTTAWA INTL A,2024-06-17 10:00,2024,6,17,10:00,23.2,19.1,78,20,19,534.2562885,,,21.9441,73.24035,16.9534,0.85,2.025,166.6666667,,,1.2559,4.427777778,4.75965
OTTAWA INTL A,2024-06-17 11:00,2024,6,17,11:00,25.3,19.4,70,21,21,814.5249937,,,24.62796667,67.36615,18.18973333,1.275,2.9,211,,,0.67203333,4.558333333,2.63385
OTTAWA INTL A,2024-06-17 12:00,2024,6,17,12:00,26.3,19.8,67,21,16,901.552865,,,26.54688333,63.93171667,19.1749,1.583333333,3.375,197.5,,,0.24688333,2.861111111,3.06828333
OTTAWA INTL A,2024-06-17 13:00,2024,6,17,13:00,27.8,20.8,65,24,18,892.7168065,,,27.31753333,61.53835,19.2949,2.358333333,4.225,175.6833333,,,0.48246667,2.641666667,3.46165
OTTAWA INTL A,2024-06-17 14:00,2024,6,17,14:00,28.4,21.5,65,23,20,871.6298453,,,28.86061667,58.76756667,19.99853333,2.116666667,3.975,187.4333333,,,0.46061667,3.438888889,6.23243333
OTTAWA INTL A,2024-06-17 15:00,2024,6,17,15:00,29.1,20.7,60,17,15,566.3246642,,,29.1946,59.0124,20.37456667,1.716666667,3.291666667,204.15,,,0.0946,2.45,0.9876
OTTAWA INTL A,2024-06-17 16:00,2024,6,17,16:00,30.2,21.3,58,23,10,564.1337525,,,30.59736667,55.0579,20.56193333,1.208333333,2.8,193.25,,,0.39736667,1.569444445,2.9421
OTTAWA INTL A,2024-06-17 17:00,2024,6,17,17:00,29.6,21.4,61,18,17,448.4544635,,,31.11498333,54.13051667,20.76351667,1.283333333,2.7,193.6833333,,,1.51498333,3.438888889,6.86948333
OTTAWA INTL A,2024-06-17 18:00,2024,6,17,18:00,29.3,21.8,63,20,14,272.3493422,,,30.55758333,56.07076667,20.82056667,1.566666667,3.025,175.7,,,1.25758333,2.322222222,6.92923333
OTTAWA INTL A,2024-06-17 19:00,2024,6,17,19:00,27.8,21.4,68,17,13,127.2665363,,,29.83383333,58.47138333,20.83253333,1.9,3.441666667,168.5,,,2.03383333,1.711111111,9.52861667
OTTAWA INTL A,2024-06-17 20:00,2024,6,17,20:00,26.3,20.4,69,18,16,23.59499735,,,28.32525,62.44523333,20.47956667,1.908333333,3.416666667,160,,,2.02525,2.536111111,6.55476667
OTTAWA INTL A,2024-06-17 21:00,2024,6,17,21:00,24.8,20.4,76,19,11,2.330146983,,,27.04838333,63.87326667,19.64098333,1.675,3.058333333,154.1333333,,,2.24838333,1.380555556,12.12673333
OTTAWA INTL A,2024-06-17 22:00,2024,6,17,22:00,23.8,20.1,79,21,11,1.899937133,,,26.26946667,66.1394,19.46871667,1.341666667,2.658333333,170.2333333,,,2.46946667,1.713888889,12.8606
OTTAWA INTL A,2024-06-17 23:00,2024,6,17,23:00,22.9,20,84,18,9,1.916079533,,,25.54958333,67.5785,19.12985,1.575,3.058333333,174.8166667,,,2.64958333,0.925,16.4215
OTTAWA INTL A,2024-06-18 0:00,2024,6,18,0:00,22.6,19.5,82,21,10,1.962486233,,,24.68878333,69.70185,18.80368333,0.941666667,2.05,178.0166667,,,2.08878333,1.836111111,12.29815
OTTAWA INTL A,2024-06-18 1:00,2024,6,18,1:00,22.2,19.4,84,22,10,1.831431383,,,24.11643333,71.20775,18.59781667,0.375,1.291666667,237.0833333,,,1.91643333,2.402777778,12.79225
OTTAWA INTL A,2024-06-18 2:00,2024,6,18,2:00,21.3,19.4,89,18,8,1.770838867,,,23.55096667,73.20921667,18.49796667,0.45,1.35,214.8166667,,,2.25096667,1.772222222,15.79078333
OTTAWA INTL A,2024-06-18 3:00,2024,6,18,3:00,20.9,19.4,91,19,9,1.725846867,,,22.93506667,75.40568333,18.375,0.283333333,1.091666667,196.8166667,,,2.03506667,2.216666667,15.59431667
OTTAWA INTL A,2024-06-18 4:00,2024,6,18,4:00,20.3,19.9,97,19,7,1.892703017,,,22.3091,77.84073333,18.27681667,0.208333333,1,184.8333333,,,2.0091,1.736111111,19.15926667
OTTAWA INTL A,2024-06-18 5:00,2024,6,18,5:00,20.3,20.2,100,18,9,13.98923837,,,21.8619,79.66913333,18.21306667,0.075,0.675,183.6666667,,,1.5619,2.425,20.33086667
OTTAWA INTL A,2024-06-18 6:00,2024,6,18,6:00,21.1,20.9,98,20,8,79.78217155,,,21.79873333,81.00201667,18.41678333,0.808333333,1.708333333,160.7833333,,,0.69873333,1.413888889,16.99798333
OTTAWA INTL A,2024-06-18 7:00,2024,6,18,7:00,22.5,20.8,90,19,14,255.8553188,,,22.93468333,78.33968333,18.98485,1.241666667,2.425,176.9666667,,,0.43468333,2.647222222,11.66031667
OTTAWA INTL A,2024-06-18 8:00,2024,6,18,8:00,24.1,22,88,19,15,351.2865465,,,24.20868333,76.25171667,19.78495,1.775,3.133333333,169.3,,,0.10868333,2.391666667,11.74828333
OTTAWA INTL A,2024-06-18 9:00,2024,6,18,9:00,26.1,22.5,80,19,19,596.9695427,,,25.92781667,72.61783333,20.649,1.966666667,3.516666667,185.6833333,,,0.17218333,3.311111111,7.38216667
OTTAWA INTL A,2024-06-18 10:00,2024,6,18,10:00,27.5,23.4,78,20,13,705.6467445,,,27.7848,69.37593333,21.68463333,1.383333333,2.975,213.2833333,,,0.2848,2.227777778,8.62406667
OTTAWA INTL A,2024-06-18 11:00,2024,6,18,11:00,29.3,24.1,73,21,13,730.2818167,,,29.12385,66.48928333,22.26253333,1.825,3.491666667,207.6833333,,,0.17615,1.786111111,6.51071667
OTTAWA INTL A,2024-06-18 12:00,2024,6,18,12:00,30.5,24,68,20,15,855.4384368,,,30.17226667,65.38556667,22.97433333,1.6,3,174.7333333,,,0.32773333,2.566666667,2.61443333
OTTAWA INTL A,2024-06-18 13:00,2024,6,18,13:00,31.5,24.2,65,18,16,815.8392187,,,31.52781667,61.93553333,23.36236667,1.616666667,3,162.9333333,,,0.02781667,2.827777777,3.06446667
OTTAWA INTL A,2024-06-18 14:00,2024,6,18,14:00,32,24,62,19,17,696.5216963,,,32.52616667,58.1127,23.2431,1.708333333,3.291666667,177.5166667,,,0.52616667,3.013888889,3.8873
OTTAWA INTL A,2024-06-18 15:00,2024,6,18,15:00,31.2,24.2,66,16,19,637.7126985,,,33.0673,56.34151667,23.23191667,1.875,3.591666667,186.4,,,1.8673,3.402777778,9.65848333
OTTAWA INTL A,2024-06-18 16:00,2024,6,18,16:00,31.9,23.7,61,17,18,535.9492877,,,32.23023333,59.3868,23.32748333,2.758333333,4.533333333,160.9333333,,,0.33023333,2.241666667,1.6132
OTTAWA INTL A,2024-06-18 17:00,2024,6,18,17:00,31.5,23.9,64,18,15,400.8682163,,,32.47756667,57.80323333,23.10958333,2.4,4.083333333,155.5833333,,,0.97756667,1.766666667,6.19676667
OTTAWA INTL A,2024-06-18 18:00,2024,6,18,18:00,30.5,24.1,68,19,13,72.11524133,,,30.94396667,62.17278333,22.88225,1.933333333,3.441666667,171.0666667,,,0.44396667,1.677777778,5.82721667
OTTAWA INTL A,2024-06-18 19:00,2024,6,18,19:00,28.3,22.9,72,19,12,43.93600488,,,30.15733333,64.72958333,22.80433333,2.25,3.991666667,172.9333333,,,1.85733333,1.083333333,7.27041667
OTTAWA INTL A,2024-06-18 20:00,2024,6,18,20:00,26.8,22.2,75,19,14,43.26067755,,,29.21,66.57448333,22.37026667,1.3,2.991666667,197.3166667,,,2.41,2.588888889,8.42551667
OTTAWA INTL A,2024-06-18 21:00,2024,6,18,21:00,25.5,21.9,80,20,12,2.471927417,,,27.81381667,67.87368333,21.35871667,1.416666667,2.766666667,183.3166667,,,2.31381667,1.916666666,12.12631667
OTTAWA INTL A,2024-06-18 22:00,2024,6,18,22:00,24.8,21.5,81,21,9,2.003384533,,,26.77495,69.57003333,20.76851667,0.341666667,1.125,206.2166667,,,1.97495,2.158333333,11.42996667
OTTAWA INTL A,2024-06-18 23:00,2024,6,18,23:00,24.5,21.5,83,21,11,1.949432183,,,25.96955,71.88293333,20.52883333,0.083333333,0.575,213.1833333,,,1.46955,2.972222223,11.11706667
OTTAWA INTL A,2024-06-19 0:00,2024,6,19,0:00,24,21.7,87,19,9,1.744012417,,,25.41698333,73.86965,20.4401,0.033333333,0.4,204.2833333,,,1.41698333,2.466666667,13.13035
OTTAWA INTL A,2024-06-19 1:00,2024,6,19,1:00,22.9,21.8,93,18,4,1.6959254,,,25.34935,74.1323,20.43278333,0.458333333,1.5,188.4333333,,,2.44935,0.652777778,18.8677
OTTAWA INTL A,2024-06-19 2:00,2024,6,19,2:00,22.7,22.3,98,20,7,1.625646117,,,24.89325,75.96346667,20.38738333,0.441666667,1.216666667,177.5166667,,,2.19325,1.502777777,22.03653333
OTTAWA INTL A,2024-06-19 3:00,2024,6,19,3:00,22.7,22.6,99,23,4,1.750820767,,,24.57863333,77.2962,20.36526667,0.083333333,0.491666667,199.4,,,1.87863333,1.027777778,21.7038
OTTAWA INTL A,2024-06-19 4:00,2024,6,19,4:00,22,22,100,16,8,1.7562502,,,24.07353333,79.91873333,20.41571667,0.1,0.45,206.9,,,2.07353333,2.122222222,20.08126667
OTTAWA INTL A,2024-06-19 5:00,2024,6,19,5:00,22.4,22.4,100,17,9,6.7889794,,,23.48023333,83.16671667,20.48346667,0.108333333,0.575,205.95,,,1.08023333,2.391666667,16.83328333
OTTAWA INTL A,2024-06-19 6:00,2024,6,19,6:00,23,23,100,16,9,41.50272245,,,23.56995,84.46948333,20.82323333,0.783333333,1.616666667,166.8833333,,,0.56995,1.716666667,15.53051667
OTTAWA INTL A,2024-06-19 7:00,2024,6,19,7:00,25.8,21.9,79,21,8,154.6914181,,,24.98151667,79.83743333,21.2811,0.425,1.208333333,163.3,,,0.81848333,1.797222222,0.83743333
OTTAWA INTL A,2024-06-19 8:00,2024,6,19,8:00,28.5,22.5,69,22,13,478.5815665,,,27.78936667,68.6387,21.48978333,1.325,2.466666667,169.9833333,,,0.71063333,2.286111111,0.3613
OTTAWA INTL A,2024-06-19 9:00,2024,6,19,9:00,29.6,22.9,67,22,18,615.1094873,,,30.60153333,58.97806667,21.67938333,1.091666667,2.5,195.95,,,1.00153333,3.908333333,8.02193333
OTTAWA INTL A,2024-06-19 10:00,2024,6,19,10:00,30.1,22.8,64,20,17,691.9578497,,,31.27866667,57.14091667,21.79055,1.291666667,2.741666667,194.1,,,1.17866667,3.430555555,6.85908333
OTTAWA INTL A,2024-06-19 11:00,2024,6,19,11:00,31.1,24,65,19,14,570.6264055,,,31.94315,56.44603333,22.21631667,1.4,3.091666667,211.0333333,,,0.84315,2.488888889,8.55396667
OTTAWA INTL A,2024-06-19 12:00,2024,6,19,12:00,30.2,23.8,68,20,19,397.986901,,,31.62961667,58.81275,22.60603333,1.641666667,3.291666667,178.1166667,,,1.42961667,3.636111111,9.18725
OTTAWA INTL A,2024-06-19 13:00,2024,6,19,13:00,32.3,24,61,19,19,664.3144485,,,31.91523333,59.69528333,23.11805,2.516666667,4.458333333,171.2,,,0.38476667,2.761111111,1.30471667
OTTAWA INTL A,2024-06-19 14:00,2024,6,19,14:00,32.2,23.5,59,21,22,852.7046903,,,33.46705,53.91431667,22.86441667,2.416666667,4.608333333,198.7666667,,,1.26705,3.694444444,5.08568333
OTTAWA INTL A,2024-06-19 15:00,2024,6,19,15:00,33.2,23,54,22,20,754.8424243,,,34.32671667,47.74643333,21.65988333,2.533333333,4.918333333,230.2166667,,,1.12671667,3.022222223,6.25356667
OTTAWA INTL A,2024-06-19 16:00,2024,6,19,16:00,30.7,23.3,64,21,25,400.8215287,,,33.34976667,49.68088333,21.41221667,2.066666667,4.391666667,228.7,,,2.64976667,4.877777777,14.31911667
OTTAWA INTL A,2024-06-19 17:00,2024,6,19,17:00,31.5,22.3,58,21,23,373.4324053,,,32.34245,56.39421667,22.5736,2.075,4.301666667,199.5,,,0.84245,4.313888889,1.60578333
OTTAWA INTL A,2024-06-19 18:00,2024,6,19,18:00,30.6,23.2,64,21,19,229.9844915,,,31.6372,55.7673,21.72878333,2.491666667,4.846666667,231.2333333,,,1.0372,2.786111111,8.2327
OTTAWA INTL A,2024-06-19 19:00,2024,6,19,19:00,29.3,22.8,68,22,18,59.3775582,,,30.88148333,56.46303333,21.23158333,1.825,3.816666667,231.05,,,1.58148333,3.175,11.53696667
OTTAWA INTL A,2024-06-19 20:00,2024,6,19,20:00,28,22.6,72,21,14,23.13086113,,,30.03251667,60.16451667,21.48233333,1.633333333,3.458333333,234.6666667,,,2.03251667,2.255555556,11.83548333
OTTAWA INTL A,2024-06-19 21:00,2024,6,19,21:00,26.8,23.3,81,20,13,2.452293517,,,29.12243333,64.0894,21.65846667,1.183333333,2.858333333,209.45,,,2.32243333,2.427777778,16.9106
OTTAWA INTL A,2024-06-19 22:00,2024,6,19,22:00,26.6,23.6,83,22,16,1.709211983,,,28.31025,66.35936667,21.46231667,1.091666667,2.591666667,209.1333333,,,1.71025,3.352777777,16.64063333
OTTAWA INTL A,2024-06-19 23:00,2024,6,19,23:00,26,23.4,85,22,14,1.943456617,,,27.94426667,67.59928333,21.41583333,1.666666667,3.466666667,237.1833333,,,1.94426667,2.222222222,17.40071667
OTTAWA INTL A,2024-06-20 0:00,2024,6,20,0:00,24.8,23,89,28,7,1.99088705,,,27.27645,70.65798333,21.50145,1.858333333,3.885,226.95,,,2.47645,0.086111111,18.34201667
OTTAWA INTL A,2024-06-20 1:00,2024,6,20,1:00,24.3,22.8,91,22,10,1.638272133,,,26.9526,72.52646667,21.61966667,1.2,2.916666667,223.9166667,,,2.6526,1.577777778,18.47353333
OTTAWA INTL A,2024-06-20 2:00,2024,6,20,2:00,23.9,22.8,93,22,8,2.252843017,,,26.02718333,75.65565,21.41191667,0.191666667,0.641666667,238.2333333,,,2.12718333,2.030555555,17.34435
OTTAWA INTL A,2024-06-20 3:00,2024,6,20,3:00,23.3,23.2,99,22,8,1.57819275,,,25.3097,78.09788333,21.2431,0.275,0.75,201.4333333,,,2.0097,1.947222222,20.90211667
OTTAWA INTL A,2024-06-20 4:00,2024,6,20,4:00,23.3,23.3,100,22,8,1.569710283,,,25.66543333,76.01878333,21.14421667,0.333333333,1.133333333,210.8333333,,,2.36543333,1.888888889,23.98121667
OTTAWA INTL A,2024-06-20 5:00,2024,6,20,5:00,23.2,23.2,100,21,13,10.29730835,,,25.6615,75.2918,20.98425,0.766666667,1.9,258.35,,,2.4615,2.844444444,24.7082
OTTAWA INTL A,2024-06-20 6:00,2024,6,20,6:00,24.5,23.8,96,26,9,97.60403197,,,25.709,75.42551667,21.05846667,0.466666667,1.45,259.3666667,,,1.209,2.033333333,20.57448333
OTTAWA INTL A,2024-06-20 7:00,2024,6,20,7:00,27.2,22.7,76,28,14,296.8263338,,,27.0223,70.75223333,21.27878333,1.358333333,2.4,274.0833333,,,0.1777,2.530555556,5.24776667
OTTAWA INTL A,2024-06-20 8:00,2024,6,20,8:00,27.8,22.5,73,28,19,463.0092683,,,28.00173333,67.18048333,21.36643333,2.008333333,3.366666667,276.4333333,,,0.20173333,3.269444445,5.81951667
OTTAWA INTL A,2024-06-20 9:00,2024,6,20,9:00,27.2,22.2,73,30,17,410.4723606,,,27.76261667,68.4954,21.4458,2.516666667,4.158333333,276.4833333,,,0.56261667,2.205555555,4.5046
OTTAWA INTL A,2024-06-20 10:00,2024,6,20,10:00,27.9,22,70,36,16,588.0589385,,,28.35855,67.55526667,21.79503333,2.175,3.641666667,313.9166667,,,0.45855,2.269444444,2.44473333
OTTAWA INTL A,2024-06-20 11:00,2024,6,20,11:00,28.3,21.2,65,31,13,432.7453427,,,27.8405,68.36296667,21.48788333,1.141666667,2.183333333,280.2833333,,,0.4595,2.469444444,3.36296667
OTTAWA INTL A,2024-06-20 12:00,2024,6,20,12:00,29.1,22.2,66,25,8,329.6429407,,,29.37653333,64.09036667,21.89036667,0.25,0.966666667,259.2833333,,,0.27653333,1.972222222,1.90963333
OTTAWA INTL A,2024-06-20 13:00,2024,6,20,13:00,29.1,22.3,66,31,15,482.1633117,,,28.80038333,68.8912,22.47091667,0.433333333,1.141666667,229.3333333,,,0.29961667,3.733333334,2.8912
OTTAWA INTL A,2024-06-20 14:00,2024,6,20,14:00,28.8,21.7,65,33,14,611.333559,,,29.81841667,61.2462,21.56506667,1.725,3.016666667,306.4666667,,,1.01841667,2.163888889,3.7538
OTTAWA INTL A,2024-06-20 15:00,2024,6,20,15:00,27.6,21.3,68,35,16,438.7385025,,,29.18316667,61.19108333,20.94551667,2.3,3.716666667,323.4666667,,,1.58316667,2.144444444,6.80891667
OTTAWA INTL A,2024-06-20 16:00,2024,6,20,16:00,27.1,20.1,65,36,18,338.564353,,,27.93276667,59.57635,19.3534,2.875,4.558333333,326.25,,,0.83276667,2.125,5.42365
OTTAWA INTL A,2024-06-20 17:00,2024,6,20,17:00,25.5,17.9,62,36,15,92.31932785,,,26.12865,57.21943333,17.0236,1.991666667,3.308333333,327.65,,,0.62865,2.175,4.78056667
OTTAWA INTL A,2024-06-20 18:00,2024,6,20,18:00,22.8,18.7,77,1,10,47.77541238,,,24.85006667,57.97731667,16.0342,0.966666667,2.016666667,316.3666667,,,2.05006667,1.811111111,19.02268333
OTTAWA INTL A,2024-06-20 19:00,2024,6,20,19:00,23.4,16.8,66,35,18,54.0752244,,,24.11175,60.86626667,16.10608333,1.4,2.558333333,318.8833333,,,0.71175,3.6,5.13373333
OTTAWA INTL A,2024-06-20 20:00,2024,6,20,20:00,22.5,15.4,64,36,12,28.07285663,,,23.39615,58.347,14.7744,1.4,2.55,310.75,,,0.89615,1.933333333,5.653
OTTAWA INTL A,2024-06-20 21:00,2024,6,20,21:00,22.4,14.5,61,35,16,1.860588283,,,22.63368333,58.8164,14.18363333,0.975,2,314.4,,,0.23368333,3.469444444,2.1836
OTTAWA INTL A,2024-06-20 22:00,2024,6,20,22:00,21.6,13.8,61,35,17,1.913400433,,,21.91196667,56.8759,12.98595,1.65,2.75,332.8333333,,,0.31196667,3.072222222,4.1241
OTTAWA INTL A,2024-06-20 23:00,2024,6,20,23:00,20.7,12.3,58,36,14,1.915676733,,,21.1574,56.17346667,12.09821667,0.791666667,1.6,333.2166667,,,0.4574,3.097222222,1.82653333
OTTAWA INTL A,2024-06-21 0:00,2024,6,21,0:00,19.4,12.5,64,36,11,2.473342083,,,20.34058333,60.30311667,12.40778333,0.45,1.208333333,312.2666667,,,0.94058333,2.605555556,3.69688333
OTTAWA INTL A,2024-06-21 1:00,2024,6,21,1:00,18.9,13.1,69,35,14,2.081228583,,,19.24821667,65.33265,12.59603333,0.5,1.35,306.45,,,0.34821667,3.388888889,3.66735
OTTAWA INTL A,2024-06-21 2:00,2024,6,21,2:00,18.4,13.4,72,36,12,1.792298683,,,18.0274,71.64976667,12.84626667,0.658333333,1.4,288.35,,,0.3726,2.675,0.35023333
OTTAWA INTL A,2024-06-21 3:00,2024,6,21,3:00,18.2,13.5,74,2,8,1.4441243,,,17.99946667,72.93233333,13.0918,0.633333333,1.408333333,294.8833333,,,0.20053333,1.588888889,1.06766667
OTTAWA INTL A,2024-06-21 4:00,2024,6,21,4:00,17.9,13.7,76,1,13,1.5809614,,,17.89846667,74.3293,13.28511667,0.708333333,1.583333333,314.25,,,0.00153333,2.902777778,1.6707
OTTAWA INTL A,2024-06-21 5:00,2024,6,21,5:00,18.4,13.2,72,3,17,9.098136417,,,17.99498333,73.68091667,13.24231667,0.808333333,1.725,303.65,,,0.40501667,3.913888889,1.68091667
OTTAWA INTL A,2024-06-21 6:00,2024,6,21,6:00,18.2,14,77,4,16,51.75338937,,,18.51638333,70.60581667,13.09061667,0.325,1.058333333,171.1666667,,,0.31638333,4.119444444,6.39418333
OTTAWA INTL A,2024-06-21 7:00,2024,6,21,7:00,18.9,14.1,73,5,13,107.1710834,,,19.30611667,67.8933,13.2451,0.841666667,1.85,219.0333333,,,0.40611667,2.769444444,5.1067
OTTAWA INTL A,2024-06-21 8:00,2024,6,21,8:00,20.9,13.7,63,6,16,214.675442,,,20.4975,63.65855,13.38786667,0.641666667,1.666666667,142.8833333,,,0.4025,3.802777777,0.65855
OTTAWA INTL A,2024-06-21 9:00,2024,6,21,9:00,21.4,14.2,63,6,13,355.9183313,,,21.94203333,58.41198333,13.41486667,0.983333333,2.183333333,104.5333333,,,0.54203333,2.627777778,4.58801667
OTTAWA INTL A,2024-06-21 10:00,2024,6,21,10:00,21.2,14.4,65,5,16,288.908502,,,22.5958,55.29986667,13.1947,0.558333333,1.508333333,81.88333333,,,1.3958,3.886111111,9.70013333
OTTAWA INTL A,2024-06-21 11:00,2024,6,21,11:00,21.1,14.4,65,3,12,232.9711607,,,22.4335,57.84995,13.7361,0.866666667,1.991666667,101.15,,,1.3335,2.466666666,7.15005
OTTAWA INTL A,2024-06-21 12:00,2024,6,21,12:00,20.8,14.3,66,8,13,185.9411693,,,22.06675,62.32686667,14.53353333,0.725,1.666666667,97.18333333,,,1.26675,2.886111111,3.67313333
OTTAWA INTL A,2024-06-21 13:00,2024,6,21,13:00,20.9,13.6,63,10,17,215.184601,,,22.3023,58.22228333,13.6854,0.7,1.65,72.81666667,,,1.4023,4.022222222,4.77771667
OTTAWA INTL A,2024-06-21 14:00,2024,6,21,14:00,20.8,13.3,62,4,13,165.1017915,,,22.77231667,53.22528333,12.7759,0.566666667,1.558333333,82.85,,,1.97231667,3.044444444,8.77471667
OTTAWA INTL A,2024-06-21 15:00,2024,6,21,15:00,21.3,14.3,64,6,15,143.2640331,,,22.64875,55.52655,13.30555,0.333333333,1.075,127.9333333,,,1.34875,3.833333334,8.47345
OTTAWA INTL A,2024-06-21 16:00,2024,6,21,16:00,21.5,13.7,61,7,10,139.6551157,,,22.49,59.15135,14.13113333,0.608333333,1.641666667,44.31666667,,,0.99,2.169444445,1.84865
OTTAWA INTL A,2024-06-21 17:00,2024,6,21,17:00,21.1,14.1,64,4,14,84.9331882,,,21.561,59.64488333,13.39105,0.608333333,1.591666667,58.06666667,,,0.461,3.280555556,4.35511667
OTTAWA INTL A,2024-06-21 18:00,2024,6,21,18:00,20.6,13.9,65,6,8,101.5970002,,,21.49733333,59.03986667,13.174,0.3,1.075,66.75,,,0.89733333,1.922222222,5.96013333
OTTAWA INTL A,2024-06-21 19:00,2024,6,21,19:00,19.8,14.3,70,4,13,77.0053937,,,20.94756667,62.0791,13.43035,0.483333333,1.425,66.56666667,,,1.14756667,3.127777778,7.9209
OTTAWA INTL A,2024-06-21 20:00,2024,6,21,20:00,19.4,13.7,69,6,10,23.09286322,,,20.13928333,64.29946667,13.20128333,0.583333333,1.391666667,221.8833333,,,0.73928333,2.194444445,4.70053333
OTTAWA INTL A,2024-06-21 21:00,2024,6,21,21:00,18.9,13.2,69,4,13,1.995238367,,,19.24,68.91846667,13.40923333,0.133333333,0.841666667,106.8833333,,,0.34,3.477777778,0.08153333
OTTAWA INTL A,2024-06-21 22:00,2024,6,21,22:00,18,14,77,5,13,1.8235743,,,18.7248,73.71956667,13.95056667,0.075,0.483333333,105.2833333,,,0.7248,3.536111111,3.28043333
OTTAWA INTL A,2024-06-21 23:00,2024,6,21,23:00,18.1,14.1,78,4,12,1.762416717,,,18.52751667,77.29968333,14.4982,0.533333333,1.275,341.9166667,,,0.42751667,2.8,0.70031667
OTTAWA INTL A,2024-06-22 0:00,2024,6,22,0:00,18.4,15.1,81,4,13,1.63130795,,,18.17818333,77.7319,14.24568333,0.491666667,1.308333333,342.05,,,0.22181667,3.119444444,3.2681
OTTAWA INTL A,2024-06-22 1:00,2024,6,22,1:00,17.7,15.3,85,5,9,1.672580133,,,17.9649,77.26408333,13.94546667,0.175,0.608333333,144.35,,,0.2649,2.325,7.73591667
OTTAWA INTL A,2024-06-22 2:00,2024,6,22,2:00,18.2,14.4,78,2,13,1.64946315,,,17.92205,76.74085,13.7988,0.616666667,1.25,328.6166667,,,0.27795,2.994444444,1.25915
OTTAWA INTL A,2024-06-22 3:00,2024,6,22,3:00,17.1,16.4,96,3,11,1.648945933,,,17.94203333,74.81831667,13.4261,0.1,0.558333333,291,,,0.84203333,2.955555556,21.18168333
OTTAWA INTL A,2024-06-22 4:00,2024,6,22,4:00,17.3,15.5,89,12,7,2.009000917,,,17.78931667,77.75058333,13.86523333,0.008333333,0.341666667,286.9666667,,,0.48931667,1.936111111,11.24941667
OTTAWA INTL A,2024-06-22 5:00,2024,6,22,5:00,16.6,16.2,98,13,5,10.93506762,,,17.61456667,80.28593333,14.19715,0.033333333,0.291666667,298,,,1.01456667,1.355555556,17.71406667
OTTAWA INTL A,2024-06-22 6:00,2024,6,22,6:00,17.4,14.4,83,36,1,45.00170225,,,17.89196667,79.60466667,14.33455,0.158333333,0.525,308.0666667,,,0.49196667,0.119444445,3.39533333
OTTAWA INTL A,2024-06-22 7:00,2024,6,22,7:00,18,14.9,82,0,1,127.4549435,,,18.58321667,77.21241667,14.5187,0.125,0.541666667,287.5833333,,,0.58321667,0.152777778,4.78758333
OTTAWA INTL A,2024-06-22 8:00,2024,6,22,8:00,18.7,15.7,82,33,7,106.7001559,,,18.73345,75.28776667,14.28683333,0.491666667,1.216666667,335.9333333,,,0.03345,1.452777777,6.71223333
OTTAWA INTL A,2024-06-22 9:00,2024,6,22,9:00,18.6,15.3,81,36,10,153.0430975,,,18.79628333,79.87496667,15.26803333,0.683333333,1.558333333,322.3666667,,,0.19628333,2.094444445,1.12503333
OTTAWA INTL A,2024-06-22 10:00,2024,6,22,10:00,19.1,15.9,81,36,7,203.9996568,,,19.25141667,76.87606667,15.1098,0.508333333,1.516666667,186.1166667,,,0.15141667,1.436111111,4.12393333
OTTAWA INTL A,2024-06-22 11:00,2024,6,22,11:00,20.2,16.1,77,1,7,298.5032702,,,20.04748333,73.56426667,15.19596667,0.15,0.908333333,95.83333333,,,0.15251667,1.794444444,3.43573333
OTTAWA INTL A,2024-06-22 12:00,2024,6,22,12:00,20.4,16,75,6,6,430.151789,,,20.91141667,71.2392,15.51265,0.6,1.433333333,203.1,,,0.51141667,1.066666667,3.7608
OTTAWA INTL A,2024-06-22 13:00,2024,6,22,13:00,21.1,15.6,71,9,4,410.9206028,,,21.82613333,65.60578333,15.10893333,0.433333333,1.25,220.2,,,0.72613333,0.677777778,5.39421667
OTTAWA INTL A,2024-06-22 14:00,2024,6,22,14:00,20.7,14.3,67,20,4,327.394916,,,22.05031667,64.2499,15.00173333,0.458333333,1.158333333,277.0166667,,,1.35031667,0.652777778,2.7501
OTTAWA INTL A,2024-06-22 15:00,2024,6,22,15:00,20,15.4,75,36,1,219.5197383,,,22.02818333,61.77903333,14.3638,0.075,0.566666667,125.4,,,2.02818333,0.202777778,13.22096667
OTTAWA INTL A,2024-06-22 16:00,2024,6,22,16:00,19.8,15.3,75,21,5,274.2129045,,,22.11146667,57.16315,13.24888333,0.291666667,1.008333333,134.5833333,,,2.31146667,1.097222222,17.83685
OTTAWA INTL A,2024-06-22 17:00,2024,6,22,17:00,19.1,15.6,80,25,3,160.5009941,,,21.78545,54.79616667,12.3029,0.525,1.508333333,188.0166667,,,2.68545,0.308333333,25.20383333
OTTAWA INTL A,2024-06-22 18:00,2024,6,22,18:00,18.6,16.5,88,36,1,75.86358588,,,21.22568333,58.57161667,12.78706667,0.05,0.425,164.2333333,,,2.62568333,0.227777778,29.42838333
OTTAWA INTL A,2024-06-22 19:00,2024,6,22,19:00,17.9,17.9,100,36,1,26.50130182,,,19.7343,73.4923,14.86928333,0.033333333,0.333333333,268.3166667,,,1.8343,0.244444445,26.5077
OTTAWA INTL A,2024-06-22 20:00,2024,6,22,20:00,17.8,17.8,100,7,6,4.810836917,,,18.58075,81.26346667,15.31125,0,0,264.1833333,,,0.78075,1.666666667,18.73653333
OTTAWA INTL A,2024-06-22 21:00,2024,6,22,21:00,17.2,17.2,100,5,7,1.699388033,,,17.93303333,87.4435,15.83738333,0.066666667,0.483333333,134.0333333,,,0.73303333,1.877777777,12.5565
OTTAWA INTL A,2024-06-22 22:00,2024,6,22,22:00,16.9,16.9,100,7,8,1.628780333,,,17.52521667,89.17333333,15.74221667,0.083333333,0.641666667,63.51666667,,,0.62521667,2.138888889,10.82666667
OTTAWA INTL A,2024-06-22 23:00,2024,6,22,23:00,16.8,16.8,100,7,14,1.725186733,,,17.2814,89.85518333,15.61925,0.516666667,1.175,80.25,,,0.4814,3.372222222,10.14481667
OTTAWA INTL A,2024-06-23 0:00,2024,6,23,0:00,16.6,16.6,100,4,12,1.396953533,,,16.95255,92.4523,15.74045,0.333333333,1.208333333,55.21666667,,,0.35255,3,7.5477
OTTAWA INTL A,2024-06-23 1:00,2024,6,23,1:00,16.8,16.8,100,7,14,2.01430345,,,16.90785,94.29278333,16.00516667,0.475,1.45,47.7,,,0.10785,3.413888889,5.70721667
OTTAWA INTL A,2024-06-23 2:00,2024,6,23,2:00,17,17,100,5,16,1.582245017,,,16.64331667,95.65255,15.96593333,0.716666667,1.766666667,48,,,0.35668333,3.727777777,4.34745
OTTAWA INTL A,2024-06-23 3:00,2024,6,23,3:00,16.9,16.9,100,5,10,1.518323267,,,16.45066667,96.78435,15.95853333,0.733333333,1.808333333,44.35,,,0.44933333,2.044444445,3.21565
OTTAWA INTL A,2024-06-23 4:00,2024,6,23,4:00,17.2,17.2,100,11,20,1.402968467,,,17.13085,97.2239,16.70858333,1.266666667,2.366666667,88.51666667,,,0.06915,4.288888889,2.7761
OTTAWA INTL A,2024-06-23 5:00,2024,6,23,5:00,18,18,100,12,19,2.8283286,,,17.77506667,97.26351667,17.35801667,2.108333333,3.575,107.3833333,,,0.22493333,3.169444445,2.73648333
OTTAWA INTL A,2024-06-23 6:00,2024,6,23,6:00,18.6,18.6,100,13,16,7.973311983,,,18.31023333,97.3829,17.91165,2.1,3.358333333,114.7166667,,,0.28976667,2.344444444,2.6171
OTTAWA INTL A,2024-06-23 7:00,2024,6,23,7:00,19.3,19.3,100,15,10,12.84134907,,,18.77158333,96.75603333,18.26911667,1.575,2.816666667,161.35,,,0.52841667,1.202777778,3.24396667
OTTAWA INTL A,2024-06-23 8:00,2024,6,23,8:00,19.6,19.6,100,22,5,35.02263787,,,19.2038,96.92638333,18.72851667,0.55,1.408333333,127.95,,,0.3962,0.838888889,3.07361667
OTTAWA INTL A,2024-06-23 9:00,2024,6,23,9:00,20.5,20.5,100,17,10,49.45717348,,,20.06745,96.4777,19.51501667,0.208333333,0.808333333,163.5333333,,,0.43255,2.569444445,3.5223
OTTAWA INTL A,2024-06-23 10:00,2024,6,23,10:00,21.8,21.8,100,18,10,71.34026428,,,21.0501,95.57196667,20.34185,0.308333333,1.225,151.7666667,,,0.7499,2.469444445,4.42803333
OTTAWA INTL A,2024-06-23 11:00,2024,6,23,11:00,22.6,22.6,100,21,11,49.1707605,,,21.67506667,95.7499,20.9946,0.216666667,1.041666667,168.7166667,,,0.92493333,2.838888889,4.2501
OTTAWA INTL A,2024-06-23 12:00,2024,6,23,12:00,22.6,22.6,100,20,12,43.04438555,,,21.91695,93.50351667,20.84436667,1.691666667,3.583333333,216.9166667,,,0.68305,1.641666666,6.49648333
OTTAWA INTL A,2024-06-23 13:00,2024,6,23,13:00,24.3,24.3,100,20,17,309.1207208,,,22.93573333,92.57823333,21.69356667,1.391666667,2.916666667,178.5333333,,,1.36426667,3.330555555,7.42176667
OTTAWA INTL A,2024-06-23 14:00,2024,6,23,14:00,26,22.6,81,21,28,312.318968,,,24.7274,85.4093,22.13006667,2.425,4.468333333,180.3666667,,,1.2726,5.352777778,4.4093
OTTAWA INTL A,2024-06-23 15:00,2024,6,23,15:00,25.5,21.6,79,22,21,183.7926449,,,25.63896667,78.34165,21.6132,2.116666667,4.23,194.9166667,,,0.13896667,3.716666666,0.65835
OTTAWA INTL A,2024-06-23 16:00,2024,6,23,16:00,24.5,23.4,94,22,13,214.8707392,,,23.26825,84.26876667,20.48073333,1.175,2.711666667,211.6,,,1.23175,2.436111111,9.73123333
OTTAWA INTL A,2024-06-23 17:00,2024,6,23,17:00,26.2,20.9,72,22,30,254.116132,,,25.11951667,82.00535,21.84985,0.416666667,1.508333333,221.4666667,,,1.08048333,7.916666666,10.00535
OTTAWA INTL A,2024-06-23 18:00,2024,6,23,18:00,24.7,20.9,79,27,28,35.8984459,,,23.85093333,83.72823333,20.88321667,2.25,4.221666667,236.3666667,,,0.84906667,5.527777778,4.72823333
OTTAWA INTL A,2024-06-23 19:00,2024,6,23,19:00,23.1,18.7,76,26,27,37.15500108,,,22.08071667,90.3824,20.45566667,1.016666667,2.233333333,278.2333333,,,1.01928333,6.483333333,14.3824
OTTAWA INTL A,2024-06-23 20:00,2024,6,23,20:00,21.9,19,83,26,10,20.21608532,,,21.84011667,85.04798333,19.23845,1.091666667,2.358333333,270.4166667,,,0.05988333,1.686111111,2.04798333
OTTAWA INTL A,2024-06-23 21:00,2024,6,23,21:00,21.7,18.4,81,26,18,2.550267717,,,21.14775,86.76888333,18.87646667,0.716666667,1.808333333,269.6833333,,,0.55225,4.283333333,5.76888333
OTTAWA INTL A,2024-06-23 22:00,2024,6,23,22:00,19.9,19.8,99,25,17,2.007196017,,,19.97593333,92.79691667,18.7959,0.45,1.641666667,252.3333333,,,0.07593333,4.272222222,6.20308333
OTTAWA INTL A,2024-06-23 23:00,2024,6,23,23:00,17.3,17.3,100,35,21,2.855701617,,,17.71103333,95.06856667,16.93315,1.625,2.916666667,309.9166667,,,0.41103333,4.208333333,4.93143333
OTTAWA INTL A,2024-06-24 0:00,2024,6,24,0:00,16.2,16.2,100,1,19,1.704844383,,,16.21965,95.64745,15.54268333,1.65,2.766666667,335.8,,,0.01965,3.627777778,4.35255
OTTAWA INTL A,2024-06-24 1:00,2024,6,24,1:00,15.7,15.7,100,35,18,1.678699117,,,15.68311667,97.19226667,15.25845,1.316666667,2.508333333,323.8,,,0.01688333,3.683333333,2.80773333
OTTAWA INTL A,2024-06-24 2:00,2024,6,24,2:00,15.3,15.3,100,34,23,1.654022067,,,15.39851667,97.40895,15.00921667,1.625,2.966666667,318.8833333,,,0.09851667,4.763888889,2.59105
OTTAWA INTL A,2024-06-24 3:00,2024,6,24,3:00,15.1,15.1,100,35,27,1.792369267,,,15.18596667,97.27026667,14.7747,2.125,3.65,323.7333333,,,0.08596667,5.375,2.72973333
OTTAWA INTL A,2024-06-24 4:00,2024,6,24,4:00,14.8,14.8,100,35,28,1.817432467,,,14.97035,96.19086667,14.38653333,2.8,4.733333333,326.65,,,0.17035,4.977777778,3.80913333
OTTAWA INTL A,2024-06-24 5:00,2024,6,24,5:00,14.6,14.6,100,1,32,4.29389555,,,14.71836667,95.30673333,13.99265,2.85,4.893333333,336.8,,,0.11836667,6.038888889,4.69326667
OTTAWA INTL A,2024-06-24 6:00,2024,6,24,6:00,14.8,14.8,100,36,30,8.633721833,,,14.90565,92.89288333,13.78253333,3.216666667,5.361666667,337.7166667,,,0.10565,5.116666666,7.10711667
OTTAWA INTL A,2024-06-24 7:00,2024,6,24,7:00,15.2,15.2,100,35,21,27.5226652,,,15.1841,90.7637,13.7016,2.391666667,4.468333333,338.6333333,,,0.0159,3.441666666,9.2363
OTTAWA INTL A,2024-06-24 8:00,2024,6,24,8:00,15.2,15.2,100,36,22,38.5532037,,,15.37575,89.77188333,13.72148333,2.25,4.141666667,324.2166667,,,0.17575,3.861111111,10.22811667
OTTAWA INTL A,2024-06-24 9:00,2024,6,24,9:00,16.1,16,100,32,18,95.74869495,,,15.67321667,89.66411667,13.99686667,1.7,3.3,306.7833333,,,0.42678333,3.3,10.33588333
OTTAWA INTL A,2024-06-24 10:00,2024,6,24,10:00,16.8,16.8,100,34,12,160.9798943,,,16.55535,90.05791667,14.93693333,0.9,2.191666667,257.9666667,,,0.24465,2.433333333,9.94208333
OTTAWA INTL A,2024-06-24 11:00,2024,6,24,11:00,19.2,17.4,89,32,17,500.994085,,,18.58506667,84.72906667,15.97023333,1.4,2.883333333,305.4166667,,,0.61493333,3.322222222,4.27093333
OTTAWA INTL A,2024-06-24 12:00,2024,6,24,12:00,23,17.3,70,35,21,990.698398,,,22.81488333,66.12785,16.0584,2.225,4.093333333,312.5666667,,,0.18511667,3.608333333,3.87215
OTTAWA INTL A,2024-06-24 13:00,2024,6,24,13:00,24.4,14.4,53,34,22,890.7081663,,,24.17866667,54.7285,14.49966667,3.091666667,5.278333333,322.0666667,,,0.22133333,3.019444444,1.7285
OTTAWA INTL A,2024-06-24 14:00,2024,6,24,14:00,24.9,11.8,44,34,32,919.6097565,,,25.36831667,49.14816667,13.9358,2.883333333,4.841666667,321.0666667,,,0.46831667,6.005555556,5.14816667
OTTAWA INTL A,2024-06-24 15:00,2024,6,24,15:00,24.5,13.4,49,34,19,570.1577088,,,24.76028333,50.43063333,13.77605,2.566666667,4.375,316.7666667,,,0.26028333,2.711111111,1.43063333
OTTAWA INTL A,2024-06-24 16:00,2024,6,24,16:00,26,12.8,43,33,14,661.4704145,,,26.63803333,46.77003333,14.32568333,1.241666667,2.616666667,289.4666667,,,0.63803333,2.647222222,3.77003333
OTTAWA INTL A,2024-06-24 17:00,2024,6,24,17:00,26.2,13.4,44,27,11,490.5864373,,,27.7437,43.46225,14.1944,0.958333333,2.091666667,288.9,,,1.5437,2.097222223,0.53775
OTTAWA INTL A,2024-06-24 18:00,2024,6,24,18:00,26.3,13.4,45,27,14,328.7604657,,,27.5967,41.6986,13.4315,1.216666667,2.508333333,287.4833333,,,1.2967,2.672222222,3.3014
OTTAWA INTL A,2024-06-24 19:00,2024,6,24,19:00,23.6,15.9,62,26,9,137.13736,,,26.70021667,43.58108333,13.2994,0.883333333,1.9,274.2,,,3.10021667,1.616666667,18.41891667
OTTAWA INTL A,2024-06-24 20:00,2024,6,24,20:00,21.7,15,65,25,10,25.24052978,,,24.64198333,50.39406667,13.65046667,0.458333333,1.25,268.85,,,2.94198333,2.319444445,14.60593333
OTTAWA INTL A,2024-06-24 21:00,2024,6,24,21:00,19.8,14.5,71,27,13,2.37440175,,,22.69295,56.68128333,13.65203333,0.033333333,0.433333333,277.6666667,,,2.89295,3.577777778,14.31871667
OTTAWA INTL A,2024-06-24 22:00,2024,6,24,22:00,19.5,14.7,74,27,13,2.10120115,,,21.30468333,62.84546667,13.95583333,0.208333333,0.95,275.45,,,1.80468333,3.402777778,11.15453333
OTTAWA INTL A,2024-06-24 23:00,2024,6,24,23:00,19.1,14.9,76,28,13,1.600466583,,,20.51925,64.1862,13.53756667,0.216666667,0.891666667,279.5833333,,,1.41925,3.394444444,11.8138
OTTAWA INTL A,2024-06-25 0:00,2024,6,25,0:00,18.7,14.7,77,28,13,1.664618833,,,20.24188333,64.58915,13.37196667,0.2,1.091666667,280.25,,,1.54188333,3.411111111,12.41085
OTTAWA INTL A,2024-06-25 1:00,2024,6,25,1:00,18.8,14.6,76,29,16,1.751147,,,19.82756667,64.809,13.02983333,0.35,1.191666667,280.25,,,1.02756667,4.094444444,11.191
OTTAWA INTL A,2024-06-25 2:00,2024,6,25,2:00,18.4,14.1,75,29,14,1.65722505,,,19.13376667,66.74916667,12.82058333,0.108333333,0.591666667,283.2666667,,,0.73376667,3.780555556,8.25083333
OTTAWA INTL A,2024-06-25 3:00,2024,6,25,3:00,18.1,13.8,75,29,16,1.629195783,,,19.14843333,66.52651667,12.78336667,0.483333333,1.483333333,271.7666667,,,1.04843333,3.961111111,8.47348333
OTTAWA INTL A,2024-06-25 4:00,2024,6,25,4:00,17,14.1,83,27,14,2.09914075,,,18.48061667,70.07755,12.93585,0.125,0.766666667,267.65,,,1.48061667,3.763888889,12.92245
OTTAWA INTL A,2024-06-25 5:00,2024,6,25,5:00,16.4,13.9,85,27,6,16.63419952,,,17.40118333,75.07811667,12.95675,0,0.008333333,267,,,1.00118333,1.666666667,9.92188333
OTTAWA INTL A,2024-06-25 6:00,2024,6,25,6:00,17.9,14.8,82,27,16,132.3392607,,,18.50178333,73.5582,13.70266667,0.158333333,0.566666667,215.4166667,,,0.60178333,4.286111111,8.4418
OTTAWA INTL A,2024-06-25 7:00,2024,6,25,7:00,20.4,14.7,69,27,16,311.5020795,,,20.0757,68.39976667,14.08906667,0.833333333,2.116666667,254.95,,,0.3243,3.611111111,0.60023333
OTTAWA INTL A,2024-06-25 8:00,2024,6,25,8:00,22,15.1,64,25,13,469.7510695,,,22.39271667,60.15028333,14.27943333,0.416666667,1.558333333,245.65,,,0.39271667,3.194444444,3.84971667
OTTAWA INTL A,2024-06-25 9:00,2024,6,25,9:00,24.1,13.8,52,26,12,658.642235,,,24.11615,51.88588333,13.61378333,1.133333333,2.575,247.8,,,0.01615,2.2,0.11411667
OTTAWA INTL A,2024-06-25 10:00,2024,6,25,10:00,25.5,12.6,44,22,22,786.6541668,,,25.58311667,44.83785,12.71306667,1.375,2.883333333,243.2666667,,,0.08311667,4.736111111,0.83785
OTTAWA INTL A,2024-06-25 11:00,2024,6,25,11:00,25.8,13.4,46,23,26,832.8190242,,,26.64086667,40.36106667,12.05791667,1.6,3.383333333,253.85,,,0.84086667,5.622222222,5.63893333
OTTAWA INTL A,2024-06-25 12:00,2024,6,25,12:00,26.1,13,44,23,22,706.1796388,,,27.2371,40.16191667,12.52733333,1.816666667,3.558333333,245.9833333,,,1.1371,4.294444444,3.83808333
OTTAWA INTL A,2024-06-25 13:00,2024,6,25,13:00,27.1,13.8,43,23,29,693.663291,,,27.5113,42.4326,13.60731667,1.825,3.766666667,201.9166667,,,0.4113,6.230555556,0.5674
OTTAWA INTL A,2024-06-25 14:00,2024,6,25,14:00,26.8,15.8,50,22,27,793.60476,,,28.0879,40.63283333,13.46958333,2.608333333,5.255,212.8333333,,,1.2879,4.891666667,9.36716667
OTTAWA INTL A,2024-06-25 15:00,2024,6,25,15:00,25,13.7,49,21,22,365.4872935,,,27.15351667,45.66871667,14.43556667,2.333333333,4.611666667,198.8,,,2.15351667,3.777777778,3.33128333
OTTAWA INTL A,2024-06-25 16:00,2024,6,25,16:00,24.1,14.4,54,22,22,175.0050253,,,25.81551667,46.5323,13.50176667,2.025,4.426666667,201.1666667,,,1.71551667,4.086111111,7.4677
OTTAWA INTL A,2024-06-25 17:00,2024,6,25,17:00,22.5,17.5,73,19,11,130.3254303,,,24.26586667,54.89948333,14.62205,2.266666667,4.586666667,190.8833333,,,1.76586667,0.788888889,18.10051667
OTTAWA INTL A,2024-06-25 18:00,2024,6,25,18:00,22.4,16.3,68,17,12,130.220567,,,23.63391667,59.45436667,15.28538333,0.991666667,2.583333333,193.3333333,,,1.23391667,2.341666666,8.54563333
OTTAWA INTL A,2024-06-25 19:00,2024,6,25,19:00,21.7,16,70,20,19,28.92205142,,,23.23353333,59.02973333,14.80356667,2.175,3.983333333,171.0666667,,,1.53353333,3.102777778,10.97026667
OTTAWA INTL A,2024-06-25 20:00,2024,6,25,20:00,18.2,17.5,96,17,17,4.455283133,,,21.46871667,67.02966667,15.06826667,3.4,6.091666667,181.4166667,,,3.26871667,1.322222222,28.97033333
OTTAWA INTL A,2024-06-25 21:00,2024,6,25,21:00,18.2,18.2,100,19,15,2.308299167,,,19.24318333,80.21396667,15.76538333,2.291666667,4.191666667,163.6666667,,,1.04318333,1.875,19.78603333
OTTAWA INTL A,2024-06-25 22:00,2024,6,25,22:00,18.8,18.4,98,20,13,1.73009445,,,19.38008333,81.72348333,16.19643333,2.283333333,4.351666667,180.6333333,,,0.58008333,1.327777778,16.27651667
OTTAWA INTL A,2024-06-25 23:00,2024,6,25,23:00,18.9,18.9,100,21,16,1.368234817,,,19.55353333,83.46403333,16.69766667,1.558333333,3.385,196.5333333,,,0.65353333,2.886111111,16.53596667
OTTAWA INTL A,2024-06-26 0:00,2024,6,26,0:00,19.2,19.2,100,22,22,1.5293251,,,19.7419,84.49411667,17.076,1.308333333,3.241666667,235.6833333,,,0.5419,4.802777778,15.50588333
OTTAWA INTL A,2024-06-26 1:00,2024,6,26,1:00,19.6,19.5,99,22,17,1.489861967,,,20.07986667,84.41298333,17.39213333,0.5,1.9,222.4666667,,,0.47986667,4.222222222,14.58701667
OTTAWA INTL A,2024-06-26 2:00,2024,6,26,2:00,19.5,19.5,100,22,17,1.50020545,,,20.61408333,81.83728333,17.42296667,0.316666667,1.483333333,232.3166667,,,1.11408333,4.405555555,18.16271667
OTTAWA INTL A,2024-06-26 3:00,2024,6,26,3:00,19.4,19.4,100,22,15,1.795104733,,,20.4842,83.36715,17.58875,0.391666667,1.658333333,229.6333333,,,1.0842,3.775,16.63285
OTTAWA INTL A,2024-06-26 4:00,2024,6,26,4:00,19.4,19.4,100,23,14,2.102544883,,,19.8709,86.7542,17.62048333,0.875,2.466666667,234.7166667,,,0.4709,3.013888889,13.2458
OTTAWA INTL A,2024-06-26 5:00,2024,6,26,5:00,19.2,19.2,100,24,15,15.41731982,,,19.49375,88.40213333,17.54791667,1.066666667,2.45,263.7,,,0.29375,3.1,11.59786667
OTTAWA INTL A,2024-06-26 6:00,2024,6,26,6:00,20.1,19.1,94,25,19,133.5510016,,,19.81263333,86.18101667,17.45633333,1.15,2.583333333,257.7666667,,,0.28736667,4.127777778,7.81898333
OTTAWA INTL A,2024-06-26 7:00,2024,6,26,7:00,21.7,17.8,78,26,23,315.1503,,,21.0366,79.75691667,17.4213,1.991666667,3.691666667,260.5333333,,,0.6634,4.397222222,1.75691667
OTTAWA INTL A,2024-06-26 8:00,2024,6,26,8:00,22.7,17.2,71,28,24,477.5789832,,,22.22585,73.6829,17.31848333,2.458333333,4.25,267.25,,,0.47415,4.208333334,2.6829
OTTAWA INTL A,2024-06-26 9:00,2024,6,26,9:00,23.6,16.2,63,28,27,642.8110465,,,23.42093333,67.58843333,17.09671667,2.308333333,3.908333333,274.0833333,,,0.17906667,5.191666667,4.58843333
OTTAWA INTL A,2024-06-26 10:00,2024,6,26,10:00,25.1,15.6,55,28,25,775.9841923,,,24.48108333,61.30606667,16.55773333,2.291666667,4.175,253.7,,,0.61891667,4.652777777,6.30606667
OTTAWA INTL A,2024-06-26 11:00,2024,6,26,11:00,25.5,14.7,51,27,26,798.6692598,,,25.31648333,53.31018333,15.14568333,3.458333333,5.661666667,270.4333333,,,0.18351667,3.763888889,2.31018333
OTTAWA INTL A,2024-06-26 12:00,2024,6,26,12:00,26.3,14.6,48,30,26,752.0549993,,,25.49736667,53.6841,15.42996667,3.2,5.311666667,267.35,,,0.80263333,4.022222222,5.6841
OTTAWA INTL A,2024-06-26 13:00,2024,6,26,13:00,26.3,15.3,50,26,24,837.981009,,,26.0575,50.21011667,14.90408333,3.316666667,5.451666667,272.5333333,,,0.2425,3.35,0.21011667
OTTAWA INTL A,2024-06-26 14:00,2024,6,26,14:00,26.5,13.6,44,28,21,678.8522897,,,26.0282,52.04255,15.43351667,2.833333333,4.666666667,273.7333333,,,0.4718,3,8.04255
OTTAWA INTL A,2024-06-26 15:00,2024,6,26,15:00,24.7,15.3,55,31,18,349.3802195,,,25.20815,52.15065,14.71106667,2.866666667,4.691666667,277.7333333,,,0.50815,2.133333333,2.84935
OTTAWA INTL A,2024-06-26 16:00,2024,6,26,16:00,23.5,15.4,60,31,16,210.1835102,,,24.66953333,53.15836667,14.51368333,2.191666667,3.825,274.1,,,1.16953333,2.252777777,6.84163333
OTTAWA INTL A,2024-06-26 17:00,2024,6,26,17:00,23.4,14.9,58,28,14,92.33308752,,,23.95033333,56.15306667,14.68943333,1.291666667,2.525,281.5333333,,,0.55033333,2.597222222,1.84693333
OTTAWA INTL A,2024-06-26 18:00,2024,6,26,18:00,21.1,16.9,76,27,6,100.2697894,,,22.98723333,63.5879,15.72608333,0.883333333,1.975,320.85,,,1.88723333,0.783333334,12.4121
OTTAWA INTL A,2024-06-26 19:00,2024,6,26,19:00,19.9,19.6,98,27,4,48.90866873,,,21.90341667,66.84598333,15.48133333,0.55,1.383333333,287.6833333,,,2.00341667,0.561111111,31.15401667
OTTAWA INTL A,2024-06-26 20:00,2024,6,26,20:00,18.5,18.2,98,32,23,8.88432155,,,20.98045,72.38175,15.8355,0.675,1.641666667,320.1,,,2.48045,5.713888889,25.61825
OTTAWA INTL A,2024-06-26 21:00,2024,6,26,21:00,16.7,16.7,100,20,5,2.329839517,,,17.6364,89.03401667,15.81956667,1.058333333,2.158333333,275.8,,,0.9364,0.330555556,10.96598333
OTTAWA INTL A,2024-06-26 22:00,2024,6,26,22:00,16.6,16.6,100,28,10,1.6659048,,,16.90143333,91.62308333,15.54811667,0.691666667,1.533333333,234.3333333,,,0.30143333,2.086111111,8.37691667
OTTAWA INTL A,2024-06-26 23:00,2024,6,26,23:00,16.4,16.4,100,30,12,2.0680377,,,16.51858333,92.0689,15.24538333,0.9,2,287.2166667,,,0.11858333,2.433333333,7.9311
OTTAWA INTL A,2024-06-27 0:00,2024,6,27,0:00,14.8,14.8,100,31,12,1.872392283,,,15.20766667,92.20713333,13.9688,0.816666667,1.883333333,295.2166667,,,0.40766667,2.516666666,7.79286667
OTTAWA INTL A,2024-06-27 1:00,2024,6,27,1:00,14.5,14.5,100,31,15,1.534559133,,,14.7802,91.6868,13.45786667,1.05,2.075,293.1666667,,,0.2802,3.116666667,8.3132
OTTAWA INTL A,2024-06-27 2:00,2024,6,27,2:00,14.6,12.6,88,33,23,1.9226493,,,14.42451667,90.51366667,12.90826667,1.008333333,2.166666667,301.3,,,0.17548333,5.380555556,2.51366667
OTTAWA INTL A,2024-06-27 3:00,2024,6,27,3:00,13.7,13.3,97,33,16,1.903646933,,,14.07428333,88.31621667,12.18695,1.058333333,2.35,307.6166667,,,0.37428333,3.386111111,8.68378333
OTTAWA INTL A,2024-06-27 4:00,2024,6,27,4:00,13.5,13.4,100,29,10,1.49446485,,,13.6705,90.24055,12.1162,0.783333333,1.883333333,302.5666667,,,0.1705,1.994444445,9.75945
OTTAWA INTL A,2024-06-27 5:00,2024,6,27,5:00,12.9,10.7,86,32,17,14.02722205,,,13.1784,88.4924,11.33326667,1.7,3.158333333,300.8166667,,,0.2784,3.022222222,2.4924
OTTAWA INTL A,2024-06-27 6:00,2024,6,27,6:00,13.4,10.1,81,32,21,131.7681707,,,12.73006667,84.68341667,10.22946667,1.491666667,2.958333333,297.35,,,0.66993333,4.341666666,3.68341667
OTTAWA INTL A,2024-06-27 7:00,2024,6,27,7:00,14.4,10.1,75,31,17,317.7783835,,,13.53128333,80.8886,10.3248,2.05,3.591666667,298.9833333,,,0.86871667,2.672222222,5.8886
OTTAWA INTL A,2024-06-27 8:00,2024,6,27,8:00,14.3,10.4,77,31,22,417.5642545,,,14.06126667,77.04266667,10.1104,2.175,3.866666667,295.25,,,0.23873333,3.936111111,0.04266667
OTTAWA INTL A,2024-06-27 9:00,2024,6,27,9:00,15.1,8.6,65,29,25,556.2709627,,,14.99933333,69.74496667,9.521533333,2.933333333,4.883333333,294.9166667,,,0.10066667,4.011111111,4.74496667
OTTAWA INTL A,2024-06-27 10:00,2024,6,27,10:00,15.6,6.2,53,31,24,524.6789862,,,15.47583333,60.286,7.803783333,3.108333333,5.01,295.5333333,,,0.12416667,3.558333334,7.286
OTTAWA INTL A,2024-06-27 11:00,2024,6,27,11:00,17.7,5.8,45,31,31,800.4137295,,,16.94673333,51.42745,6.8444,3.566666667,5.951666667,299.5333333,,,0.75326667,5.044444444,6.42745
OTTAWA INTL A,2024-06-27 12:00,2024,6,27,12:00,17.9,5.2,43,32,29,770.5297912,,,17.537,46.14961667,5.841433333,3.775,6.101666667,299.5,,,0.363,4.280555556,3.14961667
OTTAWA INTL A,2024-06-27 13:00,2024,6,27,13:00,18.8,5.2,40,30,29,843.9702872,,,18.194,42.9866,5.408366667,3.7,5.911666667,290.9833333,,,0.606,4.355555556,2.9866
OTTAWA INTL A,2024-06-27 14:00,2024,6,27,14:00,18.3,5.5,43,30,37,508.7976072,,,18.17471667,42.58531667,5.25205,3.658333333,5.825,297.75,,,0.12528333,6.619444445,0.41468333
OTTAWA INTL A,2024-06-27 15:00,2024,6,27,15:00,17.4,7,50,27,24,477.4353685,,,17.54626667,44.87275,5.440166667,3.741666667,5.873333333,278.4833333,,,0.14626667,2.925,5.12725
OTTAWA INTL A,2024-06-27 16:00,2024,6,27,16:00,17.9,6.6,47,26,27,376.5338935,,,17.30353333,46.52071667,5.7462,2.841666667,4.791666667,272.5666667,,,0.59646667,4.658333333,0.47928333
OTTAWA INTL A,2024-06-27 17:00,2024,6,27,17:00,17.2,6.6,49,30,29,481.624211,,,18.14496667,43.06643333,5.395166667,3.383333333,5.41,283.65,,,0.94496667,4.672222223,5.93356667
OTTAWA INTL A,2024-06-27 18:00,2024,6,27,18:00,17.3,5.5,45,29,21,310.631129,,,17.63883333,46.47368333,6.037283333,3.441666667,5.483333333,276.6,,,0.33883333,2.391666666,1.47368333
OTTAWA INTL A,2024-06-27 19:00,2024,6,27,19:00,16.6,4.9,45,28,24,136.0896794,,,17.51988333,45.42868333,5.596366667,2.166666667,3.8,283.7833333,,,0.91988333,4.5,0.42868333
OTTAWA INTL A,2024-06-27 20:00,2024,6,27,20:00,15.4,4.4,48,30,21,26.81985003,,,16.42598333,47.50581667,5.241983333,0.891666667,2.2,289.4666667,,,1.02598333,4.941666666,0.49418333
OTTAWA INTL A,2024-06-27 21:00,2024,6,27,21:00,12.2,6.7,69,29,5,2.3144263,,,14.81456667,52.70853333,5.254183333,0.041666667,0.508333333,277.1,,,2.61456667,1.347222222,16.29146667
OTTAWA INTL A,2024-06-27 22:00,2024,6,27,22:00,12.9,5.8,62,27,6,1.915045467,,,13.35855,58.2557,5.334866667,0,0,272,,,0.45855,1.666666667,3.7443
OTTAWA INTL A,2024-06-27 23:00,2024,6,27,23:00,11.1,6.4,73,25,9,1.942223167,,,12.16611667,66.74251667,6.166116667,0,0,272,,,1.06611667,2.5,6.25748333
OTTAWA INTL A,2024-06-28 0:00,2024,6,28,0:00,10.4,6.6,77,26,10,1.896327617,,,11.46111667,72.97935,6.798533333,0,0,271.6166667,,,1.06111667,2.777777778,4.02065
OTTAWA INTL A,2024-06-28 1:00,2024,6,28,1:00,9.4,7.2,86,27,6,1.635410183,,,10.57106667,75.70238333,6.468483333,0,0,271,,,1.17106667,1.666666667,10.29761667
OTTAWA INTL A,2024-06-28 2:00,2024,6,28,2:00,8.9,7.6,91,24,6,1.633275,,,10.08665,80.70545,6.929783333,0,0,271.6166667,,,1.18665,1.666666667,10.29455
OTTAWA INTL A,2024-06-28 3:00,2024,6,28,3:00,9.6,8.6,93,24,7,1.703824567,,,9.7803,87.75398333,7.856433333,0,0.041666667,272,,,0.1803,1.944444444,5.24601667
OTTAWA INTL A,2024-06-28 4:00,2024,6,28,4:00,6.7,6.7,100,23,5,1.640071067,,,9.096783333,90.26436667,7.594333333,0,0,272,,,2.396783333,1.388888889,9.73563333
OTTAWA INTL A,2024-06-28 5:00,2024,6,28,5:00,8.1,8.1,100,19,4,13.70301983,,,8.71865,90.81693333,7.3106,0,0,272,,,0.61865,1.111111111,9.18306667
OTTAWA INTL A,2024-06-28 6:00,2024,6,28,6:00,10.7,10.2,97,20,9,112.5490826,,,10.23713333,85.27956667,7.878733333,0,0.041666667,271.9666667,,,0.46286667,2.5,11.72043333
OTTAWA INTL A,2024-06-28 7:00,2024,6,28,7:00,14.1,9.4,73,19,6,323.508948,,,14.1621,73.99966667,9.575766667,0.025,0.291666667,223.5666667,,,0.0621,1.641666667,0.99966667
OTTAWA INTL A,2024-06-28 8:00,2024,6,28,8:00,17,7.2,52,18,14,491.6983965,,,17.0634,59.8595,9.133933333,0.583333333,1.616666667,165.0333333,,,0.0634,3.305555556,7.8595
OTTAWA INTL A,2024-06-28 9:00,2024,6,28,9:00,18.8,7,46,20,15,659.9410462,,,18.97295,45.12366667,6.81625,1.491666667,3.066666667,189.5166667,,,0.17295,2.675,0.87633333
OTTAWA INTL A,2024-06-28 10:00,2024,6,28,10:00,20.6,8.1,44,23,19,794.0869292,,,20.56756667,44.09715,7.921233333,1.366666667,2.966666667,222.9166667,,,0.03243333,3.911111111,0.09715
OTTAWA INTL A,2024-06-28 11:00,2024,6,28,11:00,21.3,7.7,41,22,12,891.113413,,,21.6957,41.13535,7.910566667,1.558333333,3.15,246.6,,,0.3957,1.775,0.13535
OTTAWA INTL A,2024-06-28 12:00,2024,6,28,12:00,21.9,6.8,37,19,13,970.0143137,,,22.32988333,37.74873333,7.224,2.1,3.7,258,,,0.42988333,1.511111111,0.74873333
OTTAWA INTL A,2024-06-28 13:00,2024,6,28,13:00,22.8,8.2,39,20,14,908.4612268,,,22.97651667,37.49325,7.6918,1.6,3.15,218.0333333,,,0.17651667,2.288888889,1.50675
OTTAWA INTL A,2024-06-28 14:00,2024,6,28,14:00,23.5,7.5,35,21,18,928.3975417,,,23.85835,35.43258333,7.635483333,1.616666667,3.425,205.3666667,,,0.35835,3.383333333,0.43258333
OTTAWA INTL A,2024-06-28 15:00,2024,6,28,15:00,23.5,7.7,36,22,20,552.8738875,,,23.76325,35.62581667,7.646466667,1.616666667,3.341666667,196.1,,,0.26325,3.938888889,0.37418333
OTTAWA INTL A,2024-06-28 16:00,2024,6,28,16:00,22.2,7.9,39,21,19,549.2798137,,,23.73571667,35.50918333,7.568766667,1.733333333,3.391666667,213.6,,,1.53571667,3.544444445,3.49081667
OTTAWA INTL A,2024-06-28 17:00,2024,6,28,17:00,21.7,7.4,39,21,16,255.4678618,,,23.33685,37.18388333,7.873116667,1.625,3.275,193.45,,,1.63685,2.819444444,1.81611667
OTTAWA INTL A,2024-06-28 18:00,2024,6,28,18:00,20.4,8.2,45,23,10,171.8711779,,,22.51856667,39.23568333,7.970716667,1.158333333,2.725,212.85,,,2.11856667,1.619444445,5.76431667
OTTAWA INTL A,2024-06-28 19:00,2024,6,28,19:00,19.8,7,43,23,9,38.96708307,,,21.59596667,37.11088333,6.339016667,0.55,1.766666667,222.8833333,,,1.79596667,1.95,5.88911667
OTTAWA INTL A,2024-06-28 20:00,2024,6,28,20:00,19.3,7.1,45,20,5,6.0833799,,,21.00471667,37.377,5.915783333,0.233333333,1.15,219.9333333,,,1.70471667,1.155555556,7.623
OTTAWA INTL A,2024-06-28 21:00,2024,6,28,21:00,17.1,11.5,69,13,9,1.912519767,,,20.64298333,39.81083333,6.504816667,0.183333333,0.916666667,161.2166667,,,3.54298333,2.316666667,29.18916667
OTTAWA INTL A,2024-06-28 22:00,2024,6,28,22:00,17.7,11.1,65,11,4,2.022322567,,,19.64893333,47.19978333,8.08685,0.308333333,1.008333333,94.5,,,1.94893333,0.802777778,17.80021667
OTTAWA INTL A,2024-06-28 23:00,2024,6,28,23:00,16.2,12.6,79,11,11,1.74636155,,,18.79341667,52.45463333,8.868716667,0.033333333,0.416666667,132.9833333,,,2.59341667,3.022222223,26.54536667
OTTAWA INTL A,2024-06-29 0:00,2024,6,29,0:00,17.1,11.6,70,11,15,1.665942,,,18.38303333,58.16443333,10.02963333,0.158333333,0.7,83.08333333,,,1.28303333,4.008333334,11.83556667
OTTAWA INTL A,2024-06-29 1:00,2024,6,29,1:00,16.8,11.7,71,11,13,1.73859355,,,18.10845,61.44135,10.59356667,1.041666667,2.141666667,103.2333333,,,1.30845,2.569444444,9.55865
OTTAWA INTL A,2024-06-29 2:00,2024,6,29,2:00,16.8,11.7,72,11,13,1.503109067,,,17.89841667,62.40026667,10.62915,1.075,2.266666667,106.0166667,,,1.09841667,2.536111111,9.59973333
OTTAWA INTL A,2024-06-29 3:00,2024,6,29,3:00,17.8,10.6,62,14,12,1.499127483,,,18.15176667,60.13263333,10.3116,1.108333333,2.358333333,102.5833333,,,0.35176667,2.225,1.86736667
OTTAWA INTL A,2024-06-29 4:00,2024,6,29,4:00,18.2,11.3,64,18,13,1.8856787,,,17.7457,62.5225,10.50456667,0.725,1.716666667,116.1833333,,,0.4543,2.886111111,1.4775
OTTAWA INTL A,2024-06-29 5:00,2024,6,29,5:00,18,14.4,79,19,15,4.12347345,,,17.54883333,66.07961667,11.16003333,0.225,1.016666667,123.0833333,,,0.45116667,3.941666667,12.92038333
OTTAWA INTL A,2024-06-29 6:00,2024,6,29,6:00,17.3,16.9,97,19,16,23.43360345,,,18.31661667,73.98255,13.59895,1.733333333,3.216666667,159.4333333,,,1.01661667,2.711111111,23.01745
OTTAWA INTL A,2024-06-29 7:00,2024,6,29,7:00,16.8,16.8,100,16,16,53.99871927,,,17.85401667,85.3862,15.38101667,2.541666667,4.325,156.0333333,,,1.05401667,1.902777777,14.6138
OTTAWA INTL A,2024-06-29 8:00,2024,6,29,8:00,16.9,16.9,100,16,13,89.13227065,,,17.61395,89.38841667,15.8676,2.325,3.966666667,154.2,,,0.71395,1.286111111,10.61158333
OTTAWA INTL A,2024-06-29 9:00,2024,6,29,9:00,17.1,17.1,100,15,15,57.25128912,,,17.5048,90.01625,15.86945,2.083333333,3.441666667,150.4333333,,,0.4048,2.083333334,9.98375
OTTAWA INTL A,2024-06-29 10:00,2024,6,29,10:00,17.3,17.3,100,15,14,87.34308705,,,17.7393,90.6415,16.2097,1.383333333,2.55,140.2666667,,,0.4393,2.505555556,9.3585
OTTAWA INTL A,2024-06-29 11:00,2024,6,29,11:00,17.9,17.9,100,15,18,86.46030653,,,17.69078333,92.99873333,16.5656,1.933333333,3.3,122.4833333,,,0.20921667,3.066666667,7.00126667
OTTAWA INTL A,2024-06-29 12:00,2024,6,29,12:00,17.9,17.9,100,16,12,61.3677114,,,17.98523333,93.71405,16.9789,1.475,2.758333333,123.2666667,,,0.08523333,1.858333333,6.28595
OTTAWA INTL A,2024-06-29 13:00,2024,6,29,13:00,18.3,18.3,100,16,20,59.09727168,,,17.9609,95.47281667,17.2486,1.991666667,3.325,122.3166667,,,0.3391,3.563888889,4.52718333
OTTAWA INTL A,2024-06-29 14:00,2024,6,29,14:00,18.7,18.7,100,17,18,82.81924737,,,18.39561667,95.24595,17.64391667,2.091666667,3.6,143.9833333,,,0.30438333,2.908333333,4.75405
OTTAWA INTL A,2024-06-29 15:00,2024,6,29,15:00,19.9,19.9,100,19,20,103.1347362,,,19.26858333,94.1878,18.33455,2,3.708333333,159.8833333,,,0.63141667,3.555555556,5.8122
OTTAWA INTL A,2024-06-29 16:00,2024,6,29,16:00,21,21,100,22,21,59.17891032,,,20.29661667,94.40818333,19.39415,1.883333333,3.808333333,179.65,,,0.70338333,3.95,5.59181667
OTTAWA INTL A,2024-06-29 17:00,2024,6,29,17:00,21.3,21.3,100,21,22,41.46447617,,,21.21956667,93.48921667,20.15296667,1.808333333,3.791666667,189.7333333,,,0.08043333,4.302777778,6.51078333
OTTAWA INTL A,2024-06-29 18:00,2024,6,29,18:00,22.2,22.2,100,21,23,77.62101237,,,21.8234,91.24515,20.35765,2.325,4.653333333,187.2666667,,,0.3766,4.063888889,8.75485
OTTAWA INTL A,2024-06-29 19:00,2024,6,29,19:00,21.9,21.9,100,21,16,85.29694837,,,22.42136667,89.28325,20.59645,2.391666667,4.671666667,188.1,,,0.52136667,2.052777777,10.71675
OTTAWA INTL A,2024-06-29 20:00,2024,6,29,20:00,21.7,21.7,100,20,16,25.24058033,,,22.11818333,90.04211667,20.43463333,2.441666667,4.458333333,184.3333333,,,0.41818333,2.002777777,9.95788333
OTTAWA INTL A,2024-06-29 21:00,2024,6,29,21:00,21.7,21.7,100,20,11,1.736283833,,,21.96338333,91.0092,20.45488333,1.641666667,3.71,193.5833333,,,0.26338333,1.413888889,8.9908
OTTAWA INTL A,2024-06-29 22:00,2024,6,29,22:00,21.5,21.5,100,22,17,1.7777077,,,21.86941667,92.15313333,20.5646,0.433333333,1.608333333,198.3166667,,,0.36941667,4.288888889,7.84686667
OTTAWA INTL A,2024-06-29 23:00,2024,6,29,23:00,21.4,21.4,100,21,15,1.545683533,,,21.86056667,92.77385,20.66505,0.491666667,1.775,229.45,,,0.46056667,3.675,7.22615
OTTAWA INTL A,2024-06-30 0:00,2024,6,30,0:00,21.1,21.1,100,22,13,1.535591333,,,21.85303333,92.68806667,20.64201667,0.258333333,1.308333333,222.4333333,,,0.75303333,3.352777778,7.31193333
OTTAWA INTL A,2024-06-30 1:00,2024,6,30,1:00,20.9,20.9,100,23,14,1.726677767,,,22.05708333,90.6536,20.48395,0.791666667,2.183333333,234.3166667,,,1.15708333,3.097222222,9.3464
OTTAWA INTL A,2024-06-30 2:00,2024,6,30,2:00,20.3,20.3,100,22,11,1.92296915,,,21.66458333,90.91706667,20.1427,0.591666667,1.983333333,239.9333333,,,1.36458333,2.463888889,9.08293333
OTTAWA INTL A,2024-06-30 3:00,2024,6,30,3:00,20.1,20.1,100,23,15,1.753248733,,,21.32681667,89.96315,19.6378,0.8,2.25,229.75,,,1.22681667,3.366666667,10.03685
OTTAWA INTL A,2024-06-30 4:00,2024,6,30,4:00,20.1,20.1,100,22,12,1.772338583,,,20.851,91.2395,19.39453333,0.841666667,2.233333333,228.6333333,,,0.751,2.491666666,8.7605
OTTAWA INTL A,2024-06-30 5:00,2024,6,30,5:00,19.9,19.9,100,22,12,18.47585567,,,20.57218333,92.55673333,19.34868333,0.825,2.133333333,244.5,,,0.67218333,2.508333333,7.44326667
OTTAWA INTL A,2024-06-30 6:00,2024,6,30,6:00,20.8,20.8,100,24,17,85.0975047,,,20.78943333,91.3583,19.35421667,0.675,2.141666667,235,,,0.01056667,4.047222222,8.6417
OTTAWA INTL A,2024-06-30 7:00,2024,6,30,7:00,21.9,20.9,94,25,22,311.2440543,,,22.00245,84.7616,19.33935,1.366666667,2.983333333,255.6833333,,,0.10245,4.744444444,9.2384
OTTAWA INTL A,2024-06-30 8:00,2024,6,30,8:00,22.9,19.4,81,27,24,396.4790969,,,22.51115,81.51353333,19.20491667,2.508333333,4.375,268.45,,,0.38885,4.158333334,0.51353333
OTTAWA INTL A,2024-06-30 9:00,2024,6,30,9:00,22.7,18.1,75,30,29,615.1613572,,,23.05588333,74.56531667,18.2986,3.383333333,5.565,267.35,,,0.35588333,4.672222223,0.43468333
OTTAWA INTL A,2024-06-30 10:00,2024,6,30,10:00,23.6,17.5,68,29,19,734.8076517,,,23.8323,65.96255,17.1031,3.391666667,5.42,271.9833333,,,0.2323,1.886111111,2.03745
OTTAWA INTL A,2024-06-30 11:00,2024,6,30,11:00,24.7,15.5,56,28,25,851.8341622,,,24.16005,58.76293333,15.5931,3.591666667,5.751666667,268.7333333,,,0.53995,3.352777777,2.76293333
OTTAWA INTL A,2024-06-30 12:00,2024,6,30,12:00,24.9,16.4,59,28,22,978.3403988,,,24.72055,56.77096667,15.58143333,3.508333333,5.483333333,267.4333333,,,0.17945,2.602777778,2.22903333
OTTAWA INTL A,2024-06-30 13:00,2024,6,30,13:00,24.7,14.9,54,30,32,803.7463932,,,23.89768333,58.59666667,15.29571667,3.425,5.406666667,295.2166667,,,0.80231667,5.463888889,4.59666667
OTTAWA INTL A,2024-06-30 14:00,2024,6,30,14:00,23.7,15.4,59,30,23,404.976641,,,23.05411667,62.3884,15.49191667,2.083333333,3.725,292.0333333,,,0.64588333,4.305555556,3.3884
OTTAWA INTL A,2024-06-30 15:00,2024,6,30,15:00,23.1,16.5,66,31,32,344.2297253,,,22.13078333,68.47186667,16.0474,2.883333333,4.593333333,280.9333333,,,0.96921667,6.005555556,2.47186667
OTTAWA INTL A,2024-06-30 16:00,2024,6,30,16:00,21.7,15.7,68,30,31,163.6364744,,,20.93608333,70.85101667,15.45405,2.183333333,3.791666667,293.7166667,,,0.76391667,6.427777778,2.85101667
OTTAWA INTL A,2024-06-30 17:00,2024,6,30,17:00,20,15.4,74,30,17,181.9887461,,,21.04405,64.01143333,13.9882,2.466666667,4.166666667,302.5333333,,,1.04405,2.255555555,9.98856667
OTTAWA INTL A,2024-06-30 18:00,2024,6,30,18:00,19.5,12.6,64,32,35,342.0823887,,,21.07953333,60.06786667,13.04011667,3.241666667,5.386666667,316.9,,,1.57953333,6.480555555,3.93213333
OTTAWA INTL A,2024-06-30 19:00,2024,6,30,19:00,18.2,11.5,65,34,33,77.53701585,,,18.5214,64.60513333,11.73695,3.433333333,5.533333333,323.4166667,,,0.3214,5.733333334,0.39486667
OTTAWA INTL A,2024-06-30 20:00,2024,6,30,20:00,16.6,11.3,71,33,18,28.22522278,,,17.41583333,66.97456667,11.2314,1.966666667,3.35,315.8666667,,,0.81583333,3.033333333,4.02543333
OTTAWA INTL A,2024-06-30 21:00,2024,6,30,21:00,15.5,11.7,77,31,17,2.12890625,,,16.27046667,72.33088333,11.29856667,0.841666667,1.95,296.0166667,,,0.77046667,3.880555555,4.66911667
OTTAWA INTL A,2024-06-30 22:00,2024,6,30,22:00,16.2,11.8,75,31,19,1.398421967,,,15.96271667,74.77645,11.50675,0.908333333,2.166666667,289.7166667,,,0.23728333,4.369444445,0.22355
OTTAWA INTL A,2024-06-30 23:00,2024,6,30,23:00,16.3,10.5,68,32,24,1.553347617,,,16.19093333,72.35118333,11.22658333,1.175,2.45,292.7666667,,,0.10906667,5.491666667,4.35118333
OTTAWA INTL A,2024-07-01 0:00,2024,7,1,0:00,16.2,10.6,69,33,21,1.63324795,,,16.22466667,67.45448333,10.20616667,1.058333333,2.35,300.8333333,,,0.02466667,4.775,1.54551667
OTTAWA INTL A,2024-07-01 1:00,2024,7,1,1:00,15.9,9.9,67,32,21,1.569124617,,,16.11946667,65.59816667,9.689133333,0.991666667,2.358333333,304.3,,,0.21946667,4.841666666,1.40183333
OTTAWA INTL A,2024-07-01 2:00,2024,7,1,2:00,15.5,9.6,67,32,19,1.700538667,,,15.94045,65.63075,9.52675,0.866666667,2.1,299.85,,,0.44045,4.411111111,1.36925
OTTAWA INTL A,2024-07-01 3:00,2024,7,1,3:00,14.6,9,69,32,20,2.324734333,,,15.28563333,69.2744,9.703816667,0.525,1.6,295.8333333,,,0.68563333,5.030555556,0.2744
OTTAWA INTL A,2024-07-01 4:00,2024,7,1,4:00,14,8.5,70,32,23,2.390997217,,,13.77893333,72.93775,9.025483333,0.658333333,1.833333333,287.55,,,0.22106667,5.730555556,2.93775
OTTAWA INTL A,2024-07-01 5:00,2024,7,1,5:00,13,9,76,31,16,14.37396455,,,13.15416667,74.94233333,8.82395,0.883333333,1.933333333,293.15,,,0.15416667,3.561111111,1.05766667
OTTAWA INTL A,2024-07-01 6:00,2024,7,1,6:00,14.2,9.1,71,32,21,165.4541346,,,14.1232,72.84118333,9.33335,1.358333333,2.583333333,308.2333333,,,0.0768,4.475,1.84118333
OTTAWA INTL A,2024-07-01 7:00,2024,7,1,7:00,16.3,9.2,63,32,21,328.1585398,,,15.85291667,66.85781667,9.709316667,1.4,2.45,311.5166667,,,0.44708333,4.433333333,3.85781667
OTTAWA INTL A,2024-07-01 8:00,2024,7,1,8:00,17.9,8.9,55,33,16,487.4220273,,,18.07105,56.9031,9.39585,1.45,2.633333333,313.8666667,,,0.17105,2.994444444,1.9031
OTTAWA INTL A,2024-07-01 9:00,2024,7,1,9:00,19.2,9,51,32,18,656.5852497,,,19.61781667,52.85375,9.74465,1.483333333,2.883333333,293.7,,,0.41781667,3.516666667,1.85375
OTTAWA INTL A,2024-07-01 10:00,2024,7,1,10:00,20.6,8.9,46,31,17,796.9161007,,,20.98118333,45.54765,8.688666667,2.2,3.6,302.1166667,,,0.38118333,2.522222222,0.45235
OTTAWA INTL A,2024-07-01 11:00,2024,7,1,11:00,22.3,8.8,42,2,26,897.1710482,,,22.38128333,40.56716667,8.32565,2.55,4.125,306.1333333,,,0.08128333,4.672222222,1.43283333
OTTAWA INTL A,2024-07-01 12:00,2024,7,1,12:00,23.4,9.3,40,1,18,969.7654045,,,23.12631667,40.95256667,9.131366667,2.633333333,4.258333333,306.1,,,0.27368333,2.366666667,0.95256667
OTTAWA INTL A,2024-07-01 13:00,2024,7,1,13:00,24,8.7,37,36,18,954.0186858,,,24.35133333,39.17968333,9.5654,2.108333333,3.683333333,288.5333333,,,0.35133333,2.891666667,2.17968333
OTTAWA INTL A,2024-07-01 14:00,2024,7,1,14:00,25,9.2,36,3,23,904.0851222,,,25.03908333,37.2462,9.433,2.633333333,4.3,323,,,0.03908333,3.755555556,1.2462
OTTAWA INTL A,2024-07-01 15:00,2024,7,1,15:00,25,9.2,36,36,13,801.178006,,,25.93425,36.65161667,9.9846,2.116666667,3.691666667,253.5833333,,,0.93425,1.494444444,0.65161667
OTTAWA INTL A,2024-07-01 16:00,2024,7,1,16:00,25,10,38,33,10,654.1375128,,,25.97718333,37.36883333,10.31165,2.05,3.441666667,282.65,,,0.97718333,0.727777778,0.63116667
OTTAWA INTL A,2024-07-01 17:00,2024,7,1,17:00,25.1,9.8,38,1,16,499.1964128,,,26.1511,35.94063333,9.888933333,1.783333333,3.041666667,294.55,,,1.0511,2.661111111,2.05936667
OTTAWA INTL A,2024-07-01 18:00,2024,7,1,18:00,24.3,9.3,38,1,15,300.9139113,,,25.53418333,37.66825,10.04455,1.25,2.3,313.7833333,,,1.23418333,2.916666667,0.33175
OTTAWA INTL A,2024-07-01 19:00,2024,7,1,19:00,23.4,8.3,38,35,12,149.9465982,,,25.02156667,38.82951667,10.04506667,0.733333333,1.658333333,318.0833333,,,1.62156667,2.6,0.82951667
OTTAWA INTL A,2024-07-01 20:00,2024,7,1,20:00,19,10.6,58,26,9,28.1514781,,,22.57508333,45.9193,10.26086667,0.033333333,0.191666667,283.9666667,,,3.57508333,2.466666667,12.0807
OTTAWA INTL A,2024-07-01 21:00,2024,7,1,21:00,19.9,11.8,59,24,7,2.3649534,,,19.61526667,54.74683333,10.26511667,0,0,278,,,0.28473333,1.944444444,4.25316667
OTTAWA INTL A,2024-07-01 22:00,2024,7,1,22:00,16.2,12.3,77,22,3,2.331505567,,,19.62558333,59.96493333,11.64271667,0,0.075,278,,,3.42558333,0.833333333,17.03506667
OTTAWA INTL A,2024-07-01 23:00,2024,7,1,23:00,15.6,12.4,81,20,3,1.94813215,,,18.00308333,69.77033333,12.40886667,0,0,278,,,2.40308333,0.833333333,11.22966667
OTTAWA INTL A,2024-07-02 0:00,2024,7,2,0:00,15.1,13,87,24,5,1.852565017,,,17.20775,75.21288333,12.7958,0,0,278,,,2.10775,1.388888889,11.78711667
OTTAWA INTL A,2024-07-02 1:00,2024,7,2,1:00,13.5,13.5,100,20,4,1.775721967,,,16.4728,81.28428333,13.2668,0,0.033333333,278,,,2.9728,1.111111111,18.71571667
OTTAWA INTL A,2024-07-02 2:00,2024,7,2,2:00,15.1,13.8,92,28,7,2.035231367,,,15.91296667,87.72491667,13.89598333,0,0.15,278,,,0.81296667,1.944444444,4.27508333
OTTAWA INTL A,2024-07-02 3:00,2024,7,2,3:00,15.4,12.4,82,27,7,1.7061155,,,15.0994,89.04118333,13.32351667,0,0.1,278,,,0.3006,1.944444444,7.04118333
OTTAWA INTL A,2024-07-02 4:00,2024,7,2,4:00,12.6,12.6,100,24,6,1.691046867,,,14.63073333,91.21366667,13.22596667,0,0.1,278,,,2.03073333,1.666666667,8.78633333
OTTAWA INTL A,2024-07-02 5:00,2024,7,2,5:00,12.4,12.4,100,24,7,13.63614233,,,14.15678333,92.65473333,12.99993333,0.033333333,0.083333333,277.9833333,,,1.75678333,1.911111111,7.34526667
OTTAWA INTL A,2024-07-02 6:00,2024,7,2,6:00,15.7,14.5,93,19,5,123.3418557,,,15.79358333,87.25273333,13.68501667,0.041666667,0.308333333,273.3333333,,,0.09358333,1.347222222,5.74726667
OTTAWA INTL A,2024-07-02 7:00,2024,7,2,7:00,18.8,14.9,78,23,4,305.9964623,,,19.73131667,70.51193333,14.20401667,0,0.2,240.1666667,,,0.93131667,1.111111111,7.48806667
OTTAWA INTL A,2024-07-02 8:00,2024,7,2,8:00,21.6,13.4,59,26,5,471.7791105,,,22.42985,62.05133333,14.81565,0.15,0.566666667,131,,,0.82985,1.238888889,3.05133333
OTTAWA INTL A,2024-07-02 9:00,2024,7,2,9:00,23.9,13.8,53,24,3,639.4809782,,,24.44816667,55.71491667,15.03003333,0.241666667,1.066666667,113.5,,,0.54816667,0.591666666,2.71491667
OTTAWA INTL A,2024-07-02 10:00,2024,7,2,10:00,25,11.6,43,26,7,758.3692162,,,25.91455,49.93483333,14.58158333,0.891666667,2.075,237.4666667,,,0.91455,1.052777777,6.93483333
OTTAWA INTL A,2024-07-02 11:00,2024,7,2,11:00,25.8,11.4,40,20,7,875.6262122,,,26.87683333,40.28553333,12.24003333,1.1,2.341666667,186.8833333,,,1.07683333,0.844444444,0.28553333
OTTAWA INTL A,2024-07-02 12:00,2024,7,2,12:00,26.3,11.5,39,20,16,952.6735178,,,27.21681667,37.67985,11.53061667,1.7,3.175,167.8833333,,,0.91681667,2.744444444,1.32015
OTTAWA INTL A,2024-07-02 13:00,2024,7,2,13:00,26.7,12.8,41,20,11,946.7325748,,,27.39113333,36.76766667,11.30863333,1.983333333,3.483333333,152.2,,,0.69113333,1.072222223,4.23233333
OTTAWA INTL A,2024-07-02 14:00,2024,7,2,14:00,26.8,11.5,38,22,9,809.1626732,,,27.4906,36.87496667,11.44683333,1.841666667,3.325,146.5833333,,,0.6906,0.658333333,1.12503333
OTTAWA INTL A,2024-07-02 15:00,2024,7,2,15:00,26.7,11,37,19,11,778.1233543,,,27.93418333,36.77576667,11.79603333,1.783333333,3.3,162.1,,,1.23418333,1.272222223,0.22423333
OTTAWA INTL A,2024-07-02 16:00,2024,7,2,16:00,26.1,12.7,43,16,12,479.7333832,,,27.27433333,37.39258333,11.47856667,1.941666667,3.358333333,165.7333333,,,1.17433333,1.391666666,5.60741667
OTTAWA INTL A,2024-07-02 17:00,2024,7,2,17:00,25.9,11.4,40,21,16,310.6728638,,,26.69195,39.34645,11.7292,1.625,2.908333333,151.45,,,0.79195,2.819444444,0.65355
OTTAWA INTL A,2024-07-02 18:00,2024,7,2,18:00,23.8,12.8,50,21,9,179.5595433,,,26.16866667,40.10471667,11.55955,0.866666667,1.85,173.3666667,,,2.36866667,1.633333333,9.89528333
OTTAWA INTL A,2024-07-02 19:00,2024,7,2,19:00,22.8,11.7,49,25,4,79.65133952,,,25.01795,43.04586667,11.59253333,0.758333333,1.758333333,184.1833333,,,2.21795,0.352777778,5.95413333
OTTAWA INTL A,2024-07-02 20:00,2024,7,2,20:00,21.3,12.3,56,25,5,20.66117337,,,23.7326,46.32343333,11.54275,0.075,0.408333333,214.0166667,,,2.4326,1.313888889,9.67656667
OTTAWA INTL A,2024-07-02 21:00,2024,7,2,21:00,19.4,12.9,66,16,4,2.2374212,,,22.01891667,51.72485,11.63466667,0,0.008333333,202,,,2.61891667,1.111111111,14.27515
OTTAWA INTL A,2024-07-02 22:00,2024,7,2,22:00,18,14.5,80,14,7,1.808515833,,,21.55948333,54.96311667,12.1335,0.175,0.55,154.4666667,,,3.55948333,1.769444444,25.03688333
OTTAWA INTL A,2024-07-02 23:00,2024,7,2,23:00,18.7,13.4,71,14,8,1.904230567,,,20.72521667,61.97426667,13.19215,0.5,1.191666667,121.25,,,2.02521667,1.722222222,9.02573333
OTTAWA INTL A,2024-07-03 0:00,2024,7,3,0:00,18.9,13.8,72,13,5,1.707158,,,20.17788333,65.5455,13.53481667,0.316666667,0.683333333,112.8666667,,,1.27788333,1.072222222,6.4545
OTTAWA INTL A,2024-07-03 1:00,2024,7,3,1:00,17.9,14.2,79,13,13,1.83960445,,,19.40653333,72.1394,14.25651667,0.133333333,0.516666667,57.88333333,,,1.50653333,3.477777778,6.8606
OTTAWA INTL A,2024-07-03 2:00,2024,7,3,2:00,19.1,14.5,74,15,11,1.4621319,,,19.39511667,72.26203333,14.2745,0.158333333,0.666666667,74.16666667,,,0.29511667,2.897222223,1.73796667
OTTAWA INTL A,2024-07-03 3:00,2024,7,3,3:00,19.3,14.2,72,15,15,1.779884417,,,19.51945,69.5404,13.81965,0.733333333,1.575,109.7,,,0.21945,3.433333334,2.4596
OTTAWA INTL A,2024-07-03 4:00,2024,7,3,4:00,18.7,14.4,76,15,10,1.549519667,,,19.30828333,70.27941667,13.77995,0.633333333,1.333333333,110.35,,,0.60828333,2.144444445,5.72058333
OTTAWA INTL A,2024-07-03 5:00,2024,7,3,5:00,18.2,14.6,79,15,11,12.5197309,,,19.20561667,71.26176667,13.89421667,0.783333333,1.7,111.9833333,,,1.00561667,2.272222223,7.73823333
OTTAWA INTL A,2024-07-03 6:00,2024,7,3,6:00,19.8,14.7,72,15,15,79.74937068,,,19.10688333,72.41021667,14.04753333,0.875,1.691666667,111.1833333,,,0.69311667,3.291666667,0.41021667
OTTAWA INTL A,2024-07-03 7:00,2024,7,3,7:00,20.3,14.5,69,15,16,92.68058027,,,19.8451,70.81716667,14.41268333,0.966666667,1.9,108.3166667,,,0.4549,3.477777777,1.81716667
OTTAWA INTL A,2024-07-03 8:00,2024,7,3,8:00,20.8,14.6,68,17,14,71.18608263,,,20.0732,70.43743333,14.54841667,1.158333333,2.116666667,115.6,,,0.7268,2.730555556,2.43743333
OTTAWA INTL A,2024-07-03 9:00,2024,7,3,9:00,23.1,15.9,64,17,16,356.3107567,,,21.59131667,66.27736667,15.04033333,1.516666667,2.65,132.4666667,,,1.50868333,2.927777777,2.27736667
OTTAWA INTL A,2024-07-03 10:00,2024,7,3,10:00,24.8,16,58,18,21,708.7736243,,,24.48895,56.04781667,15.16418333,3.05,4.92,153.8,,,0.31105,2.783333333,1.95218333
OTTAWA INTL A,2024-07-03 11:00,2024,7,3,11:00,26.3,16.7,55,17,22,834.2078795,,,25.6557,54.21026667,15.7319,3.166666667,5.35,162.3,,,0.6443,2.944444444,0.78973333
OTTAWA INTL A,2024-07-03 12:00,2024,7,3,12:00,26.2,17.4,58,17,19,936.9270198,,,26.78096667,52.9642,16.40616667,3.583333333,5.541666667,149.3166667,,,0.58096667,1.694444445,5.0358
OTTAWA INTL A,2024-07-03 13:00,2024,7,3,13:00,26.9,16.9,53,17,24,878.8302233,,,27.72583333,52.23765,17.05901667,3.65,5.616666667,146.6333333,,,0.82583333,3.016666667,0.76235
OTTAWA INTL A,2024-07-03 14:00,2024,7,3,14:00,27.4,17.8,55,18,22,440.3343692,,,27.65606667,51.73793333,16.84781667,3.733333333,5.751666667,151.8,,,0.25606667,2.377777778,3.26206667
OTTAWA INTL A,2024-07-03 15:00,2024,7,3,15:00,27.4,18.4,57,18,26,515.8750767,,,28.23058333,52.24301667,17.53168333,3.766666667,6.006666667,157.2,,,0.83058333,3.455555555,4.75698333
OTTAWA INTL A,2024-07-03 16:00,2024,7,3,16:00,27.1,19.1,61,20,22,126.0996634,,,27.67221667,55.5702,17.99648333,2.908333333,4.885,167.6166667,,,0.57221667,3.202777778,5.4298
OTTAWA INTL A,2024-07-03 17:00,2024,7,3,17:00,26.6,19.7,65,18,14,64.79921412,,,27.34111667,58.73546667,18.5615,2.658333333,4.483333333,174.6666667,,,0.74111667,1.230555556,6.26453333
OTTAWA INTL A,2024-07-03 18:00,2024,7,3,18:00,23.5,21.1,86,20,14,37.13263873,,,26.01285,68.34428333,19.75115,1.675,3.035,168.4666667,,,2.51285,2.213888889,17.65571667
OTTAWA INTL A,2024-07-03 19:00,2024,7,3,19:00,21.6,21.6,100,18,20,44.86436732,,,24.86428333,73.097,19.72038333,2.95,5.235,183.1,,,3.26428333,2.605555556,26.903
OTTAWA INTL A,2024-07-03 20:00,2024,7,3,20:00,21.9,21.9,100,18,13,14.99756438,,,22.62758333,86.6238,20.29941667,2.233333333,3.85,162.8,,,0.72758333,1.377777778,13.3762
OTTAWA INTL A,2024-07-03 21:00,2024,7,3,21:00,22.2,22.2,100,20,14,1.2815865,,,22.77531667,86.76158333,20.47893333,0.725,1.8,196.5333333,,,0.57531667,3.163888889,13.23841667
OTTAWA INTL A,2024-07-03 22:00,2024,7,3,22:00,22.1,22.1,100,21,15,1.61948155,,,22.81703333,86.55886667,20.48221667,0.341666667,0.925,235.5166667,,,0.71703333,3.825,13.44113333
OTTAWA INTL A,2024-07-03 23:00,2024,7,3,23:00,21.7,21.7,100,22,15,1.864349933,,,22.6541,88.1864,20.62498333,0.233333333,0.816666667,253.3333333,,,0.9541,3.933333334,11.8136
OTTAWA INTL A,2024-07-04 0:00,2024,7,4,0:00,21,21,100,23,9,1.928275917,,,22.2641,89.8292,20.53921667,0.325,1.341666667,249.1166667,,,1.2641,2.175,10.1708
OTTAWA INTL A,2024-07-04 1:00,2024,7,4,1:00,20.7,20.7,100,23,12,1.880367733,,,21.41045,92.96375,20.25101667,0.275,1.108333333,279.15,,,0.71045,3.058333333,7.03625
OTTAWA INTL A,2024-07-04 2:00,2024,7,4,2:00,19.9,19.9,100,24,16,1.73054515,,,20.99403333,91.33311667,19.55211667,0.708333333,1.8,259,,,1.09403333,3.736111111,8.66688333
OTTAWA INTL A,2024-07-04 3:00,2024,7,4,3:00,19,19,100,25,10,1.653992983,,,20.37338333,90.09486667,18.71891667,0.65,1.866666667,251.85,,,1.37338333,2.127777778,9.90513333
OTTAWA INTL A,2024-07-04 4:00,2024,7,4,4:00,18.4,18.4,100,23,9,1.879873367,,,19.99775,89.15268333,18.17998333,0.466666667,1.633333333,241.1166667,,,1.59775,2.033333333,10.84731667
OTTAWA INTL A,2024-07-04 5:00,2024,7,4,5:00,18.7,18.7,100,28,7,20.11251795,,,19.54453333,90.3649,17.9473,0.608333333,1.741666667,248.1166667,,,0.84453333,1.336111111,9.6351
OTTAWA INTL A,2024-07-04 6:00,2024,7,4,6:00,19.3,19.3,100,25,8,143.2793149,,,20.17511667,87.82445,18.11286667,1,2.258333333,258.6833333,,,0.87511667,1.222222222,12.17555
OTTAWA INTL A,2024-07-04 7:00,2024,7,4,7:00,20.6,20.1,97,25,9,314.4817992,,,21.54051667,81.72,18.29915,1.041666667,2.083333333,270.45,,,0.94051667,1.458333333,15.28
OTTAWA INTL A,2024-07-04 8:00,2024,7,4,8:00,22.3,19.7,85,23,8,467.0193692,,,23.2625,74.48868333,18.48435,0.9,1.916666667,271.4666667,,,0.9625,1.322222222,10.51131667
OTTAWA INTL A,2024-07-04 9:00,2024,7,4,9:00,24.8,21.1,80,24,9,627.9544243,,,25.34545,67.88211667,18.99565,0.583333333,1.466666667,249.1333333,,,0.54545,1.916666667,12.11788333
OTTAWA INTL A,2024-07-04 10:00,2024,7,4,10:00,25.9,20.3,71,21,11,745.9997862,,,26.62196667,63.05665,19.02595,1.025,2.25,228.5333333,,,0.72196667,2.030555556,7.94335
OTTAWA INTL A,2024-07-04 11:00,2024,7,4,11:00,27.2,20.7,67,21,13,858.1939352,,,27.58861667,58.34256667,18.68913333,1.558333333,3.033333333,239.4166667,,,0.38861667,2.052777778,8.65743333
OTTAWA INTL A,2024-07-04 12:00,2024,7,4,12:00,28,18.7,56,25,20,743.5573142,,,28.38888333,56.58833333,18.94418333,1.466666667,2.891666667,252.65,,,0.38888333,4.088888889,0.58833333
OTTAWA INTL A,2024-07-04 13:00,2024,7,4,13:00,29,19.1,55,23,22,523.4275475,,,28.43143333,57.83405,19.33623333,1.558333333,3,240.3166667,,,0.56856667,4.552777778,2.83405
OTTAWA INTL A,2024-07-04 14:00,2024,7,4,14:00,29.4,19,53,24,17,670.8573147,,,29.42198333,53.574,19.02641667,2.125,3.666666667,263.1833333,,,0.02198333,2.597222222,0.574
OTTAWA INTL A,2024-07-04 15:00,2024,7,4,15:00,28,19.3,59,25,12,520.3929852,,,29.66256667,51.04763333,18.47473333,1.75,3.341666667,254.4666667,,,1.66256667,1.583333333,7.95236667
OTTAWA INTL A,2024-07-04 16:00,2024,7,4,16:00,28.3,19.5,58,23,22,220.3070118,,,28.66335,52.95343333,18.1448,1.433333333,2.691666667,262.6666667,,,0.36335,4.677777778,5.04656667
OTTAWA INTL A,2024-07-04 17:00,2024,7,4,17:00,29.3,19.8,56,23,17,405.7795562,,,30.03176667,51.52506667,18.95181667,0.833333333,1.958333333,242.3,,,0.73176667,3.888888889,4.47493333
OTTAWA INTL A,2024-07-04 18:00,2024,7,4,18:00,27.6,19.5,61,22,14,82.53565058,,,28.59731667,56.33733333,19.03045,0.675,1.696666667,210.8,,,0.99731667,3.213888889,4.66266667
OTTAWA INTL A,2024-07-04 19:00,2024,7,4,19:00,26.9,20.1,66,22,10,40.35835728,,,22.83566667,87.50583333,20.67698333,1.025,2,139.9166667,,,4.06433333,1.752777778,21.50583333
OTTAWA INTL A,2024-07-04 20:00,2024,7,4,20:00,25.3,21.8,80,20,8,9.963798883,,,23.6914,82.09658333,20.46718333,1.1,2.05,231.0166667,,,1.6086,1.122222222,2.09658333
OTTAWA INTL A,2024-07-04 21:00,2024,7,4,21:00,23.6,19.8,79,3,10,3.421294683,,,22.00745,84.06315,19.19808333,1.3,2.183333333,297.1,,,1.59255,1.477777778,5.06315
OTTAWA INTL A,2024-07-04 22:00,2024,7,4,22:00,21.9,20.1,89,10,12,1.6488193,,,20.90711667,91.79401667,19.54623333,1.016666667,1.716666667,131.1666667,,,0.99288333,2.316666666,2.79401667
OTTAWA INTL A,2024-07-04 23:00,2024,7,4,23:00,21.6,20.4,93,15,10,1.566247917,,,20.737,92.71563333,19.53945,0.658333333,1.383333333,111.1166667,,,0.863,2.119444445,0.28436667
OTTAWA INTL A,2024-07-05 0:00,2024,7,5,0:00,21.3,20.8,97,5,7,1.61032205,,,20.51388333,95.1998,19.74491667,0.283333333,0.808333333,218.0333333,,,0.78611667,1.661111111,1.8002
OTTAWA INTL A,2024-07-05 1:00,2024,7,5,1:00,20.8,20.8,100,2,10,1.595045633,,,20.30543333,95.97681667,19.66866667,0.291666667,0.925,239.2333333,,,0.49456667,2.486111111,4.02318333
OTTAWA INTL A,2024-07-05 2:00,2024,7,5,2:00,20.4,20.4,100,5,7,1.690217833,,,20.18611667,95.60586667,19.48728333,0.225,1.058333333,249.6166667,,,0.21388333,1.719444444,4.39413333
OTTAWA INTL A,2024-07-05 3:00,2024,7,5,3:00,20.1,20.1,100,6,7,1.655259817,,,20.02955,95.51385,19.31585,0.416666667,1.216666667,317.4333333,,,0.07045,1.527777777,4.48615
OTTAWA INTL A,2024-07-05 4:00,2024,7,5,4:00,19.9,19.9,100,2,9,1.663212783,,,19.96235,94.486,19.075,0.466666667,1.191666667,324.55,,,0.06235,2.033333333,5.514
OTTAWA INTL A,2024-07-05 5:00,2024,7,5,5:00,19.7,19.7,100,6,7,5.659216133,,,19.85408333,94.97933333,19.05073333,0.016666667,0.241666667,137.5333333,,,0.15408333,1.927777777,5.02066667
OTTAWA INTL A,2024-07-05 6:00,2024,7,5,6:00,20.5,20.5,100,2,13,55.2395793,,,20.10455,94.29373333,19.18216667,0.008333333,0.225,169.2166667,,,0.39545,3.602777778,5.70626667
OTTAWA INTL A,2024-07-05 7:00,2024,7,5,7:00,22,20.3,90,3,14,240.9240025,,,21.47121667,89.22078333,19.62836667,0.15,0.775,266.4,,,0.52878333,3.738888889,0.77921667
OTTAWA INTL A,2024-07-05 8:00,2024,7,5,8:00,23.5,20.3,82,4,13,453.0152348,,,23.80473333,77.53668333,19.65748333,0.808333333,2.116666667,100.75,,,0.30473333,2.802777778,4.46331667
OTTAWA INTL A,2024-07-05 9:00,2024,7,5,9:00,24.6,20.6,78,2,11,615.2590923,,,25.12306667,72.17978333,19.77758333,1.116666667,2.458333333,168.2833333,,,0.52306667,1.938888889,5.82021667
OTTAWA INTL A,2024-07-05 10:00,2024,7,5,10:00,25.8,21.3,76,4,10,748.2575557,,,26.08906667,69.5482,20.0976,1.258333333,2.516666667,167.95,,,0.28906667,1.519444445,6.4518
OTTAWA INTL A,2024-07-05 11:00,2024,7,5,11:00,26.6,21.4,73,7,12,915.3303995,,,27.15243333,65.01158333,20.01883333,1.116666667,2.491666667,109.2666667,,,0.55243333,2.216666666,7.98841667
OTTAWA INTL A,2024-07-05 12:00,2024,7,5,12:00,27,21.1,70,12,7,835.3485103,,,28.40141667,61.7586,20.35833333,1.008333333,2.308333333,129.4666667,,,1.40141667,0.936111111,8.2414
OTTAWA INTL A,2024-07-05 13:00,2024,7,5,13:00,27.7,21.8,70,6,7,750.9649008,,,28.16553333,60.63823333,19.84243333,0.9,2,155.3666667,,,0.46553333,1.044444444,9.36176667
OTTAWA INTL A,2024-07-05 14:00,2024,7,5,14:00,28.4,20.2,61,8,9,765.0944622,,,28.77065,56.48751667,19.25856667,0.833333333,1.983333333,140.2333333,,,0.37065,1.666666667,4.51248333
OTTAWA INTL A,2024-07-05 15:00,2024,7,5,15:00,29.2,19.6,55,36,1,568.914992,,,29.3116,54.6151,19.22668333,1.175,2.241666667,280.8166667,,,0.1116,0.897222222,0.3849
OTTAWA INTL A,2024-07-05 16:00,2024,7,5,16:00,28.3,18.4,54,11,7,527.7352358,,,29.68475,52.20455,18.83991667,1.175,2.308333333,242.8666667,,,1.38475,0.769444444,1.79545
OTTAWA INTL A,2024-07-05 17:00,2024,7,5,17:00,28.3,19,57,4,12,372.4452607,,,29.83731667,51.75706667,18.84911667,0.716666667,1.666666667,145.5833333,,,1.53731667,2.616666666,5.24293333
OTTAWA INTL A,2024-07-05 18:00,2024,7,5,18:00,27,19.6,64,6,8,92.42498857,,,27.98538333,58.65178333,19.13045,0.375,1.275,46.43333333,,,0.98538333,1.847222222,5.34821667
OTTAWA INTL A,2024-07-05 19:00,2024,7,5,19:00,26.3,19.7,67,6,8,32.29559572,,,25.45873333,65.66108333,18.53998333,0.741666667,1.741666667,281.75,,,0.84126667,1.480555555,1.33891667
OTTAWA INTL A,2024-07-05 20:00,2024,7,5,20:00,24.9,20.5,76,5,11,5.734997867,,,25.28153333,64.23498333,18.0438,0.175,0.766666667,297.9666667,,,0.38153333,2.880555556,11.76501667
OTTAWA INTL A,2024-07-05 21:00,2024,7,5,21:00,24.7,20.1,75,6,10,2.002036517,,,24.49966667,72.53421667,19.25411667,0.066666667,0.675,287.2,,,0.20033333,2.711111111,2.46578333
OTTAWA INTL A,2024-07-05 22:00,2024,7,5,22:00,23.9,20.7,82,6,11,1.905900217,,,23.91521667,76.5059,19.55605,0.05,0.666666667,125.5333333,,,0.01521667,3.005555556,5.4941
OTTAWA INTL A,2024-07-05 23:00,2024,7,5,23:00,23.5,21.4,88,5,12,1.747383233,,,23.42145,78.31411667,19.45191667,0.25,1.141666667,258.45,,,0.07855,3.083333333,9.68588333
OTTAWA INTL A,2024-07-06 0:00,2024,7,6,0:00,22.9,18.9,78,35,23,3.5196573,,,22.28916667,80.00296667,18.66993333,1.541666667,2.783333333,220.15,,,0.61083333,4.847222222,2.00296667
OTTAWA INTL A,2024-07-06 1:00,2024,7,6,1:00,20.8,19.6,93,36,32,2.005777367,,,20.02201667,90.73653333,18.47633333,2.116666667,3.658333333,321.6833333,,,0.77798333,6.772222222,2.26346667
OTTAWA INTL A,2024-07-06 2:00,2024,7,6,2:00,19.1,19.1,100,1,22,1.843600717,,,18.77306667,96.38266667,18.20873333,1.075,2.275,302.0333333,,,0.32693333,5.036111111,3.61733333
OTTAWA INTL A,2024-07-06 3:00,2024,7,6,3:00,18.7,18.7,100,5,22,1.550801267,,,18.50061667,96.86995,18.01771667,0.9,2.116666667,261.9333333,,,0.19938333,5.211111111,3.13005
OTTAWA INTL A,2024-07-06 4:00,2024,7,6,4:00,18.3,18.3,100,5,13,1.5056867,,,18.54436667,96.28033333,17.96383333,0.516666667,1.516666667,131.4333333,,,0.24436667,3.094444444,3.71966667
OTTAWA INTL A,2024-07-06 5:00,2024,7,6,5:00,19.1,19.1,100,8,9,6.363483217,,,18.98183333,96.0194,18.3568,0.066666667,0.6,94.1,,,0.11816667,2.433333333,3.9806
OTTAWA INTL A,2024-07-06 6:00,2024,7,6,6:00,19.6,19.6,100,14,4,86.40272918,,,19.59281667,95.01656667,18.79621667,0.041666667,0.258333333,236.45,,,0.00718333,1.069444444,4.98343333
OTTAWA INTL A,2024-07-06 7:00,2024,7,6,7:00,21.1,21.1,100,17,7,146.527985,,,20.45005,92.13565,19.15243333,0,0.2,224.7166667,,,0.64995,1.944444444,7.86435
OTTAWA INTL A,2024-07-06 8:00,2024,7,6,8:00,22.6,21.2,92,31,4,319.4570482,,,21.36256667,89.61361667,19.60448333,0.416666667,1.25,313.15,,,1.23743333,0.694444444,2.38638333
OTTAWA INTL A,2024-07-06 9:00,2024,7,6,9:00,22.8,19.9,84,34,3,391.649289,,,23.04373333,81.67511667,19.76023333,0.391666667,1.283333333,285.1833333,,,0.24373333,0.441666666,2.32488333
OTTAWA INTL A,2024-07-06 10:00,2024,7,6,10:00,22.9,20.2,84,6,5,524.944357,,,23.86978333,77.20383333,19.61445,0.375,1.291666667,183.6833333,,,0.96978333,1.013888889,6.79616667
OTTAWA INTL A,2024-07-06 11:00,2024,7,6,11:00,25,20.8,77,14,4,794.1489742,,,25.46018333,70.60543333,19.73753333,0.341666667,1.266666667,127.2,,,0.46018333,0.769444444,6.39456667
OTTAWA INTL A,2024-07-06 12:00,2024,7,6,12:00,25.7,19.9,70,25,10,610.1573678,,,26.00136667,68.80341667,19.82935,0.475,1.275,169.8833333,,,0.30136667,2.302777778,1.19658333
OTTAWA INTL A,2024-07-06 13:00,2024,7,6,13:00,27,20.8,69,19,8,919.4282703,,,27.69826667,62.99076667,20.01168333,0.616666667,1.466666667,230.15,,,0.69826667,1.605555555,6.00923333
OTTAWA INTL A,2024-07-06 14:00,2024,7,6,14:00,27.8,20.9,66,21,12,422.3287167,,,27.24468333,64.47928333,19.97223333,0.841666667,1.808333333,186.1333333,,,0.55531667,2.491666666,1.52071667
OTTAWA INTL A,2024-07-06 15:00,2024,7,6,15:00,27.4,21.8,71,21,11,840.1020123,,,28.15516667,62.70436667,20.38026667,1.041666667,2.05,127.5333333,,,0.75516667,2.013888889,8.29563333
OTTAWA INTL A,2024-07-06 16:00,2024,7,6,16:00,26.2,20.6,71,24,17,298.7129098,,,27.57386667,65.36431667,20.5079,1.258333333,2.441666667,161.3666667,,,1.37386667,3.463888889,5.63568333
OTTAWA INTL A,2024-07-06 17:00,2024,7,6,17:00,26.6,21.4,73,27,22,138.4985521,,,26.7728,67.37303333,20.23185,1.35,2.791666667,239.7666667,,,0.1728,4.761111111,5.62696667
OTTAWA INTL A,2024-07-06 18:00,2024,7,6,18:00,22.6,21.3,92,27,9,98.56719228,,,24.1083,71.87651667,18.72638333,1.425,2.816666667,288.3,,,1.5083,1.075,20.12348333
OTTAWA INTL A,2024-07-06 19:00,2024,7,6,19:00,20.4,20.4,100,16,13,41.81200637,,,23.25988333,77.51805,19.12898333,0.075,0.533333333,210.5333333,,,2.85988333,3.536111111,22.48195
OTTAWA INTL A,2024-07-06 20:00,2024,7,6,20:00,20.2,20.2,100,32,11,17.35873402,,,22.37558333,85.76543333,19.8844,0.216666667,0.625,226.7,,,2.17558333,2.838888889,14.23456667
OTTAWA INTL A,2024-07-06 21:00,2024,7,6,21:00,19.2,19.2,100,24,5,1.90956395,,,21.72576667,89.08535,19.87345,0,0.033333333,208.5333333,,,2.52576667,1.388888889,10.91465
OTTAWA INTL A,2024-07-06 22:00,2024,7,6,22:00,18.6,18.6,100,24,7,1.780563633,,,20.86468333,93.46308333,19.7955,0,0.016666667,221.6833333,,,2.26468333,1.944444444,6.53691667
OTTAWA INTL A,2024-07-06 23:00,2024,7,6,23:00,18,18,100,21,7,1.51053655,,,20.61975,94.4682,19.72528333,0,0.025,273.1333333,,,2.61975,1.944444444,5.5318
OTTAWA INTL A,2024-07-07 0:00,2024,7,7,0:00,18.4,18.4,100,20,8,1.8536076,,,20.43563333,94.26375,19.50731667,0.025,0.333333333,249.5166667,,,2.03563333,2.197222222,5.73625
OTTAWA INTL A,2024-07-07 1:00,2024,7,7,1:00,18.6,18.6,100,23,5,1.389247817,,,20.39805,94.62536667,19.53203333,0.05,0.566666667,220.8666667,,,1.79805,1.338888889,5.37463333
OTTAWA INTL A,2024-07-07 2:00,2024,7,7,2:00,18.7,18.7,100,21,7,1.786101017,,,20.28516667,94.52018333,19.40175,0.341666667,1.15,262.8833333,,,1.58516667,1.602777777,5.47981667
OTTAWA INTL A,2024-07-07 3:00,2024,7,7,3:00,18.3,18.3,100,25,7,1.563250767,,,20.27616667,94.58858333,19.40453333,0.1,0.616666667,281,,,1.97616667,1.844444444,5.41141667
OTTAWA INTL A,2024-07-07 4:00,2024,7,7,4:00,18.4,18.4,100,23,6,2.08320395,,,19.7911,95.39746667,19.05871667,0,0.083333333,304.4166667,,,1.3911,1.666666667,4.60253333
OTTAWA INTL A,2024-07-07 5:00,2024,7,7,5:00,18.1,18.1,100,22,6,7.063985817,,,19.50625,95.88325,18.85663333,0.008333333,0.241666667,297.7833333,,,1.40625,1.658333334,4.11675
OTTAWA INTL A,2024-07-07 6:00,2024,7,7,6:00,18.4,18.4,100,22,7,51.05780837,,,19.81828333,94.3501,18.90768333,0.091666667,0.658333333,280.5833333,,,1.41828333,1.852777777,5.6499
OTTAWA INTL A,2024-07-07 7:00,2024,7,7,7:00,18.8,18.8,100,21,7,97.2040753,,,20.17893333,91.7978,18.82623333,0.158333333,0.775,273.2166667,,,1.37893333,1.786111111,8.2022
OTTAWA INTL A,2024-07-07 8:00,2024,7,7,8:00,19.2,19.2,100,22,7,233.1305002,,,20.80566667,89.1513,18.97403333,0.325,1.341666667,298.5666667,,,1.60566667,1.619444444,10.8487
OTTAWA INTL A,2024-07-07 9:00,2024,7,7,9:00,20,20,100,23,9,339.4582767,,,21.64246667,85.4993,19.12548333,0.591666667,1.716666667,277.7333333,,,1.64246667,1.908333333,14.5007
OTTAWA INTL A,2024-07-07 10:00,2024,7,7,10:00,20.9,20.9,100,25,10,385.4527745,,,23.40726667,78.00006667,19.37263333,0.508333333,1.541666667,237.05,,,2.50726667,2.269444445,21.99993333
OTTAWA INTL A,2024-07-07 11:00,2024,7,7,11:00,22.4,21.8,96,24,11,786.9062048,,,24.34346667,74.57846667,19.55181667,1.491666667,2.875,229.6833333,,,1.94346667,1.563888889,21.42153333
OTTAWA INTL A,2024-07-07 12:00,2024,7,7,12:00,24.3,19.9,76,24,12,935.0370545,,,24.83963333,72.67005,19.61535,1.9,3.566666667,233.7333333,,,0.53963333,1.433333333,3.32995
OTTAWA INTL A,2024-07-07 13:00,2024,7,7,13:00,25.9,19.3,67,26,17,931.6513677,,,25.90773333,66.55021667,19.20278333,1.666666667,3.233333333,239.1833333,,,0.00773333,3.055555555,0.44978333
OTTAWA INTL A,2024-07-07 14:00,2024,7,7,14:00,25.8,19.2,67,24,8,878.7690893,,,27.30043333,59.20145,18.64928333,1.691666667,3.216666667,236.5,,,1.50043333,0.530555555,7.79855
OTTAWA INTL A,2024-07-07 15:00,2024,7,7,15:00,27.3,19.2,61,24,15,806.0012233,,,28.20261667,53.11895,17.75776667,1.608333333,3.05,247.7833333,,,0.90261667,2.558333334,7.88105
OTTAWA INTL A,2024-07-07 16:00,2024,7,7,16:00,26.4,20.5,69,23,12,681.842881,,,28.62698333,52.45091667,17.95425,1.708333333,3.183333333,259.05,,,2.22698333,1.625,16.54908333
OTTAWA INTL A,2024-07-07 17:00,2024,7,7,17:00,26.3,19.6,66,22,13,436.9128762,,,28.32066667,54.1372,18.17561667,1.575,2.916666667,256.6,,,2.02066667,2.036111111,11.8628
OTTAWA INTL A,2024-07-07 18:00,2024,7,7,18:00,26.4,19.7,66,23,13,230.9109165,,,27.5056,58.40866667,18.62843333,1.475,2.7,262.65,,,1.1056,2.136111111,7.59133333
OTTAWA INTL A,2024-07-07 19:00,2024,7,7,19:00,24.9,19.4,71,22,8,111.1987573,,,26.9984,60.73933333,18.78828333,1.041666667,2.183333333,258.9,,,2.0984,1.180555555,10.26066667
OTTAWA INTL A,2024-07-07 20:00,2024,7,7,20:00,23.5,18.6,74,22,9,24.04683033,,,25.96678333,63.0925,18.42093333,0.916666667,1.983333333,263.7,,,2.46678333,1.583333333,10.9075
OTTAWA INTL A,2024-07-07 21:00,2024,7,7,21:00,22,19.3,84,17,8,2.259346117,,,24.99941667,66.86428333,18.43385,0.166666667,0.758333333,200.95,,,2.99941667,2.055555555,17.13571667
OTTAWA INTL A,2024-07-07 22:00,2024,7,7,22:00,21.6,19.7,89,20,8,1.666648267,,,24.53146667,67.79995,18.21163333,0.416666667,1.3,172.8,,,2.93146667,1.805555555,21.20005
OTTAWA INTL A,2024-07-07 23:00,2024,7,7,23:00,20.5,20.5,100,20,7,2.021926,,,23.5706,73.71738333,18.61821667,0.391666667,1.258333333,189.8166667,,,3.0706,1.552777777,26.28261667
OTTAWA INTL A,2024-07-08 0:00,2024,7,8,0:00,20.2,20.2,100,19,10,1.95034815,,,22.64368333,79.67385,18.97463333,0.325,1,176.2666667,,,2.44368333,2.452777778,20.32615
OTTAWA INTL A,2024-07-08 1:00,2024,7,8,1:00,19.4,19.4,100,20,8,1.841934733,,,21.9256,83.1143,18.95215,0.466666667,1.241666667,184.2333333,,,2.5256,1.755555555,16.8857
OTTAWA INTL A,2024-07-08 2:00,2024,7,8,2:00,18.6,18.6,100,24,5,1.848228083,,,21.13445,86.36791667,18.791,0.458333333,1.233333333,167.9666667,,,2.53445,0.930555556,13.63208333
OTTAWA INTL A,2024-07-08 3:00,2024,7,8,3:00,17.7,17.7,100,21,7,1.822606083,,,20.59006667,88.84423333,18.70843333,0.216666667,0.841666667,174.6833333,,,2.89006667,1.727777777,11.15576667
OTTAWA INTL A,2024-07-08 4:00,2024,7,8,4:00,18.2,18.2,100,21,7,1.929177367,,,19.75893333,92.68395,18.56258333,0,0.05,194.5166667,,,1.55893333,1.944444444,7.31605
OTTAWA INTL A,2024-07-08 5:00,2024,7,8,5:00,18.1,18.1,100,20,7,21.2047816,,,19.50521667,93.74466667,18.49383333,0,0.033333333,185.4,,,1.40521667,1.944444444,6.25533333
OTTAWA INTL A,2024-07-08 6:00,2024,7,8,6:00,19.4,19.4,100,21,5,97.99688828,,,20.35598333,91.3404,18.91901667,0.008333333,0.15,208.45,,,0.95598333,1.380555556,8.6596
OTTAWA INTL A,2024-07-08 7:00,2024,7,8,7:00,20.5,20.5,100,24,8,182.6069522,,,21.35328333,87.75176667,19.25943333,0.083333333,0.341666667,277.2,,,0.85328333,2.138888889,12.24823333
OTTAWA INTL A,2024-07-08 8:00,2024,7,8,8:00,22,21.2,95,20,8,297.1117243,,,22.88253333,82.17003333,19.70178333,0.216666667,0.733333333,200.1833333,,,0.88253333,2.005555555,12.82996667
OTTAWA INTL A,2024-07-08 9:00,2024,7,8,9:00,24.8,20.1,75,22,8,594.9513827,,,25.0516,72.76493333,19.82753333,0.733333333,1.775,159.9333333,,,0.2516,1.488888889,2.23506667
OTTAWA INTL A,2024-07-08 10:00,2024,7,8,10:00,26.5,19.4,65,20,9,694.2368757,,,27.18995,62.5189,19.41388333,0.683333333,1.65,177.4666667,,,0.68995,1.816666667,2.4811
OTTAWA INTL A,2024-07-08 11:00,2024,7,8,11:00,26.4,20.8,71,19,11,656.4086728,,,28.23336667,56.38635,18.74625,0.816666667,1.9,191.8833333,,,1.83336667,2.238888889,14.61365
OTTAWA INTL A,2024-07-08 12:00,2024,7,8,12:00,27.1,19.4,62,21,11,741.9725245,,,28.38565,54.12741667,18.23341667,1.65,3.116666667,175.8,,,1.28565,1.405555556,7.87258333
OTTAWA INTL A,2024-07-08 13:00,2024,7,8,13:00,27.3,18.6,58,20,13,652.4537065,,,28.72068333,53.25175,18.2832,1.733333333,3.25,192.9,,,1.42068333,1.877777778,4.74825
OTTAWA INTL A,2024-07-08 14:00,2024,7,8,14:00,28.4,17.4,51,17,12,739.7454403,,,28.99838333,48.29525,16.97938333,1.916666667,3.575,200.1166667,,,0.59838333,1.416666666,2.70475
OTTAWA INTL A,2024-07-08 15:00,2024,7,8,15:00,28.3,18.9,56,19,16,753.2279728,,,29.71041667,45.97393333,16.85306667,1.641666667,3.25,210.9,,,1.41041667,2.802777777,10.02606667
OTTAWA INTL A,2024-07-08 16:00,2024,7,8,16:00,28.5,17.1,49,19,19,626.7354095,,,29.86313333,47.05311667,17.35771667,1.791666667,3.466666667,226.7166667,,,1.36313333,3.486111111,1.94688333
OTTAWA INTL A,2024-07-08 17:00,2024,7,8,17:00,28.2,18,53,24,17,225.5554779,,,28.60123333,49.61683333,17.04515,1.825,3.483333333,184.9166667,,,0.40123333,2.897222222,3.38316667
OTTAWA INTL A,2024-07-08 18:00,2024,7,8,18:00,27.5,18.2,56,21,13,327.4570023,,,28.95265,49.0647,17.19671667,1.766666667,3.41,186.8166667,,,1.45265,1.844444444,6.9353
OTTAWA INTL A,2024-07-08 19:00,2024,7,8,19:00,25.5,18.6,65,21,9,145.3674327,,,28.51043333,50.39778333,17.2185,1.216666667,2.666666667,201.75,,,3.01043333,1.283333333,14.60221667
OTTAWA INTL A,2024-07-08 20:00,2024,7,8,20:00,24.2,19,72,21,7,15.11730765,,,27.07413333,55.87075,17.51675,0.275,0.95,214.5166667,,,2.87413333,1.669444444,16.12925
OTTAWA INTL A,2024-07-08 21:00,2024,7,8,21:00,23.2,19,77,20,9,2.2095459,,,25.95315,61.1929,17.91993333,0.216666667,0.891666667,160.7166667,,,2.75315,2.283333333,15.8071
OTTAWA INTL A,2024-07-08 22:00,2024,7,8,22:00,22.7,19.4,81,20,9,1.863828433,,,25.3454,65.56665,18.44731667,0.716666667,1.7,174.1666667,,,2.6454,1.783333333,15.43335
OTTAWA INTL A,2024-07-08 23:00,2024,7,8,23:00,22,19.4,85,20,9,1.83672975,,,24.55616667,69.04985,18.52676667,0.191666667,1,202.6333333,,,2.55616667,2.308333333,15.95015
OTTAWA INTL A,2024-07-09 0:00,2024,7,9,0:00,21.5,19.3,87,19,8,1.907339617,,,23.80623333,71.55105,18.37631667,0.708333333,1.683333333,177.8333333,,,2.30623333,1.513888889,15.44895
OTTAWA INTL A,2024-07-09 1:00,2024,7,9,1:00,20.2,20,99,20,9,1.859219667,,,22.91683333,75.13786667,18.29971667,0.841666667,1.9,168.7,,,2.71683333,1.658333333,23.86213333
OTTAWA INTL A,2024-07-09 2:00,2024,7,9,2:00,19.7,19.7,100,21,6,1.68202635,,,22.22296667,78.1283,18.25231667,0.191666667,0.891666667,159.8,,,2.52296667,1.475,21.8717
OTTAWA INTL A,2024-07-09 3:00,2024,7,9,3:00,19,19,100,18,8,1.846687067,,,21.81548333,80.08696667,18.25035,0.783333333,1.741666667,167.75,,,2.81548333,1.438888889,19.91303333
OTTAWA INTL A,2024-07-09 4:00,2024,7,9,4:00,19.2,19.2,100,19,9,1.823158633,,,21.08161667,82.82541667,18.07125,0.558333333,1.316666667,161.8166667,,,1.88161667,1.941666667,17.17458333
OTTAWA INTL A,2024-07-09 5:00,2024,7,9,5:00,19.2,19.2,100,18,8,11.82024427,,,20.67625,84.52161667,17.99758333,0.425,1.175,157.2833333,,,1.47625,1.797222222,15.47838333
OTTAWA INTL A,2024-07-09 6:00,2024,7,9,6:00,19.9,19.9,100,18,8,66.4048642,,,21.06336667,83.36005,18.15515,0.483333333,1.341666667,160.5333333,,,1.16336667,1.738888889,16.63995
OTTAWA INTL A,2024-07-09 7:00,2024,7,9,7:00,21.8,20.1,90,26,11,153.4914504,,,22.20013333,79.49546667,18.50326667,0.266666667,0.875,232.05,,,0.40013333,2.788888889,10.50453333
OTTAWA INTL A,2024-07-09 8:00,2024,7,9,8:00,22.7,19.9,84,21,8,149.3330635,,,22.9536,75.587,18.43258333,0.625,1.275,160.2,,,0.2536,1.597222222,8.413
OTTAWA INTL A,2024-07-09 9:00,2024,7,9,9:00,23,19.4,80,22,7,152.3265818,,,23.41373333,74.18931667,18.57688333,0.441666667,1.266666667,182.0333333,,,0.41373333,1.502777777,5.81068333
OTTAWA INTL A,2024-07-09 10:00,2024,7,9,10:00,23,20.6,86,19,7,151.0710402,,,23.92131667,70.99538333,18.36053333,0.433333333,1.341666667,154.3166667,,,0.92131667,1.511111111,15.00461667
OTTAWA INTL A,2024-07-09 11:00,2024,7,9,11:00,24.5,20,76,20,13,252.9136167,,,24.45918333,69.48545,18.53388333,0.583333333,1.55,179.1333333,,,0.04081667,3.027777778,6.51455
OTTAWA INTL A,2024-07-09 12:00,2024,7,9,12:00,26.2,19.6,66,21,17,787.598867,,,26.61406667,63.53555,19.12663333,1.641666667,3.041666667,193.9333333,,,0.41406667,3.080555555,2.46445
OTTAWA INTL A,2024-07-09 13:00,2024,7,9,13:00,27.8,20.2,63,23,18,838.5942932,,,28.19938333,58.83911667,19.39048333,1.375,2.891666667,238.65,,,0.39938333,3.625,4.16088333
OTTAWA INTL A,2024-07-09 14:00,2024,7,9,14:00,27.5,19.9,63,22,25,555.2805162,,,28.21725,58.19058333,19.21171667,2.175,3.808333333,260.4333333,,,0.71725,4.769444444,4.80941667
OTTAWA INTL A,2024-07-09 15:00,2024,7,9,15:00,25.5,21.3,77,30,13,616.9062988,,,26.00563333,69.3907,19.97755,1.833333333,3.25,191.1666667,,,0.50563333,1.777777778,7.6093
OTTAWA INTL A,2024-07-09 16:00,2024,7,9,16:00,25.3,22.3,83,24,9,577.377835,,,28.47648333,62.57866667,20.6565,0.958333333,2.125,258.0166667,,,3.17648333,1.541666667,20.42133333
OTTAWA INTL A,2024-07-09 17:00,2024,7,9,17:00,26.7,22.8,79,23,8,179.423865,,,27.457,65.5709,20.38723333,1.3,2.658333333,251.6,,,0.757,0.922222222,13.4291
OTTAWA INTL A,2024-07-09 18:00,2024,7,9,18:00,25.2,22.8,86,27,6,143.6242292,,,25.40901667,77.51816667,21.21201667,0.333333333,1.266666667,231.1166667,,,0.20901667,1.333333334,8.48183333
OTTAWA INTL A,2024-07-09 19:00,2024,7,9,19:00,25.3,22.1,82,22,7,74.7129447,,,25.77366667,77.7174,21.60516667,0.183333333,0.683333333,237.3833333,,,0.47366667,1.761111111,4.2826
OTTAWA INTL A,2024-07-09 20:00,2024,7,9,20:00,24.3,22.4,89,2,9,17.3551423,,,23.8326,85.73953333,21.31493333,0.458333333,1.133333333,303.6166667,,,0.4674,2.041666667,3.26046667
OTTAWA INTL A,2024-07-09 21:00,2024,7,9,21:00,22.9,22.9,100,26,7,1.86384925,,,22.23041667,91.23615,20.75765,0,0.041666667,299.15,,,0.66958333,1.944444444,8.76385
OTTAWA INTL A,2024-07-09 22:00,2024,7,9,22:00,21.9,20.7,93,20,9,1.78498335,,,21.77933333,94.05953333,20.80766667,0,0.033333333,299.0833333,,,0.12066667,2.5,1.05953333
OTTAWA INTL A,2024-07-09 23:00,2024,7,9,23:00,21.1,20.7,98,20,8,1.631152217,,,21.25641667,96.54335,20.71173333,0,0.008333333,299,,,0.15641667,2.222222222,1.45665
OTTAWA INTL A,2024-07-10 0:00,2024,7,10,0:00,18.6,18.6,100,17,4,1.6731844,,,21.0262,97.15208333,20.58438333,0.025,0.133333333,299.5833333,,,2.4262,1.086111111,2.84791667
OTTAWA INTL A,2024-07-10 1:00,2024,7,10,1:00,19,19,100,21,4,1.814377017,,,20.82958333,97.87466667,20.50805,0.016666667,0.166666667,307.75,,,1.82958333,1.094444444,2.12533333
OTTAWA INTL A,2024-07-10 2:00,2024,7,10,2:00,19.2,19.2,100,28,6,1.75793255,,,20.29373333,98.1888,20.02508333,0.016666667,0.1,278.2166667,,,1.09373333,1.65,1.8112
OTTAWA INTL A,2024-07-10 3:00,2024,7,10,3:00,18,18,100,36,2,1.462954333,,,19.87553333,98.36146667,19.63548333,0,0.091666667,181.2,,,1.87553333,0.555555556,1.63853333
OTTAWA INTL A,2024-07-10 4:00,2024,7,10,4:00,19.3,19.3,100,35,5,1.6030463,,,20.01386667,97.68828333,19.6626,0.225,0.708333333,307.8,,,0.71386667,1.163888889,2.31171667
OTTAWA INTL A,2024-07-10 5:00,2024,7,10,5:00,19.5,19.5,100,5,5,7.746860517,,,19.82045,96.48691667,19.27053333,0.125,0.366666667,317.1333333,,,0.32045,1.263888889,3.51308333
OTTAWA INTL A,2024-07-10 6:00,2024,7,10,6:00,20.3,20.3,100,3,7,32.66718162,,,19.92243333,96.29683333,19.34033333,0.175,0.45,320.4166667,,,0.37756667,1.769444444,3.70316667
OTTAWA INTL A,2024-07-10 7:00,2024,7,10,7:00,20.6,20.6,100,5,8,93.39257373,,,20.44845,94.49478333,19.55931667,0.133333333,0.741666667,194.75,,,0.15155,2.088888889,5.50521667
OTTAWA INTL A,2024-07-10 8:00,2024,7,10,8:00,20.9,20.9,100,9,4,64.29050433,,,20.66653333,94.22965,19.73143333,0.191666667,0.958333333,162.1833333,,,0.23346667,0.919444444,5.77035
OTTAWA INTL A,2024-07-10 9:00,2024,7,10,9:00,21.1,21.1,100,14,4,118.5387704,,,21.13843333,91.84746667,19.78543333,0.183333333,0.633333333,139.6,,,0.03843333,0.927777778,8.15253333
OTTAWA INTL A,2024-07-10 10:00,2024,7,10,10:00,21.2,21.2,100,36,12,94.1229115,,,21.46771667,91.38671667,20.02903333,0.191666667,0.941666667,119.4833333,,,0.26771667,3.141666666,8.61328333
OTTAWA INTL A,2024-07-10 11:00,2024,7,10,11:00,20.8,20.8,100,4,14,73.59551455,,,20.97795,93.39976667,19.89716667,0.575,1.5,216.5666667,,,0.17795,3.313888889,6.60023333
OTTAWA INTL A,2024-07-10 12:00,2024,7,10,12:00,20.9,20.9,100,7,10,76.59341172,,,20.62826667,94.59411667,19.75585,0.516666667,1.6,110.9333333,,,0.27173333,2.261111111,5.40588333
OTTAWA INTL A,2024-07-10 13:00,2024,7,10,13:00,21,21,100,1,11,115.1522641,,,20.97156667,93.47416667,19.90398333,0.558333333,1.816666667,80.63333333,,,0.02843333,2.497222223,6.52583333
OTTAWA INTL A,2024-07-10 14:00,2024,7,10,14:00,20.7,20.7,100,3,19,69.83415977,,,20.53611667,94.58488333,19.66205,0.941666667,2.091666667,281.6666667,,,0.16388333,4.336111111,5.41511667
OTTAWA INTL A,2024-07-10 15:00,2024,7,10,15:00,20.9,20.9,100,4,22,140.6528828,,,21.35613333,92.74858333,20.15913333,0.858333333,2.233333333,43.18333333,,,0.45613333,5.252777778,7.25141667
OTTAWA INTL A,2024-07-10 16:00,2024,7,10,16:00,20.5,20.5,100,5,26,26.86092257,,,20.65658333,94.4305,19.75533333,0.758333333,2.091666667,60.38333333,,,0.15658333,6.463888889,5.5695
OTTAWA INTL A,2024-07-10 17:00,2024,7,10,17:00,20.2,20.2,100,4,27,53.60727853,,,19.84015,92.57095,18.62466667,1.191666667,2.9,82.33333333,,,0.35985,6.308333333,7.42905
OTTAWA INTL A,2024-07-10 18:00,2024,7,10,18:00,19.5,19.5,100,5,20,59.87323042,,,19.5817,90.8247,18.06476667,0.808333333,2.2,54.7,,,0.0817,4.747222223,9.1753
OTTAWA INTL A,2024-07-10 19:00,2024,7,10,19:00,19.4,19.4,100,4,20,15.61763922,,,19.58678333,91.58245,18.20171667,0.316666667,1.341666667,54.63333333,,,0.18678333,5.238888889,8.41755
OTTAWA INTL A,2024-07-10 20:00,2024,7,10,20:00,19.6,19.6,100,2,22,3.840982133,,,19.5942,92.7609,18.41308333,1.158333333,2.341666667,229.45,,,0.0058,4.952777778,7.2391
OTTAWA INTL A,2024-07-10 21:00,2024,7,10,21:00,19.2,19.2,100,6,19,1.57542635,,,19.4359,90.70705,17.90006667,0.833333333,2.366666667,96.15,,,0.2359,4.444444445,9.29295
OTTAWA INTL A,2024-07-10 22:00,2024,7,10,22:00,18.8,18.8,100,4,14,1.85746055,,,19.2285,90.42911667,17.6458,0.925,2.541666667,64.91666667,,,0.4285,2.963888889,9.57088333
OTTAWA INTL A,2024-07-10 23:00,2024,7,10,23:00,18.8,18.8,100,3,18,1.432800533,,,19.19646667,90.50705,17.62808333,0.333333333,1.183333333,212.7333333,,,0.39646667,4.666666667,9.49295
OTTAWA INTL A,2024-07-11 0:00,2024,7,11,0:00,18.7,18.7,100,2,18,1.703567,,,19.05011667,91.09361667,17.58573333,0.525,1.683333333,321.2666667,,,0.35011667,4.475,8.90638333
OTTAWA INTL A,2024-07-11 1:00,2024,7,11,1:00,18.5,18.5,100,2,26,1.569251417,,,19.07341667,89.9992,17.4163,1.158333333,2.4,288.0166667,,,0.57341667,6.063888889,10.0008
OTTAWA INTL A,2024-07-11 2:00,2024,7,11,2:00,18.8,18.8,100,2,17,1.590787717,,,19.12655,87.58796667,17.03918333,1.591666667,3.175,328.6333333,,,0.32655,3.130555555,12.41203333
OTTAWA INTL A,2024-07-11 3:00,2024,7,11,3:00,18.9,18.7,99,3,15,1.48399855,,,19.29855,86.1705,16.95121667,0.691666667,1.841666667,311.8166667,,,0.39855,3.475,12.8295
OTTAWA INTL A,2024-07-11 4:00,2024,7,11,4:00,18.9,18.7,99,6,12,1.693370933,,,19.27991667,86.3203,16.96036667,0.95,2.116666667,297.6166667,,,0.37991667,2.383333333,12.6797
OTTAWA INTL A,2024-07-11 5:00,2024,7,11,5:00,18.9,18.9,100,1,14,9.391502683,,,19.47151667,85.70658333,17.03576667,0.391666667,1.366666667,225.2,,,0.57151667,3.497222222,14.29341667
OTTAWA INTL A,2024-07-11 6:00,2024,7,11,6:00,18.6,18.6,100,2,9,32.56844335,,,19.54525,87.05623333,17.35553333,0.525,1.675,332.8333333,,,0.94525,1.975,12.94376667
OTTAWA INTL A,2024-07-11 7:00,2024,7,11,7:00,18.7,18.7,100,35,10,29.781467,,,19.29065,91.31291667,17.85733333,0.291666667,1.191666667,300.0166667,,,0.59065,2.486111111,8.68708333
OTTAWA INTL A,2024-07-11 8:00,2024,7,11,8:00,18.9,18.9,100,36,8,76.31575677,,,19.34143333,93.5702,18.30181667,0.4,1.316666667,334.45,,,0.44143333,1.822222222,6.4298
OTTAWA INTL A,2024-07-11 9:00,2024,7,11,9:00,19.7,19.7,100,36,11,93.1068818,,,19.97883333,91.89885,18.64576667,0.091666667,0.508333333,281.1,,,0.27883333,2.963888889,8.10115
OTTAWA INTL A,2024-07-11 10:00,2024,7,11,10:00,20.1,20.1,100,34,12,143.1017352,,,20.57256667,91.72981667,19.20435,0.25,1.125,316.8333333,,,0.47256667,3.083333333,8.27018333
OTTAWA INTL A,2024-07-11 11:00,2024,7,11,11:00,20.1,20.1,100,34,16,137.3843352,,,20.56255,92.60886667,19.348,0.916666667,2.191666667,314.0666667,,,0.46255,3.527777777,7.39113333
OTTAWA INTL A,2024-07-11 12:00,2024,7,11,12:00,20.8,20.8,100,35,19,198.2788408,,,20.9908,92.30878333,19.72023333,1.033333333,2.183333333,308.3333333,,,0.1908,4.244444445,7.69121667
OTTAWA INTL A,2024-07-11 13:00,2024,7,11,13:00,20.9,20.9,100,33,15,282.8389398,,,21.25888333,92.32546667,19.98488333,1.141666667,2.416666667,302.0166667,,,0.35888333,3.025,7.67453333
OTTAWA INTL A,2024-07-11 14:00,2024,7,11,14:00,20.8,20.8,100,33,13,166.8090165,,,21.85986667,86.65221667,19.55403333,1.016666667,2.116666667,275.75,,,1.05986667,2.594444444,13.34778333
OTTAWA INTL A,2024-07-11 15:00,2024,7,11,15:00,21.1,21.1,100,33,13,141.0387453,,,21.72393333,87.41333333,19.56496667,0.208333333,1.025,310.8833333,,,0.62393333,3.402777778,12.58666667
OTTAWA INTL A,2024-07-11 16:00,2024,7,11,16:00,21.6,20.8,95,35,13,154.6127161,,,22.15256667,85.96705,19.7112,0.366666667,1.266666667,239.85,,,0.55256667,3.244444444,9.03295
OTTAWA INTL A,2024-07-11 17:00,2024,7,11,17:00,21.4,21.4,100,5,8,146.4249003,,,22.4621,83.7285,19.59195,0.283333333,1.208333333,304.6666667,,,1.0621,1.938888889,16.2715
OTTAWA INTL A,2024-07-11 18:00,2024,7,11,18:00,21.1,21.1,100,36,2,78.4239304,,,21.84691667,86.90931667,19.58013333,0.258333333,1.191666667,294.4666667,,,0.74691667,0.297222223,13.09068333
OTTAWA INTL A,2024-07-11 19:00,2024,7,11,19:00,20.5,20.5,100,36,2,18.81604168,,,20.77676667,92.48203333,19.5382,0.066666667,0.25,287.85,,,0.27676667,0.488888889,7.51796667
OTTAWA INTL A,2024-07-11 20:00,2024,7,11,20:00,19.8,19.8,100,22,4,6.998773267,,,20.85601667,92.99495,19.70603333,0,0,282,,,1.05601667,1.111111111,7.00505
OTTAWA INTL A,2024-07-11 21:00,2024,7,11,21:00,19.4,19.4,100,24,3,1.8099571,,,20.73661667,94.10863333,19.78011667,0,0,282,,,1.33661667,0.833333333,5.89136667
OTTAWA INTL A,2024-07-11 22:00,2024,7,11,22:00,19.4,19.4,100,22,6,1.527316567,,,20.6965,94.1148,19.7415,0,0,282,,,1.2965,1.666666667,5.8852
OTTAWA INTL A,2024-07-11 23:00,2024,7,11,23:00,19.6,19.6,100,19,5,1.821461767,,,20.7945,94.7528,19.94825,0.133333333,0.558333333,187.8166667,,,1.1945,1.255555556,5.2472
OTTAWA INTL A,2024-07-12 0:00,2024,7,12,0:00,19.7,19.7,100,19,7,1.697767833,,,20.36118333,93.45373333,19.29481667,0.091666667,0.616666667,157.6833333,,,0.66118333,1.852777777,6.54626667
OTTAWA INTL A,2024-07-12 1:00,2024,7,12,1:00,19.5,19.5,100,20,6,1.44188325,,,20.3562,91.98731667,19.0356,0.033333333,0.466666667,167.85,,,0.8562,1.633333334,8.01268333
OTTAWA INTL A,2024-07-12 2:00,2024,7,12,2:00,19.4,19.4,100,18,8,1.72675255,,,20.28108333,92.53155,19.05588333,0.075,0.608333333,156.85,,,0.88108333,2.147222222,7.46845
OTTAWA INTL A,2024-07-12 3:00,2024,7,12,3:00,19.2,19.2,100,22,8,1.751626517,,,20.07718333,93.62625,19.0423,0.325,1.05,181.2666667,,,0.87718333,1.897222222,6.37375
OTTAWA INTL A,2024-07-12 4:00,2024,7,12,4:00,19,19,100,19,4,1.658423117,,,19.9355,93.7464,18.92226667,0.041666667,0.35,193.6166667,,,0.9355,1.069444444,6.2536
OTTAWA INTL A,2024-07-12 5:00,2024,7,12,5:00,18.9,18.9,100,16,7,8.162814717,,,19.87513333,94.2702,18.95158333,0.033333333,0.216666667,153.4166667,,,0.97513333,1.911111111,5.7298
OTTAWA INTL A,2024-07-12 6:00,2024,7,12,6:00,19.4,19.4,100,16,10,62.15969668,,,19.961,94.8167,19.12975,0.025,0.375,135.9333333,,,0.561,2.752777778,5.1833
OTTAWA INTL A,2024-07-12 7:00,2024,7,12,7:00,21.2,21.2,100,20,8,143.352608,,,20.6301,92.97935,19.4776,0.308333333,1.066666667,162.05,,,0.5699,1.913888889,7.02065
OTTAWA INTL A,2024-07-12 8:00,2024,7,12,8:00,22,22,100,24,4,266.0592695,,,21.93125,87.5044,19.78228333,0.108333333,0.616666667,200.0166667,,,0.06875,1.002777778,12.4956
OTTAWA INTL A,2024-07-12 9:00,2024,7,12,9:00,24.2,20.9,81,19,5,596.474204,,,24.73628333,76.4079,20.31608333,0.433333333,1.325,174.9333333,,,0.53628333,0.955555556,4.5921
OTTAWA INTL A,2024-07-12 10:00,2024,7,12,10:00,24.1,20.6,81,18,8,803.8260062,,,26.2087,67.43646667,19.71483333,0.516666667,1.508333333,209.8666667,,,2.1087,1.705555555,13.56353333
OTTAWA INTL A,2024-07-12 11:00,2024,7,12,11:00,25.7,20.1,70,23,7,277.2529205,,,26.1383,68.86493333,19.97193333,0.25,0.9,204.55,,,0.4383,1.694444444,1.13506667
OTTAWA INTL A,2024-07-12 12:00,2024,7,12,12:00,26.5,20.1,68,21,5,478.9123522,,,27.1188,65.02558333,19.98096667,0.508333333,1.3,147.5,,,0.6188,0.880555556,2.97441667
OTTAWA INTL A,2024-07-12 13:00,2024,7,12,13:00,26.2,20.2,69,22,8,518.0741108,,,26.58835,67.42481667,20.07923333,0.966666667,1.991666667,126.2333333,,,0.38835,1.255555555,1.57518333
OTTAWA INTL A,2024-07-12 14:00,2024,7,12,14:00,26.3,21.2,73,18,10,545.5843278,,,27.44555,65.21931667,20.35166667,1.641666667,2.875,114.4666667,,,1.14555,1.136111111,7.78068333
OTTAWA INTL A,2024-07-12 15:00,2024,7,12,15:00,26.8,20.5,68,17,11,233.07898,,,26.94188333,66.1077,20.09868333,1.658333333,2.95,129.5333333,,,0.14188333,1.397222223,1.8923
OTTAWA INTL A,2024-07-12 16:00,2024,7,12,16:00,26.4,20.6,70,18,15,309.3366067,,,27.25748333,64.19733333,19.91858333,1.05,2.316666667,166.8,,,0.85748333,3.116666667,5.80266667
OTTAWA INTL A,2024-07-12 17:00,2024,7,12,17:00,26.6,21.3,72,18,9,455.8569873,,,28.73306667,59.586,20.1037,1.258333333,2.466666667,171.6666667,,,2.13306667,1.241666667,12.414
OTTAWA INTL A,2024-07-12 18:00,2024,7,12,18:00,26.8,21.2,71,18,13,212.4312518,,,27.84018333,61.57718333,19.79846667,1.083333333,2.241666667,170.3166667,,,1.04018333,2.527777778,9.42281667
OTTAWA INTL A,2024-07-12 19:00,2024,7,12,19:00,25.5,21.2,77,19,14,109.9371352,,,26.84573333,67.67885,20.35598333,0.841666667,1.825,148.8166667,,,1.34573333,3.047222222,9.32115
OTTAWA INTL A,2024-07-12 20:00,2024,7,12,20:00,21.9,21.7,99,16,14,15.7939564,,,25.62853333,73.08483333,20.46918333,1.075,2.258333333,164.2833333,,,3.72853333,2.813888889,25.91516667
OTTAWA INTL A,2024-07-12 21:00,2024,7,12,21:00,22.3,22.3,100,19,7,1.902317733,,,22.37885,87.7735,20.27206667,0.35,0.8,126.1833333,,,0.07885,1.594444444,12.2265
OTTAWA INTL A,2024-07-12 22:00,2024,7,12,22:00,21.7,21.5,99,19,8,1.309524233,,,22.63911667,87.01958333,20.38253333,0.016666667,0.191666667,139.0666667,,,0.93911667,2.205555555,11.98041667
OTTAWA INTL A,2024-07-12 23:00,2024,7,12,23:00,21.1,20.6,97,19,7,1.812466367,,,23.23998333,81.01116667,19.8234,0.466666667,1.416666667,165.85,,,2.13998333,1.477777777,15.98883333
OTTAWA INTL A,2024-07-13 0:00,2024,7,13,0:00,20.6,20,97,21,8,1.6886853,,,22.39488333,82.21201667,19.23655,0.325,1.158333333,166.6833333,,,1.79488333,1.897222222,14.78798333
OTTAWA INTL A,2024-07-13 1:00,2024,7,13,1:00,20.2,20.2,100,19,9,1.6901869,,,22.16678333,81.93365,18.95825,0.175,0.808333333,165.7166667,,,1.96678333,2.325,18.06635
OTTAWA INTL A,2024-07-13 2:00,2024,7,13,2:00,20,20,100,20,11,1.681158017,,,21.70383333,83.90263333,18.88716667,0.466666667,1.241666667,159.95,,,1.70383333,2.588888889,16.09736667
OTTAWA INTL A,2024-07-13 3:00,2024,7,13,3:00,20,20,100,23,8,1.704470417,,,21.46156667,84.73355,18.8076,0.708333333,1.741666667,168.3333333,,,1.46156667,1.513888889,15.26645
OTTAWA INTL A,2024-07-13 4:00,2024,7,13,4:00,20.4,20.4,100,31,22,2.651525983,,,21.17665,86.91663333,18.92906667,1.383333333,3.108333333,225.2166667,,,0.77665,4.727777778,13.08336667
OTTAWA INTL A,2024-07-13 5:00,2024,7,13,5:00,19.7,19.7,100,31,8,2.1722719,,,20.18933333,92.72841667,18.99888333,0.616666667,1.491666667,310.3333333,,,0.48933333,1.605555555,7.27158333
OTTAWA INTL A,2024-07-13 6:00,2024,7,13,6:00,19.6,19.6,100,19,4,19.36147012,,,20.28333333,91.83891667,18.9372,0.025,0.266666667,284.55,,,0.68333333,1.086111111,8.16108333
OTTAWA INTL A,2024-07-13 7:00,2024,7,13,7:00,20.5,20.5,100,24,10,173.3137681,,,20.92038333,88.8942,19.0402,0.275,0.95,222.4333333,,,0.42038333,2.502777778,11.1058
OTTAWA INTL A,2024-07-13 8:00,2024,7,13,8:00,21.8,21,95,24,8,338.0205787,,,22.21371667,83.66293333,19.33301667,0.25,1.058333333,287.9,,,0.41371667,1.972222222,11.33706667
OTTAWA INTL A,2024-07-13 9:00,2024,7,13,9:00,23.7,18.5,72,28,9,595.9469572,,,24.31238333,74.04018333,19.39888333,0.358333333,1.291666667,276.6833333,,,0.61238333,2.141666667,2.04018333
OTTAWA INTL A,2024-07-13 10:00,2024,7,13,10:00,25.3,19.2,68,25,10,733.9451728,,,25.7319,68.34091667,19.47655,0.741666667,1.866666667,265.3333333,,,0.4319,2.036111111,0.34091667
OTTAWA INTL A,2024-07-13 11:00,2024,7,13,11:00,26.1,18.1,61,26,9,824.9177917,,,26.85388333,61.93608333,18.95476667,0.908333333,1.916666667,261.9166667,,,0.75388333,1.591666667,0.93608333
OTTAWA INTL A,2024-07-13 12:00,2024,7,13,12:00,27.5,17.6,54,24,12,906.5950205,,,27.77648333,56.44918333,18.3021,1.208333333,2.483333333,252,,,0.27648333,2.125,2.44918333
OTTAWA INTL A,2024-07-13 13:00,2024,7,13,13:00,28.1,17.8,53,25,16,882.9720782,,,28.15943333,54.01835,17.99036667,1.991666667,3.483333333,261.0666667,,,0.05943333,2.452777777,1.01835
OTTAWA INTL A,2024-07-13 14:00,2024,7,13,14:00,28.5,16.6,48,26,9,846.4699103,,,28.75141667,48.53731667,16.8283,1.716666667,3.175,255.8333333,,,0.25141667,0.783333333,0.53731667
OTTAWA INTL A,2024-07-13 15:00,2024,7,13,15:00,28.8,17.2,49,28,13,757.0548612,,,28.81821667,49.10328333,17.06595,1.991666667,3.483333333,277.1666667,,,0.01821667,1.619444444,0.10328333
OTTAWA INTL A,2024-07-13 16:00,2024,7,13,16:00,28.9,17.6,50,26,9,609.940095,,,29.03233333,48.7298,17.15766667,1.958333333,3.35,277.3333333,,,0.13233333,0.541666667,1.2702
OTTAWA INTL A,2024-07-13 17:00,2024,7,13,17:00,28.6,18.5,53,25,6,461.3399443,,,29.12921667,48.89395,17.30331667,1.725,3.058333333,277.4333333,,,0.52921667,0.058333333,4.10605
OTTAWA INTL A,2024-07-13 18:00,2024,7,13,18:00,27.8,19.1,59,26,9,291.447593,,,28.98721667,49.48176667,17.36358333,1.1,2.175,273.2,,,1.18721667,1.4,9.51823333
OTTAWA INTL A,2024-07-13 19:00,2024,7,13,19:00,25.9,18.8,64,22,7,120.9524814,,,28.33465,50.85801667,17.20111667,0.533333333,1.591666667,264.7666667,,,2.43465,1.411111111,13.14198333
OTTAWA INTL A,2024-07-13 20:00,2024,7,13,20:00,25.1,17.1,60,23,7,19.86087517,,,26.67623333,54.40376667,16.72643333,0.083333333,0.525,257.7833333,,,1.57623333,1.861111111,5.59623333
OTTAWA INTL A,2024-07-13 21:00,2024,7,13,21:00,23.1,18.4,75,19,12,1.867168283,,,25.20245,59.37406667,16.73118333,0.025,0.091666667,223.0833333,,,2.10245,3.308333333,15.62593333
OTTAWA INTL A,2024-07-13 22:00,2024,7,13,22:00,21.7,20.5,93,22,7,2.062340317,,,25.2797,60.25463333,17.03848333,0.233333333,0.791666667,183.6333333,,,3.5797,1.711111111,32.74536667
OTTAWA INTL A,2024-07-13 23:00,2024,7,13,23:00,20.8,20.7,99,21,7,2.2575725,,,24.01998333,68.92023333,17.9764,0.683333333,1.683333333,185.3,,,3.21998333,1.261111111,30.07976667
OTTAWA INTL A,2024-07-14 0:00,2024,7,14,0:00,19.4,19.4,100,22,9,1.92371885,,,23.3165,71.4138,17.87246667,0.358333333,1.075,232.25,,,3.9165,2.141666667,28.5862
OTTAWA INTL A,2024-07-14 1:00,2024,7,14,1:00,19.5,19.5,100,23,11,1.634249033,,,22.25731667,75.67361667,17.77713333,0.433333333,0.958333333,194.5166667,,,2.75731667,2.622222223,24.32638333
OTTAWA INTL A,2024-07-14 2:00,2024,7,14,2:00,19.2,19.2,100,22,10,1.7634012,,,22.09896667,77.26773333,17.95325,0.358333333,0.966666667,226.1833333,,,2.89896667,2.419444445,22.73226667
OTTAWA INTL A,2024-07-14 3:00,2024,7,14,3:00,18.3,18.3,100,19,11,1.737110433,,,21.3011,80.4672,17.82473333,0.1,0.7,268.9,,,3.0011,2.955555556,19.5328
OTTAWA INTL A,2024-07-14 4:00,2024,7,14,4:00,18,18,100,21,7,1.7906703,,,20.52646667,83.61518333,17.67793333,0.008333333,0.175,259.3166667,,,2.52646667,1.936111111,16.38481667
OTTAWA INTL A,2024-07-14 5:00,2024,7,14,5:00,17.6,17.6,100,22,8,10.80879782,,,19.95096667,85.54021667,17.47528333,0.025,0.208333333,166.0333333,,,2.35096667,2.197222222,14.45978333
OTTAWA INTL A,2024-07-14 6:00,2024,7,14,6:00,18.6,18.6,100,20,9,93.4216601,,,20.09896667,84.1396,17.35658333,0.166666667,0.683333333,189.6166667,,,1.49896667,2.333333333,15.8604
OTTAWA INTL A,2024-07-14 7:00,2024,7,14,7:00,20.9,19.9,94,23,8,254.6332975,,,21.76218333,78.13803333,17.80025,0.291666667,1.191666667,214.7333333,,,0.86218333,1.930555555,15.86196667
OTTAWA INTL A,2024-07-14 8:00,2024,7,14,8:00,23.7,18.7,73,24,10,422.7675352,,,23.621,70.42076667,17.93745,0.75,2.025,230.8333333,,,0.079,2.027777778,2.57923333
OTTAWA INTL A,2024-07-14 9:00,2024,7,14,9:00,25.5,19.6,69,25,9,581.9043345,,,25.51238333,61.44968333,17.56351667,1.133333333,2.408333333,241.1,,,0.01238333,1.366666667,7.55031667
OTTAWA INTL A,2024-07-14 10:00,2024,7,14,10:00,27,20,65,22,10,735.8699455,,,26.7449,58.52315,17.95198333,1.333333333,2.541666667,260.0666667,,,0.2551,1.444444445,6.47685
OTTAWA INTL A,2024-07-14 11:00,2024,7,14,11:00,27.9,18.9,58,22,14,822.4370948,,,28.07325,53.24415,17.67548333,1.35,2.8,242.2666667,,,0.17325,2.538888889,4.75585
OTTAWA INTL A,2024-07-14 12:00,2024,7,14,12:00,28.5,17.1,50,25,17,869.6762675,,,28.59873333,50.6546,17.37128333,1.933333333,3.533333333,256.55,,,0.09873333,2.788888889,0.6546
OTTAWA INTL A,2024-07-14 13:00,2024,7,14,13:00,29,18.3,52,21,17,886.2164632,,,29.54988333,48.9364,17.69758333,1.608333333,3.1,246.15,,,0.54988333,3.113888889,3.0636
OTTAWA INTL A,2024-07-14 14:00,2024,7,14,14:00,29.7,19.9,55,24,14,591.1605352,,,29.90458333,49.2068,18.10796667,1.283333333,2.725,206.4333333,,,0.20458333,2.605555556,5.7932
OTTAWA INTL A,2024-07-14 15:00,2024,7,14,15:00,29.7,19.7,55,17,13,498.2081833,,,30.06758333,49.05558333,18.19195,1.383333333,2.583333333,198.85,,,0.36758333,2.227777778,5.94441667
OTTAWA INTL A,2024-07-14 16:00,2024,7,14,16:00,29.2,19.8,56,20,17,404.9048143,,,30.1312,48.16046667,17.97421667,1.716666667,3.266666667,203.3,,,0.9312,3.005555555,7.83953333
OTTAWA INTL A,2024-07-14 17:00,2024,7,14,17:00,28.1,19.4,59,22,23,413.6878097,,,29.9217,49.839,18.33351667,2.4,4.458333333,198.8166667,,,1.8217,3.988888889,9.161
OTTAWA INTL A,2024-07-14 18:00,2024,7,14,18:00,26.8,19,62,19,15,194.5818795,,,28.76131667,55.48586667,18.98035,2.216666667,4.05,186.6166667,,,1.96131667,1.95,6.51413333
OTTAWA INTL A,2024-07-14 19:00,2024,7,14,19:00,25.4,17.6,61,19,15,67.78759977,,,27.56953333,58.19396667,18.63723333,2.241666667,4,179.2333333,,,2.16953333,1.925,2.80603333
OTTAWA INTL A,2024-07-14 20:00,2024,7,14,20:00,24,17.1,65,18,12,11.94877047,,,26.30595,58.58888333,17.56126667,1.733333333,3.158333333,166.3,,,2.30595,1.6,6.41111667
OTTAWA INTL A,2024-07-14 21:00,2024,7,14,21:00,23.4,17.5,69,20,8,2.099616367,,,25.49233333,56.843,16.32611667,1.266666667,2.441666667,163.5333333,,,2.09233333,0.955555555,12.157
OTTAWA INTL A,2024-07-14 22:00,2024,7,14,22:00,23.4,17.6,70,19,9,1.653535967,,,25.06955,58.3904,16.35126667,1.8,3.408333333,176.2,,,1.66955,0.7,11.6096
OTTAWA INTL A,2024-07-14 23:00,2024,7,14,23:00,22.9,19.1,79,21,14,1.778877033,,,24.52826667,64.9218,17.51125,0.775,1.933333333,204.3,,,1.62826667,3.113888889,14.0782
OTTAWA INTL A,2024-07-15 0:00,2024,7,15,0:00,22.2,20.2,89,21,10,1.957256317,,,23.81443333,71.58511667,18.3881,0.5,1.658333333,209.6666667,,,1.61443333,2.277777778,17.41488333
OTTAWA INTL A,2024-07-15 1:00,2024,7,15,1:00,21.9,21.6,98,23,11,1.740134533,,,23.2857,77.05186667,19.06033333,0.725,1.933333333,196.65,,,1.3857,2.330555556,20.94813333
OTTAWA INTL A,2024-07-15 2:00,2024,7,15,2:00,22.2,21.8,98,23,13,1.655343083,,,23.12808333,80.29666667,19.57076667,0.75,1.891666667,233.9166667,,,0.92808333,2.861111111,17.70333333
OTTAWA INTL A,2024-07-15 3:00,2024,7,15,3:00,21.3,21.3,100,25,6,1.8258755,,,22.47071667,84.34833333,19.72348333,0.691666667,1.683333333,252.5,,,1.17071667,0.975,15.65166667
OTTAWA INTL A,2024-07-15 4:00,2024,7,15,4:00,20.7,20.7,100,21,11,1.655920433,,,22.39553333,85.23181667,19.81878333,0.941666667,2.191666667,241.75,,,1.69553333,2.113888889,14.76818333
OTTAWA INTL A,2024-07-15 5:00,2024,7,15,5:00,20.3,20.3,100,21,6,11.49430167,,,22.1322,86.76533333,19.84765,0.983333333,2.158333333,256.8833333,,,1.8322,0.683333334,13.23466667
OTTAWA INTL A,2024-07-15 6:00,2024,7,15,6:00,21.4,21.4,100,24,6,111.98698,,,22.23261667,87.04551667,19.99616667,0.608333333,1.541666667,267.35,,,0.83261667,1.058333334,12.95448333
OTTAWA INTL A,2024-07-15 7:00,2024,7,15,7:00,23.1,22.3,95,25,8,264.6892093,,,23.76586667,80.82821667,20.298,0.991666667,2.1,253.5166667,,,0.66586667,1.230555555,14.17178333
OTTAWA INTL A,2024-07-15 8:00,2024,7,15,8:00,24.9,22,84,24,9,404.8172772,,,24.78135,77.0087,20.50008333,1.375,2.641666667,264.2666667,,,0.11865,1.125,6.9913
OTTAWA INTL A,2024-07-15 9:00,2024,7,15,9:00,25.5,21.4,78,25,10,519.9075752,,,25.58668333,73.5726,20.5359,1.641666667,2.816666667,257.7166667,,,0.08668333,1.136111111,4.4274
OTTAWA INTL A,2024-07-15 10:00,2024,7,15,10:00,26.8,21.5,72,24,14,517.6294088,,,26.7217,69.06766667,20.59631667,1.683333333,3.275,247.1666667,,,0.0783,2.205555556,2.93233333
OTTAWA INTL A,2024-07-15 11:00,2024,7,15,11:00,28,22.2,70,20,18,655.9294113,,,28.19836667,64.47171667,20.87345,1.016666667,2.325,233.7166667,,,0.19836667,3.983333333,5.52828333
OTTAWA INTL A,2024-07-15 12:00,2024,7,15,12:00,28.2,22.2,69,20,12,758.3406173,,,29.33085,61.65253333,21.21586667,1.708333333,3.366666667,211.3,,,1.13085,1.625,7.34746667
OTTAWA INTL A,2024-07-15 13:00,2024,7,15,13:00,29.6,22.2,64,22,16,616.4347253,,,29.59493333,60.97366667,21.28716667,1.608333333,2.975,245.6833333,,,0.00506667,2.836111111,3.02633333
OTTAWA INTL A,2024-07-15 14:00,2024,7,15,14:00,30.2,22.2,62,23,17,569.5448988,,,30.30271667,58.99578333,21.41256667,1.783333333,3.175,189.7166667,,,0.10271667,2.938888889,3.00421667
OTTAWA INTL A,2024-07-15 15:00,2024,7,15,15:00,29.8,22.2,63,21,13,409.9549143,,,30.53403333,58.42723333,21.47016667,1.675,3.15,214.5166667,,,0.73403333,1.936111111,4.57276667
OTTAWA INTL A,2024-07-15 16:00,2024,7,15,16:00,28.5,23.8,75,15,16,265.468843,,,30.23951667,59.24988333,21.42253333,1.675,3.058333333,175.1666667,,,1.73951667,2.769444444,15.75011667
OTTAWA INTL A,2024-07-15 17:00,2024,7,15,17:00,23.4,19.9,80,30,43,46.74945852,,,27.07731667,71.08543333,21.2013,2.385,4.126666667,221.9166667,,,3.67731667,9.559444444,8.91456667
OTTAWA INTL A,2024-07-15 18:00,2024,7,15,18:00,21.1,21.1,100,31,9,15.04457768,,,20.78518333,92.4161,19.53465,1.5,2.616666667,273.9666667,,,0.31481667,1,7.5839
OTTAWA INTL A,2024-07-15 19:00,2024,7,15,19:00,21.1,21.1,100,13,9,34.72631038,,,20.9908,93.11751667,19.86163333,0.483333333,1.075,164.2833333,,,0.1092,2.016666667,6.88248333
OTTAWA INTL A,2024-07-15 20:00,2024,7,15,20:00,20.6,20.6,100,11,8,11.0345026,,,21.0805,94.2781,20.15073333,1.325,2.216666667,129.65,,,0.4805,0.897222222,5.7219
OTTAWA INTL A,2024-07-15 21:00,2024,7,15,21:00,20.6,20.6,100,26,5,1.63228825,,,20.73265,94.13661667,19.78118333,0.083333333,0.441666667,193,,,0.13265,1.305555556,5.86338333
OTTAWA INTL A,2024-07-15 22:00,2024,7,15,22:00,20.1,20.1,100,12,10,1.8044053,,,20.63901667,94.67588333,19.78021667,0.116666667,0.491666667,249.7166667,,,0.53901667,2.661111111,5.32411667
OTTAWA INTL A,2024-07-15 23:00,2024,7,15,23:00,20.1,20.1,100,16,12,1.542262917,,,20.35128333,96.33945,19.77513333,0.508333333,1.208333333,102.1,,,0.25128333,2.825,3.66055
OTTAWA INTL A,2024-07-16 0:00,2024,7,16,0:00,19.5,19.5,100,18,4,1.664915983,,,20.18686667,96.60163333,19.65491667,0.541666667,1.408333333,152.8333333,,,0.68686667,0.569444444,3.39836667
OTTAWA INTL A,2024-07-16 1:00,2024,7,16,1:00,19.4,19.4,100,19,8,1.6770975,,,20.11213333,96.20498333,19.51415,0.15,0.783333333,168.1333333,,,0.71213333,2.072222222,3.79501667
OTTAWA INTL A,2024-07-16 2:00,2024,7,16,2:00,19.5,19.5,100,23,5,1.454012933,,,20.00058333,96.43996667,19.44233333,0.025,0.283333333,192.1833333,,,0.50058333,1.363888889,3.56003333
OTTAWA INTL A,2024-07-16 3:00,2024,7,16,3:00,19.8,19.8,100,22,8,1.370681633,,,20.28873333,94.52593333,19.40521667,0.175,0.908333333,199.3,,,0.48873333,2.047222222,5.47406667
OTTAWA INTL A,2024-07-16 4:00,2024,7,16,4:00,19.3,19.3,100,21,10,1.561713917,,,20.4814,93.3825,19.40081667,0.25,0.991666667,233.0833333,,,1.1814,2.527777778,6.6175
OTTAWA INTL A,2024-07-16 5:00,2024,7,16,5:00,19.3,19.3,100,22,9,9.819263567,,,20.37555,93.59553333,19.33355,0.583333333,1.641666667,199.15,,,1.07555,1.916666667,6.40446667
OTTAWA INTL A,2024-07-16 6:00,2024,7,16,6:00,20.1,20.1,100,19,9,105.8228483,,,20.92318333,91.57325,19.52411667,0.675,1.65,203.8166667,,,0.82318333,1.825,8.42675
OTTAWA INTL A,2024-07-16 7:00,2024,7,16,7:00,21.7,21.7,100,19,13,239.1132137,,,21.72528333,89.06223333,19.86596667,1.291666667,2.325,166.55,,,0.02528333,2.319444444,10.93776667
OTTAWA INTL A,2024-07-16 8:00,2024,7,16,8:00,22.4,22.4,100,18,11,308.0757287,,,23.32325,84.03695,20.4982,0.975,1.983333333,178.5666667,,,0.92325,2.080555556,15.96305
OTTAWA INTL A,2024-07-16 9:00,2024,7,16,9:00,24.1,23.9,98,19,10,363.9513703,,,23.97198333,82.37823333,20.80958333,1.1,2.2,169.6666667,,,0.12801667,1.677777778,15.62176667
OTTAWA INTL A,2024-07-16 10:00,2024,7,16,10:00,24,23.9,99,21,9,340.3511335,,,24.77421667,80.42766667,21.20151667,1.508333333,2.7,174.65,,,0.77421667,0.991666667,18.57233333
OTTAWA INTL A,2024-07-16 11:00,2024,7,16,11:00,24.7,24,95,16,6,210.3782768,,,25.04911667,80.67415,21.51953333,0.766666667,1.85,173.6666667,,,0.34911667,0.9,14.32585
OTTAWA INTL A,2024-07-16 12:00,2024,7,16,12:00,25.3,23.4,89,20,8,120.769223,,,24.90896667,82.54825,21.75788333,0.9,1.808333333,142.1666667,,,0.39103333,1.322222222,6.45175
OTTAWA INTL A,2024-07-16 13:00,2024,7,16,13:00,24.7,23.9,95,19,4,98.92657005,,,25.23726667,82.0716,21.98436667,1.008333333,1.983333333,172.9333333,,,0.53726667,0.102777778,12.9284
OTTAWA INTL A,2024-07-16 14:00,2024,7,16,14:00,24.9,24.6,98,24,8,187.6943186,,,25.85771667,80.36313333,22.2398,0.683333333,1.725,187.8333333,,,0.95771667,1.538888889,17.63686667
OTTAWA INTL A,2024-07-16 15:00,2024,7,16,15:00,24.6,23.9,96,21,6,133.2222686,,,25.07128333,85.10715,22.41478333,0.558333333,1.408333333,256.1166667,,,0.47128333,1.108333334,10.89285
OTTAWA INTL A,2024-07-16 16:00,2024,7,16,16:00,25.1,22.9,87,27,9,102.415659,,,24.69415,87.25671667,22.44923333,0.641666667,1.425,237.4666667,,,0.40585,1.858333333,0.25671667
OTTAWA INTL A,2024-07-16 17:00,2024,7,16,17:00,25.6,23.6,89,22,8,143.0455971,,,24.43218333,89.3465,22.59301667,0.258333333,0.858333333,236.8833333,,,1.16781667,1.963888889,0.3465
OTTAWA INTL A,2024-07-16 18:00,2024,7,16,18:00,25.7,22.7,83,26,10,259.1764833,,,26.193,79.8891,22.46163333,0.891666667,1.766666667,266.95,,,0.493,1.886111111,3.1109
OTTAWA INTL A,2024-07-16 19:00,2024,7,16,19:00,24.8,23.4,92,24,8,102.7067878,,,25.69115,81.58405,22.32883333,0.491666667,1.283333333,264.9166667,,,0.89115,1.730555555,10.41595
OTTAWA INTL A,2024-07-16 20:00,2024,7,16,20:00,23.7,20.9,84,21,10,15.27459598,,,25.02555,82.48208333,21.85818333,0.325,1.15,243.0333333,,,1.32555,2.452777778,1.51791667
OTTAWA INTL A,2024-07-16 21:00,2024,7,16,21:00,23.1,21.5,90,21,10,1.671776267,,,24.58508333,79.81871667,20.88631667,0.475,1.475,169.3,,,1.48508333,2.302777778,10.18128333
OTTAWA INTL A,2024-07-16 22:00,2024,7,16,22:00,23.2,22.1,94,21,18,1.622356083,,,24.27018333,77.64228333,20.13775,0.625,1.841666667,218.5833333,,,1.07018333,4.375,16.35771667
OTTAWA INTL A,2024-07-16 23:00,2024,7,16,23:00,22.7,22.7,100,20,17,1.941433683,,,23.72395,82.81125,20.65041667,1.108333333,2.766666667,204.4166667,,,1.02395,3.613888889,17.18875
OTTAWA INTL A,2024-07-17 0:00,2024,7,17,0:00,21.9,21.9,100,21,13,1.786395617,,,23.11805,86.28746667,20.72756667,1.15,2.741666667,211.4333333,,,1.21805,2.461111111,13.71253333
OTTAWA INTL A,2024-07-17 1:00,2024,7,17,1:00,21.5,21.5,100,22,18,1.755712267,,,22.58226667,87.96266667,20.51301667,1.15,2.625,227.5666667,,,1.08226667,3.85,12.03733333
OTTAWA INTL A,2024-07-17 2:00,2024,7,17,2:00,21.2,21.2,100,22,14,1.719908733,,,22.36705,87.8637,20.28268333,0.966666667,2.166666667,221.7,,,1.16705,2.922222222,12.1363
OTTAWA INTL A,2024-07-17 3:00,2024,7,17,3:00,20.4,20.4,100,25,6,1.62578315,,,21.91481667,88.18498333,19.8962,0.358333333,1.35,231.4333333,,,1.51481667,1.308333334,11.81501667
OTTAWA INTL A,2024-07-17 4:00,2024,7,17,4:00,19.9,19.9,100,24,5,1.8796989,,,21.65433333,88.04793333,19.61411667,0.575,1.533333333,253.15,,,1.75433333,0.813888889,11.95206667
OTTAWA INTL A,2024-07-17 5:00,2024,7,17,5:00,20.1,20.1,100,21,7,9.0346193,,,21.0569,89.89598333,19.35893333,0.333333333,0.916666667,91.55,,,0.9569,1.611111111,10.10401667
OTTAWA INTL A,2024-07-17 6:00,2024,7,17,6:00,20.8,20.8,100,21,8,55.9510166,,,21.4684,88.19451667,19.45705,1.041666667,2.366666667,235.5166667,,,0.6684,1.180555555,11.80548333
OTTAWA INTL A,2024-07-17 7:00,2024,7,17,7:00,21.4,21.4,100,23,13,140.6353188,,,21.86195,86.18373333,19.47148333,0.791666667,2.216666667,233.3,,,0.46195,2.819444444,13.81626667
OTTAWA INTL A,2024-07-17 8:00,2024,7,17,8:00,22.8,20,84,26,18,304.7446275,,,22.82525,77.245,18.641,1.775,3.366666667,240.8166667,,,0.02525,3.225,6.755
OTTAWA INTL A,2024-07-17 9:00,2024,7,17,9:00,23.9,19.6,77,25,17,542.994283,,,23.65428333,73.35298333,18.62225,1.758333333,3.391666667,253.0666667,,,0.24571667,2.963888889,3.64701667
OTTAWA INTL A,2024-07-17 10:00,2024,7,17,10:00,23.9,18.9,73,27,18,452.7143555,,,24.09925,72.47691667,18.86131667,1.858333333,3.325,259.4833333,,,0.19925,3.141666667,0.52308333
OTTAWA INTL A,2024-07-17 11:00,2024,7,17,11:00,24.2,19.7,75,28,16,362.1658037,,,23.51128333,74.82778333,18.80518333,2.15,3.516666667,276.25,,,0.68871667,2.294444444,0.17221667
OTTAWA INTL A,2024-07-17 12:00,2024,7,17,12:00,23.9,19.3,75,29,16,563.6036243,,,24.69198333,70.6452,19.0048,1.733333333,3.15,262.8833333,,,0.79198333,2.711111111,4.3548
OTTAWA INTL A,2024-07-17 13:00,2024,7,17,13:00,25.1,19.4,70,25,10,690.7145908,,,25.69858333,66.77035,19.0709,1.525,2.8,256.5833333,,,0.59858333,1.252777778,3.22965
OTTAWA INTL A,2024-07-17 14:00,2024,7,17,14:00,26.7,18.5,60,25,11,788.058814,,,26.59903333,62.90583333,18.96081667,1.625,3.1,254.9833333,,,0.10096667,1.430555556,2.90583333
OTTAWA INTL A,2024-07-17 15:00,2024,7,17,15:00,27.1,16.3,51,25,14,743.5559885,,,27.62676667,55.50325,17.92258333,1.466666667,2.9,254.7333333,,,0.52676667,2.422222222,4.50325
OTTAWA INTL A,2024-07-17 16:00,2024,7,17,16:00,26.2,18.8,63,24,4,577.479717,,,28.25736667,53.07666667,17.79871667,1.308333333,2.558333333,259.55,,,2.05736667,0.197222222,9.92333333
OTTAWA INTL A,2024-07-17 17:00,2024,7,17,17:00,18.9,17.5,91,30,16,108.7984927,,,26.4018,55.54723333,16.78523333,1.533333333,2.883333333,252.65,,,7.5018,2.911111111,35.45276667
OTTAWA INTL A,2024-07-17 18:00,2024,7,17,18:00,21.6,18.4,81,13,6,113.1877523,,,21.58101667,76.80666667,17.32523333,2.083333333,3.466666667,169.65,,,0.01898333,0.416666666,4.19333333
OTTAWA INTL A,2024-07-17 19:00,2024,7,17,19:00,20.6,20.6,100,16,9,65.1519487,,,21.3897,80.53071667,17.92358333,1.025,1.925,157.6666667,,,0.7897,1.475,19.46928333
OTTAWA INTL A,2024-07-17 20:00,2024,7,17,20:00,20.2,20.2,100,17,7,17.20064563,,,21.70035,80.75778333,18.27186667,0.316666667,1.041666667,151.9,,,1.50035,1.627777777,19.24221667
OTTAWA INTL A,2024-07-17 21:00,2024,7,17,21:00,20.1,19.3,95,19,9,1.571484,,,22.19466667,77.69206667,18.13578333,0.633333333,1.583333333,176.4666667,,,2.09466667,1.866666667,17.30793333
OTTAWA INTL A,2024-07-17 22:00,2024,7,17,22:00,20,17.9,88,28,14,2.0295319,,,22.07528333,77.21268333,17.92045,1.066666667,2.183333333,261.6333333,,,2.07528333,2.822222222,10.78731667
OTTAWA INTL A,2024-07-17 23:00,2024,7,17,23:00,17.9,15.7,86,27,11,2.159020717,,,20.87931667,73.43165,15.97108333,0.758333333,1.8,287.8166667,,,2.97931667,2.297222223,12.56835
OTTAWA INTL A,2024-07-18 0:00,2024,7,18,0:00,16.7,15.8,94,26,10,1.9355122,,,19.70745,75.02098333,15.17415,0.808333333,1.775,280.0166667,,,3.00745,1.969444445,18.97901667
OTTAWA INTL A,2024-07-18 1:00,2024,7,18,1:00,16.2,16.2,100,25,10,1.867467483,,,18.49025,77.5313,14.50825,0.558333333,1.441666667,267.7333333,,,2.29025,2.219444445,22.4687
OTTAWA INTL A,2024-07-18 2:00,2024,7,18,2:00,15.9,15.9,100,26,14,1.873723383,,,17.75186667,80.83615,14.43586667,0.85,1.983333333,258.4333333,,,1.85186667,3.038888889,19.16385
OTTAWA INTL A,2024-07-18 3:00,2024,7,18,3:00,15.2,15.2,100,26,15,1.709959917,,,17.02575,83.37206667,14.20491667,0.9,1.9,259.45,,,1.82575,3.266666667,16.62793333
OTTAWA INTL A,2024-07-18 4:00,2024,7,18,4:00,14.7,14.7,100,25,14,1.59889865,,,16.21503333,86.74255,14.01965,1.041666667,2.091666667,271.1,,,1.51503333,2.847222222,13.25745
OTTAWA INTL A,2024-07-18 5:00,2024,7,18,5:00,14.7,14.7,100,27,11,7.10417565,,,16.27371667,86.32938333,14.00485,1.408333333,2.566666667,281.55,,,1.57371667,1.647222223,13.67061667
OTTAWA INTL A,2024-07-18 6:00,2024,7,18,6:00,16.5,15.8,96,30,18,66.51905058,,,16.39055,84.59711667,13.80733333,1.891666667,3.158333333,272.2833333,,,0.10945,3.108333333,11.40288333
OTTAWA INTL A,2024-07-18 7:00,2024,7,18,7:00,16.7,15.9,95,30,22,211.1898227,,,17.21281667,81.01606667,13.94375,1.916666667,3.333333333,283.7666667,,,0.51281667,4.194444444,13.98393333
OTTAWA INTL A,2024-07-18 8:00,2024,7,18,8:00,18,13.1,72,30,27,231.8305547,,,17.85761667,79.78581667,14.33635,1.775,3.208333333,270.1166667,,,0.14238333,5.725,7.78581667
OTTAWA INTL A,2024-07-18 9:00,2024,7,18,9:00,19,13.5,70,27,21,350.371333,,,18.36276667,73.80158333,13.61033333,2.125,3.55,275.1833333,,,0.63723333,3.708333333,3.80158333
OTTAWA INTL A,2024-07-18 10:00,2024,7,18,10:00,19,13,68,27,22,443.6635235,,,19.01438333,66.75605,12.70628333,2.866666667,4.6,279.7833333,,,0.01438333,3.244444444,1.24395
OTTAWA INTL A,2024-07-18 11:00,2024,7,18,11:00,18.6,13.1,70,28,18,327.4331538,,,18.84568333,67.08871667,12.62236667,2.225,3.741666667,289.4,,,0.24568333,2.775,2.91128333
OTTAWA INTL A,2024-07-18 12:00,2024,7,18,12:00,19,13.6,70,26,23,419.8312083,,,19.11366667,66.06846667,12.63441667,2.458333333,3.95,283.85,,,0.11366667,3.930555556,3.93153333
OTTAWA INTL A,2024-07-18 13:00,2024,7,18,13:00,18.9,12.5,66,28,24,445.9815923,,,19.31533333,66.07621667,12.83768333,2.725,4.6,269.1666667,,,0.41533333,3.941666667,0.07621667
OTTAWA INTL A,2024-07-18 14:00,2024,7,18,14:00,18,13.3,74,26,22,319.0613675,,,19.07903333,67.27,12.88583333,2.566666667,4.266666667,268.5333333,,,1.07903333,3.544444444,6.73
OTTAWA INTL A,2024-07-18 15:00,2024,7,18,15:00,18.3,13.1,71,27,18,178.4633445,,,18.8725,68.84725,13.04561667,1.85,3.366666667,261.7833333,,,0.5725,3.15,2.15275
OTTAWA INTL A,2024-07-18 16:00,2024,7,18,16:00,19.1,13.4,69,28,21,223.247766,,,19.14586667,68.92288333,13.3239,1.766666667,3.191666667,259.2333333,,,0.04586667,4.066666666,0.07711667
OTTAWA INTL A,2024-07-18 17:00,2024,7,18,17:00,19,13.8,71,28,18,167.960217,,,19.3028,69.05646667,13.50413333,1.666666667,3,262.4833333,,,0.3028,3.333333333,1.94353333
OTTAWA INTL A,2024-07-18 18:00,2024,7,18,18:00,19.5,14.2,71,26,9,213.8858328,,,19.9251,67.74016667,13.80011667,1.583333333,2.858333333,267.2333333,,,0.4251,0.916666667,3.25983333
OTTAWA INTL A,2024-07-18 19:00,2024,7,18,19:00,18.4,14.4,78,26,10,118.1630141,,,20.18718333,66.71248333,13.8172,1.325,2.475,265.85,,,1.78718333,1.452777778,11.28751667
OTTAWA INTL A,2024-07-18 20:00,2024,7,18,20:00,16.8,14.2,84,26,9,16.22766935,,,18.91896667,71.59996667,13.69043333,0.4,1.175,259.7833333,,,2.11896667,2.1,12.40003333
OTTAWA INTL A,2024-07-18 21:00,2024,7,18,21:00,16.3,14.1,86,25,9,1.782484817,,,18.44566667,73.24568333,13.58723333,0.416666667,1.358333333,258.9833333,,,2.14566667,2.083333333,12.75431667
OTTAWA INTL A,2024-07-18 22:00,2024,7,18,22:00,15.5,14.1,92,25,9,1.724968367,,,17.82791667,77.08936667,13.77496667,0.616666667,1.558333333,266.6,,,2.32791667,1.883333333,14.91063333
OTTAWA INTL A,2024-07-18 23:00,2024,7,18,23:00,14.8,14.4,98,25,9,1.8603102,,,16.74093333,82.09938333,13.6856,0.05,0.358333333,271.7333333,,,1.94093333,2.45,15.90061667
OTTAWA INTL A,2024-07-19 0:00,2024,7,19,0:00,14.2,14.2,100,23,6,1.613875833,,,15.65281667,86.0276,13.34036667,0,0.058333333,270,,,1.45281667,1.666666667,13.9724
OTTAWA INTL A,2024-07-19 1:00,2024,7,19,1:00,13.1,13.1,100,23,9,1.677589817,,,15.56591667,85.7754,13.20953333,0,0.058333333,270,,,2.46591667,2.5,14.2246
OTTAWA INTL A,2024-07-19 2:00,2024,7,19,2:00,13.1,13.1,100,25,9,1.585476883,,,15.31061667,87.0312,13.1818,0,0.083333333,270,,,2.21061667,2.5,12.9688
OTTAWA INTL A,2024-07-19 3:00,2024,7,19,3:00,12.8,12.8,100,24,9,1.601201733,,,15.47691667,88.97181667,13.68471667,0.066666667,0.608333333,271.35,,,2.67691667,2.433333333,11.02818333
OTTAWA INTL A,2024-07-19 4:00,2024,7,19,4:00,12.3,12.3,100,24,9,1.778706733,,,15.1298,90.1242,13.5393,0.116666667,0.725,283.8,,,2.8298,2.383333333,9.8758
OTTAWA INTL A,2024-07-19 5:00,2024,7,19,5:00,13.1,13.1,100,28,9,7.069348367,,,14.32271667,92.41076667,13.12436667,0.016666667,0.333333333,288.45,,,1.22271667,2.483333333,7.58923333
OTTAWA INTL A,2024-07-19 6:00,2024,7,19,6:00,15.5,14.9,96,27,11,94.52038478,,,15.43933333,88.41168333,13.54458333,0.458333333,1.225,263.7666667,,,0.06066667,2.597222223,7.58831667
OTTAWA INTL A,2024-07-19 7:00,2024,7,19,7:00,17.3,14.1,81,28,16,274.4928638,,,17.51768333,79.13676667,13.87345,0.75,1.783333333,260.3166667,,,0.21768333,3.694444444,1.86323333
OTTAWA INTL A,2024-07-19 8:00,2024,7,19,8:00,19.5,15,75,28,9,443.9439172,,,19.34723333,72.01565,14.18241667,0.991666667,2.033333333,255.3333333,,,0.15276667,1.508333333,2.98435
OTTAWA INTL A,2024-07-19 9:00,2024,7,19,9:00,20.8,14.3,66,29,13,604.7484752,,,21.40225,64.66851667,14.47428333,0.966666667,1.966666667,263.2,,,0.60225,2.644444444,1.33148333
OTTAWA INTL A,2024-07-19 10:00,2024,7,19,10:00,22.4,13.7,57,26,12,745.4711915,,,23.23461667,56.36471667,14.06988333,0.875,2,251.8833333,,,0.83461667,2.458333333,0.63528333
OTTAWA INTL A,2024-07-19 11:00,2024,7,19,11:00,23.8,10.5,43,25,15,853.9407578,,,24.21186667,47.54588333,12.35848333,1.7,3.291666667,241.4833333,,,0.41186667,2.466666667,4.54588333
OTTAWA INTL A,2024-07-19 12:00,2024,7,19,12:00,24.5,12,45,27,8,853.2983055,,,24.32306667,45.4847,11.79385,2.166666667,3.766666667,262.55,,,0.17693333,0.055555555,0.4847
OTTAWA INTL A,2024-07-19 13:00,2024,7,19,13:00,24.1,12.1,47,23,16,906.5354253,,,25.12445,44.33676667,12.13803333,1.95,3.733333333,249.95,,,1.02445,2.494444444,2.66323333
OTTAWA INTL A,2024-07-19 14:00,2024,7,19,14:00,24.3,12.3,47,23,15,840.0578882,,,25.73941667,42.96328333,12.20983333,1.616666667,3.308333333,248.0666667,,,1.43941667,2.55,4.03671667
OTTAWA INTL A,2024-07-19 15:00,2024,7,19,15:00,24.7,11.8,44,23,15,805.3712948,,,26.41421667,40.3156,11.8524,1.758333333,3.333333333,233.9,,,1.71421667,2.408333334,3.6844
OTTAWA INTL A,2024-07-19 16:00,2024,7,19,16:00,24.7,13.2,48,23,16,589.6273223,,,26.47786667,39.83166667,11.72623333,1.883333333,3.508333333,248.35,,,1.77786667,2.561111111,8.16833333
OTTAWA INTL A,2024-07-19 17:00,2024,7,19,17:00,24.6,12.7,47,22,18,370.4006815,,,26.02961667,40.59876667,11.61725,1.308333333,2.9,237.1833333,,,1.42961667,3.691666667,6.40123333
OTTAWA INTL A,2024-07-19 18:00,2024,7,19,18:00,23.6,12.2,48,22,15,273.6076905,,,25.91705,41.35411667,11.79431667,1.308333333,2.783333333,239.45,,,2.31705,2.858333334,6.64588333
OTTAWA INTL A,2024-07-19 19:00,2024,7,19,19:00,22.3,13.2,56,20,12,105.1928876,,,24.99111667,44.9574,12.22545,1.308333333,2.833333333,213.3666667,,,2.69111667,2.025,11.0426
OTTAWA INTL A,2024-07-19 20:00,2024,7,19,20:00,20.5,14.3,67,19,11,16.02953143,,,23.55996667,50.1669,12.59693333,1.833333333,3.383333333,178.0166667,,,3.05996667,1.222222223,16.8331
OTTAWA INTL A,2024-07-19 21:00,2024,7,19,21:00,19.4,14.8,74,20,15,2.2122855,,,22.1075,58.81191667,13.65313333,1.875,3.558333333,175.1833333,,,2.7075,2.291666667,15.18808333
OTTAWA INTL A,2024-07-19 22:00,2024,7,19,22:00,18.4,14.7,79,20,13,1.89331575,,,20.92925,65.79061667,14.30831667,2.283333333,4.175,180.6333333,,,2.52925,1.327777778,13.20938333
OTTAWA INTL A,2024-07-19 23:00,2024,7,19,23:00,18,14.4,79,22,14,2.02864925,,,19.97023333,69.04263333,14.13846667,1.383333333,3.1,208.7833333,,,1.97023333,2.505555556,9.95736667
OTTAWA INTL A,2024-07-20 0:00,2024,7,20,0:00,16.8,14.4,86,22,11,1.67407755,,,19.1177,71.73003333,13.91215,0.458333333,1.366666667,204.7833333,,,2.3177,2.597222223,14.26996667
OTTAWA INTL A,2024-07-20 1:00,2024,7,20,1:00,16.3,14.3,88,23,12,1.75301225,,,18.56466667,72.46823333,13.53471667,0.166666667,0.875,241.35,,,2.26466667,3.166666666,15.53176667
OTTAWA INTL A,2024-07-20 2:00,2024,7,20,2:00,15.8,14.4,92,22,10,2.028910917,,,17.55023333,76.28576667,13.34666667,0.308333333,0.816666667,211.55,,,1.75023333,2.469444445,15.71423333
OTTAWA INTL A,2024-07-20 3:00,2024,7,20,3:00,14.7,14.3,98,17,10,1.627611033,,,16.80241667,79.02896667,13.1556,0.175,0.683333333,173.0666667,,,2.10241667,2.602777778,18.97103333
OTTAWA INTL A,2024-07-20 4:00,2024,7,20,4:00,14.1,14.1,100,28,8,1.63881845,,,17.49618333,76.52986667,13.34425,0.533333333,1.583333333,235.55,,,3.39618333,1.688888889,23.47013333
OTTAWA INTL A,2024-07-20 5:00,2024,7,20,5:00,13.6,13.6,100,20,8,6.7110754,,,16.91603333,78.77298333,13.22036667,1.175,2.45,197.8333333,,,3.31603333,1.047222222,21.22701667
OTTAWA INTL A,2024-07-20 6:00,2024,7,20,6:00,15.3,15,98,20,8,90.06414813,,,16.80131667,79.70775,13.29065,0.633333333,1.783333333,204.0833333,,,1.50131667,1.588888889,18.29225
OTTAWA INTL A,2024-07-20 7:00,2024,7,20,7:00,18.2,14.8,80,22,12,264.3309868,,,18.31476667,74.64236667,13.74838333,0.658333333,1.883333333,218.35,,,0.11476667,2.675,5.35763333
OTTAWA INTL A,2024-07-20 8:00,2024,7,20,8:00,20.4,15,71,22,15,364.0816997,,,20.01635,68.06383333,13.94855,1.225,2.583333333,232.0666667,,,0.38365,2.941666667,2.93616667
OTTAWA INTL A,2024-07-20 9:00,2024,7,20,9:00,22.5,14.8,61,23,17,598.4564557,,,22.20293333,60.76685,14.2799,1.891666667,3.516666667,248.1666667,,,0.29706667,2.830555555,0.23315
OTTAWA INTL A,2024-07-20 10:00,2024,7,20,10:00,24.1,15.7,59,25,17,738.3995472,,,23.75113333,57.17896667,14.78595,2,3.883333333,242.7166667,,,0.34886667,2.722222222,1.82103333
OTTAWA INTL A,2024-07-20 11:00,2024,7,20,11:00,25.6,15.7,54,23,18,845.7435033,,,25.21356667,52.3128,14.76321667,2.25,4.275,237.4166667,,,0.38643333,2.75,1.6872
OTTAWA INTL A,2024-07-20 12:00,2024,7,20,12:00,26.1,15.2,50,21,17,932.0732522,,,26.50718333,47.9598,14.60113333,2.433333333,4.6,241.2166667,,,0.40718333,2.288888889,2.0402
OTTAWA INTL A,2024-07-20 13:00,2024,7,20,13:00,26.4,15.2,49,23,13,809.5316713,,,27.38338333,45.60746667,14.61721667,2.241666667,4.116666667,247.1666667,,,0.98338333,1.369444444,3.39253333
OTTAWA INTL A,2024-07-20 14:00,2024,7,20,14:00,26.5,15.8,51,23,15,566.3906773,,,27.76905,45.35778333,14.88793333,2.116666667,4.008333333,251.8,,,1.26905,2.05,5.64221667
OTTAWA INTL A,2024-07-20 15:00,2024,7,20,15:00,27.8,15,45,25,24,494.0164415,,,27.58033333,47.00745,15.26986667,2.225,3.75,276.3,,,0.21966667,4.441666667,2.00745
OTTAWA INTL A,2024-07-20 16:00,2024,7,20,16:00,26.1,14.2,47,26,18,302.697422,,,27.15678333,46.79566667,14.81536667,2.45,4.2,267.5166667,,,1.05678333,2.55,0.20433333
OTTAWA INTL A,2024-07-20 17:00,2024,7,20,17:00,23.6,16.6,65,33,27,78.7363055,,,24.57835,58.24503333,15.69173333,2.641666667,4.241666667,305.6666667,,,0.97835,4.858333333,6.75496667
OTTAWA INTL A,2024-07-20 18:00,2024,7,20,18:00,22.7,17.1,70,35,17,78.4634948,,,22.4632,70.4262,16.83695,1.691666667,2.775,327.7333333,,,0.2368,3.030555555,0.4262
OTTAWA INTL A,2024-07-20 19:00,2024,7,20,19:00,21.2,17.5,79,29,26,16.2860261,,,22.0846,71.0354,16.60265,1.766666667,3.133333333,296.15,,,0.8846,5.455555555,7.9646
OTTAWA INTL A,2024-07-20 20:00,2024,7,20,20:00,18.9,18.9,100,30,8,3.63188835,,,19.26318333,89.69895,17.53778333,1.158333333,2.208333333,287.9666667,,,0.36318333,1.063888889,10.30105
OTTAWA INTL A,2024-07-20 21:00,2024,7,20,21:00,18.5,18.5,100,23,8,1.501833833,,,19.04686667,92.36903333,17.80363333,0.133333333,0.691666667,279.9666667,,,0.54686667,2.088888889,7.63096667
OTTAWA INTL A,2024-07-20 22:00,2024,7,20,22:00,18.7,18.7,100,30,8,1.708767717,,,19.0994,92.5242,17.88206667,0.483333333,1.166666667,267.95,,,0.3994,1.738888889,7.4758
OTTAWA INTL A,2024-07-20 23:00,2024,7,20,23:00,18.4,18.4,100,31,11,1.751495967,,,18.43418333,94.45388333,17.54941667,0.058333333,0.45,264,,,0.03418333,2.997222223,5.54611667
OTTAWA INTL A,2024-07-21 0:00,2024,7,21,0:00,18.7,18.7,100,29,7,1.657301767,,,17.97591667,95.75478333,17.31043333,0,0.366666667,264,,,0.72408333,1.944444444,4.24521667
OTTAWA INTL A,2024-07-21 1:00,2024,7,21,1:00,18.1,18.1,100,36,10,1.7928408,,,17.83936667,95.45775,17.12531667,0.266666667,0.858333333,289.9833333,,,0.26063333,2.511111111,4.54225
OTTAWA INTL A,2024-07-21 2:00,2024,7,21,2:00,16.4,16.4,100,3,11,1.850297017,,,17.24206667,94.85721667,16.43013333,0.183333333,0.758333333,335.3333333,,,0.84206667,2.872222223,5.14278333
OTTAWA INTL A,2024-07-21 3:00,2024,7,21,3:00,16,16,100,4,9,2.08604935,,,16.44565,92.15828333,15.18663333,0.525,1.325,332.8166667,,,0.44565,1.975,7.84171667
OTTAWA INTL A,2024-07-21 4:00,2024,7,21,4:00,15.6,15.6,100,2,13,1.916543,,,15.22451667,88.66343333,13.3821,1.15,2,343.2833333,,,0.37548333,2.461111111,11.33656667
OTTAWA INTL A,2024-07-21 5:00,2024,7,21,5:00,15,14.1,94,3,12,7.3659446,,,14.36435,87.84751667,12.39218333,0.908333333,1.858333333,339.6666667,,,0.63565,2.425,6.15248333
OTTAWA INTL A,2024-07-21 6:00,2024,7,21,6:00,15.1,13.6,91,2,13,81.32707475,,,14.5039,85.25986667,12.06765,0.841666667,1.675,321.6666667,,,0.5961,2.769444444,5.74013333
OTTAWA INTL A,2024-07-21 7:00,2024,7,21,7:00,16.6,12.8,78,5,12,223.0438837,,,16.10573333,79.86286667,12.634,0.691666667,1.641666667,277.4166667,,,0.49426667,2.641666666,1.86286667
OTTAWA INTL A,2024-07-21 8:00,2024,7,21,8:00,18.3,13.3,72,6,9,421.8931847,,,18.6755,68.68636667,12.788,0.95,1.858333333,308.7166667,,,0.3755,1.55,3.31363333
OTTAWA INTL A,2024-07-21 9:00,2024,7,21,9:00,19.7,11.6,59,8,13,628.6601567,,,21.04333333,55.14281667,11.6748,0.858333333,1.95,176.4,,,1.34333333,2.752777778,3.85718333
OTTAWA INTL A,2024-07-21 10:00,2024,7,21,10:00,20.8,11.2,54,2,11,762.5280082,,,22.13715,46.0481,9.977083333,1.2,2.475,148.7833333,,,1.33715,1.855555556,7.9519
OTTAWA INTL A,2024-07-21 11:00,2024,7,21,11:00,22.1,9.9,45,1,10,831.679583,,,22.4864,47.65858333,10.8218,1.183333333,2.358333333,218.0166667,,,0.3864,1.594444445,2.65858333
OTTAWA INTL A,2024-07-21 12:00,2024,7,21,12:00,23.2,12.4,50,32,7,935.4647473,,,22.82383333,48.82653333,11.50008333,1.05,2.041666667,184.0333333,,,0.37616667,0.894444444,1.17346667
OTTAWA INTL A,2024-07-21 13:00,2024,7,21,13:00,23.4,12.1,49,30,21,918.3666548,,,23.51921667,49.12113333,12.22975,1.433333333,2.666666667,266.5833333,,,0.11921667,4.4,0.12113333
OTTAWA INTL A,2024-07-21 14:00,2024,7,21,14:00,23.7,12.8,50,31,18,865.9552378,,,24.30916667,49.17986667,12.97236667,1.35,2.683333333,260.65,,,0.60916667,3.65,0.82013333
OTTAWA INTL A,2024-07-21 15:00,2024,7,21,15:00,24.1,12.1,47,30,12,813.6582882,,,24.85818333,47.82675,13.04388333,1.658333333,3.05,269.65,,,0.75818333,1.675,0.82675
OTTAWA INTL A,2024-07-21 16:00,2024,7,21,16:00,24,10.8,43,30,16,529.8554862,,,24.69801667,45.8786,12.27071667,1.608333333,2.95,276.95,,,0.69801667,2.836111111,2.8786
OTTAWA INTL A,2024-07-21 17:00,2024,7,21,17:00,23.8,10.7,43,29,16,471.5547518,,,25.09733333,45.05536667,12.35445,1.525,2.8,264.65,,,1.29733333,2.919444444,2.05536667
OTTAWA INTL A,2024-07-21 18:00,2024,7,21,18:00,23.1,10.6,45,29,17,316.7549662,,,24.56685,45.99375,12.19345,1.408333333,2.608333333,267.8333333,,,1.46685,3.313888889,0.99375
OTTAWA INTL A,2024-07-21 19:00,2024,7,21,19:00,21.3,11.9,55,31,14,115.3341157,,,23.44875,47.74528333,11.74466667,1.65,2.825,272.9666667,,,2.14875,2.238888889,7.25471667
OTTAWA INTL A,2024-07-21 20:00,2024,7,21,20:00,19.7,11.7,59,30,10,16.26944858,,,21.69361667,53.83273333,11.9337,0.441666667,1.058333333,271.1333333,,,1.99361667,2.336111111,5.16726667
OTTAWA INTL A,2024-07-21 21:00,2024,7,21,21:00,19.3,11.9,62,32,10,2.327983067,,,20.06173333,61.3947,12.42103333,0.083333333,0.341666667,271.0166667,,,0.76173333,2.694444445,0.6053
OTTAWA INTL A,2024-07-21 22:00,2024,7,21,22:00,16,12.4,79,23,3,1.915882617,,,18.82456667,67.37385,12.65535,0,0.025,271,,,2.82456667,0.833333333,11.62615
OTTAWA INTL A,2024-07-21 23:00,2024,7,21,23:00,15.1,12.9,87,21,4,1.874855433,,,17.7225,73.94461667,13.03401667,0.008333333,0.108333333,271,,,2.6225,1.102777778,13.05538333
OTTAWA INTL A,2024-07-22 0:00,2024,7,22,0:00,13.7,13.7,100,23,5,1.870551817,,,16.58863333,81.84518333,13.47683333,0.041666667,0.175,271.9333333,,,2.88863333,1.347222222,18.15481667
OTTAWA INTL A,2024-07-22 1:00,2024,7,22,1:00,15.6,13.7,89,36,3,1.9054601,,,15.83323333,84.7011,13.2766,0.058333333,0.191666667,272,,,0.23323333,0.775,4.2989
OTTAWA INTL A,2024-07-22 2:00,2024,7,22,2:00,13.4,13.4,100,32,5,1.780985117,,,15.16301667,89.20713333,13.41491667,0.008333333,0.15,272,,,1.76301667,1.380555556,10.79286667
OTTAWA INTL A,2024-07-22 3:00,2024,7,22,3:00,12.9,12.9,100,36,1,1.822548133,,,14.58533333,90.54953333,13.07301667,0.291666667,0.816666667,327.6666667,,,1.68533333,0.013888889,9.45046667
OTTAWA INTL A,2024-07-22 4:00,2024,7,22,4:00,12.3,12.3,100,0,1,1.746748067,,,13.6088,93.55813333,12.60423333,0.008333333,0.2,331,,,1.3088,0.269444445,6.44186667
OTTAWA INTL A,2024-07-22 5:00,2024,7,22,5:00,11.9,11.9,100,33,4,5.986755917,,,13.45683333,93.69795,12.47616667,0.008333333,0.141666667,327.8333333,,,1.55683333,1.102777778,6.30205
OTTAWA INTL A,2024-07-22 6:00,2024,7,22,6:00,14,14,100,27,3,78.75657258,,,13.84903333,91.36983333,12.48121667,0.15,0.633333333,288.5333333,,,0.15096667,0.683333333,8.63016667
OTTAWA INTL A,2024-07-22 7:00,2024,7,22,7:00,17.2,15.4,89,36,3,243.4631447,,,15.80578333,83.7694,13.07171667,0.208333333,0.741666667,285.2666667,,,1.39421667,0.625,5.2306
OTTAWA INTL A,2024-07-22 8:00,2024,7,22,8:00,19.4,15.4,78,31,0,424.1288375,,,18.49995,74.30648333,13.84755,0.383333333,1.141666667,301.6333333,,,0.90005,0.383333333,3.69351667
OTTAWA INTL A,2024-07-22 9:00,2024,7,22,9:00,21.8,14.1,61,26,8,597.8141572,,,20.98971667,65.74255,14.33905,0.391666667,1.133333333,277.3333333,,,0.81028333,1.830555555,4.74255
OTTAWA INTL A,2024-07-22 10:00,2024,7,22,10:00,23.4,11.1,45,28,8,750.9659245,,,23.85516667,55.43515,14.3729,0.625,1.533333333,259.7333333,,,0.45516667,1.597222222,10.43515
OTTAWA INTL A,2024-07-22 11:00,2024,7,22,11:00,24.6,13,48,25,9,822.5608433,,,24.81636667,49.47408333,13.52378333,1.341666667,2.558333333,287.6666667,,,0.21636667,1.158333333,1.47408333
OTTAWA INTL A,2024-07-22 12:00,2024,7,22,12:00,25.6,13,45,27,9,926.7011408,,,25.46841667,44.77285,12.5852,1.658333333,2.991666667,263.4833333,,,0.13158333,0.841666667,0.22715
OTTAWA INTL A,2024-07-22 13:00,2024,7,22,13:00,25.9,12,41,28,13,928.1617645,,,26.33811667,41.03536667,12.04855,1.308333333,2.766666667,249.35,,,0.43811667,2.302777778,0.03536667
OTTAWA INTL A,2024-07-22 14:00,2024,7,22,14:00,26.1,12.6,43,32,10,871.9038372,,,26.80781667,36.81171667,10.80361667,1.733333333,3.1,280.6166667,,,0.70781667,1.044444445,6.18828333
OTTAWA INTL A,2024-07-22 15:00,2024,7,22,15:00,26.2,12.8,43,23,5,782.963796,,,27.27786667,34.19911667,10.11905,1.65,3,265,,,1.07786667,0.261111111,8.80088333
OTTAWA INTL A,2024-07-22 16:00,2024,7,22,16:00,26.7,12.1,40,27,8,640.980897,,,27.76005,33.3917,10.19351667,1.233333333,2.45,253.3666667,,,1.06005,0.988888889,6.6083
OTTAWA INTL A,2024-07-22 17:00,2024,7,22,17:00,26.5,12.5,41,31,0,455.967545,,,27.38118333,34.00953333,10.14628333,1.366666667,2.625,267.2,,,0.88118333,1.366666667,6.99046667
OTTAWA INTL A,2024-07-22 18:00,2024,7,22,18:00,25.6,13.3,46,35,7,324.4250105,,,27.39055,35.52005,10.80223333,0.941666667,1.875,278.4,,,1.79055,1.002777777,10.47995
OTTAWA INTL A,2024-07-22 19:00,2024,7,22,19:00,24.3,11,43,5,7,106.6004813,,,26.14151667,40.64936667,11.7146,0.783333333,1.566666667,236.5833333,,,1.84151667,1.161111111,2.35063333
OTTAWA INTL A,2024-07-22 20:00,2024,7,22,20:00,22.2,12.4,53,5,10,18.01207555,,,24.01846667,49.44115,12.79123333,0.091666667,0.658333333,60.01666667,,,1.81846667,2.686111111,3.55885
OTTAWA INTL A,2024-07-22 21:00,2024,7,22,21:00,20.3,13.7,66,6,11,2.135980633,,,22.48855,54.68951667,12.89918333,0.016666667,0.308333333,52.26666667,,,2.18855,3.038888889,11.31048333
OTTAWA INTL A,2024-07-22 22:00,2024,7,22,22:00,20.1,14.3,69,5,12,2.08911925,,,20.80558333,69.712,15.08773333,0.125,0.633333333,51.91666667,,,0.70558333,3.208333333,0.712
OTTAWA INTL A,2024-07-22 23:00,2024,7,22,23:00,19.4,14.1,71,5,10,1.778679667,,,19.9645,71.14343333,14.59865,0.241666667,0.725,104.1,,,0.5645,2.536111111,0.14343333
OTTAWA INTL A,2024-07-23 0:00,2024,7,23,0:00,18.5,14.3,76,4,12,1.832804417,,,19.28718333,72.33023333,14.1991,0.216666667,0.566666667,346,,,0.78718333,3.116666666,3.66976667
OTTAWA INTL A,2024-07-23 1:00,2024,7,23,1:00,18.1,14.7,80,5,8,1.857500083,,,18.61001667,76.49476667,14.41438333,0.208333333,0.775,348.2166667,,,0.51001667,2.013888889,3.50523333
OTTAWA INTL A,2024-07-23 2:00,2024,7,23,2:00,17.9,15.3,84,4,10,1.599864167,,,18.10035,78.07416667,14.23665,0.316666667,0.858333333,343.3666667,,,0.20035,2.461111111,5.92583333
OTTAWA INTL A,2024-07-23 3:00,2024,7,23,3:00,18.3,15.4,83,3,11,1.4140577,,,18.49923333,74.26378333,13.85053333,0.5,1.266666667,228.7666667,,,0.19923333,2.555555556,8.73621667
OTTAWA INTL A,2024-07-23 4:00,2024,7,23,4:00,17.3,14.8,85,5,13,1.774648233,,,18.50753333,76.03903333,14.2237,0.6,1.416666667,187.8666667,,,1.20753333,3.011111111,8.96096667
OTTAWA INTL A,2024-07-23 5:00,2024,7,23,5:00,18,14,77,7,16,5.041066833,,,18.42816667,75.77031667,14.08628333,0.733333333,1.641666667,64.98333333,,,0.42816667,3.711111111,1.22968333
OTTAWA INTL A,2024-07-23 6:00,2024,7,23,6:00,18.1,13.8,76,6,17,40.33241722,,,18.40273333,74.95856667,13.90038333,0.6,1.525,54.51666667,,,0.30273333,4.122222222,1.04143333
OTTAWA INTL A,2024-07-23 7:00,2024,7,23,7:00,18.2,14.5,78,7,16,90.59719705,,,19.02578333,71.03903333,13.67095,1.008333333,2.116666667,54.5,,,0.82578333,3.436111111,6.96096667
OTTAWA INTL A,2024-07-23 8:00,2024,7,23,8:00,18.8,14.9,78,7,16,203.4021924,,,19.57736667,67.85558333,13.49603333,1.575,2.891666667,67.5,,,0.77736667,2.869444444,10.14441667
OTTAWA INTL A,2024-07-23 9:00,2024,7,23,9:00,20.8,15.9,73,6,12,582.9173198,,,22.19545,62.50135,14.70755,1.708333333,3.1,75.5,,,1.39545,1.625,10.49865
OTTAWA INTL A,2024-07-23 10:00,2024,7,23,10:00,22.6,17.6,73,5,11,710.9768293,,,23.5145,61.30178333,15.65193333,1.65,2.983333333,103.45,,,0.9145,1.405555556,11.69821667
OTTAWA INTL A,2024-07-23 11:00,2024,7,23,11:00,24,17.3,66,6,7,823.9848762,,,25.52848333,57.36213333,16.4834,1.35,2.633333333,85.53333333,,,1.52848333,0.594444444,8.63786667
OTTAWA INTL A,2024-07-23 12:00,2024,7,23,12:00,25.4,16.4,57,6,12,886.0334567,,,26.68168333,54.06491667,16.63473333,1.516666667,2.925,113.8333333,,,1.28168333,1.816666666,2.93508333
OTTAWA INTL A,2024-07-23 13:00,2024,7,23,13:00,26.4,16.5,54,11,10,865.3692702,,,27.07238333,50.11881667,15.7959,1.183333333,2.408333333,94.01666667,,,0.67238333,1.594444445,3.88118333
OTTAWA INTL A,2024-07-23 14:00,2024,7,23,14:00,26.5,15.1,49,8,13,852.790669,,,27.9782,47.02468333,15.6271,1.266666667,2.608333333,116.2833333,,,1.4782,2.344444444,1.97531667
OTTAWA INTL A,2024-07-23 15:00,2024,7,23,15:00,26.5,15.4,50,11,13,529.0085613,,,27.88558333,46.50621667,15.37303333,1.283333333,2.46,100.0666667,,,1.38558333,2.327777778,3.49378333
OTTAWA INTL A,2024-07-23 16:00,2024,7,23,16:00,26.4,16,52,8,12,313.8890617,,,26.9837,48.2722,15.13511667,1.3,2.483333333,85.6,,,0.5837,2.033333333,3.7278
OTTAWA INTL A,2024-07-23 17:00,2024,7,23,17:00,26.1,16.3,54,11,13,456.3305692,,,27.68681667,46.49961667,15.19541667,1.766666667,2.983333333,109.4666667,,,1.58681667,1.844444444,7.50038333
OTTAWA INTL A,2024-07-23 18:00,2024,7,23,18:00,25,16.9,60,12,10,276.139674,,,27.11595,48.23735,15.25305,1.766666667,3.016666667,101.9833333,,,2.11595,1.011111111,11.76265
OTTAWA INTL A,2024-07-23 19:00,2024,7,23,19:00,21.4,16.8,74,14,10,73.32159422,,,25.64823333,52.17478333,15.11038333,1.416666667,2.375,122.85,,,4.24823333,1.361111111,21.82521667
OTTAWA INTL A,2024-07-23 20:00,2024,7,23,20:00,20.6,15.9,74,13,10,11.06633612,,,24.24293333,57.46756667,15.32785,0.933333333,1.75,118.6666667,,,3.64293333,1.844444445,16.53243333
OTTAWA INTL A,2024-07-23 21:00,2024,7,23,21:00,20.1,15.5,74,12,9,1.7930714,,,22.70371667,64.9834,15.79433333,0.625,1.341666667,121.4333333,,,2.60371667,1.875,9.0166
OTTAWA INTL A,2024-07-23 22:00,2024,7,23,22:00,19.7,15.5,76,10,9,1.719661617,,,22.3555,66.11853333,15.74248333,0.591666667,1.341666667,118.9333333,,,2.6555,1.908333333,9.88146667
OTTAWA INTL A,2024-07-23 23:00,2024,7,23,23:00,19.4,16,80,7,9,1.773044817,,,21.99913333,66.66898333,15.5315,0.6,1.391666667,97.3,,,2.59913333,1.9,13.33101667
OTTAWA INTL A,2024-07-24 0:00,2024,7,24,0:00,19.3,16.4,83,8,10,1.689744467,,,21.3332,68.64585,15.3541,0.583333333,1.491666667,66.91666667,,,2.0332,2.194444445,14.35415
OTTAWA INTL A,2024-07-24 1:00,2024,7,24,1:00,19.6,16.7,83,9,13,1.78434575,,,20.7946,71.57715,15.47893333,0.783333333,1.758333333,57.5,,,1.1946,2.827777778,11.42285
OTTAWA INTL A,2024-07-24 2:00,2024,7,24,2:00,18.6,17.1,91,8,14,1.80863005,,,20.0153,76.19136667,15.71541667,1.025,1.991666667,51.7,,,1.4153,2.863888889,14.80863333
OTTAWA INTL A,2024-07-24 3:00,2024,7,24,3:00,17.9,17.6,98,9,17,2.150511383,,,19.34971667,75.71096667,14.97278333,1.408333333,2.558333333,69.93333333,,,1.44971667,3.313888889,22.28903333
OTTAWA INTL A,2024-07-24 4:00,2024,7,24,4:00,17.6,17.1,97,8,14,1.772853617,,,18.52001667,77.42645,14.5161,1.225,2.333333333,73.55,,,0.92001667,2.663888889,19.57355
OTTAWA INTL A,2024-07-24 5:00,2024,7,24,5:00,17.2,17.1,99,8,14,7.210552217,,,18.04701667,79.22033333,14.41175,1.091666667,2.191666667,77,,,0.84701667,2.797222222,19.77966667
OTTAWA INTL A,2024-07-24 6:00,2024,7,24,6:00,17.8,17.5,98,10,16,77.14471198,,,18.32835,79.59336667,14.75863333,1.458333333,2.741666667,84.93333333,,,0.52835,2.986111111,18.40663333
OTTAWA INTL A,2024-07-24 7:00,2024,7,24,7:00,19.5,17.8,90,8,17,209.743892,,,19.48945,77.71641667,15.5134,1.408333333,2.666666667,75.9,,,0.01055,3.313888889,12.28358333
OTTAWA INTL A,2024-07-24 8:00,2024,7,24,8:00,20.6,18.5,88,7,18,366.976884,,,21.02796667,74.50286667,16.34115,1.75,2.983333333,80.46666667,,,0.42796667,3.25,13.49713333
OTTAWA INTL A,2024-07-24 9:00,2024,7,24,9:00,21.3,19.2,88,10,13,316.3140102,,,21.84011667,73.61328333,16.93523333,1.983333333,3.433333333,75.18333333,,,0.54011667,1.627777778,14.38671667
OTTAWA INTL A,2024-07-24 10:00,2024,7,24,10:00,20.8,20.8,100,11,10,88.68063018,,,20.99896667,81.22131667,17.65393333,1.258333333,2.383333333,82.23333333,,,0.19896667,1.519444445,18.77868333
OTTAWA INTL A,2024-07-24 11:00,2024,7,24,11:00,22.6,22.1,97,10,18,392.12296,,,21.132,87.35713333,18.96586667,1.333333333,2.466666667,100.6666667,,,1.468,3.666666667,9.64286667
OTTAWA INTL A,2024-07-24 12:00,2024,7,24,12:00,23.9,21.2,84,10,17,625.4254567,,,23.26355,81.7106,19.97965,2.125,3.633333333,76.36666667,,,0.63645,2.597222222,2.2894
OTTAWA INTL A,2024-07-24 13:00,2024,7,24,13:00,23.9,22.6,92,7,16,428.2056607,,,24.20518333,78.037,20.15638333,2.016666667,3.383333333,83.43333333,,,0.30518333,2.427777777,13.963
OTTAWA INTL A,2024-07-24 14:00,2024,7,24,14:00,22.8,22.8,100,5,17,62.08193288,,,22.86175,87.24246667,20.6153,1.6,2.833333333,67.78333333,,,0.06175,3.122222222,12.75753333
OTTAWA INTL A,2024-07-24 15:00,2024,7,24,15:00,22.6,22.6,100,34,19,56.02589147,,,21.76478333,93.89885,20.76495,1.816666667,3.191666667,109.95,,,0.83521667,3.461111111,6.10115
OTTAWA INTL A,2024-07-24 16:00,2024,7,24,16:00,18.8,18.8,100,31,21,12.64119403,,,20.46351667,93.52405,19.39433333,1.75,3.083333333,294.3666667,,,1.66351667,4.083333333,6.47595
OTTAWA INTL A,2024-07-24 17:00,2024,7,24,17:00,19.4,19.4,100,9,14,108.2937945,,,19.59701667,96.87083333,19.11121667,0.641666667,1.608333333,159.0166667,,,0.19701667,3.247222222,3.12916667
OTTAWA INTL A,2024-07-24 18:00,2024,7,24,18:00,19.7,19.7,100,12,12,85.833472,,,20.26431667,94.03868333,19.29861667,0.841666667,1.808333333,118.7666667,,,0.56431667,2.491666666,5.96131667
OTTAWA INTL A,2024-07-24 19:00,2024,7,24,19:00,19.3,19.3,100,15,6,19.33615288,,,20.04421667,94.0811,19.08726667,0.875,1.858333333,119.4333333,,,0.74421667,0.791666667,5.9189
OTTAWA INTL A,2024-07-24 20:00,2024,7,24,20:00,18.6,18.6,100,15,14,2.71133935,,,19.59306667,95.89631667,18.94475,1.133333333,2.116666667,139.6,,,0.99306667,2.755555556,4.10368333
OTTAWA INTL A,2024-07-24 21:00,2024,7,24,21:00,18,18,100,14,5,1.7446086,,,19.1191,96.84548333,18.63065,0.141666667,0.716666667,121.4666667,,,1.1191,1.247222222,3.15451667
OTTAWA INTL A,2024-07-24 22:00,2024,7,24,22:00,17.5,17.5,100,17,0,1.749767883,,,18.5386,97.018,18.07971667,0,0.108333333,154.45,,,1.0386,0,2.982
OTTAWA INTL A,2024-07-24 23:00,2024,7,24,23:00,17.5,17.5,100,20,6,1.56909765,,,18.36761667,96.18611667,17.77056667,0.333333333,0.958333333,162.25,,,0.86761667,1.333333334,3.81388333
OTTAWA INTL A,2024-07-25 0:00,2024,7,25,0:00,17.6,17.6,100,21,8,1.431438,,,18.15788333,95.3369,17.42238333,0.475,1.525,161.3833333,,,0.55788333,1.747222222,4.6631
OTTAWA INTL A,2024-07-25 1:00,2024,7,25,1:00,17.7,17.7,100,23,10,1.571010633,,,18.19276667,96.28281667,17.61403333,0.225,1.1,185.6833333,,,0.49276667,2.552777778,3.71718333
OTTAWA INTL A,2024-07-25 2:00,2024,7,25,2:00,17.6,17.6,100,24,9,1.574495783,,,18.27651667,96.41808333,17.71968333,0.258333333,1.075,225.45,,,0.67651667,2.241666667,3.58191667
OTTAWA INTL A,2024-07-25 3:00,2024,7,25,3:00,17.3,17.3,100,25,9,1.962671183,,,18.06488333,93.53071667,17.02651667,0.325,1.441666667,241.9666667,,,0.76488333,2.175,6.46928333
OTTAWA INTL A,2024-07-25 4:00,2024,7,25,4:00,17.1,17.1,100,24,9,1.492005383,,,17.3493,93.00375,16.22706667,0.166666667,0.891666667,262.1166667,,,0.2493,2.333333333,6.99625
OTTAWA INTL A,2024-07-25 5:00,2024,7,25,5:00,16.8,16.8,100,24,7,5.762341833,,,17.27571667,93.3198,16.20753333,1.025,2.333333333,261.5333333,,,0.47571667,0.919444444,6.6802
OTTAWA INTL A,2024-07-25 6:00,2024,7,25,6:00,17.2,17.2,100,26,13,33.1338929,,,17.17806667,93.016,16.05945,0.391666667,1.55,261.8,,,0.02193333,3.219444444,6.984
OTTAWA INTL A,2024-07-25 7:00,2024,7,25,7:00,17.1,17.1,100,27,20,60.39330038,,,17.3314,91.2875,15.91623333,1.533333333,3.075,263.6666667,,,0.2314,4.022222223,8.7125
OTTAWA INTL A,2024-07-25 8:00,2024,7,25,8:00,17.9,15.6,86,28,24,239.0576121,,,17.9316,85.62483333,15.50071667,1.975,3.616666667,265.5333333,,,0.0316,4.691666667,0.37516667
OTTAWA INTL A,2024-07-25 9:00,2024,7,25,9:00,18,15.7,86,28,21,237.637483,,,17.89053333,83.02113333,14.98426667,2.366666667,4.2,262.2166667,,,0.10946667,3.466666666,2.97886667
OTTAWA INTL A,2024-07-25 10:00,2024,7,25,10:00,17.7,17.7,100,26,14,257.8953237,,,18.12858333,81.21473333,14.8759,2.333333333,3.983333333,266.5,,,0.42858333,1.555555556,18.78526667
OTTAWA INTL A,2024-07-25 11:00,2024,7,25,11:00,18.9,16.3,85,26,29,497.4638918,,,19.32,78.3668,15.4621,2.6,4.408333333,265.3833333,,,0.42,5.455555556,6.6332
OTTAWA INTL A,2024-07-25 12:00,2024,7,25,12:00,18.9,14.4,75,28,34,548.6950112,,,19.42043333,78.27291667,15.54071667,3.241666667,5.273333333,266.1166667,,,0.52043333,6.202777777,3.27291667
OTTAWA INTL A,2024-07-25 13:00,2024,7,25,13:00,19.6,14.3,71,29,32,347.2082983,,,19.58881667,73.00508333,14.63205,4.108333333,6.39,274.1166667,,,0.01118333,4.780555556,2.00508333
OTTAWA INTL A,2024-07-25 14:00,2024,7,25,14:00,19.6,14.7,73,29,29,351.5276591,,,19.71431667,72.31346667,14.60671667,3.6,5.641666667,276.05,,,0.11431667,4.455555556,0.68653333
OTTAWA INTL A,2024-07-25 15:00,2024,7,25,15:00,19.6,14.7,73,30,23,129.0592097,,,19.15135,70.98726667,13.78365,3.943333333,6.275,283.6166667,,,0.44865,2.445555556,2.01273333
OTTAWA INTL A,2024-07-25 16:00,2024,7,25,16:00,19.5,13.9,70,29,27,215.3123768,,,19.41366667,69.45541667,13.6977,3.508333333,5.733333333,286.2833333,,,0.08633333,3.991666667,0.54458333
OTTAWA INTL A,2024-07-25 17:00,2024,7,25,17:00,18.9,13,68,30,37,94.02274717,,,18.81705,70.14865,13.25988333,3.666666667,5.926666667,284.3666667,,,0.08295,6.611111111,2.14865
OTTAWA INTL A,2024-07-25 18:00,2024,7,25,18:00,17.2,13.4,78,30,29,97.61179213,,,16.73018333,80.16481667,13.311,3.566666667,5.878333333,285.15,,,0.46981667,4.488888889,2.16481667
OTTAWA INTL A,2024-07-25 19:00,2024,7,25,19:00,16.5,13.7,83,28,24,38.83901762,,,16.8996,78.84335,13.22086667,3.466666667,5.758333333,279.5,,,0.3996,3.2,4.15665
OTTAWA INTL A,2024-07-25 20:00,2024,7,25,20:00,16.8,14,84,31,29,3.860221567,,,17.14771667,78.0398,13.30413333,3.091666667,5.041666667,286.9833333,,,0.34771667,4.963888889,5.9602
OTTAWA INTL A,2024-07-25 21:00,2024,7,25,21:00,17.1,13.2,78,30,18,1.840240083,,,16.48673333,83.46415,13.69336667,1.925,3.433333333,290.5333333,,,0.61326667,3.075,5.46415
OTTAWA INTL A,2024-07-25 22:00,2024,7,25,22:00,17.3,13.9,80,28,13,1.3582611,,,17.21808333,77.61143333,13.28423333,1.458333333,2.808333333,287.0166667,,,0.08191667,2.152777778,2.38856667
OTTAWA INTL A,2024-07-25 23:00,2024,7,25,23:00,17.2,13.7,79,30,14,1.675143183,,,17.78155,73.15085,12.92693333,1.9,3.483333333,291.1,,,0.58155,1.988888889,5.84915
OTTAWA INTL A,2024-07-26 0:00,2024,7,26,0:00,16.6,13.6,82,30,19,2.185151633,,,17.034,76.42271667,12.87301667,1.433333333,2.808333333,285.1,,,0.434,3.844444445,5.57728333
OTTAWA INTL A,2024-07-26 1:00,2024,7,26,1:00,16.4,13.9,85,29,17,1.81927075,,,16.42068333,79.33865,12.85163333,1.583333333,2.675,278.0833333,,,0.02068333,3.138888889,5.66135
OTTAWA INTL A,2024-07-26 2:00,2024,7,26,2:00,14.9,13.7,92,29,14,1.882417833,,,15.87581667,80.25791667,12.49643333,1.4,2.608333333,292.0166667,,,0.97581667,2.488888889,11.74208333
OTTAWA INTL A,2024-07-26 3:00,2024,7,26,3:00,15.2,13.5,89,28,12,1.661356167,,,15.46293333,80.37048333,12.11525,0.9,1.925,280.9333333,,,0.26293333,2.433333333,8.62951667
OTTAWA INTL A,2024-07-26 4:00,2024,7,26,4:00,14.7,13.4,92,29,17,1.651041717,,,14.95076667,81.3128,11.79258333,0.716666667,1.725,282.3666667,,,0.25076667,4.005555555,10.6872
OTTAWA INTL A,2024-07-26 5:00,2024,7,26,5:00,14.1,13.7,97,29,13,5.412059217,,,14.48066667,83.03691667,11.65075,0.65,1.583333333,278.35,,,0.38066667,2.961111111,13.96308333
OTTAWA INTL A,2024-07-26 6:00,2024,7,26,6:00,15.3,13.9,92,29,13,79.00388647,,,14.79166667,82.891,11.92735,1.075,2.066666667,281.4166667,,,0.50833333,2.536111111,9.109
OTTAWA INTL A,2024-07-26 7:00,2024,7,26,7:00,17.1,14,81,29,16,247.714468,,,16.36948333,77.31683333,12.40283333,1.433333333,2.475,275.9333333,,,0.73051667,3.011111111,3.68316667
OTTAWA INTL A,2024-07-26 8:00,2024,7,26,8:00,18.6,13.6,72,28,11,409.9475788,,,18.31691667,69.76181667,12.70698333,1.941666667,3.116666667,271.9666667,,,0.28308333,1.113888889,2.23818333
OTTAWA INTL A,2024-07-26 9:00,2024,7,26,9:00,20.3,14.1,67,28,9,574.6938568,,,20.32441667,63.54481667,13.19325,1.841666667,2.941666667,269.2666667,,,0.02441667,0.658333333,3.45518333
OTTAWA INTL A,2024-07-26 10:00,2024,7,26,10:00,22.6,15.3,63,28,14,716.1025488,,,22.30525,57.42956667,13.50048333,2.225,3.55,269.3666667,,,0.29475,1.663888889,5.57043333
OTTAWA INTL A,2024-07-26 11:00,2024,7,26,11:00,23.5,15.3,59,27,13,816.6066902,,,24.09068333,52.00496667,13.62533333,2.675,4.316666667,277.1166667,,,0.59068333,0.936111111,6.99503333
OTTAWA INTL A,2024-07-26 12:00,2024,7,26,12:00,24.6,14,51,27,18,888.6479273,,,25.50276667,47.47923333,13.52518333,2.641666667,4.3,292.0333333,,,0.90276667,2.358333333,3.52076667
OTTAWA INTL A,2024-07-26 13:00,2024,7,26,13:00,25.3,13.7,48,29,25,809.8947483,,,26.04753333,51.5222,15.28893333,2.141666667,3.775,259.4333333,,,0.74753333,4.802777777,3.5222
OTTAWA INTL A,2024-07-26 14:00,2024,7,26,14:00,26,14.3,48,31,24,800.448373,,,26.40568333,48.00248333,14.52268333,2.833333333,4.683333333,266.5666667,,,0.40568333,3.833333334,0.00248333
OTTAWA INTL A,2024-07-26 15:00,2024,7,26,15:00,26.3,13.1,44,30,24,677.0452982,,,26.79861667,46.03271667,14.23495,2.558333333,4.566666667,256.35,,,0.49861667,4.108333334,2.03271667
OTTAWA INTL A,2024-07-26 16:00,2024,7,26,16:00,26.6,13.8,45,28,22,549.6148677,,,26.7439,45.80355,14.10698333,2.708333333,4.525,260.7666667,,,0.1439,3.402777778,0.80355
OTTAWA INTL A,2024-07-26 17:00,2024,7,26,17:00,26.1,13.5,45,29,21,435.513614,,,26.8193,45.04221667,13.92103333,2.866666667,4.583333333,266.2,,,0.7193,2.966666666,0.04221667
OTTAWA INTL A,2024-07-26 18:00,2024,7,26,18:00,25,13.8,49,27,17,253.3327877,,,26.4071,46.8907,14.1668,2.308333333,3.933333333,264.65,,,1.4071,2.413888889,2.1093
OTTAWA INTL A,2024-07-26 19:00,2024,7,26,19:00,22,15.1,65,26,10,78.90452678,,,25.24535,50.16023333,14.14458333,1.708333333,3.05,266.25,,,3.24535,1.069444445,14.83976667
OTTAWA INTL A,2024-07-26 20:00,2024,7,26,20:00,20.7,14.8,68,26,10,8.173031467,,,23.6289,55.13168333,14.10525,0.691666667,1.533333333,269.8,,,2.9289,2.086111111,12.86831667
OTTAWA INTL A,2024-07-26 21:00,2024,7,26,21:00,20.6,14.5,68,25,7,1.94569565,,,21.97418333,62.5957,14.5234,0.016666667,0.516666667,264.9833333,,,1.37418333,1.927777777,5.4043
OTTAWA INTL A,2024-07-26 22:00,2024,7,26,22:00,18.6,15,79,26,10,1.812794367,,,21.2957,65.46803333,14.57556667,0.016666667,0.35,270.6166667,,,2.6957,2.761111111,13.53196667
OTTAWA INTL A,2024-07-26 23:00,2024,7,26,23:00,18.9,14.9,78,27,6,1.799485133,,,19.20843333,73.43326667,14.3604,0,0,271,,,0.30843333,1.666666667,4.56673333
OTTAWA INTL A,2024-07-27 0:00,2024,7,27,0:00,17.8,14.7,82,23,7,1.88079155,,,19.2853,72.9439,14.32991667,0,0.066666667,271,,,1.4853,1.944444444,9.0561
OTTAWA INTL A,2024-07-27 1:00,2024,7,27,1:00,16.6,15.6,94,23,9,1.830187417,,,18.62608333,77.55861667,14.64335,0,0.083333333,271,,,2.02608333,2.5,16.44138333
OTTAWA INTL A,2024-07-27 2:00,2024,7,27,2:00,16.4,16,98,25,4,1.5678307,,,18.06631667,80.59276667,14.69618333,0,0.133333333,271,,,1.66631667,1.111111111,17.40723333
OTTAWA INTL A,2024-07-27 3:00,2024,7,27,3:00,15.9,15.3,97,25,7,1.838748617,,,17.71565,82.61356667,14.73703333,0.008333333,0.358333333,271,,,1.81565,1.936111111,14.38643333
OTTAWA INTL A,2024-07-27 4:00,2024,7,27,4:00,16.3,16.3,100,29,10,1.555719567,,,17.37183333,84.46778333,14.74635,0.05,0.325,271,,,1.07183333,2.727777778,15.53221667
OTTAWA INTL A,2024-07-27 5:00,2024,7,27,5:00,15.8,15.8,100,27,9,6.7601601,,,17.14443333,86.68875,14.92476667,0.058333333,0.375,269.2333333,,,1.34443333,2.441666667,13.31125
OTTAWA INTL A,2024-07-27 6:00,2024,7,27,6:00,17.9,16.6,92,29,12,56.24490823,,,17.33111667,85.51085,14.8943,0.108333333,0.6,270.5166667,,,0.56888333,3.225,6.48915
OTTAWA INTL A,2024-07-27 7:00,2024,7,27,7:00,19.2,16.6,85,28,14,200.5925538,,,18.90716667,81.19518333,15.62508333,0.383333333,1.066666667,273.5333333,,,0.29283333,3.505555556,3.80481667
OTTAWA INTL A,2024-07-27 8:00,2024,7,27,8:00,21.3,16.6,74,29,9,392.2667337,,,21.63426667,71.14233333,16.19388333,0.7,1.65,267.5333333,,,0.33426667,1.8,2.85766667
OTTAWA INTL A,2024-07-27 9:00,2024,7,27,9:00,23.1,16.6,66,26,8,554.7213465,,,23.35438333,63.66678333,16.08188333,1.058333333,2.108333333,276.6166667,,,0.25438333,1.163888889,2.33321667
OTTAWA INTL A,2024-07-27 10:00,2024,7,27,10:00,24.8,15.7,56,26,11,702.4897432,,,25.5249,54.37696667,15.63028333,1.133333333,2.3,264.7833333,,,0.7249,1.922222223,1.62303333
OTTAWA INTL A,2024-07-27 11:00,2024,7,27,11:00,25.8,16.7,57,24,7,799.8157908,,,27.18351667,49.7814,15.79478333,0.858333333,1.866666667,246.35,,,1.38351667,1.086111111,7.2186
OTTAWA INTL A,2024-07-27 12:00,2024,7,27,12:00,26.4,16.6,55,24,10,880.3417092,,,27.34866667,50.29776667,16.10881667,1.658333333,3.108333333,267.9333333,,,0.94866667,1.119444445,4.70223333
OTTAWA INTL A,2024-07-27 13:00,2024,7,27,13:00,27.1,15.6,49,26,8,872.4306825,,,27.47701667,48.48713333,15.65503333,2.075,3.65,265.0833333,,,0.37701667,0.147222222,0.51286667
OTTAWA INTL A,2024-07-27 14:00,2024,7,27,14:00,27.3,15.5,48,23,9,812.7193868,,,27.73081667,46.31276667,15.17118333,1.983333333,3.516666667,246.8333333,,,0.43081667,0.516666667,1.68723333
OTTAWA INTL A,2024-07-27 15:00,2024,7,27,15:00,27.1,15,47,23,12,719.5393163,,,27.9607,47.60681667,15.81288333,1.833333333,3.208333333,255.8333333,,,0.8607,1.5,0.60681667
OTTAWA INTL A,2024-07-27 16:00,2024,7,27,16:00,27.5,16.5,51,25,10,570.0129007,,,28.20268333,47.01803333,15.8435,1.616666667,2.941666667,258.7333333,,,0.70268333,1.161111111,3.98196667
OTTAWA INTL A,2024-07-27 17:00,2024,7,27,17:00,26.7,16.2,52,22,11,401.3979585,,,28.0865,47.37093333,15.85265,1.516666667,2.816666667,264.1166667,,,1.3865,1.538888889,4.62906667
OTTAWA INTL A,2024-07-27 18:00,2024,7,27,18:00,25.5,15.4,53,21,14,235.2507483,,,27.33226667,50.9235,16.29511667,1.316666667,2.366666667,272.0166667,,,1.83226667,2.572222222,2.0765
OTTAWA INTL A,2024-07-27 19:00,2024,7,27,19:00,24,15.8,60,22,10,93.01079745,,,26.34886667,51.45258333,15.55475,0.616666667,1.4,264.75,,,2.34886667,2.161111111,8.54741667
OTTAWA INTL A,2024-07-27 20:00,2024,7,27,20:00,22.6,15.5,64,21,10,9.0074413,,,25.05553333,54.35541667,15.21723333,0.133333333,0.741666667,228.4666667,,,2.45553333,2.644444445,9.64458333
OTTAWA INTL A,2024-07-27 21:00,2024,7,27,21:00,21,17.1,78,20,9,1.821852183,,,24.3184,55.762,14.93193333,0.383333333,1.25,221.6,,,3.3184,2.116666667,22.238
OTTAWA INTL A,2024-07-27 22:00,2024,7,27,22:00,19.9,16.9,82,19,8,2.072123017,,,23.26456667,62.07208333,15.59841667,1.066666667,2.275,175.2,,,3.36456667,1.155555555,19.92791667
OTTAWA INTL A,2024-07-27 23:00,2024,7,27,23:00,19.2,16.7,85,20,8,1.964681733,,,22.12676667,68.25095,16.0194,0.516666667,1.483333333,198.4833333,,,2.92676667,1.705555555,16.74905
OTTAWA INTL A,2024-07-28 0:00,2024,7,28,0:00,18.8,17,89,22,10,1.9021078,,,20.86421667,74.1197,16.0926,0.158333333,0.558333333,210.2333333,,,2.06421667,2.619444445,14.8803
OTTAWA INTL A,2024-07-28 1:00,2024,7,28,1:00,17,17,100,22,7,1.708057367,,,20.78881667,75.72521667,16.36681667,0.225,1,223.9833333,,,3.78881667,1.719444444,24.27478333
OTTAWA INTL A,2024-07-28 2:00,2024,7,28,2:00,16.7,16.7,100,22,9,1.784568,,,19.80438333,79.3472,16.14398333,0.033333333,0.25,211.4833333,,,3.10438333,2.466666667,20.6528
OTTAWA INTL A,2024-07-28 3:00,2024,7,28,3:00,16.6,16.6,100,22,10,1.733579717,,,19.43835,80.73336667,16.06176667,0.066666667,0.616666667,260.85,,,2.83835,2.711111111,19.26663333
OTTAWA INTL A,2024-07-28 4:00,2024,7,28,4:00,15.6,15.6,100,22.5,0,1.67947795,,,18.33765,85.0508,15.79801667,0,0.041666667,269.45,,,2.73765,0,14.9492
OTTAWA INTL A,2024-07-28 5:00,2024,7,28,5:00,15.5,15.5,100,23,6,4.8108662,,,17.96556667,87.10788333,15.80908333,0,0.166666667,227.7166667,,,2.46556667,1.666666667,12.89211667
OTTAWA INTL A,2024-07-28 6:00,2024,7,28,6:00,16.7,16.7,100,23,3,65.93965975,,,18.27151667,86.07706667,15.91735,0.033333333,0.425,237.4666667,,,1.57151667,0.8,13.92293333
OTTAWA INTL A,2024-07-28 7:00,2024,7,28,7:00,18.8,18,95,23,5,213.9611743,,,20.43851667,77.79473333,16.43606667,0.075,0.625,250.6666667,,,1.63851667,1.313888889,17.20526667
OTTAWA INTL A,2024-07-28 8:00,2024,7,28,8:00,21.5,17.2,76,21,5,387.0689868,,,23.36258333,65.73698333,16.59168333,0.275,0.916666667,212.55,,,1.86258333,1.113888889,10.26301667
OTTAWA INTL A,2024-07-28 9:00,2024,7,28,9:00,23.7,18.2,71,21,8,553.6032158,,,25.18281667,59.2089,16.66915,0.55,1.333333333,189.8666667,,,1.48281667,1.672222222,11.7911
OTTAWA INTL A,2024-07-28 10:00,2024,7,28,10:00,25.7,18.2,63,22,11,694.139714,,,26.6023,51.8053,15.88188333,0.8,1.783333333,196.8666667,,,0.9023,2.255555556,11.1947
OTTAWA INTL A,2024-07-28 11:00,2024,7,28,11:00,26.7,17.6,57,21,13,793.7746125,,,27.78295,50.304,16.5163,0.716666667,1.841666667,235.8833333,,,1.08295,2.894444444,6.696
OTTAWA INTL A,2024-07-28 12:00,2024,7,28,12:00,27.7,17.1,52,23,13,856.7104993,,,28.22636667,51.6518,17.33525,1.658333333,3.033333333,260.8,,,0.52636667,1.952777778,0.3482
OTTAWA INTL A,2024-07-28 13:00,2024,7,28,13:00,28.1,17.5,52,24,10,857.4883347,,,28.94611667,49.71346667,17.39646667,1.658333333,3.033333333,261.85,,,0.84611667,1.119444445,2.28653333
OTTAWA INTL A,2024-07-28 14:00,2024,7,28,14:00,28.6,16.1,46,22,13,797.0520395,,,29.51603333,47.13968333,17.07585,1.658333333,2.975,262.95,,,0.91603333,1.952777778,1.13968333
OTTAWA INTL A,2024-07-28 15:00,2024,7,28,15:00,28.7,16.6,47,26,9,703.042799,,,30.08041667,46.22176667,17.27993333,1.15,2.375,237.4,,,1.38041667,1.35,0.77823333
OTTAWA INTL A,2024-07-28 16:00,2024,7,28,16:00,28.7,18.3,53,22,10,564.7120683,,,30.17658333,46.49635,17.45616667,1.183333333,2.375,245.1666667,,,1.47658333,1.594444445,6.50365
OTTAWA INTL A,2024-07-28 17:00,2024,7,28,17:00,28,17.6,53,22,7,402.5693547,,,29.9278,47.02808333,17.41455,0.933333333,1.991666667,241.3166667,,,1.9278,1.011111111,5.97191667
OTTAWA INTL A,2024-07-28 18:00,2024,7,28,18:00,26.9,18.8,61,18,8,240.5568922,,,29.18963333,48.33823333,17.17758333,0.975,2.083333333,187.1,,,2.28963333,1.247222222,12.66176667
OTTAWA INTL A,2024-07-28 19:00,2024,7,28,19:00,25.7,18.8,65,18,3,84.54374452,,,28.18188333,49.49946667,16.63446667,0.525,1.358333333,209.3833333,,,2.48188333,0.308333333,15.50053333
OTTAWA INTL A,2024-07-28 20:00,2024,7,28,20:00,23.8,19.1,75,17,10,10.05783837,,,26.32308333,54.51143333,16.432,0.033333333,0.266666667,223.6666667,,,2.52308333,2.744444445,20.48856667
OTTAWA INTL A,2024-07-28 21:00,2024,7,28,21:00,22.6,19.2,81,18,6,2.083737517,,,25.29968333,61.01878333,17.24143333,0.066666667,0.466666667,203.9333333,,,2.69968333,1.6,19.98121667
OTTAWA INTL A,2024-07-28 22:00,2024,7,28,22:00,22,18.8,82,21,7,1.804363967,,,24.76203333,63.65048333,17.42496667,0.266666667,0.866666667,187.95,,,2.76203333,1.677777777,18.34951667
OTTAWA INTL A,2024-07-28 23:00,2024,7,28,23:00,20.5,17.8,84,19,6,1.9206574,,,23.77188333,65.53465,16.9468,0.266666667,0.766666667,221.3,,,3.27188333,1.4,18.46535
OTTAWA INTL A,2024-07-29 0:00,2024,7,29,0:00,17.8,17.1,96,19,5,2.280604333,,,22.32421667,70.12953333,16.5971,0.075,0.291666667,229.9166667,,,4.52421667,1.313888889,25.87046667
OTTAWA INTL A,2024-07-29 1:00,2024,7,29,1:00,18.6,17.2,91,26,5,1.947695783,,,20.23976667,85.60375,17.7572,0,0.008333333,240,,,1.63976667,1.388888889,5.39625
OTTAWA INTL A,2024-07-29 2:00,2024,7,29,2:00,16.2,16.2,100,26.66666667,0,1.899239417,,,19.56915,91.77853333,18.21688333,0,0.033333333,200.9333333,,,3.36915,0,8.22146667
OTTAWA INTL A,2024-07-29 3:00,2024,7,29,3:00,16.8,16.8,100,27.33333333,0,1.945739417,,,18.9629,94.72408333,18.12001667,0,0.091666667,167,,,2.1629,0,5.27591667
OTTAWA INTL A,2024-07-29 4:00,2024,7,29,4:00,15.8,15.8,100,28,3,1.834000583,,,18.53036667,95.46466667,17.81453333,0.066666667,0.416666667,206.35,,,2.73036667,0.766666666,4.53533333
OTTAWA INTL A,2024-07-29 5:00,2024,7,29,5:00,16,16,100,17,0,4.047461583,,,18.0974,95.23743333,17.34553333,0.016666667,0.333333333,283.75,,,2.0974,0.016666667,4.76256667
OTTAWA INTL A,2024-07-29 6:00,2024,7,29,6:00,17.4,17.4,100,6,5,62.68223383,,,18.28015,94.10411667,17.33608333,0.041666667,0.233333333,302.9166667,,,0.88015,1.347222222,5.89588333
OTTAWA INTL A,2024-07-29 7:00,2024,7,29,7:00,20.5,20.5,100,10,5,208.9681355,,,20.76418333,87.15326667,18.56131667,0.108333333,0.491666667,287.7166667,,,0.26418333,1.280555556,12.84673333
OTTAWA INTL A,2024-07-29 8:00,2024,7,29,8:00,22.6,20.2,86,7,5,368.4140152,,,23.04085,77.96668333,18.9723,0.391666667,1.166666667,161.8833333,,,0.44085,0.997222222,8.03331667
OTTAWA INTL A,2024-07-29 9:00,2024,7,29,9:00,24.5,19.6,74,9,5,534.7269133,,,25.91915,66.32421667,19.15055,0.308333333,1.025,51.13333333,,,1.41915,1.080555556,7.67578333
OTTAWA INTL A,2024-07-29 10:00,2024,7,29,10:00,25.1,19.9,72,13,5,624.0562098,,,26.86536667,63.84716667,19.45948333,0.8,1.775,114.9833333,,,1.76536667,0.588888889,8.15283333
OTTAWA INTL A,2024-07-29 11:00,2024,7,29,11:00,25.2,19.4,70,14,8,502.7860988,,,27.01661667,61.87871667,19.09956667,0.95,1.941666667,132.55,,,1.81661667,1.272222222,8.12128333
OTTAWA INTL A,2024-07-29 12:00,2024,7,29,12:00,25.3,19.8,71,16,7,525.8302953,,,26.85321667,60.68445,18.62426667,1.208333333,2.15,136.7166667,,,1.55321667,0.736111111,10.31555
OTTAWA INTL A,2024-07-29 13:00,2024,7,29,13:00,24.8,19.7,73,21,6,354.7040458,,,27.12598333,57.96341667,18.1535,0.641666667,1.491666667,127.8666667,,,2.32598333,1.025,15.03658333
OTTAWA INTL A,2024-07-29 14:00,2024,7,29,14:00,24.3,20.4,79,17,8,173.4598633,,,26.2224,62.75678333,18.56566667,1.016666667,1.866666667,116.1333333,,,1.9224,1.205555555,16.24321667
OTTAWA INTL A,2024-07-29 15:00,2024,7,29,15:00,25.1,20.7,76,17,7,190.214512,,,25.69868333,67.83445,19.32716667,1.258333333,2.208333333,128.3333333,,,0.59868333,0.686111111,8.16555
OTTAWA INTL A,2024-07-29 16:00,2024,7,29,16:00,26.1,18.6,63,25,5,337.0226205,,,26.72236667,60.35873333,18.40965,0.591666667,1.366666667,158.9666667,,,0.62236667,0.797222222,2.64126667
OTTAWA INTL A,2024-07-29 17:00,2024,7,29,17:00,26.4,18.9,63,21,3,397.1972857,,,28.13936667,56.10361667,18.57843333,0.641666667,1.508333333,272.85,,,1.73936667,0.191666666,6.89638333
OTTAWA INTL A,2024-07-29 18:00,2024,7,29,18:00,25.4,20.5,74,16,5,228.2395815,,,27.47166667,57.91666667,18.46526667,0.475,1.291666667,285.1666667,,,2.07166667,0.913888889,16.08333333
OTTAWA INTL A,2024-07-29 19:00,2024,7,29,19:00,23.9,19.1,75,23,6,81.46170562,,,26.38458333,61.21728333,18.32686667,0.116666667,0.558333333,262.5333333,,,2.48458333,1.55,13.78271667
OTTAWA INTL A,2024-07-29 20:00,2024,7,29,20:00,19.6,18.5,94,19,5,8.42291765,,,23.75863333,71.94976667,18.40928333,0,0,263,,,4.15863333,1.388888889,22.05023333
OTTAWA INTL A,2024-07-29 21:00,2024,7,29,21:00,21.1,20.1,94,21,6,1.858654783,,,21.89841667,78.87043333,18.086,0,0,263,,,0.79841667,1.666666667,15.12956667
OTTAWA INTL A,2024-07-29 22:00,2024,7,29,22:00,20.2,20.2,100,22,5,1.710788733,,,22.42176667,78.22483333,18.46083333,0.058333333,0.175,263,,,2.22176667,1.330555556,21.77516667
OTTAWA INTL A,2024-07-29 23:00,2024,7,29,23:00,19.2,19.2,100,21,5,1.94447645,,,21.90378333,82.32626667,18.77613333,0,0.066666667,263,,,2.70378333,1.388888889,17.67373333
OTTAWA INTL A,2024-07-30 0:00,2024,7,30,0:00,19.2,19.2,100,27,8,1.795341483,,,21.14595,85.08678333,18.56438333,0.016666667,0.191666667,262.1,,,1.94595,2.205555555,14.91321667
OTTAWA INTL A,2024-07-30 1:00,2024,7,30,1:00,17.1,17.1,100,23,7,1.682886267,,,20.9604,82.44786667,17.87995,0.041666667,0.408333333,261.9166667,,,3.8604,1.902777777,17.55213333
OTTAWA INTL A,2024-07-30 2:00,2024,7,30,2:00,15.6,15.6,100,19,5,2.028065617,,,19.6271,86.50248333,17.32956667,0.008333333,0.125,263.1833333,,,4.0271,1.380555556,13.49751667
OTTAWA INTL A,2024-07-30 3:00,2024,7,30,3:00,15.7,15.7,100,17,7,2.0385711,,,19.09618333,92.11278333,17.79851667,0.175,0.516666667,267.6833333,,,3.39618333,1.769444444,7.88721667
OTTAWA INTL A,2024-07-30 4:00,2024,7,30,4:00,15.3,15.3,100,17,4,1.579297833,,,18.32056667,93.70141667,17.30938333,0.05,0.308333333,256.0833333,,,3.02056667,1.061111111,6.29858333
OTTAWA INTL A,2024-07-30 5:00,2024,7,30,5:00,16,16,100,14.5,0,3.768735767,,,17.95631667,94.03563333,17.00411667,0.141666667,0.525,258.0833333,,,1.95631667,0.141666667,5.96436667
OTTAWA INTL A,2024-07-30 6:00,2024,7,30,6:00,16.8,16.8,100,12,4,46.06237715,,,17.92653333,91.82573333,16.59845,0.133333333,0.5,243.5,,,1.12653333,0.977777778,8.17426667
OTTAWA INTL A,2024-07-30 7:00,2024,7,30,7:00,18.5,18.5,100,21,3,220.1832034,,,20.38808333,84.42858333,17.6675,0.083333333,0.425,250.55,,,1.88808333,0.75,15.57141667
OTTAWA INTL A,2024-07-30 8:00,2024,7,30,8:00,22.1,19.4,84,19,7,402.9669187,,,22.9237,78.10351667,18.9243,0.65,1.491666667,137.5833333,,,0.8237,1.294444444,5.89648333
OTTAWA INTL A,2024-07-30 9:00,2024,7,30,9:00,23.9,19.2,75,15,6,562.2977522,,,24.35775,73.86476667,19.41098333,0.933333333,1.916666667,96.03333333,,,0.45775,0.733333334,1.13523333
OTTAWA INTL A,2024-07-30 10:00,2024,7,30,10:00,25.5,20.5,73,18,7,680.7154893,,,25.99681667,66.59066667,19.30353333,1.133333333,2.233333333,132.2333333,,,0.49681667,0.811111111,6.40933333
OTTAWA INTL A,2024-07-30 11:00,2024,7,30,11:00,26.7,20.4,68,19,7,777.888284,,,27.62825,60.65535,19.34726667,1.183333333,2.416666667,158.1833333,,,0.92825,0.761111111,7.34465
OTTAWA INTL A,2024-07-30 12:00,2024,7,30,12:00,28.6,20.3,60,21,11,848.6795863,,,29.01161667,55.62535,19.24708333,0.883333333,2.008333333,229.8166667,,,0.41161667,2.172222223,4.37465
OTTAWA INTL A,2024-07-30 13:00,2024,7,30,13:00,29.2,19.9,57,19,4,863.9892187,,,30.00283333,51.6293,18.96501667,0.858333333,1.883333333,200.3166667,,,0.80283333,0.252777778,5.3707
OTTAWA INTL A,2024-07-30 14:00,2024,7,30,14:00,28.7,19.7,57,15,11,802.4611065,,,30.72493333,51.29171667,19.5252,1.008333333,2.083333333,216.4,,,2.02493333,2.047222223,5.70828333
OTTAWA INTL A,2024-07-30 15:00,2024,7,30,15:00,29.7,18.3,50,18,10,704.0902165,,,30.55373333,53.16435,19.9432,1.316666667,2.383333333,117.55,,,0.85373333,1.461111111,3.16435
OTTAWA INTL A,2024-07-30 16:00,2024,7,30,16:00,29.6,18.2,50,14,7,536.3716242,,,30.4797,52.35375,19.63415,1.566666667,2.741666667,120.7333333,,,0.8797,0.377777777,2.35375
OTTAWA INTL A,2024-07-30 17:00,2024,7,30,17:00,29.1,19.2,55,14,9,386.5503608,,,29.8141,54.52776667,19.67798333,1.916666667,3.075,124.9166667,,,0.7141,0.583333333,0.47223333
OTTAWA INTL A,2024-07-30 18:00,2024,7,30,18:00,27,20.7,68,11,10,231.2361104,,,29.12061667,55.51136667,19.31756667,2.075,3.266666667,125.5833333,,,2.12061667,0.702777778,12.48863333
OTTAWA INTL A,2024-07-30 19:00,2024,7,30,19:00,25.3,19.4,70,13,13,47.75197597,,,27.68115,58.72631667,18.8885,1.875,2.916666667,119.0666667,,,2.38115,1.736111111,11.27368333
OTTAWA INTL A,2024-07-30 20:00,2024,7,30,20:00,23.2,20.1,82,13,9,4.8483205,,,26.69453333,59.33445,18.11503333,1.65,2.666666667,121.3333333,,,3.49453333,0.85,22.66555
OTTAWA INTL A,2024-07-30 21:00,2024,7,30,21:00,22.2,21.4,95,13,12,2.397286317,,,24.46353333,73.11535,19.34431667,1.741666667,2.891666667,127.2,,,2.26353333,1.591666666,21.88465
OTTAWA INTL A,2024-07-30 22:00,2024,7,30,22:00,21.3,21.3,100,14,13,2.216015867,,,23.02613333,82.16021667,19.83468333,1.725,2.991666667,124.8833333,,,1.72613333,1.886111111,17.83978333
OTTAWA INTL A,2024-07-30 23:00,2024,7,30,23:00,21.2,21.2,100,13,7,1.724665,,,22.11108333,88.24721667,20.101,1.283333333,2.4,131.0333333,,,0.91108333,0.661111111,11.75278333
OTTAWA INTL A,2024-07-31 0:00,2024,7,31,0:00,21,21,100,11.5,0,1.728183633,,,22.05178333,88.34666667,20.06095,0.291666667,0.991666667,125.9666667,,,1.05178333,0.291666667,11.65333333
OTTAWA INTL A,2024-07-31 1:00,2024,7,31,1:00,20.9,20.9,100,10,8,1.538291417,,,21.95526667,89.0714,20.09781667,0.591666667,1.266666667,118.2833333,,,1.05526667,1.630555555,10.9286
OTTAWA INTL A,2024-07-31 2:00,2024,7,31,2:00,21.2,21.2,100,11,6,1.501632383,,,21.75363333,89.89265,20.04743333,0.366666667,1.041666667,86.51666667,,,0.55363333,1.3,10.10735
OTTAWA INTL A,2024-07-31 3:00,2024,7,31,3:00,21,21,100,12,10,1.71318555,,,21.80338333,89.94811667,20.10605,0.183333333,0.766666667,81.16666667,,,0.80338333,2.594444445,10.05188333
OTTAWA INTL A,2024-07-31 4:00,2024,7,31,4:00,20.8,20.8,100,12,7,1.730952267,,,21.76606667,91.10775,20.27693333,0.208333333,0.858333333,99.51666667,,,0.96606667,1.736111111,8.89225
OTTAWA INTL A,2024-07-31 5:00,2024,7,31,5:00,21.1,21.1,100,6,3,2.472832983,,,21.7165,92.48611667,20.47145,0.191666667,0.75,73.33333333,,,0.6165,0.641666666,7.51388333
OTTAWA INTL A,2024-07-31 6:00,2024,7,31,6:00,21.6,21.6,100,7,3,18.45326672,,,21.85373333,93.24418333,20.74008333,0.108333333,0.691666667,59.58333333,,,0.25373333,0.725,6.75581667
OTTAWA INTL A,2024-07-31 7:00,2024,7,31,7:00,22.1,22.1,100,11,5,37.60932093,,,22.38735,90.49756667,20.78245,0.325,0.933333333,116.05,,,0.28735,1.063888889,9.50243333
OTTAWA INTL A,2024-07-31 8:00,2024,7,31,8:00,22.9,22.9,100,14,9,98.17046327,,,22.71975,90.26271667,21.06878333,0.65,1.391666667,104.5333333,,,0.18025,1.85,9.73728333
OTTAWA INTL A,2024-07-31 9:00,2024,7,31,9:00,24.6,23.7,94,22,9,187.6317663,,,23.34325,88.85298333,21.4254,0.933333333,1.85,128.05,,,1.25675,1.566666667,5.14701667
OTTAWA INTL A,2024-07-31 10:00,2024,7,31,10:00,25.1,24.4,96,19,5,370.768644,,,25.64213333,80.59585,22.07296667,0.6,1.491666667,202.9666667,,,0.54213333,0.788888889,15.40415
OTTAWA INTL A,2024-07-31 11:00,2024,7,31,11:00,25.9,22.9,83,26,7,320.877576,,,25.78545,80.59511667,22.2038,0.925,1.95,302.1833333,,,0.11455,1.019444444,2.40488333
OTTAWA INTL A,2024-07-31 12:00,2024,7,31,12:00,25.9,23.5,86,27,11,427.2276067,,,26.35773333,78.4188,22.32558333,1.366666667,2.483333333,295.7333333,,,0.45773333,1.688888889,7.5812
OTTAWA INTL A,2024-07-31 13:00,2024,7,31,13:00,26.1,23.5,85,29,13,473.1333742,,,26.98868333,76.66288333,22.56445,1.55,2.758333333,296.0166667,,,0.88868333,2.061111111,8.33711667
OTTAWA INTL A,2024-07-31 14:00,2024,7,31,14:00,27.3,23.1,77,26,9,686.1862858,,,28.28166667,70.79486667,22.48111667,1.15,2.216666667,256.4333333,,,0.98166667,1.35,6.20513333
OTTAWA INTL A,2024-07-31 15:00,2024,7,31,15:00,27.6,21.4,69,29,12,453.6786755,,,28.83006667,67.66491667,22.27153333,0.9,1.858333333,266.85,,,1.23006667,2.433333333,1.33508333
OTTAWA INTL A,2024-07-31 16:00,2024,7,31,16:00,27.9,22.7,73,23,11,326.4480486,,,28.8911,67.39568333,22.25968333,0.916666667,1.991666667,257.9166667,,,0.9911,2.138888889,5.60431667
OTTAWA INTL A,2024-07-31 17:00,2024,7,31,17:00,27.1,22,73,36,16,323.9242931,,,25.28535,79.57923333,21.48128333,1.408333333,2.568333333,271.5166667,,,1.81465,3.036111111,6.57923333
OTTAWA INTL A,2024-07-31 18:00,2024,7,31,18:00,27.5,22.3,73,26,8,266.8568655,,,27.18851667,71.24238333,21.54975,0.633333333,1.416666667,260.9166667,,,0.31148333,1.588888889,1.75761667
OTTAWA INTL A,2024-07-31 19:00,2024,7,31,19:00,25.8,22.9,84,12,4,74.40075283,,,26.88151667,73.44303333,21.74763333,0.058333333,0.516666667,293.45,,,1.08151667,1.052777778,10.55696667
OTTAWA INTL A,2024-07-31 20:00,2024,7,31,20:00,24,22.9,94,12,7,8.404386883,,,25.20461667,81.60303333,21.85396667,0,0.158333333,270,,,1.20461667,1.944444444,12.39696667
OTTAWA INTL A,2024-07-31 21:00,2024,7,31,21:00,23.3,23.3,100,20,10,1.555162917,,,25.1464,81.10083333,21.69765,0.458333333,1.141666667,194.9,,,1.8464,2.319444445,18.89916667
OTTAWA INTL A,2024-07-31 22:00,2024,7,31,22:00,23.2,23.2,100,24,7,1.787484117,,,24.76348333,81.02776667,21.31256667,0.075,0.566666667,175.0666667,,,1.56348333,1.869444444,18.97223333
OTTAWA INTL A,2024-07-31 23:00,2024,7,31,23:00,22.1,22.1,100,25,9,1.821484567,,,24.1748,86.52176667,21.81026667,0.458333333,1.291666667,260.7666667,,,2.0748,2.041666667,13.47823333
OTTAWA INTL A,2024-08-01 0:00,2024,8,1,0:00,21.3,21.3,100,24,7,2.201271217,,,23.31185,90.79581667,21.74883333,0.241666667,0.975,281.5,,,2.01185,1.702777777,9.20418333
OTTAWA INTL A,2024-08-01 1:00,2024,8,1,1:00,21.6,21.6,100,25,7,1.542227417,,,22.14506667,93.09036667,21.00105,0.025,0.275,280.1166667,,,0.54506667,1.919444444,6.90963333
OTTAWA INTL A,2024-08-01 2:00,2024,8,1,2:00,20.4,20.4,100,26,8,1.65079245,,,22.60838333,89.77093333,20.86945,0.175,0.85,266.1666667,,,2.20838333,2.047222222,10.22906667
OTTAWA INTL A,2024-08-01 3:00,2024,8,1,3:00,21.1,21.1,100,28,9,1.826914,,,22.10708333,92.11461667,20.79328333,0.483333333,1.316666667,273.5333333,,,1.00708333,2.016666667,7.88538333
OTTAWA INTL A,2024-08-01 4:00,2024,8,1,4:00,20.8,20.8,100,26,12,1.77165515,,,21.6281,92.64983333,20.41231667,0.441666667,1.158333333,279.9333333,,,0.8281,2.891666666,7.35016667
OTTAWA INTL A,2024-08-01 5:00,2024,8,1,5:00,20.4,20.4,100,28,10,4.005659667,,,21.36466667,91.91056667,20.02085,0.391666667,1.116666667,282.8333333,,,0.96466667,2.386111111,8.08943333
OTTAWA INTL A,2024-08-01 6:00,2024,8,1,6:00,21.2,21.2,100,27,13,57.93724183,,,21.65955,89.97815,19.96858333,0.658333333,1.475,269.9666667,,,0.45955,2.952777778,10.02185
OTTAWA INTL A,2024-08-01 7:00,2024,8,1,7:00,22.6,22,96,31,16,206.0907483,,,23.01153333,85.73383333,20.51178333,1.033333333,1.966666667,268.5833333,,,0.41153333,3.411111111,10.26616667
OTTAWA INTL A,2024-08-01 8:00,2024,8,1,8:00,24.6,21.8,84,28,13,377.2816802,,,24.42675,80.70705,20.91766667,1.183333333,2.175,268.2666667,,,0.17325,2.427777778,3.29295
OTTAWA INTL A,2024-08-01 9:00,2024,8,1,9:00,26.5,22.7,79,31,7,400.6397967,,,25.3922,78.17031667,21.3366,1.708333333,2.758333333,272.8166667,,,1.1078,0.236111111,0.82968333
OTTAWA INTL A,2024-08-01 10:00,2024,8,1,10:00,27.6,21.6,69,28,5,534.7712992,,,26.84365,73.8087,21.78391667,1.15,2.091666667,274.5833333,,,0.75635,0.238888889,4.8087
OTTAWA INTL A,2024-08-01 11:00,2024,8,1,11:00,29.5,21.7,62,26,4,780.06598,,,29.541,65.25275,22.33976667,0.666666667,1.6,230.1166667,,,0.041,0.444444444,3.25275
OTTAWA INTL A,2024-08-01 12:00,2024,8,1,12:00,30.1,22.9,65,35,7,838.5779223,,,30.26278333,61.26056667,21.98635,1.041666667,2.1,280.8166667,,,0.16278333,0.902777777,3.73943333
OTTAWA INTL A,2024-08-01 13:00,2024,8,1,13:00,30.5,21.6,59,25,9,273.916053,,,27.46018333,72.53518333,21.82928333,1.65,2.8,147.0666667,,,3.03981667,0.85,13.53518333
OTTAWA INTL A,2024-08-01 14:00,2024,8,1,14:00,29.7,23,67,8,12,796.8458463,,,28.78503333,71.50018333,23.067,0.775,1.633333333,128.7166667,,,0.91496667,2.558333333,4.50018333
OTTAWA INTL A,2024-08-01 15:00,2024,8,1,15:00,31.5,19.6,48,28,12,629.570461,,,31.27466667,55.05698333,21.16208333,0.633333333,1.541666667,185.85,,,0.22533333,2.7,7.05698333
OTTAWA INTL A,2024-08-01 16:00,2024,8,1,16:00,31.5,20,50,27,12,584.0632525,,,32.18441667,50.1401,20.50063333,1.058333333,2.191666667,275.1,,,0.68441667,2.275,0.1401
OTTAWA INTL A,2024-08-01 17:00,2024,8,1,17:00,30.4,19.8,52,25,14,415.0864698,,,31.80336667,50.81048333,20.36288333,1.383333333,2.466666667,276.5166667,,,1.40336667,2.505555556,1.18951667
OTTAWA INTL A,2024-08-01 18:00,2024,8,1,18:00,29.8,18.5,50,30,14,240.5885252,,,31.00273333,52.80555,20.26001667,1.458333333,2.533333333,269.65,,,1.20273333,2.430555556,2.80555
OTTAWA INTL A,2024-08-01 19:00,2024,8,1,19:00,27.2,19.4,62,28,9,76.84032673,,,29.96175,55.31413333,20.0498,0.516666667,1.341666667,264.1,,,2.76175,1.983333333,6.68586667
OTTAWA INTL A,2024-08-01 20:00,2024,8,1,20:00,27.1,18.9,60,24,6,7.44490445,,,27.85808333,59.94038333,19.37648333,0.008333333,0.175,262.3666667,,,0.75808333,1.658333334,0.05961667
OTTAWA INTL A,2024-08-01 21:00,2024,8,1,21:00,23.8,20,79,18,12,2.02247225,,,26.48756667,65.03936667,19.39823333,0,0.016666667,257,,,2.68756667,3.333333333,13.96063333
OTTAWA INTL A,2024-08-01 22:00,2024,8,1,22:00,23.7,22.2,91,20,8,2.204351467,,,25.12051667,70.87655,19.48465,0.15,0.283333333,241.1333333,,,1.42051667,2.072222222,20.12345
OTTAWA INTL A,2024-08-01 23:00,2024,8,1,23:00,23.4,22.8,96,21,10,1.78161655,,,25.81185,71.84481667,20.36093333,0.325,0.95,169.7833333,,,2.41185,2.452777778,24.15518333
OTTAWA INTL A,2024-08-02 0:00,2024,8,2,0:00,22.8,22.8,100,20,8,1.7838452,,,24.37851667,80.47058333,20.82081667,0.016666667,0.125,180.3166667,,,1.57851667,2.205555555,19.52941667
OTTAWA INTL A,2024-08-02 1:00,2024,8,2,1:00,21.8,21.8,100,24,3,1.786592983,,,23.55848333,86.1104,21.12513333,0.008333333,0.033333333,250.1333333,,,1.75848333,0.825,13.8896
OTTAWA INTL A,2024-08-02 2:00,2024,8,2,2:00,20.3,20.3,100,23,5,2.180897817,,,22.95686667,88.78873333,21.02751667,0.025,0.166666667,170.4833333,,,2.65686667,1.363888889,11.21126667
OTTAWA INTL A,2024-08-02 3:00,2024,8,2,3:00,20.2,20.2,100,19,8,1.844578867,,,21.70641667,94.94801667,20.88848333,0,0,171,,,1.50641667,2.222222222,5.05198333
OTTAWA INTL A,2024-08-02 4:00,2024,8,2,4:00,20.2,20.2,100,18,9,1.7922964,,,21.14598333,94.95018333,20.33135,0,0.041666667,171.7333333,,,0.94598333,2.5,5.04981667
OTTAWA INTL A,2024-08-02 5:00,2024,8,2,5:00,19.7,19.7,100,19,5,4.871101517,,,20.62508333,95.94855,19.98215,0,0.033333333,172.7,,,0.92508333,1.388888889,4.05145
OTTAWA INTL A,2024-08-02 6:00,2024,8,2,6:00,21.3,21.3,100,20,5,72.03338867,,,21.16633333,95.06536667,20.36971667,0.066666667,0.216666667,167.9666667,,,0.13366667,1.322222222,4.93463333
OTTAWA INTL A,2024-08-02 7:00,2024,8,2,7:00,23.1,23.1,100,20,8,222.8364492,,,23.45198333,87.7936,21.32851667,0.158333333,0.5,148.6666667,,,0.35198333,2.063888889,12.2064
OTTAWA INTL A,2024-08-02 8:00,2024,8,2,8:00,24.3,23.4,95,23,5,328.3135952,,,25.55533333,81.30238333,22.136,0.275,0.891666667,261.4166667,,,1.25533333,1.113888889,13.69761667
OTTAWA INTL A,2024-08-02 9:00,2024,8,2,9:00,25.6,23.1,86,21,3,339.8629645,,,26.25591667,79.28221667,22.40586667,0.316666667,1.008333333,226.0666667,,,0.65591667,0.516666666,6.71778333
OTTAWA INTL A,2024-08-02 10:00,2024,8,2,10:00,26.9,22.6,77,19,6,393.7075837,,,27.39298333,76.18261667,22.8512,0.45,1.216666667,125.85,,,0.49298333,1.216666667,0.81738333
OTTAWA INTL A,2024-08-02 11:00,2024,8,2,11:00,28,22.4,71,21,9,494.929563,,,29.14988333,69.8294,23.07825,0.55,1.325,184.4833333,,,1.14988333,1.95,1.1706
OTTAWA INTL A,2024-08-02 12:00,2024,8,2,12:00,30.3,21.6,59,23,9,625.5878275,,,30.00648333,63.4328,22.31258333,0.95,1.991666667,183.2666667,,,0.29351667,1.55,4.4328
OTTAWA INTL A,2024-08-02 13:00,2024,8,2,13:00,30.1,21.5,60,26,12,582.0872798,,,30.82653333,58.32173333,21.71343333,1.233333333,2.366666667,265.7333333,,,0.72653333,2.1,1.67826667
OTTAWA INTL A,2024-08-02 14:00,2024,8,2,14:00,30.7,22,59,19,9,543.171968,,,30.9823,57.41328333,21.59945,1.316666667,2.441666667,262.7333333,,,0.2823,1.183333333,1.58671667
OTTAWA INTL A,2024-08-02 15:00,2024,8,2,15:00,30.1,20.8,57,23,16,528.6881848,,,31.4717,52.3943,20.55838333,1.458333333,2.733333333,263.55,,,1.3717,2.986111111,4.6057
OTTAWA INTL A,2024-08-02 16:00,2024,8,2,16:00,29.9,20.9,58,23,10,504.9157775,,,31.91853333,50.28811667,20.3061,1.125,2.191666667,258,,,2.01853333,1.652777778,7.71188333
OTTAWA INTL A,2024-08-02 17:00,2024,8,2,17:00,29.9,20.8,58,22,8,361.7357045,,,31.27078333,56.1002,21.48656667,1.475,2.591666667,273.55,,,1.37078333,0.747222222,1.8998
OTTAWA INTL A,2024-08-02 18:00,2024,8,2,18:00,27.8,23.1,75,17,6,174.1847318,,,30.0329,55.70206667,20.2169,1.191666667,2.175,273.2333333,,,2.2329,0.475,19.29793333
OTTAWA INTL A,2024-08-02 19:00,2024,8,2,19:00,27.3,22,72,20,7,66.46136603,,,29.15203333,59.99661667,20.60638333,0.591666667,1.3,265.8166667,,,1.85203333,1.352777777,12.00338333
OTTAWA INTL A,2024-08-02 20:00,2024,8,2,20:00,26.1,22.1,78,20,7,7.83442585,,,28.0157,64.32146667,20.6722,0.141666667,0.375,207.8333333,,,1.9157,1.802777777,13.67853333
OTTAWA INTL A,2024-08-02 21:00,2024,8,2,21:00,25.2,21.1,78,20,9,1.861888583,,,27.57775,64.77576667,20.3693,0.216666667,0.816666667,169.35,,,2.37775,2.283333333,13.22423333
OTTAWA INTL A,2024-08-02 22:00,2024,8,2,22:00,24.2,21.3,83,19,9,1.90646725,,,26.80001667,68.06193333,20.4356,0.291666667,0.9,189.1833333,,,2.60001667,2.208333333,14.93806667
OTTAWA INTL A,2024-08-02 23:00,2024,8,2,23:00,23.1,21.6,91,20,8,1.9539538,,,26.05143333,70.56171667,20.30441667,0.008333333,0.416666667,184.35,,,2.95143333,2.213888889,20.43828333
OTTAWA INTL A,2024-08-03 0:00,2024,8,3,0:00,23,22,94,26,8,1.962849717,,,25.2271,76.97651667,20.9152,0.075,0.625,249.5,,,2.2271,2.147222222,17.02348333
OTTAWA INTL A,2024-08-03 1:00,2024,8,3,1:00,22.1,22.1,100,19,9,1.9352485,,,24.24735,82.31001667,21.06338333,0.091666667,0.383333333,265.75,,,2.14735,2.408333333,17.68998333
OTTAWA INTL A,2024-08-03 2:00,2024,8,3,2:00,21.7,21.7,100,19,9,1.493500833,,,24.18545,81.06276667,20.7566,0.575,1.225,163.5166667,,,2.48545,1.925,18.93723333
OTTAWA INTL A,2024-08-03 3:00,2024,8,3,3:00,21.2,21.2,100,22,7,1.8895876,,,23.6078,82.4513,20.46831667,0.625,1.291666667,155.3833333,,,2.4078,1.319444444,17.5487
OTTAWA INTL A,2024-08-03 4:00,2024,8,3,4:00,21.4,21.4,100,21,9,1.757618817,,,23.28611667,83.85715,20.42836667,0.516666667,1.183333333,192.1166667,,,1.88611667,1.983333333,16.14285
OTTAWA INTL A,2024-08-03 5:00,2024,8,3,5:00,21,21,100,21,12,3.422858483,,,22.73413333,86.12585,20.3194,0.183333333,0.708333333,206.5666667,,,1.73413333,3.15,13.87415
OTTAWA INTL A,2024-08-03 6:00,2024,8,3,6:00,21.2,21.2,100,22,9,50.0976738,,,22.59118333,87.53243333,20.44145,0.008333333,0.141666667,248.7833333,,,1.39118333,2.491666667,12.46756667
OTTAWA INTL A,2024-08-03 7:00,2024,8,3,7:00,23.3,23.3,100,23,7,226.744656,,,24.49183333,80.222,20.87011667,0.525,1.375,239.3166667,,,1.19183333,1.419444444,19.778
OTTAWA INTL A,2024-08-03 8:00,2024,8,3,8:00,24.8,23.1,90,22,10,344.6580417,,,25.78041667,74.87641667,21.00838333,0.875,1.933333333,253.7166667,,,0.98041667,1.902777778,15.12358333
OTTAWA INTL A,2024-08-03 9:00,2024,8,3,9:00,26.9,23.3,81,26,10,542.4917875,,,27.49273333,70.25121667,21.604,0.8,1.825,247.75,,,0.59273333,1.977777778,10.74878333
OTTAWA INTL A,2024-08-03 10:00,2024,8,3,10:00,28.7,21.9,66,25,7,663.782231,,,29.17775,64.94471667,21.92526667,0.858333333,1.85,198.0666667,,,0.47775,1.086111111,1.05528333
OTTAWA INTL A,2024-08-03 11:00,2024,8,3,11:00,29.7,22.9,66,26,7,775.5368757,,,30.60375,57.5589,21.27466667,1.033333333,2.158333333,243.8166667,,,0.90375,0.911111111,8.4411
OTTAWA INTL A,2024-08-03 12:00,2024,8,3,12:00,30.6,21.2,57,30,10,758.8507543,,,31.00878333,54.9649,20.9157,1.716666667,3.15,249.9333333,,,0.40878333,1.061111111,2.0351
OTTAWA INTL A,2024-08-03 13:00,2024,8,3,13:00,30.2,21.6,60,21,14,737.1804452,,,31.66046667,53.92193333,21.20221667,1.541666667,2.95,248.4666667,,,1.46046667,2.347222222,6.07806667
OTTAWA INTL A,2024-08-03 14:00,2024,8,3,14:00,31.3,21.9,57,22,16,583.2266785,,,31.78345,53.37875,21.15226667,1.475,2.841666667,237.05,,,0.48345,2.969444444,3.62125
OTTAWA INTL A,2024-08-03 15:00,2024,8,3,15:00,30.9,22.2,59,23,21,478.9118937,,,31.76976667,54.73593333,21.55298333,1.683333333,3.15,220.65,,,0.86976667,4.15,4.26406667
OTTAWA INTL A,2024-08-03 16:00,2024,8,3,16:00,29.4,23.7,71,20,21,431.1908733,,,31.89346667,54.87401667,21.70883333,1.933333333,3.55,224.5166667,,,2.49346667,3.9,16.12598333
OTTAWA INTL A,2024-08-03 17:00,2024,8,3,17:00,28.2,24.4,80,20,20,255.2027093,,,30.58908333,61.93558333,22.44341667,2.183333333,4.145,197.4166667,,,2.38908333,3.372222223,18.06441667
OTTAWA INTL A,2024-08-03 18:00,2024,8,3,18:00,27.7,24.2,81,22,18,154.9336828,,,29.28725,69.97878333,23.2637,2.2,4.125,195.3666667,,,1.58725,2.8,11.02121667
OTTAWA INTL A,2024-08-03 19:00,2024,8,3,19:00,25.7,20.4,72,35,18,16.35732027,,,24.33411667,83.39336667,21.26455,2.208333333,3.876666667,260.75,,,1.36588333,2.791666667,11.39336667
OTTAWA INTL A,2024-08-03 20:00,2024,8,3,20:00,21.4,21.4,100,16,8,16.79113862,,,21.66495,87.3789,19.49365,1.125,1.95,147.3166667,,,0.26495,1.097222222,12.6211
OTTAWA INTL A,2024-08-03 21:00,2024,8,3,21:00,21.8,21.8,100,16,13,1.762279733,,,21.39973333,90.76855,19.84903333,0.266666667,0.65,199.3833333,,,0.40026667,3.344444444,9.23145
OTTAWA INTL A,2024-08-03 22:00,2024,8,3,22:00,21.2,21.2,100,23,10,1.680811383,,,21.25421667,93.9667,20.26913333,0.083333333,0.375,220.7833333,,,0.05421667,2.694444445,6.0333
OTTAWA INTL A,2024-08-03 23:00,2024,8,3,23:00,22.1,22.1,100,22,7,1.481427217,,,21.0981,95.45538333,20.3694,0,0.125,290.6333333,,,1.0019,1.944444444,4.54461667
OTTAWA INTL A,2024-08-04 0:00,2024,8,4,0:00,21.8,21.8,100,30,8,1.668773083,,,20.98263333,95.84918333,20.32128333,0.008333333,0.1,248.1666667,,,0.81736667,2.213888889,4.15081667
OTTAWA INTL A,2024-08-04 1:00,2024,8,4,1:00,19.9,19.9,100,5,8,1.808976933,,,20.58896667,95.99693333,19.95438333,0.083333333,0.558333333,58.66666667,,,0.68896667,2.138888889,4.00306667
OTTAWA INTL A,2024-08-04 2:00,2024,8,4,2:00,19.5,19.5,100,3,6,1.6690077,,,20.05426667,96.83561667,19.56168333,0,0.008333333,67,,,0.55426667,1.666666667,3.16438333
OTTAWA INTL A,2024-08-04 3:00,2024,8,4,3:00,19.2,19.2,100,2.5,0,1.697277533,,,19.72431667,98.15845,19.45105,0,0.083333333,173.9833333,,,0.52431667,0,1.84155
OTTAWA INTL A,2024-08-04 4:00,2024,8,4,4:00,19,19,100,2,6,1.736661933,,,19.52451667,98.27818333,19.27103333,0,0.05,317.1333333,,,0.52451667,1.666666667,1.72181667
OTTAWA INTL A,2024-08-04 5:00,2024,8,4,5:00,18.8,18.8,100,6.333333333,0,3.514984117,,,19.21636667,98.68345,19.02908333,0,0.033333333,319,,,0.41636667,0,1.31655
OTTAWA INTL A,2024-08-04 6:00,2024,8,4,6:00,18.5,18.5,100,10.66666667,0,65.44349937,,,19.5899,97.84588333,19.26421667,0,0,319,,,1.0899,0,2.15411667
OTTAWA INTL A,2024-08-04 7:00,2024,8,4,7:00,20.6,20.6,100,15,6,198.8588768,,,21.22671667,92.65256667,20.01285,0.191666667,0.591666667,181.5,,,0.62671667,1.475,7.34743333
OTTAWA INTL A,2024-08-04 8:00,2024,8,4,8:00,21.4,21.4,100,25,3,387.6810492,,,22.4403,87.30163333,20.23393333,0.125,0.583333333,142.8166667,,,1.0403,0.708333333,12.69836667
OTTAWA INTL A,2024-08-04 9:00,2024,8,4,9:00,23.7,23.7,100,19,5,522.1471145,,,24.65981667,80.66285,21.13321667,0.466666667,1.125,253.4666667,,,0.95981667,0.922222222,19.33715
OTTAWA INTL A,2024-08-04 10:00,2024,8,4,10:00,26.4,21.9,76,15,4,684.6189165,,,26.70736667,74.23001667,21.75685,0.516666667,1.391666667,142.7833333,,,0.30736667,0.594444444,1.76998333
OTTAWA INTL A,2024-08-04 11:00,2024,8,4,11:00,28,21.5,67,22,11,707.345925,,,28.35025,68.5266,22.00116667,0.6,1.475,148.6166667,,,0.35025,2.455555556,1.5266
OTTAWA INTL A,2024-08-04 12:00,2024,8,4,12:00,29.7,21.6,61,24,10,818.467865,,,30.15331667,62.39945,22.12613333,0.758333333,1.7,273.9666667,,,0.45331667,2.019444445,1.39945
OTTAWA INTL A,2024-08-04 13:00,2024,8,4,13:00,29.8,20.7,57,27,10,824.0887672,,,30.72201667,49.2331,18.86505,1.525,2.875,241.7333333,,,0.92201667,1.252777778,7.7669
OTTAWA INTL A,2024-08-04 14:00,2024,8,4,14:00,31.6,17.4,42,24,20,774.9047135,,,31.17753333,47.42576667,18.68313333,2.166666667,3.883333333,250.1666667,,,0.42246667,3.388888889,5.42576667
OTTAWA INTL A,2024-08-04 15:00,2024,8,4,15:00,31.3,16.7,41,26,26,620.349146,,,30.95051667,47.82338333,18.61096667,2.233333333,3.65,272.7166667,,,0.34948333,4.988888889,6.82338333
OTTAWA INTL A,2024-08-04 16:00,2024,8,4,16:00,30.8,15.5,39,30,29,549.9831823,,,30.71381667,45.3279,17.52326667,3.258333333,5.158333333,274.25,,,0.08618333,4.797222223,6.3279
OTTAWA INTL A,2024-08-04 17:00,2024,8,4,17:00,29.9,16.7,44,29,27,348.6733825,,,30.11618333,45.30908333,16.97578333,3.133333333,4.993333333,281.55,,,0.21618333,4.366666667,1.30908333
OTTAWA INTL A,2024-08-04 18:00,2024,8,4,18:00,28.1,16.8,50,32,30,196.1465219,,,28.65736667,52.6696,18.04953333,2.308333333,3.858333333,301.9333333,,,0.55736667,6.025,2.6696
OTTAWA INTL A,2024-08-04 19:00,2024,8,4,19:00,26.5,17.2,56,33,21,63.94044075,,,27.04868333,57.86076667,18.05528333,1.591666667,2.808333333,306.45,,,0.54868333,4.241666666,1.86076667
OTTAWA INTL A,2024-08-04 20:00,2024,8,4,20:00,25.3,17.3,61,34,21,5.69238835,,,25.41263333,61.8071,17.57105,1.483333333,2.716666667,311.85,,,0.11263333,4.35,0.8071
OTTAWA INTL A,2024-08-04 21:00,2024,8,4,21:00,23.9,17,65,35,20,2.21298335,,,24.13475,65.19466667,17.21031667,1.225,2.316666667,316.1333333,,,0.23475,4.330555556,0.19466667
OTTAWA INTL A,2024-08-04 22:00,2024,8,4,22:00,22.7,15.8,65,35,15,2.206654767,,,22.79351667,66.53136667,16.25698333,1.241666667,2.283333333,314.9833333,,,0.09351667,2.925,1.53136667
OTTAWA INTL A,2024-08-04 23:00,2024,8,4,23:00,21,15.5,70,1,12,2.04649705,,,21.65711667,68.22356667,15.56483333,0.441666667,1.258333333,305.65,,,0.65711667,2.891666666,1.77643333
OTTAWA INTL A,2024-08-05 0:00,2024,8,5,0:00,19.9,15.4,75,4,7,1.804388933,,,20.20466667,73.77216667,15.38831667,0.016666667,0.216666667,286,,,0.30466667,1.927777777,1.22783333
OTTAWA INTL A,2024-08-05 1:00,2024,8,5,1:00,17.8,15.6,87,7,4,1.82445275,,,19.00475,79.01863333,15.30146667,0.008333333,0.083333333,115.6166667,,,1.20475,1.102777778,7.98136667
OTTAWA INTL A,2024-08-05 2:00,2024,8,5,2:00,17.8,15.3,85,2,7,1.780133617,,,18.59218333,83.10241667,15.68508333,0.05,0.408333333,268.2166667,,,0.79218333,1.894444444,1.89758333
OTTAWA INTL A,2024-08-05 3:00,2024,8,5,3:00,15.8,15.8,100,24,5,1.677216167,,,18.05133333,87.13411667,15.8988,0.133333333,0.541666667,281.1166667,,,2.25133333,1.255555556,12.86588333
OTTAWA INTL A,2024-08-05 4:00,2024,8,5,4:00,16.8,16.8,100,27,5,1.685204133,,,17.70823333,87.17093333,15.56756667,0.166666667,0.716666667,265.3666667,,,0.90823333,1.222222222,12.82906667
OTTAWA INTL A,2024-08-05 5:00,2024,8,5,5:00,17.1,17.1,100,28,4,2.096847567,,,17.50846667,86.29323333,15.21263333,0.183333333,0.633333333,270.0166667,,,0.40846667,0.927777778,13.70676667
OTTAWA INTL A,2024-08-05 6:00,2024,8,5,6:00,17.8,17.8,100,19,6,35.23727768,,,17.83185,86.09588333,15.49491667,0.341666667,1,279.65,,,0.03185,1.325,13.90411667
OTTAWA INTL A,2024-08-05 7:00,2024,8,5,7:00,19.1,18.7,98,29,6,45.66514323,,,18.28483333,85.8489,15.89476667,0.391666667,0.966666667,275.6333333,,,0.81516667,1.275,12.1511
OTTAWA INTL A,2024-08-05 8:00,2024,8,5,8:00,18.9,18.9,100,19,5,89.30634232,,,19.17026667,84.16091667,16.4527,0.083333333,0.591666667,269.35,,,0.27026667,1.305555556,15.83908333
OTTAWA INTL A,2024-08-05 9:00,2024,8,5,9:00,18.5,18.5,100,15,9,146.732558,,,20.2187,81.45611667,16.96243333,0.35,0.991666667,126.8166667,,,1.7187,2.15,18.54388333
OTTAWA INTL A,2024-08-05 10:00,2024,8,5,10:00,18.5,17.9,96,14,10,79.086827,,,19.8912,83.19691667,16.9761,0.958333333,1.8,113.8833333,,,1.3912,1.819444445,12.80308333
OTTAWA INTL A,2024-08-05 11:00,2024,8,5,11:00,18.6,18.5,99,7,6,75.40690788,,,19.42296667,83.7428,16.61715,0.666666667,1.458333333,119.6666667,,,0.82296667,1,15.2572
OTTAWA INTL A,2024-08-05 12:00,2024,8,5,12:00,18.8,18.4,97,13,7,52.1140804,,,17.84658333,88.4695,15.9331,0.766666667,1.575,115.9,,,0.95341667,1.177777777,8.5305
OTTAWA INTL A,2024-08-05 13:00,2024,8,5,13:00,18.9,18.9,100,11,5,125.0757138,,,18.41631667,89.10645,16.60948333,0.491666667,1.316666667,77.28333333,,,0.48368333,0.897222222,10.89355
OTTAWA INTL A,2024-08-05 14:00,2024,8,5,14:00,19.1,18.9,99,7,12,81.87350063,,,18.4414,89.06286667,16.62576667,0.925,2.058333333,54.73333333,,,0.6586,2.408333333,9.93713333
OTTAWA INTL A,2024-08-05 15:00,2024,8,5,15:00,17.2,17.2,100,3,22,57.49248928,,,17.13378333,91.19581667,15.7051,1.316666667,2.733333333,96.55,,,0.06621667,4.794444444,8.80418333
OTTAWA INTL A,2024-08-05 16:00,2024,8,5,16:00,16,16,100,4,22,50.22979855,,,16.56968333,92.65113333,15.39358333,1.733333333,3.425,110.95,,,0.56968333,4.377777778,7.34886667
OTTAWA INTL A,2024-08-05 17:00,2024,8,5,17:00,15.4,15.4,100,3,19,67.03327183,,,15.6188,91.45468333,14.24866667,1.55,3.008333333,271.2833333,,,0.2188,3.727777778,8.54531667
OTTAWA INTL A,2024-08-05 18:00,2024,8,5,18:00,15.4,15.4,100,6,12,95.82787342,,,15.73681667,91.13866667,14.31263333,0.558333333,1.65,62.98333333,,,0.33681667,2.775,8.86133333
OTTAWA INTL A,2024-08-05 19:00,2024,8,5,19:00,15.1,15.1,100,5,15,59.17695017,,,15.92513333,89.39626667,14.20056667,0.325,1.308333333,57.53333333,,,0.82513333,3.841666667,10.60373333
OTTAWA INTL A,2024-08-05 20:00,2024,8,5,20:00,14.3,14.3,100,4,8,6.890957267,,,15.38538333,91.33295,13.99775,0.116666667,0.641666667,271.55,,,1.08538333,2.105555555,8.66705
OTTAWA INTL A,2024-08-05 21:00,2024,8,5,21:00,14.4,14.4,100,1,8,1.715698733,,,14.75625,95.11055,13.99785,0,0,338,,,0.35625,2.222222222,4.88945
OTTAWA INTL A,2024-08-05 22:00,2024,8,5,22:00,14.5,14.5,100,33,7,1.575459467,,,14.70403333,96.54165,14.17736667,0,0.041666667,338,,,0.20403333,1.944444444,3.45835
OTTAWA INTL A,2024-08-05 23:00,2024,8,5,23:00,14,14,100,32,8,1.509198883,,,14.63003333,96.58418333,14.11038333,0.008333333,0.275,330.2666667,,,0.63003333,2.213888889,3.41581667
OTTAWA INTL A,2024-08-06 0:00,2024,8,6,0:00,13,13,100,31,7,1.74506755,,,14.52496667,97.18108333,14.1006,0.016666667,0.266666667,270.7,,,1.52496667,1.927777777,2.81891667
OTTAWA INTL A,2024-08-06 1:00,2024,8,6,1:00,14.2,14.2,100,34,9,1.6424013,,,14.00693333,97.59338333,13.64885,0.166666667,0.716666667,296.7833333,,,0.19306667,2.333333333,2.40661667
OTTAWA INTL A,2024-08-06 2:00,2024,8,6,2:00,13.9,13.9,100,35,9,1.57913815,,,13.71531667,98.79226667,13.54506667,0.458333333,1.3,281.15,,,0.18468333,2.041666667,1.20773333
OTTAWA INTL A,2024-08-06 3:00,2024,8,6,3:00,13.8,13.8,100,1,6,1.5968632,,,13.87438333,99.3299,13.78805,0.058333333,0.6,277.4666667,,,0.07438333,1.608333334,0.6701
OTTAWA INTL A,2024-08-06 4:00,2024,8,6,4:00,14,14,100,35,11,1.572121983,,,13.7103,99.25018333,13.6114,0.008333333,0.158333333,284.4,,,0.2897,3.047222223,0.74981667
OTTAWA INTL A,2024-08-06 5:00,2024,8,6,5:00,13.3,13.3,100,25.5,0,2.476368083,,,13.81363333,99.23056667,13.71175,0,0,286,,,0.51363333,0,0.76943333
OTTAWA INTL A,2024-08-06 6:00,2024,8,6,6:00,13.4,13.4,100,16,7,43.31399833,,,14.037,98.04116667,13.74878333,0,0.008333333,285.1333333,,,0.637,1.944444444,1.95883333
OTTAWA INTL A,2024-08-06 7:00,2024,8,6,7:00,14,14,100,22,5,128.5966896,,,15.11551667,94.11638333,14.19175,0.025,0.25,225.9166667,,,1.11551667,1.363888889,5.88361667
OTTAWA INTL A,2024-08-06 8:00,2024,8,6,8:00,15,15,100,23,5,238.3867465,,,16.05601667,88.8385,14.22816667,0.033333333,0.508333333,269.1833333,,,1.05601667,1.355555556,11.1615
OTTAWA INTL A,2024-08-06 9:00,2024,8,6,9:00,17,15.6,91,36,7,412.7113385,,,17.91911667,81.0931,14.61711667,0.116666667,0.691666667,242.65,,,0.91911667,1.827777777,9.9069
OTTAWA INTL A,2024-08-06 10:00,2024,8,6,10:00,19,15.5,80,33,8,468.6029635,,,19.07945,74.8136,14.5155,0.558333333,1.45,302.2833333,,,0.07945,1.663888889,5.1864
OTTAWA INTL A,2024-08-06 11:00,2024,8,6,11:00,20.4,14.2,67,13,8,604.3720305,,,20.84776667,64.46201667,13.8869,0.433333333,1.291666667,179.1166667,,,0.44776667,1.788888889,2.53798333
OTTAWA INTL A,2024-08-06 12:00,2024,8,6,12:00,21.5,12.4,56,6,7,685.3755597,,,22.98073333,56.41446667,13.8517,0.45,1.291666667,142.2833333,,,1.48073333,1.494444444,0.41446667
OTTAWA INTL A,2024-08-06 13:00,2024,8,6,13:00,22.6,10.3,45,34,9,783.091731,,,23.4334,50.45061667,12.49243333,0.841666667,1.833333333,253.35,,,0.8334,1.658333333,5.45061667
OTTAWA INTL A,2024-08-06 14:00,2024,8,6,14:00,23.4,11.3,46,35,6,673.823254,,,24.54186667,45.35703333,11.94445,0.5,1.383333333,216.85,,,1.14186667,1.166666667,0.64296667
OTTAWA INTL A,2024-08-06 15:00,2024,8,6,15:00,23.4,8.5,38,35,7,446.9490903,,,24.06963333,48.93825,12.65805,0.675,1.658333333,265.7833333,,,0.66963333,1.269444444,10.93825
OTTAWA INTL A,2024-08-06 16:00,2024,8,6,16:00,22.8,11.3,48,35,12,401.2270712,,,24.01493333,46.68291667,11.90503333,0.925,1.983333333,260.5666667,,,1.21493333,2.408333333,1.31708333
OTTAWA INTL A,2024-08-06 17:00,2024,8,6,17:00,22.3,7.8,39,34,14,276.4424925,,,23.28386667,44.45698333,10.50803333,0.808333333,1.891666667,308.35,,,0.98386667,3.080555556,5.45698333
OTTAWA INTL A,2024-08-06 18:00,2024,8,6,18:00,21.2,9.9,48,33,9,126.3924904,,,22.46215,47.41368333,10.72241667,0.333333333,1,305.6666667,,,1.26215,2.166666667,0.58631667
OTTAWA INTL A,2024-08-06 19:00,2024,8,6,19:00,21.1,9.9,48,30,8,48.40323228,,,21.52521667,53.63981667,11.72181667,0,0.091666667,279.5333333,,,0.42521667,2.222222222,5.63981667
OTTAWA INTL A,2024-08-06 20:00,2024,8,6,20:00,17.6,13.1,75,25,5,9.18879245,,,19.53916667,60.83013333,11.78148333,0,0,279,,,1.93916667,1.388888889,14.16986667
OTTAWA INTL A,2024-08-06 21:00,2024,8,6,21:00,15.7,13.8,88,21,4,2.380641383,,,18.02025,66.62916667,11.71413333,0,0,279,,,2.32025,1.111111111,21.37083333
OTTAWA INTL A,2024-08-06 22:00,2024,8,6,22:00,15.2,13.9,92,22,4,2.079091417,,,16.5754,77.1496,12.56658333,0,0,279,,,1.3754,1.111111111,14.8504
OTTAWA INTL A,2024-08-06 23:00,2024,8,6,23:00,16.4,13.6,83,20,0,1.876758033,,,16.55971667,80.99408333,13.30303333,0,0,279,,,0.15971667,0,2.00591667
OTTAWA INTL A,2024-08-07 0:00,2024,8,7,0:00,12.5,12.5,100,18,3,1.808900167,,,16.20898333,87.1786,14.08725,0.008333333,0.125,279,,,3.70898333,0.825,12.8214
OTTAWA INTL A,2024-08-07 1:00,2024,8,7,1:00,14.8,14.4,98,31,8,1.916295933,,,15.76218333,88.53331667,13.88435,0.05,0.458333333,285.4333333,,,0.96218333,2.172222222,9.46668333
OTTAWA INTL A,2024-08-07 2:00,2024,8,7,2:00,14.9,13.5,91,34,12,1.796556567,,,15.36713333,84.4648,12.77838333,0.141666667,0.625,279.3166667,,,0.46713333,3.191666666,6.5352
OTTAWA INTL A,2024-08-07 3:00,2024,8,7,3:00,14.8,13.8,94,36,15,1.48488135,,,15.26956667,82.65051667,12.35211667,0.616666667,1.691666667,311.2166667,,,0.46956667,3.55,11.34948333
OTTAWA INTL A,2024-08-07 4:00,2024,8,7,4:00,14.2,13,92,1,15,1.662502567,,,15.10336667,82.8436,12.22473333,0.483333333,1.333333333,306.0166667,,,0.90336667,3.683333334,9.1564
OTTAWA INTL A,2024-08-07 5:00,2024,8,7,5:00,13.7,12.1,90,36,14,3.821932,,,14.65686667,82.74696667,11.77008333,0.308333333,1.216666667,302.65,,,0.95686667,3.580555556,7.25303333
OTTAWA INTL A,2024-08-07 6:00,2024,8,7,6:00,14.8,12.3,85,1,9,66.13694282,,,14.34736667,84.23673333,11.73693333,0.283333333,1.066666667,272.2666667,,,0.45263333,2.216666667,0.76326667
OTTAWA INTL A,2024-08-07 7:00,2024,8,7,7:00,17.2,12,71,34,13,199.3036215,,,15.90445,78.81233333,12.232,0.583333333,1.5,277.0166667,,,1.29555,3.027777778,7.81233333
OTTAWA INTL A,2024-08-07 8:00,2024,8,7,8:00,19,10.9,59,35,10,409.6091405,,,18.50106667,67.49075,12.36845,0.941666667,1.933333333,312.7333333,,,0.49893333,1.836111111,8.49075
OTTAWA INTL A,2024-08-07 9:00,2024,8,7,9:00,20.8,10.9,53,4,12,581.2178053,,,21.5148,55.95021667,12.33278333,0.5,1.508333333,212.4,,,0.7148,2.833333333,2.95021667
OTTAWA INTL A,2024-08-07 10:00,2024,8,7,10:00,22,9.9,46,3,11,728.4695843,,,23.04836667,49.65721667,11.94553333,0.883333333,2.033333333,161.5833333,,,1.04836667,2.172222223,3.65721667
OTTAWA INTL A,2024-08-07 11:00,2024,8,7,11:00,22.4,7.6,38,7,9,831.9282352,,,23.90698333,43.5741,10.7465,1.05,2.175,259.9166667,,,1.50698333,1.45,5.5741
OTTAWA INTL A,2024-08-07 12:00,2024,8,7,12:00,23.5,9.6,41,7,9,899.528149,,,25.27933333,36.36058333,9.270883333,1.133333333,2.35,174.4,,,1.77933333,1.366666667,4.63941667
OTTAWA INTL A,2024-08-07 13:00,2024,8,7,13:00,23.9,7.2,34,34,5,898.399551,,,25.17133333,37.94206667,9.818633333,1.291666667,2.483333333,251.1,,,1.27133333,0.097222222,3.94206667
OTTAWA INTL A,2024-08-07 14:00,2024,8,7,14:00,24.6,8.7,36,6,12,832.5111558,,,25.84728333,37.43153333,10.20128333,0.875,1.975,253.3166667,,,1.24728333,2.458333333,1.43153333
OTTAWA INTL A,2024-08-07 15:00,2024,8,7,15:00,24.8,9.5,37,7.5,0,738.0622497,,,25.91198333,36.27663333,9.796733333,1.166666667,2.275,240.0666667,,,1.11198333,1.166666667,0.72336667
OTTAWA INTL A,2024-08-07 16:00,2024,8,7,16:00,24.4,9.1,37,9,5,592.1474962,,,26.34381667,35.20391667,9.735633333,0.75,1.758333333,226.6666667,,,1.94381667,0.638888889,1.79608333
OTTAWA INTL A,2024-08-07 17:00,2024,8,7,17:00,24.3,10.7,42,11,10,423.5507167,,,26.43428333,34.90285,9.689816667,1.216666667,2.333333333,138.3,,,2.13428333,1.561111111,7.09715
OTTAWA INTL A,2024-08-07 18:00,2024,8,7,18:00,23,11.6,48,12,12,246.8772348,,,25.97923333,35.3272,9.47915,0.616666667,1.5,86.26666667,,,2.97923333,2.716666666,12.6728
OTTAWA INTL A,2024-08-07 19:00,2024,8,7,19:00,20.7,11.7,56,10,7,75.26491017,,,25.05768333,36.00011667,8.932133333,0.241666667,0.933333333,60.4,,,4.35768333,1.702777777,19.99988333
OTTAWA INTL A,2024-08-07 20:00,2024,8,7,20:00,18.7,11.2,61,11,8,6.54682,,,21.81836667,49.60896667,10.80955,0.316666667,1.025,109.9166667,,,3.11836667,1.905555555,11.39103333
OTTAWA INTL A,2024-08-07 21:00,2024,8,7,21:00,16.2,11.4,73,12,6,1.93197105,,,19.94913333,57.31368333,11.26731667,0.091666667,0.441666667,78.2,,,3.74913333,1.575,15.68631667
OTTAWA INTL A,2024-08-07 22:00,2024,8,7,22:00,14.3,11.6,84,6,8,2.28368045,,,18.2687,68.8095,12.39088333,0.058333333,0.341666667,60.16666667,,,3.9687,2.163888889,15.1905
OTTAWA INTL A,2024-08-07 23:00,2024,8,7,23:00,15.1,11.3,78,6,7,2.177304867,,,16.539,77.94176667,12.69408333,0.066666667,0.333333333,233.45,,,1.439,1.877777777,0.05823333
OTTAWA INTL A,2024-08-08 0:00,2024,8,8,0:00,14.6,11.1,79,6,8,1.942073433,,,15.71178333,79.49065,12.18688333,0.133333333,0.416666667,255.1666667,,,1.11178333,2.088888889,0.49065
OTTAWA INTL A,2024-08-08 1:00,2024,8,8,1:00,13.2,11,86,7,9,1.627631817,,,14.58108333,84.42951667,11.99986667,0,0.066666667,238.7833333,,,1.38108333,2.5,1.57048333
OTTAWA INTL A,2024-08-08 2:00,2024,8,8,2:00,12.9,11.4,90,4,9,1.7714768,,,14.23008333,87.98365,12.28105,0.1,0.383333333,193.8,,,1.33008333,2.4,2.01635
OTTAWA INTL A,2024-08-08 3:00,2024,8,8,3:00,12.1,12.1,100,4,15,1.616571883,,,13.91365,89.08841667,12.161,0.283333333,0.908333333,292.15,,,1.81365,3.883333334,10.91158333
OTTAWA INTL A,2024-08-08 4:00,2024,8,8,4:00,12.2,12.2,100,5,15,1.3907828,,,13.91648333,87.58185,11.90423333,0.775,1.683333333,41.61666667,,,1.71648333,3.391666667,12.41815
OTTAWA INTL A,2024-08-08 5:00,2024,8,8,5:00,12.3,12.3,100,5,11,2.59741165,,,13.95721667,87.08403333,11.85791667,1.058333333,2.008333333,50.9,,,1.65721667,1.997222223,12.91596667
OTTAWA INTL A,2024-08-08 6:00,2024,8,8,6:00,14.1,13.8,98,7,10,54.96239543,,,14.52243333,85.93065,12.20616667,0.808333333,1.75,48.78333333,,,0.42243333,1.969444445,12.06935
OTTAWA INTL A,2024-08-08 7:00,2024,8,8,7:00,15.6,14.5,93,6,12,183.5659375,,,16.74551667,78.20891667,12.94553333,0.908333333,1.933333333,62.3,,,1.14551667,2.425,14.79108333
OTTAWA INTL A,2024-08-08 8:00,2024,8,8,8:00,17.9,14.1,78,6,10,333.7003707,,,19.1098,69.37753333,13.35235,0.9,1.916666667,62.93333333,,,1.2098,1.877777778,8.62246667
OTTAWA INTL A,2024-08-08 9:00,2024,8,8,9:00,19.2,14.4,73,9,10,393.0313427,,,20.4703,64.50885,13.5643,1.108333333,2.208333333,78.66666667,,,1.2703,1.669444445,8.49115
OTTAWA INTL A,2024-08-08 10:00,2024,8,8,10:00,21.7,14.3,62,7,12,624.5662107,,,22.71086667,56.99715,13.75533333,1.325,2.45,77.1,,,1.01086667,2.008333333,5.00285
OTTAWA INTL A,2024-08-08 11:00,2024,8,8,11:00,22.9,15.5,63,8,15,634.3591578,,,23.83336667,54.76423333,14.18653333,1.733333333,2.925,97.03333333,,,0.93336667,2.433333334,8.23576667
OTTAWA INTL A,2024-08-08 12:00,2024,8,8,12:00,24.2,14.9,56,9,22,522.7893147,,,24.13001667,56.73593333,15.02198333,1.616666667,2.808333333,96.95,,,0.06998333,4.494444444,0.73593333
OTTAWA INTL A,2024-08-08 13:00,2024,8,8,13:00,25.5,15.8,54,9,21,736.9639477,,,25.46336667,54.75475,15.70556667,2.233333333,3.95,81.71666667,,,0.03663333,3.6,0.75475
OTTAWA INTL A,2024-08-08 14:00,2024,8,8,14:00,25.2,15.5,55,9,20,586.8488552,,,25.6861,55.52126667,16.1297,2.416666667,4.066666667,83.06666667,,,0.4861,3.138888889,0.52126667
OTTAWA INTL A,2024-08-08 15:00,2024,8,8,15:00,24.6,16.2,59,11,19,324.5284342,,,25.28895,56.84498333,16.13231667,2.391666667,4.016666667,91.51666667,,,0.68895,2.886111111,2.15501667
OTTAWA INTL A,2024-08-08 16:00,2024,8,8,16:00,24.3,17.1,64,10,17,148.4226588,,,24.48856667,61.34258333,16.58165,1.733333333,2.95,91.63333333,,,0.18856667,2.988888889,2.65741667
OTTAWA INTL A,2024-08-08 17:00,2024,8,8,17:00,21.9,17.6,77,17,19,159.9030706,,,24.70338333,59.76555,16.37348333,1.991666667,3.583333333,94.78333333,,,2.80338333,3.286111111,17.23445
OTTAWA INTL A,2024-08-08 18:00,2024,8,8,18:00,21,17.6,81,16,14,58.33086852,,,22.62906667,69.39875,16.73945,2.666666667,4.291666667,127.7666667,,,1.62906667,1.222222222,11.60125
OTTAWA INTL A,2024-08-08 19:00,2024,8,8,19:00,20.2,19.3,95,14,18,14.3615371,,,21.22313333,76.9759,17.03963333,2.108333333,3.441666667,124.2833333,,,1.02313333,2.891666667,18.0241
OTTAWA INTL A,2024-08-08 20:00,2024,8,8,20:00,18.8,18.8,100,14,17,3.391875883,,,19.60276667,89.60755,17.85316667,2.125,3.333333333,118.9333333,,,0.80276667,2.597222222,10.39245
OTTAWA INTL A,2024-08-08 21:00,2024,8,8,21:00,18.8,18.8,100,10,12,1.690479633,,,18.5847,95.34265,17.84836667,1.716666667,2.85,106.7166667,,,0.2153,1.616666666,4.65735
OTTAWA INTL A,2024-08-08 22:00,2024,8,8,22:00,19,19,100,12,14,1.37744635,,,18.66046667,94.93685,17.85558333,1.15,2.283333333,84.58333333,,,0.33953333,2.738888889,5.06315
OTTAWA INTL A,2024-08-08 23:00,2024,8,8,23:00,19,19,100,12,11,1.560700117,,,18.85621667,93.66616667,17.83648333,1.208333333,2.45,100.6833333,,,0.14378333,1.847222223,6.33383333
OTTAWA INTL A,2024-08-09 0:00,2024,8,9,0:00,19.1,19.1,100,12,17,1.575129183,,,18.81725,93.67321667,17.79886667,0.933333333,2.033333333,91.43333333,,,0.28275,3.788888889,6.32678333
OTTAWA INTL A,2024-08-09 1:00,2024,8,9,1:00,19,19,100,11,13,1.607958317,,,18.84911667,93.81763333,17.855,0.875,1.95,89.8,,,0.15088333,2.736111111,6.18236667
OTTAWA INTL A,2024-08-09 2:00,2024,8,9,2:00,18.9,18.9,100,11,11,1.518591,,,18.78986667,94.28768333,17.87551667,0.825,1.908333333,87.25,,,0.11013333,2.230555556,5.71231667
OTTAWA INTL A,2024-08-09 3:00,2024,8,9,3:00,18.9,18.9,100,10,12,1.816801067,,,18.70588333,95.09033333,17.92675,0.75,1.808333333,83.98333333,,,0.19411667,2.583333333,4.90966667
OTTAWA INTL A,2024-08-09 4:00,2024,8,9,4:00,18.9,18.9,100,9,10,1.515114183,,,18.65895,96.44375,18.10541667,0.45,1.341666667,63.23333333,,,0.24105,2.327777778,3.55625
OTTAWA INTL A,2024-08-09 5:00,2024,8,9,5:00,18.9,18.9,100,9,12,1.613886133,,,18.477,97.39966667,18.08093333,0.633333333,1.691666667,59.75,,,0.423,2.7,2.60033333
OTTAWA INTL A,2024-08-09 6:00,2024,8,9,6:00,19,19,100,9,12,3.295783417,,,18.48311667,98.02948333,18.18978333,0.808333333,1.908333333,64.86666667,,,0.51688333,2.525,1.97051667
OTTAWA INTL A,2024-08-09 7:00,2024,8,9,7:00,19.4,19.4,100,12,12,13.67179328,,,18.61106667,98.31531667,18.3643,0.725,1.833333333,69.18333333,,,0.78893333,2.608333333,1.68468333
OTTAWA INTL A,2024-08-09 8:00,2024,8,9,8:00,20,20,100,13,16,22.13372185,,,18.82066667,98.45865,18.5969,0.608333333,1.766666667,79.21666667,,,1.17933333,3.836111111,1.54135
OTTAWA INTL A,2024-08-09 9:00,2024,8,9,9:00,20.7,20.7,100,13,17,61.19010977,,,19.66211667,97.8356,19.33576667,0.741666667,1.933333333,95.66666667,,,1.03788333,3.980555555,2.1644
OTTAWA INTL A,2024-08-09 10:00,2024,8,9,10:00,20.4,20.4,100,9,20,38.83713648,,,20.21431667,97.38605,19.81311667,1.116666667,2.383333333,102.7333333,,,0.18568333,4.438888889,2.61395
OTTAWA INTL A,2024-08-09 11:00,2024,8,9,11:00,20.9,20.9,100,9,12,56.06342205,,,20.23361667,97.58478333,19.86521667,1.266666667,2.566666667,102.65,,,0.66638333,2.066666666,2.41521667
OTTAWA INTL A,2024-08-09 12:00,2024,8,9,12:00,20.7,20.7,100,8,16,41.55144392,,,20.32586667,98.00603333,20.02701667,0.858333333,2.158333333,93.91666667,,,0.37413333,3.586111111,1.99396667
OTTAWA INTL A,2024-08-09 13:00,2024,8,9,13:00,20.7,20.7,100,6,18,39.061537,,,20.16218333,98.6978,19.97731667,0.766666667,1.991666667,62.6,,,0.53781667,4.233333333,1.3022
OTTAWA INTL A,2024-08-09 14:00,2024,8,9,14:00,21.4,21.4,100,8,12,26.74930617,,,20.01538333,98.85675,19.85638333,0.791666667,1.966666667,167.9333333,,,1.38461667,2.541666666,1.14325
OTTAWA INTL A,2024-08-09 15:00,2024,8,9,15:00,19.8,19.8,100,1,30,28.0704396,,,19.50913333,98.47783333,19.28841667,1.941666667,3.45,261.15,,,0.29086667,6.391666666,1.52216667
OTTAWA INTL A,2024-08-09 16:00,2024,8,9,16:00,18.5,18.5,100,2,26,9.512479483,,,18.35376667,98.18008333,18.08506667,1.783333333,3.366666667,236.3166667,,,0.14623333,5.438888889,1.81991667
OTTAWA INTL A,2024-08-09 17:00,2024,8,9,17:00,18.8,18.8,100,4,16,36.22722663,,,18.32551667,98.26285,18.0702,1.083333333,2.725,84.35,,,0.47448333,3.361111111,1.73715
OTTAWA INTL A,2024-08-09 18:00,2024,8,9,18:00,19.3,19.3,100,3,6,126.3902522,,,19.22566667,95.87623333,18.5723,0.408333333,1.425,302.3166667,,,0.07433333,1.258333334,4.12376667
OTTAWA INTL A,2024-08-09 19:00,2024,8,9,19:00,19.2,19.2,100,23,6,35.91373577,,,19.56981667,95.64181667,18.87858333,0.208333333,0.866666667,262.0666667,,,0.36981667,1.458333334,4.35818333
OTTAWA INTL A,2024-08-09 20:00,2024,8,9,20:00,19,19,100,26,14,2.397576883,,,19.33146667,97.41908333,18.93655,0.291666667,1.258333333,255.9666667,,,0.33146667,3.597222222,2.58091667
OTTAWA INTL A,2024-08-09 21:00,2024,8,9,21:00,19,19,100,25,11,1.555202317,,,19.27636667,98.61313333,19.07771667,0.333333333,1.45,253.9166667,,,0.27636667,2.722222223,1.38686667
OTTAWA INTL A,2024-08-09 22:00,2024,8,9,22:00,19.1,19.1,100,25,16,1.513249067,,,19.21863333,97.72403333,18.87445,0.233333333,1.366666667,252.1333333,,,0.11863333,4.211111111,2.27596667
OTTAWA INTL A,2024-08-09 23:00,2024,8,9,23:00,19,19,100,27,17,1.808218867,,,19.21741667,96.4497,18.66285,0.766666667,2.083333333,256.5,,,0.21741667,3.955555555,3.5503
OTTAWA INTL A,2024-08-10 0:00,2024,8,10,0:00,18.1,18.1,100,24,8,1.708379383,,,18.81843333,95.96746667,18.18526667,0.691666667,1.983333333,258.7833333,,,0.71843333,1.530555555,4.03253333
OTTAWA INTL A,2024-08-10 1:00,2024,8,10,1:00,17.8,17.8,100,23,4,1.82853615,,,18.3738,96.86998333,17.89098333,0.05,0.65,240.6333333,,,0.5738,1.061111111,3.13001667
OTTAWA INTL A,2024-08-10 2:00,2024,8,10,2:00,17.4,17.4,100,24,13,1.531815433,,,18.33088333,95.81325,17.67388333,0.475,1.733333333,222.6666667,,,0.93088333,3.136111111,4.18675
OTTAWA INTL A,2024-08-10 3:00,2024,8,10,3:00,16.5,16.5,100,23,13,1.825898417,,,18.06705,94.39103333,17.17195,0.225,1.416666667,239.5333333,,,1.56705,3.386111111,5.60896667
OTTAWA INTL A,2024-08-10 4:00,2024,8,10,4:00,15.4,15.4,100,21,12,1.887275817,,,17.13483333,91.44506667,15.74988333,0.2,1.133333333,234.5166667,,,1.73483333,3.133333333,8.55493333
OTTAWA INTL A,2024-08-10 5:00,2024,8,10,5:00,14.9,14.9,100,22,14,2.69603,,,16.28973333,92.88958333,15.15603333,0.541666667,1.633333333,208.9666667,,,1.38973333,3.347222222,7.11041667
OTTAWA INTL A,2024-08-10 6:00,2024,8,10,6:00,15.1,15.1,100,22,15,48.3331337,,,16.14206667,91.0516,14.69856667,1.158333333,2.708333333,216.05,,,1.04206667,3.008333334,8.9484
OTTAWA INTL A,2024-08-10 7:00,2024,8,10,7:00,16.4,16.4,100,24,16,209.6334844,,,17.28135,85.74078333,14.88676667,0.983333333,2.266666667,235.3166667,,,0.88135,3.461111111,14.25921667
OTTAWA INTL A,2024-08-10 8:00,2024,8,10,8:00,18.5,16.8,90,25,22,374.1022403,,,18.49323333,81.35031667,15.2564,1.241666667,2.8,259.0833333,,,0.00676667,4.869444444,8.64968333
OTTAWA INTL A,2024-08-10 9:00,2024,8,10,9:00,19.8,15.8,78,27,22,555.9528632,,,19.8176,76.58558333,15.60056667,2.058333333,3.8,265.6333333,,,0.0176,4.052777778,1.41441667
OTTAWA INTL A,2024-08-10 10:00,2024,8,10,10:00,22,15.9,68,26,17,682.9027505,,,21.58023333,70.16606667,15.91871667,1.608333333,3.325,264.5666667,,,0.41976667,3.113888889,2.16606667
OTTAWA INTL A,2024-08-10 11:00,2024,8,10,11:00,22,15.5,66,26,12,821.4803405,,,22.93786667,62.45566667,15.39248333,2.141666667,4.091666667,253.0333333,,,0.93786667,1.191666666,3.54433333
OTTAWA INTL A,2024-08-10 12:00,2024,8,10,12:00,24,14.2,54,25,21,715.9820203,,,23.99491667,56.83775,14.91838333,1.491666667,3.3,246.5833333,,,0.00508333,4.341666666,2.83775
OTTAWA INTL A,2024-08-10 13:00,2024,8,10,13:00,25,13.4,48,23,27,802.431702,,,25.06771667,53.63188333,15.00055,1.475,3.191666667,226.1166667,,,0.06771667,6.025,5.63188333
OTTAWA INTL A,2024-08-10 14:00,2024,8,10,14:00,24.3,14.8,55,29,23,412.7774938,,,23.8616,55.9843,14.48046667,2.366666667,4.416666667,242.6333333,,,0.4384,4.022222222,0.9843
OTTAWA INTL A,2024-08-10 15:00,2024,8,10,15:00,21.1,15.5,70,29,18,221.7519192,,,21.78726667,65.756,15.0968,2.166666667,3.808333333,281.9,,,0.68726667,2.833333333,4.244
OTTAWA INTL A,2024-08-10 16:00,2024,8,10,16:00,23.4,13.7,54,28,17,308.4007955,,,21.65711667,64.29411667,14.58681667,1.116666667,2.791666667,245.9833333,,,1.74288333,3.605555555,10.29411667
OTTAWA INTL A,2024-08-10 17:00,2024,8,10,17:00,23.2,15.3,60,24,12,341.7756747,,,23.67286667,55.46818333,14.24035,1.116666667,2.65,254.3166667,,,0.47286667,2.216666666,4.53181667
OTTAWA INTL A,2024-08-10 18:00,2024,8,10,18:00,20.6,15.6,73,28,17,162.9122205,,,23.4459,57.61136667,14.60876667,0.858333333,2.016666667,283.5666667,,,2.8459,3.863888889,15.38863333
OTTAWA INTL A,2024-08-10 19:00,2024,8,10,19:00,20.4,16,76,22,10,47.08479875,,,22.23723333,61.95971667,14.59628333,0.716666667,1.933333333,266.0833333,,,1.83723333,2.061111111,14.04028333
OTTAWA INTL A,2024-08-10 20:00,2024,8,10,20:00,18.1,17.4,96,24,15,4.71385985,,,19.30361667,77.14986667,15.15483333,0.383333333,1.316666667,238.2333333,,,1.20361667,3.783333334,18.85013333
OTTAWA INTL A,2024-08-10 21:00,2024,8,10,21:00,16.3,16.3,100,22,8,1.888933483,,,17.81333333,86.32471667,15.51426667,0.841666667,2.168333333,230.1333333,,,1.51333333,1.380555555,13.67528333
OTTAWA INTL A,2024-08-10 22:00,2024,8,10,22:00,16.5,14.9,90,24,14,1.325087167,,,17.76398333,82.65776667,14.79256667,0.35,1.366666667,223.8833333,,,1.26398333,3.538888889,7.34223333
OTTAWA INTL A,2024-08-10 23:00,2024,8,10,23:00,15,14.6,98,24,9,1.652530817,,,17.63993333,82.2003,14.58655,0.891666667,2.358333333,222.1666667,,,2.63993333,1.608333333,15.7997
OTTAWA INTL A,2024-08-11 0:00,2024,8,11,0:00,14.3,14.3,100,21.5,0,1.8103541,,,16.92643333,83.29273333,14.08303333,0.258333333,0.891666667,271.2333333,,,2.62643333,0.258333333,16.70726667
OTTAWA INTL A,2024-08-11 1:00,2024,8,11,1:00,14.9,14.9,100,19,8,1.5806834,,,15.53793333,88.84455,13.71435,0.016666667,0.391666667,198.5,,,0.63793333,2.205555555,11.15545
OTTAWA INTL A,2024-08-11 2:00,2024,8,11,2:00,14,14,100,20,9,1.655324483,,,16.12391667,82.75695,13.20756667,0.116666667,0.833333333,174.2666667,,,2.12391667,2.383333333,17.24305
OTTAWA INTL A,2024-08-11 3:00,2024,8,11,3:00,14.1,14.1,100,20,9,1.757847517,,,15.50986667,84.3832,12.90441667,0.041666667,0.441666667,159.5666667,,,1.40986667,2.458333333,15.6168
OTTAWA INTL A,2024-08-11 4:00,2024,8,11,4:00,14,14,100,20,11,1.769943983,,,15.33073333,84.76596667,12.79711667,0.091666667,0.558333333,177.1333333,,,1.33073333,2.963888889,15.23403333
OTTAWA INTL A,2024-08-11 5:00,2024,8,11,5:00,14.3,14.3,100,21,8,2.106329267,,,14.88783333,86.56636667,12.68391667,0.375,1.1,174.0833333,,,0.58783333,1.847222222,13.43363333
OTTAWA INTL A,2024-08-11 6:00,2024,8,11,6:00,15,15,100,21,10,30.47269702,,,15.32536667,85.611,12.9443,0.275,1.008333333,178.85,,,0.32536667,2.502777778,14.389
OTTAWA INTL A,2024-08-11 7:00,2024,8,11,7:00,15.8,15.7,99,21,8,113.0861013,,,15.98028333,83.97698333,13.29028333,0.066666667,0.658333333,162.9833333,,,0.18028333,2.155555555,15.02301667
OTTAWA INTL A,2024-08-11 8:00,2024,8,11,8:00,17.6,15.1,85,23,15,247.2863242,,,17.46116667,80.2377,14.0289,0.125,0.675,157.3,,,0.13883333,4.041666667,4.7623
OTTAWA INTL A,2024-08-11 9:00,2024,8,11,9:00,18.5,15.1,80,19,11,518.2942313,,,19.70858333,72.47316667,14.63236667,0.691666667,1.933333333,241.3666667,,,1.20858333,2.363888889,7.52683333
OTTAWA INTL A,2024-08-11 10:00,2024,8,11,10:00,20.9,15.3,70,22,17,258.1272427,,,19.8727,70.42095,14.34391667,0.233333333,1.008333333,201.1333333,,,1.0273,4.488888889,0.42095
OTTAWA INTL A,2024-08-11 11:00,2024,8,11,11:00,19.6,15,74,23,22,147.2749954,,,19.18415,75.80923333,14.79091667,0.166666667,0.808333333,238.7333333,,,0.41585,5.944444444,1.80923333
OTTAWA INTL A,2024-08-11 12:00,2024,8,11,12:00,19.3,15.8,80,27,13,406.4688595,,,19.4294,79.62173333,15.81111667,0.45,1.525,211.0833333,,,0.1294,3.161111111,0.37826667
OTTAWA INTL A,2024-08-11 13:00,2024,8,11,13:00,20.6,16.8,78,15,5,643.5354402,,,21.74788333,68.38543333,15.68041667,0.9,2.158333333,202.95,,,1.14788333,0.488888889,9.61456667
OTTAWA INTL A,2024-08-11 14:00,2024,8,11,14:00,20.6,14.9,69,25,11,333.5465722,,,21.87546667,66.64266667,15.3899,1.041666667,2.241666667,168.7833333,,,1.27546667,2.013888889,2.35733333
OTTAWA INTL A,2024-08-11 15:00,2024,8,11,15:00,18.2,16,87,24,20,289.3799572,,,19.38723333,79.50051667,15.76338333,1.375,2.691666667,284.3,,,1.18723333,4.180555556,7.49948333
OTTAWA INTL A,2024-08-11 16:00,2024,8,11,16:00,18.4,15.2,81,24,20,260.3088327,,,19.83481667,74.21823333,15.12703333,1.225,2.8,256.3833333,,,1.43481667,4.330555556,6.78176667
OTTAWA INTL A,2024-08-11 17:00,2024,8,11,17:00,18.3,14.7,79,25,13,264.2587549,,,19.67105,74.70465,15.06243333,0.7,2.141666667,251.5666667,,,1.37105,2.911111111,4.29535
OTTAWA INTL A,2024-08-11 18:00,2024,8,11,18:00,17.9,14.9,82,24,9,153.1260475,,,19.46731667,72.71755,14.45011667,0.775,2.25,243.1333333,,,1.56731667,1.725,9.28245
OTTAWA INTL A,2024-08-11 19:00,2024,8,11,19:00,16.8,14.4,85,22,11,39.33942622,,,18.75701667,74.05413333,14.0546,0.325,1.358333333,193.15,,,1.95701667,2.730555556,10.94586667
OTTAWA INTL A,2024-08-11 20:00,2024,8,11,20:00,17,15,88,21,13,4.612423667,,,17.95668333,76.33196667,13.74961667,0.333333333,1.35,207.45,,,0.95668333,3.277777778,11.66803333
OTTAWA INTL A,2024-08-11 21:00,2024,8,11,21:00,16.1,14.9,92,24,12,1.7896215,,,17.52948333,77.69915,13.60835,0.7,2.166666667,230.9333333,,,1.42948333,2.633333333,14.30085
OTTAWA INTL A,2024-08-11 22:00,2024,8,11,22:00,14.6,14.4,99,21,9,2.1293737,,,16.7702,77.80568333,12.8925,0.666666667,2.066666667,242.9333333,,,2.1702,1.833333333,21.19431667
OTTAWA INTL A,2024-08-11 23:00,2024,8,11,23:00,14.1,14.1,100,21,8,1.46585815,,,16.55066667,81.61625,13.4118,0.55,1.85,235.5,,,2.45066667,1.672222222,18.38375
OTTAWA INTL A,2024-08-12 0:00,2024,8,12,0:00,13.9,13.9,100,24,13,2.103261467,,,16.10075,83.81268333,13.37868333,0.75,2.108333333,250.5166667,,,2.20075,2.861111111,16.18731667
OTTAWA INTL A,2024-08-12 1:00,2024,8,12,1:00,13.1,13.1,100,23,11,1.866439533,,,15.09301667,88.14878333,13.1623,0.25,1.3,250.4166667,,,1.99301667,2.805555556,11.85121667
OTTAWA INTL A,2024-08-12 2:00,2024,8,12,2:00,12.4,12.4,100,24,10,1.597567017,,,14.55598333,90.92148333,13.10696667,0.108333333,1.108333333,240.6166667,,,2.15598333,2.669444445,9.07851667
OTTAWA INTL A,2024-08-12 3:00,2024,8,12,3:00,13.3,13.3,100,24,8,1.571426033,,,14.39631667,91.90536667,13.11405,0.175,1.341666667,248.7,,,1.09631667,2.047222222,8.09463333
OTTAWA INTL A,2024-08-12 4:00,2024,8,12,4:00,13.2,13.2,100,23,6,1.285800767,,,14.49183333,91.94671667,13.21553333,0.141666667,1.041666667,251.6,,,1.29183333,1.525,8.05328333
OTTAWA INTL A,2024-08-12 5:00,2024,8,12,5:00,13.7,13.7,100,23,9,1.595342683,,,14.7751,91.08368333,13.35141667,0.483333333,1.441666667,269.2333333,,,1.0751,2.016666667,8.91631667
OTTAWA INTL A,2024-08-12 6:00,2024,8,12,6:00,14.4,14.4,100,23,9,20.01794762,,,14.91603333,91.50193333,13.5616,0.558333333,1.633333333,267.15,,,0.51603333,1.941666667,8.49806667
OTTAWA INTL A,2024-08-12 7:00,2024,8,12,7:00,15.4,15.4,100,27,13,92.80479993,,,15.45223333,88.55091667,13.58485,1.091666667,2.216666667,274.25,,,0.05223333,2.519444444,11.44908333
OTTAWA INTL A,2024-08-12 8:00,2024,8,12,8:00,15.8,15.5,98,30,14,94.38059857,,,15.86903333,84.95301667,13.3595,0.991666667,2.266666667,305.7,,,0.06903333,2.897222222,13.04698333
OTTAWA INTL A,2024-08-12 9:00,2024,8,12,9:00,17,14,82,31,17,216.224717,,,16.69658333,81.60796667,13.55081667,1.125,2.358333333,292.2666667,,,0.30341667,3.597222222,0.39203333
OTTAWA INTL A,2024-08-12 10:00,2024,8,12,10:00,18.1,15.2,83,26,16,392.7758228,,,18.08893333,76.62158333,13.9271,1.258333333,2.541666667,280.45,,,0.01106667,3.186111111,6.37841667
OTTAWA INTL A,2024-08-12 11:00,2024,8,12,11:00,19.5,15.1,76,26,15,764.6361788,,,20.01176667,70.64228333,14.52201667,1.583333333,3.066666667,260.6833333,,,0.51176667,2.583333334,5.35771667
OTTAWA INTL A,2024-08-12 12:00,2024,8,12,12:00,19.8,14.1,69,29,14,675.100403,,,21.19458333,66.81371667,14.79106667,1.591666667,3.183333333,273.25,,,1.39458333,2.297222222,2.18628333
OTTAWA INTL A,2024-08-12 13:00,2024,8,12,13:00,21,14.3,65,30,26,631.943532,,,21.31325,65.97446667,14.70405,1.675,3.241666667,266.1,,,0.31325,5.547222222,0.97446667
OTTAWA INTL A,2024-08-12 14:00,2024,8,12,14:00,21.8,14.6,63,29,23,455.7224273,,,21.17665,65.85656667,14.55205,2.125,3.758333333,277.8,,,0.62335,4.263888889,2.85656667
OTTAWA INTL A,2024-08-12 15:00,2024,8,12,15:00,21.9,13.6,59,29,21,631.5954602,,,21.47091667,66.65405,15.01358333,2.441666667,3.966666667,264.1166667,,,0.42908333,3.391666666,7.65405
OTTAWA INTL A,2024-08-12 16:00,2024,8,12,16:00,22,13.5,58,28,23,533.6316173,,,22.29656667,60.4025,14.27571667,2.583333333,4.541666667,263.2,,,0.29656667,3.805555556,2.4025
OTTAWA INTL A,2024-08-12 17:00,2024,8,12,17:00,21.1,13.6,61,28,24,370.9491693,,,22.15503333,59.95196667,14.02823333,2.908333333,4.758333333,270.6833333,,,1.05503333,3.758333334,1.04803333
OTTAWA INTL A,2024-08-12 18:00,2024,8,12,18:00,20,13,63,27,24,215.691865,,,21.26823333,60.71498333,13.38508333,2.975,4.725,276.1333333,,,1.26823333,3.691666667,2.28501667
OTTAWA INTL A,2024-08-12 19:00,2024,8,12,19:00,18.5,13.2,71,28,14,59.21798028,,,20.05315,65.59173333,13.42398333,1.858333333,3.533333333,283.8,,,1.55315,2.030555556,5.40826667
OTTAWA INTL A,2024-08-12 20:00,2024,8,12,20:00,16.2,13.9,86,29,9,4.01199455,,,18.37701667,72.13313333,13.27811667,0.783333333,1.975,272.0833333,,,2.17701667,1.716666667,13.86686667
OTTAWA INTL A,2024-08-12 21:00,2024,8,12,21:00,15.1,14.1,94,26,9,1.902375833,,,17.15343333,77.92048333,13.2849,0.075,0.858333333,264.9666667,,,2.05343333,2.425,16.07951667
OTTAWA INTL A,2024-08-12 22:00,2024,8,12,22:00,14.1,14.1,100,27,12,1.54255135,,,16.60578333,80.97393333,13.3448,0.375,1.25,275.1666667,,,2.50578333,2.958333333,19.02606667
OTTAWA INTL A,2024-08-12 23:00,2024,8,12,23:00,13.8,13.8,100,26,8,1.614899767,,,16.41235,82.47003333,13.43651667,0.441666667,1.383333333,276.6833333,,,2.61235,1.780555555,17.52996667
OTTAWA INTL A,2024-08-13 0:00,2024,8,13,0:00,13.8,13.8,100,25,10,1.6777768,,,16.11668333,84.67603333,13.5529,0.058333333,0.6,271.1,,,2.31668333,2.719444445,15.32396667
OTTAWA INTL A,2024-08-13 1:00,2024,8,13,1:00,14.1,14.1,100,24,7,1.452590317,,,16.21111667,85.65993333,13.82318333,0.166666667,0.908333333,254.95,,,2.11111667,1.777777777,14.34006667
OTTAWA INTL A,2024-08-13 2:00,2024,8,13,2:00,13.3,13.3,100,24,10,1.949505167,,,16.02425,87.88983333,14.03543333,0.158333333,0.983333333,266.7666667,,,2.72425,2.619444445,12.11016667
OTTAWA INTL A,2024-08-13 3:00,2024,8,13,3:00,13.1,13.1,100,26,9,1.641622517,,,15.36813333,90.8214,13.89326667,0.05,0.458333333,277.55,,,2.26813333,2.45,9.1786
OTTAWA INTL A,2024-08-13 4:00,2024,8,13,4:00,12.7,12.7,100,24,9,1.508251833,,,14.9078,92.26048333,13.68045,0,0.341666667,275.85,,,2.2078,2.5,7.73951667
OTTAWA INTL A,2024-08-13 5:00,2024,8,13,5:00,13.3,13.3,100,25,7,2.007862583,,,15.35538333,91.20145,13.94573333,0.758333333,1.783333333,280.3166667,,,2.05538333,1.186111111,8.79855
OTTAWA INTL A,2024-08-13 6:00,2024,8,13,6:00,14.4,14.4,100,28,9,38.81909122,,,15.34813333,91.20056667,13.93855,0.766666667,1.825,276.3,,,0.94813333,1.733333333,8.79943333
OTTAWA INTL A,2024-08-13 7:00,2024,8,13,7:00,16.4,16.4,100,29,11,153.2495548,,,16.41666667,87.99916667,14.44055,0.891666667,1.9,274.3666667,,,0.01666667,2.163888889,12.00083333
OTTAWA INTL A,2024-08-13 8:00,2024,8,13,8:00,18.4,17.4,94,29,9,319.658598,,,17.96236667,83.11315,15.0692,1.458333333,2.7,272.6,,,0.43763333,1.041666667,10.88685
OTTAWA INTL A,2024-08-13 9:00,2024,8,13,9:00,20.1,17,82,29,8,520.3843552,,,20.17473333,75.62323333,15.7429,1.833333333,3.175,271.1,,,0.07473333,0.388888889,6.37676667
OTTAWA INTL A,2024-08-13 10:00,2024,8,13,10:00,22.3,17.5,74,27,13,663.7854747,,,22.65333333,68.12993333,16.4835,1.266666667,2.533333333,268.1333333,,,0.35333333,2.344444444,5.87006667
OTTAWA INTL A,2024-08-13 11:00,2024,8,13,11:00,24.1,17.4,66,27,13,778.2836885,,,24.39675,60.82986667,16.34778333,1.958333333,3.533333333,271.2,,,0.29675,1.652777778,5.17013333
OTTAWA INTL A,2024-08-13 12:00,2024,8,13,12:00,24.9,17.3,63,30,10,842.3305588,,,25.48956667,56.04223333,16.09313333,2.333333333,3.883333333,277.25,,,0.58956667,0.444444445,6.95776667
OTTAWA INTL A,2024-08-13 13:00,2024,8,13,13:00,25.9,17.5,59,29,19,848.3882387,,,26.43748333,50.213,15.24945,2.225,3.908333333,293.45,,,0.53748333,3.052777778,8.787
OTTAWA INTL A,2024-08-13 14:00,2024,8,13,14:00,26.7,16,51,30,14,781.1031395,,,27.16101667,48.62036667,15.41215,2.141666667,3.75,292.2833333,,,0.46101667,1.747222222,2.37963333
OTTAWA INTL A,2024-08-13 15:00,2024,8,13,15:00,27.6,14.2,43,35,18,683.2044355,,,27.67073333,46.97953333,15.33945,2.016666667,3.533333333,300.2666667,,,0.07073333,2.983333333,3.97953333
OTTAWA INTL A,2024-08-13 16:00,2024,8,13,16:00,26.1,14.2,47,32,14,548.2750217,,,28.06935,46.41733333,15.51638333,1.675,3.166666667,313.55,,,1.96935,2.213888889,0.58266667
OTTAWA INTL A,2024-08-13 17:00,2024,8,13,17:00,26.4,14.6,48,32,16,377.574982,,,28.1598,46.19538333,15.52476667,1.075,2.458333333,309.15,,,1.7598,3.369444444,1.80461667
OTTAWA INTL A,2024-08-13 18:00,2024,8,13,18:00,24.7,17.8,65,26,13,203.5270078,,,27.31798333,47.85285,15.30593333,0.666666667,1.8,287.4666667,,,2.61798333,2.944444444,17.14715
OTTAWA INTL A,2024-08-13 19:00,2024,8,13,19:00,22.1,17.7,76,25,9,51.83745178,,,25.78013333,53.9996,15.76775,0.341666667,1.225,263.2666667,,,3.68013333,2.158333333,22.0004
OTTAWA INTL A,2024-08-13 20:00,2024,8,13,20:00,20.2,17,81,25,10,3.6342519,,,23.63498333,62.41138333,16.04463333,0.075,0.55,263.1833333,,,3.43498333,2.702777778,18.58861667
OTTAWA INTL A,2024-08-13 21:00,2024,8,13,21:00,19.6,16.5,82,26,10,1.789282783,,,22.618,67.12676667,16.22898333,0.05,0.641666667,265.7333333,,,3.018,2.727777778,14.87323333
OTTAWA INTL A,2024-08-13 22:00,2024,8,13,22:00,18.3,16.4,88,26,10,1.8666055,,,21.6406,70.89555,16.1517,0.025,0.441666667,276.2333333,,,3.3406,2.752777778,17.10445
OTTAWA INTL A,2024-08-13 23:00,2024,8,13,23:00,18.1,16.5,90,24,8,1.907645,,,20.7027,72.46503333,15.59448333,0.008333333,0.366666667,274.15,,,2.6027,2.213888889,17.53496667
OTTAWA INTL A,2024-08-14 0:00,2024,8,14,0:00,16.8,16,95,28,8,1.617138683,,,20.3266,73.99435,15.55876667,0.208333333,1.008333333,274.1333333,,,3.5266,2.013888889,21.00565
OTTAWA INTL A,2024-08-14 1:00,2024,8,14,1:00,16.9,16.5,98,27,9,1.9183977,,,19.67071667,75.84066667,15.3058,0.033333333,0.525,284.5333333,,,2.77071667,2.466666667,22.15933333
OTTAWA INTL A,2024-08-14 2:00,2024,8,14,2:00,17.9,17.1,96,29,8,1.563232033,,,18.95286667,79.47338333,15.34238333,0.025,0.591666667,290.85,,,1.05286667,2.197222222,16.52661667
OTTAWA INTL A,2024-08-14 3:00,2024,8,14,3:00,17.2,17.2,100,29,9,1.83539635,,,18.82916667,80.27233333,15.37841667,0.033333333,0.508333333,287.7333333,,,1.62916667,2.466666667,19.72766667
OTTAWA INTL A,2024-08-14 4:00,2024,8,14,4:00,17.3,17,98,29,10,1.7812594,,,18.35735,81.95833333,15.24225,0.008333333,0.383333333,293.5166667,,,1.05735,2.769444445,16.04166667
OTTAWA INTL A,2024-08-14 5:00,2024,8,14,5:00,16.5,16.5,100,27,13,2.021826317,,,17.9073,83.1086,15.019,0,0.583333333,292.5666667,,,1.4073,3.611111111,16.8914
OTTAWA INTL A,2024-08-14 6:00,2024,8,14,6:00,17.1,17.1,100,28,12,33.23750442,,,17.88468333,82.83955,14.94491667,0.108333333,0.841666667,277.45,,,0.78468333,3.225,17.16045
OTTAWA INTL A,2024-08-14 7:00,2024,8,14,7:00,18.9,17.2,90,29,10,142.3559626,,,18.99721667,79.22531667,15.335,0.275,1.183333333,273.7666667,,,0.09721667,2.502777778,10.77468333
OTTAWA INTL A,2024-08-14 8:00,2024,8,14,8:00,20.3,16.7,79,28,14,320.492093,,,20.6162,73.90738333,15.811,0.85,1.95,268.0166667,,,0.3162,3.038888889,5.09261667
OTTAWA INTL A,2024-08-14 9:00,2024,8,14,9:00,22.4,17.1,71,29,12,490.0513392,,,22.7592,68.02255,16.56843333,1.141666667,2.308333333,268.4333333,,,0.3592,2.191666666,2.97745
OTTAWA INTL A,2024-08-14 10:00,2024,8,14,10:00,24.3,18.6,70,26,8,649.4888723,,,25.08305,62.60121667,17.4527,0.733333333,1.983333333,248.5166667,,,0.78305,1.488888889,7.39878333
OTTAWA INTL A,2024-08-14 11:00,2024,8,14,11:00,25.9,17.9,60,29,9,755.8926505,,,26.63728333,59.12761667,18.01461667,1.15,2.433333333,261.25,,,0.73728333,1.35,0.87238333
OTTAWA INTL A,2024-08-14 12:00,2024,8,14,12:00,27.2,19,60,27,11,816.3065303,,,28.51078333,54.76186667,18.53446667,0.725,2.1,247.1666667,,,1.31078333,2.330555556,5.23813333
OTTAWA INTL A,2024-08-14 13:00,2024,8,14,13:00,28.5,14.6,42,29,21,838.5526718,,,29.353,50.57868333,18.02811667,1.641666667,3.216666667,253.6833333,,,0.853,4.191666666,8.57868333
OTTAWA INTL A,2024-08-14 14:00,2024,8,14,14:00,28.6,16.5,47,29,16,764.5042912,,,29.54603333,49.41761667,17.85358333,1.833333333,3.566666667,259.8833333,,,0.94603333,2.611111111,2.41761667
OTTAWA INTL A,2024-08-14 15:00,2024,8,14,15:00,29.1,13.2,37,28,18,625.549041,,,29.3419,50.90111667,18.13776667,1.85,3.45,263.3833333,,,0.2419,3.15,13.90111667
OTTAWA INTL A,2024-08-14 16:00,2024,8,14,16:00,28.4,15.6,45,28,16,492.246449,,,29.29723333,48.41701667,17.30285,1.758333333,3.283333333,264.9166667,,,0.89723333,2.686111111,3.41701667
OTTAWA INTL A,2024-08-14 17:00,2024,8,14,17:00,27.7,15.2,46,29,18,338.7441108,,,28.86795,49.27686667,17.18378333,1.633333333,2.933333333,269.5166667,,,1.16795,3.366666667,3.27686667
OTTAWA INTL A,2024-08-14 18:00,2024,8,14,18:00,25.2,18.8,67,26,9,158.8094543,,,27.74506667,53.40016667,17.4255,1.008333333,2.091666667,263.9,,,2.54506667,1.491666667,13.59983333
OTTAWA INTL A,2024-08-14 19:00,2024,8,14,19:00,22.9,18.1,74,25,9,22.04120068,,,25.87736667,58.82123333,17.2151,0.075,0.566666667,263.8,,,2.97736667,2.425,15.17876667
OTTAWA INTL A,2024-08-14 20:00,2024,8,14,20:00,22.9,17,69,25,9,3.064596267,,,24.42531667,64.6561,17.34666667,0,0.175,271.4666667,,,1.52531667,2.5,4.3439
OTTAWA INTL A,2024-08-14 21:00,2024,8,14,21:00,20.8,17.4,81,25,0,1.88050685,,,23.0591,70.02,17.31018333,0,0,271,,,2.2591,0,10.98
OTTAWA INTL A,2024-08-14 22:00,2024,8,14,22:00,20.2,17.6,85,25,7,1.837309317,,,21.61816667,76.69421667,17.36711667,0,0,271,,,1.41816667,1.944444444,8.30578333
OTTAWA INTL A,2024-08-14 23:00,2024,8,14,23:00,20.3,18.1,87,21,6,1.69605455,,,21.61993333,77.08475,17.45331667,0,0.308333333,278.9166667,,,1.31993333,1.666666667,9.91525
OTTAWA INTL A,2024-08-15 0:00,2024,8,15,0:00,19.1,17.2,89,26,9,2.163062683,,,21.32535,78.71841667,17.49713333,0.041666667,0.516666667,299.9333333,,,2.22535,2.458333333,10.28158333
OTTAWA INTL A,2024-08-15 1:00,2024,8,15,1:00,17.9,17.9,100,28,10,1.8171625,,,20.48275,82.57286667,17.43701667,0.008333333,0.258333333,299.4,,,2.58275,2.769444445,17.42713333
OTTAWA INTL A,2024-08-15 2:00,2024,8,15,2:00,19.7,19.3,98,29,11,1.791733583,,,20.081,84.63738333,17.43535,0.058333333,0.675,296.0833333,,,0.381,2.997222223,13.36261667
OTTAWA INTL A,2024-08-15 3:00,2024,8,15,3:00,19.5,19.3,99,29,12,1.48608815,,,19.87975,84.71098333,17.2517,0.016666667,0.533333333,289.3166667,,,0.37975,3.316666666,14.28901667
OTTAWA INTL A,2024-08-15 4:00,2024,8,15,4:00,18.4,18.4,100,28,12,1.813195233,,,19.7272,84.97121667,17.15026667,0.225,1.091666667,289.85,,,1.3272,3.108333333,15.02878333
OTTAWA INTL A,2024-08-15 5:00,2024,8,15,5:00,17.6,17.6,100,29,6,1.926763917,,,19.31938333,85.45165,16.83928333,0.2,0.991666667,285.3333333,,,1.71938333,1.466666667,14.54835
OTTAWA INTL A,2024-08-15 6:00,2024,8,15,6:00,17.8,17.8,100,27,9,28.6403919,,,19.08911667,86.50826667,16.80645,0.266666667,1.025,288.45,,,1.28911667,2.233333333,13.49173333
OTTAWA INTL A,2024-08-15 7:00,2024,8,15,7:00,19.8,19.5,98,28,12,140.9718297,,,19.96951667,83.8593,17.17763333,0.866666667,1.758333333,282.9833333,,,0.16951667,2.466666666,14.1407
OTTAWA INTL A,2024-08-15 8:00,2024,8,15,8:00,21.4,18.4,83,28,13,292.4806792,,,21.5459,78.21118333,17.60948333,1.391666667,2.558333333,272.15,,,0.1459,2.219444444,4.78881667
OTTAWA INTL A,2024-08-15 9:00,2024,8,15,9:00,23.4,19.6,79,30,11,455.1784183,,,23.32145,72.54658333,18.1228,1.5,2.608333333,273.4833333,,,0.07855,1.555555556,6.45341667
OTTAWA INTL A,2024-08-15 10:00,2024,8,15,10:00,24.9,19.3,71,27,13,591.3799683,,,25.3719,65.0617,18.34518333,1.083333333,2.233333333,268.5333333,,,0.4719,2.527777778,5.9383
OTTAWA INTL A,2024-08-15 11:00,2024,8,15,11:00,26.3,19.8,67,26,13,707.2779555,,,26.91508333,61.16776667,18.8197,1.133333333,2.333333333,263.7666667,,,0.61508333,2.477777778,5.83223333
OTTAWA INTL A,2024-08-15 12:00,2024,8,15,12:00,27.9,18.3,55,27,12,775.0277722,,,28.61268333,58.0467,19.55101667,0.908333333,2.133333333,265.9,,,0.71268333,2.425,3.0467
OTTAWA INTL A,2024-08-15 13:00,2024,8,15,13:00,28.8,19,55,26,16,785.4240455,,,29.90876667,50.35076667,18.46788333,1.075,2.233333333,265.2,,,1.10876667,3.369444444,4.64923333
OTTAWA INTL A,2024-08-15 14:00,2024,8,15,14:00,29.5,15.8,43,29,14,721.0973602,,,30.3171,47.39193333,17.86906667,1.408333333,2.691666667,277.95,,,0.8171,2.480555556,4.39193333
OTTAWA INTL A,2024-08-15 15:00,2024,8,15,15:00,29.8,17.2,46,28,17,503.6501597,,,30.49545,47.24268333,17.96615,1.333333333,2.683333333,294.5833333,,,0.69545,3.388888889,1.24268333
OTTAWA INTL A,2024-08-15 16:00,2024,8,15,16:00,29.3,18.7,52,31,19,364.3621432,,,29.69653333,54.13871667,19.4443,1.141666667,2.291666667,284.5166667,,,0.39653333,4.136111111,2.13871667
OTTAWA INTL A,2024-08-15 17:00,2024,8,15,17:00,28.8,17.6,50,28,18,355.0876385,,,30.23733333,51.19938333,19.0538,0.975,2.066666667,290.3833333,,,1.43733333,4.025,1.19938333
OTTAWA INTL A,2024-08-15 18:00,2024,8,15,18:00,27.7,16.9,51,29,14,186.7174714,,,29.19213333,52.14878333,18.3823,0.741666667,1.783333333,278.3833333,,,1.49213333,3.147222222,1.14878333
OTTAWA INTL A,2024-08-15 19:00,2024,8,15,19:00,25.4,18.5,65,26,8,42.34818152,,,27.37835,58.4484,18.5161,0.241666667,0.708333333,265.7666667,,,1.97835,1.980555555,6.5516
OTTAWA INTL A,2024-08-15 20:00,2024,8,15,20:00,22.7,18.5,77,27,7,2.85264835,,,25.07206667,65.05578333,18.05985,0,0,267,,,2.37206667,1.944444444,11.94421667
OTTAWA INTL A,2024-08-15 21:00,2024,8,15,21:00,22,17.9,77,26,8,2.168452417,,,23.71361667,71.02988333,18.16958333,0,0,267,,,1.71361667,2.222222222,5.97011667
OTTAWA INTL A,2024-08-15 22:00,2024,8,15,22:00,20.4,18.1,86,21,3,1.865243067,,,22.67016667,75.62388333,18.16536667,0,0,267,,,2.27016667,0.833333333,10.37611667
OTTAWA INTL A,2024-08-15 23:00,2024,8,15,23:00,19.5,18.9,96,22,3,1.998339417,,,21.63171667,78.61553333,17.77033333,0,0,267,,,2.13171667,0.833333333,17.38446667
OTTAWA INTL A,2024-08-16 0:00,2024,8,16,0:00,18.3,18.3,100,19,7,1.931920983,,,21.00938333,82.95503333,18.02118333,0,0,267,,,2.70938333,1.944444444,17.04496667
OTTAWA INTL A,2024-08-16 1:00,2024,8,16,1:00,18.3,18.3,100,25,7,1.808372633,,,20.20328333,89.10676667,18.37338333,0,0.016666667,267,,,1.90328333,1.944444444,10.89323333
OTTAWA INTL A,2024-08-16 2:00,2024,8,16,2:00,16.9,16.9,100,24,7,1.825754733,,,19.70968333,91.75641667,18.3542,0,0.041666667,269.0833333,,,2.80968333,1.944444444,8.24358333
OTTAWA INTL A,2024-08-16 3:00,2024,8,16,3:00,17.6,17.6,100,23,7,1.795723717,,,19.35426667,92.08508333,18.05793333,0,0.058333333,270,,,1.75426667,1.944444444,7.91491667
OTTAWA INTL A,2024-08-16 4:00,2024,8,16,4:00,18.2,18.2,100,26,5,1.532185133,,,19.05088333,92.26531667,17.78828333,0.025,0.275,271.0166667,,,0.85088333,1.363888889,7.73468333
OTTAWA INTL A,2024-08-16 5:00,2024,8,16,5:00,17.1,17.1,100,23,8,1.961910783,,,18.811,93.12333333,17.69698333,0,0.058333333,272,,,1.711,2.222222222,6.87666667
OTTAWA INTL A,2024-08-16 6:00,2024,8,16,6:00,18,18,100,24,7,35.3481213,,,18.36628333,94.5049,17.49041667,0,0.125,272,,,0.36628333,1.944444444,5.4951
OTTAWA INTL A,2024-08-16 7:00,2024,8,16,7:00,19.2,19.2,100,23,8,150.8208548,,,20.00001667,88.7322,18.0955,0.008333333,0.233333333,271.6666667,,,0.80001667,2.213888889,11.2678
OTTAWA INTL A,2024-08-16 8:00,2024,8,16,8:00,21.3,19.3,88,22,5,322.0669683,,,22.36623333,79.49761667,18.65925,0.033333333,0.441666667,271.7666667,,,1.06623333,1.355555556,8.50238333
OTTAWA INTL A,2024-08-16 9:00,2024,8,16,9:00,23.7,20.3,81,21,0,483.44343,,,25.79403333,68.30691667,19.49571667,0.025,0.233333333,267.6833333,,,2.09403333,0.025,12.69308333
OTTAWA INTL A,2024-08-16 10:00,2024,8,16,10:00,25.6,20.4,72,20,4,627.4376498,,,27.1803,64.56466667,19.93756667,0.4,1.133333333,225.7666667,,,1.5803,0.711111111,7.43533333
OTTAWA INTL A,2024-08-16 11:00,2024,8,16,11:00,27.4,20.2,64,20,8,734.4341395,,,28.63731667,61.85368333,20.60625,0.575,1.5,156.5,,,1.23731667,1.647222222,2.14631667
OTTAWA INTL A,2024-08-16 12:00,2024,8,16,12:00,28.8,19.2,56,22,10,799.1709203,,,30.20758333,53.1949,19.63563333,0.683333333,1.7,224.3166667,,,1.40758333,2.094444445,2.8051
OTTAWA INTL A,2024-08-16 13:00,2024,8,16,13:00,29.7,18.8,51,23,11,779.2037353,,,31.2075,47.8583,18.84,0.808333333,1.95,223.4166667,,,1.5075,2.247222223,3.1417
OTTAWA INTL A,2024-08-16 14:00,2024,8,16,14:00,29.1,17.9,50,22,7,791.6106608,,,31.4231,43.8661,17.63138333,1.425,2.758333333,179.05,,,2.3231,0.519444444,6.1339
OTTAWA INTL A,2024-08-16 15:00,2024,8,16,15:00,29.2,18,50,22,14,651.3668953,,,31.20538333,43.70326667,17.38313333,1.433333333,2.816666667,185.0666667,,,2.00538333,2.455555556,6.29673333
OTTAWA INTL A,2024-08-16 16:00,2024,8,16,16:00,28.7,18.4,53,17,12,470.7620165,,,30.65096667,46.24833333,17.80636667,1.741666667,3.066666667,167.85,,,1.95096667,1.591666666,6.75166667
OTTAWA INTL A,2024-08-16 17:00,2024,8,16,17:00,27.9,17.9,54,19,11,341.6005698,,,29.8706,44.52266667,16.48646667,1.741666667,2.975,154.6666667,,,1.9706,1.313888889,9.47733333
OTTAWA INTL A,2024-08-16 18:00,2024,8,16,18:00,25.9,17.6,60,20,11,176.2424641,,,28.86645,47.03743333,16.43078333,1.383333333,2.533333333,159.3166667,,,2.96645,1.672222223,12.96256667
OTTAWA INTL A,2024-08-16 19:00,2024,8,16,19:00,22.5,18,75,16,5,26.92202902,,,27.22825,53.7459,17.04818333,0.741666667,1.741666667,164.4833333,,,4.72825,0.647222222,21.2541
OTTAWA INTL A,2024-08-16 20:00,2024,8,16,20:00,22.2,17.6,75,15,4,2.31915545,,,25.55951667,57.6343,16.59825,0.075,0.45,157.2333333,,,3.35951667,1.036111111,17.3657
OTTAWA INTL A,2024-08-16 21:00,2024,8,16,21:00,20,17.5,85,16,7,2.204382467,,,23.3215,66.3458,16.71045,0,0.008333333,157,,,3.3215,1.944444444,18.6542
OTTAWA INTL A,2024-08-16 22:00,2024,8,16,22:00,20.2,17.2,82,14,8,2.136512117,,,22.96441667,71.5693,17.56921667,0.2,0.55,141.45,,,2.76441667,2.022222222,10.4307
OTTAWA INTL A,2024-08-16 23:00,2024,8,16,23:00,19.6,17.8,89,10,13,1.93875225,,,22.268,76.26093333,17.91045,0.125,0.516666667,124.8833333,,,2.668,3.486111111,12.73906667
OTTAWA INTL A,2024-08-17 0:00,2024,8,17,0:00,19.7,18.6,93,11,12,1.80116955,,,21.20603333,83.68583333,18.34485,0.233333333,0.966666667,83.18333333,,,1.50603333,3.1,9.31416667
OTTAWA INTL A,2024-08-17 1:00,2024,8,17,1:00,21.1,18.9,87,18,11,1.419358267,,,21.08271667,83.81201667,18.26068333,0.183333333,0.791666667,54.95,,,0.01728333,2.872222223,3.18798333
OTTAWA INTL A,2024-08-17 2:00,2024,8,17,2:00,20.5,19.9,97,14,10,2.1158129,,,21.42156667,81.9972,18.24148333,0.133333333,0.675,123.1166667,,,0.92156667,2.644444445,15.0028
OTTAWA INTL A,2024-08-17 3:00,2024,8,17,3:00,19.9,19.9,100,10,15,2.01973685,,,20.84353333,85.7026,18.37986667,0.3,1.058333333,91.28333333,,,0.94353333,3.866666667,14.2974
OTTAWA INTL A,2024-08-17 4:00,2024,8,17,4:00,19.9,19.9,100,13,13,1.413181167,,,20.43315,88.4418,18.48141667,0.775,1.708333333,88.08333333,,,0.53315,2.836111111,11.5582
OTTAWA INTL A,2024-08-17 5:00,2024,8,17,5:00,19.4,19.4,100,16,9,2.027810033,,,20.13786667,89.55988333,18.38915,1.008333333,2.033333333,133.7333333,,,0.73786667,1.491666667,10.44011667
OTTAWA INTL A,2024-08-17 6:00,2024,8,17,6:00,19,19,100,12,7,3.58362675,,,20.01808333,90.67253333,18.47003333,0.391666667,1.308333333,147.2333333,,,1.01808333,1.552777777,9.32746667
OTTAWA INTL A,2024-08-17 7:00,2024,8,17,7:00,19,19,100,14,13,12.78590852,,,19.62138333,93.25768333,18.5261,0.275,0.916666667,103.65,,,0.62138333,3.336111111,6.74231667
OTTAWA INTL A,2024-08-17 8:00,2024,8,17,8:00,19.3,19.3,100,15,15,32.79727735,,,19.48266667,94.28128333,18.56318333,0.691666667,1.608333333,106.1833333,,,0.18266667,3.475,5.71871667
OTTAWA INTL A,2024-08-17 9:00,2024,8,17,9:00,19.5,19.5,100,13,13,95.09413668,,,19.73363333,93.94383333,18.75495,1.425,2.508333333,105.1833333,,,0.23363333,2.186111111,6.05616667
OTTAWA INTL A,2024-08-17 10:00,2024,8,17,10:00,20.1,20.1,100,14,16,70.23845963,,,19.87121667,94.24316667,18.94258333,1.725,2.966666667,107.15,,,0.22878333,2.719444444,5.75683333
OTTAWA INTL A,2024-08-17 11:00,2024,8,17,11:00,21.1,21.1,100,14,16,71.13634762,,,20.38596667,93.68608333,19.35883333,1.775,2.9,117.7333333,,,0.71403333,2.669444444,6.31391667
OTTAWA INTL A,2024-08-17 12:00,2024,8,17,12:00,21.8,21.8,100,13,14,89.05018627,,,20.8785,91.81611667,19.52308333,1.6,2.766666667,117.25,,,0.9215,2.288888889,8.18388333
OTTAWA INTL A,2024-08-17 13:00,2024,8,17,13:00,22.5,22.5,100,15,10,144.7254137,,,21.72713333,89.02683333,19.86378333,1.7,2.891666667,116.6,,,0.77286667,1.077777778,10.97316667
OTTAWA INTL A,2024-08-17 14:00,2024,8,17,14:00,24,22.6,91,11,12,125.5842238,,,22.43996667,87.6693,20.31851667,0.925,2,113,,,1.56003333,2.408333333,3.3307
OTTAWA INTL A,2024-08-17 15:00,2024,8,17,15:00,25,22.2,84,12,11,208.5875502,,,23.7795,84.19316667,20.97391667,0.55,1.675,80.55,,,1.2205,2.505555556,0.19316667
OTTAWA INTL A,2024-08-17 16:00,2024,8,17,16:00,23.6,23.6,100,12,9,242.3852001,,,24.97118333,80.75805,21.45715,1.058333333,2.166666667,81.51666667,,,1.37118333,1.441666667,19.24195
OTTAWA INTL A,2024-08-17 17:00,2024,8,17,17:00,22.3,22.3,100,12,17,36.21417147,,,23.21321667,90.39788333,21.55756667,0.883333333,1.975,108.7166667,,,0.91321667,3.838888889,9.60211667
OTTAWA INTL A,2024-08-17 18:00,2024,8,17,18:00,22.8,22.8,100,14,13,24.61515043,,,22.32546667,95.8583,21.66091667,0.558333333,1.491666667,107.4666667,,,0.47453333,3.052777778,4.1417
OTTAWA INTL A,2024-08-17 19:00,2024,8,17,19:00,21.8,21.6,99,14,13,7.1570204,,,22.35651667,95.17575,21.57515,0.266666667,1.2,113.2,,,0.55651667,3.344444444,3.82425
OTTAWA INTL A,2024-08-17 20:00,2024,8,17,20:00,21.9,21.1,95,15,14,1.77595675,,,22.38233333,89.97196667,20.67678333,0.7,1.908333333,131.4833333,,,0.48233333,3.188888889,5.02803333
OTTAWA INTL A,2024-08-17 21:00,2024,8,17,21:00,21.8,21.1,96,15,12,1.669200783,,,21.93958333,89.39803333,20.14135,0.516666667,1.433333333,115.45,,,0.13958333,2.816666666,6.60196667
OTTAWA INTL A,2024-08-17 22:00,2024,8,17,22:00,21.8,20.9,95,15,13,1.591317417,,,21.77041667,88.83345,19.87208333,0.841666667,1.85,116.3,,,0.02958333,2.769444444,6.16655
OTTAWA INTL A,2024-08-17 23:00,2024,8,17,23:00,21.6,20.8,95,14,13,1.523116883,,,21.84976667,87.37205,19.68198333,1.025,2.116666667,126.85,,,0.24976667,2.586111111,7.62795
OTTAWA INTL A,2024-08-18 0:00,2024,8,18,0:00,21.4,20.2,93,15,16,1.721381367,,,21.86163333,85.98538333,19.4361,1.241666667,2.45,131.3333333,,,0.46163333,3.202777777,7.01461667
OTTAWA INTL A,2024-08-18 1:00,2024,8,18,1:00,21.2,20,93,15,14,1.657606983,,,21.80798333,84.79715,19.1597,1.116666667,2.425,145.3666667,,,0.60798333,2.772222222,8.20285
OTTAWA INTL A,2024-08-18 2:00,2024,8,18,2:00,20.7,19.7,94,14,13,1.780852217,,,21.65821667,84.04015,18.8687,1.158333333,2.383333333,133.1,,,0.95821667,2.452777778,9.95985
OTTAWA INTL A,2024-08-18 3:00,2024,8,18,3:00,20.5,19.8,96,14,13,1.81315375,,,21.30146667,84.6529,18.63543333,1.125,2.275,122.9833333,,,0.80146667,2.486111111,11.3471
OTTAWA INTL A,2024-08-18 4:00,2024,8,18,4:00,19.3,19.3,100,15,14,2.35580835,,,21.15948333,84.20385,18.4113,1.375,2.85,138.95,,,1.85948333,2.513888889,15.79615
OTTAWA INTL A,2024-08-18 5:00,2024,8,18,5:00,19.2,19.2,100,14,10,1.885903,,,19.91621667,91.95803333,18.58698333,0.983333333,2.325,139.0166667,,,0.71621667,1.794444445,8.04196667
OTTAWA INTL A,2024-08-18 6:00,2024,8,18,6:00,19.4,19.4,100,13,11,8.756665833,,,19.61421667,93.78761667,18.6097,0.2,1.025,109.95,,,0.21421667,2.855555556,6.21238333
OTTAWA INTL A,2024-08-18 7:00,2024,8,18,7:00,19.7,19.7,100,14,15,58.65497598,,,19.86015,92.8709,18.6968,0.308333333,1.191666667,114.9166667,,,0.16015,3.858333334,7.1291
OTTAWA INTL A,2024-08-18 8:00,2024,8,18,8:00,19.9,19.9,100,17,12,150.0578734,,,20.7692,89.40906667,18.98323333,0.916666667,2.183333333,133.1,,,0.8692,2.416666666,10.59093333
OTTAWA INTL A,2024-08-18 9:00,2024,8,18,9:00,20.7,20.7,100,14,13,151.5253285,,,21.15851667,87.9325,19.10423333,1.216666667,2.441666667,151.8666667,,,0.45851667,2.394444444,12.0675
OTTAWA INTL A,2024-08-18 10:00,2024,8,18,10:00,21.4,21.3,99,18,8,163.0199179,,,21.37156667,88.32391667,19.38545,0.75,1.775,121.95,,,0.02843333,1.472222222,10.67608333
OTTAWA INTL A,2024-08-18 11:00,2024,8,18,11:00,22.6,21.8,95,16,13,241.8502413,,,22.24508333,86.07365,19.82791667,1.05,2.225,124.5833333,,,0.35491667,2.561111111,8.92635
OTTAWA INTL A,2024-08-18 12:00,2024,8,18,12:00,24.5,22.1,86,15,16,513.2464818,,,23.84798333,79.80283333,20.16658333,1.733333333,3.091666667,146.1166667,,,0.65201667,2.711111111,6.19716667
OTTAWA INTL A,2024-08-18 13:00,2024,8,18,13:00,25.5,22,81,18,9,403.6124305,,,24.89145,76.10956667,20.41646667,1.683333333,3.266666667,136.9666667,,,0.60855,0.816666667,4.89043333
OTTAWA INTL A,2024-08-18 14:00,2024,8,18,14:00,25.3,20.7,75,17,16,426.0414622,,,25.72113333,73.44783333,20.6318,1.658333333,3.133333333,142.2833333,,,0.42113333,2.786111111,1.55216667
OTTAWA INTL A,2024-08-18 15:00,2024,8,18,15:00,25.7,21.2,76,16,18,500.4641258,,,26.68376667,69.45145,20.64186667,1.633333333,3.05,140.0833333,,,0.98376667,3.366666667,6.54855
OTTAWA INTL A,2024-08-18 16:00,2024,8,18,16:00,24.9,21.5,81,17,21,310.5370703,,,26.6305,70.08683333,20.74745,1.716666667,2.958333333,120.8333333,,,1.7305,4.116666666,10.91316667
OTTAWA INTL A,2024-08-18 17:00,2024,8,18,17:00,23.4,23.4,100,15,10,133.521633,,,25.29608333,76.77076667,20.92303333,1.575,2.916666667,142.4166667,,,1.89608333,1.202777778,23.22923333
OTTAWA INTL A,2024-08-18 18:00,2024,8,18,18:00,22.5,22.5,100,18,12,78.12940283,,,24.24506667,82.73616667,21.14741667,0.875,2.041666667,153.4,,,1.74506667,2.458333333,17.26383333
OTTAWA INTL A,2024-08-18 19:00,2024,8,18,19:00,21.6,21.6,100,15,6,13.55669853,,,23.46478333,84.11621667,20.64725,1.35,2.583333333,166.1333333,,,1.86478333,0.316666667,15.88378333
OTTAWA INTL A,2024-08-18 20:00,2024,8,18,20:00,21,21,100,19,4,1.720423967,,,22.42211667,89.89961667,20.70873333,0.258333333,0.958333333,225.6333333,,,1.42211667,0.852777778,10.10038333
OTTAWA INTL A,2024-08-18 21:00,2024,8,18,21:00,21,21,100,28,5,1.854604483,,,22.0571,90.24703333,20.41008333,0.208333333,0.758333333,253.8666667,,,1.0571,1.180555556,9.75296667
OTTAWA INTL A,2024-08-18 22:00,2024,8,18,22:00,20.4,20.4,100,25,7,2.33266445,,,20.91461667,95.04358333,20.11685,0.516666667,1.333333333,260.7666667,,,0.51461667,1.427777777,4.95641667
OTTAWA INTL A,2024-08-18 23:00,2024,8,18,23:00,19.4,19.4,100,28,8,1.65208625,,,20.56543333,96.32323333,19.98565,0.066666667,0.591666667,235.4166667,,,1.16543333,2.155555555,3.67676667
OTTAWA INTL A,2024-08-19 0:00,2024,8,19,0:00,20,20,100,30,9,1.601920417,,,20.41485,95.87235,19.75968333,0.058333333,0.716666667,245.25,,,0.41485,2.441666667,4.12765
OTTAWA INTL A,2024-08-19 1:00,2024,8,19,1:00,20.1,20.1,100,30,13,1.6399609,,,19.98026667,97.18666667,19.54625,0.425,1.283333333,277.3166667,,,0.11973333,3.186111111,2.81333333
OTTAWA INTL A,2024-08-19 2:00,2024,8,19,2:00,18.6,18.6,100,32,27,1.869054333,,,19.68221667,95.23551667,18.92246667,1.35,2.658333333,295.7,,,1.08221667,6.15,4.76448333
OTTAWA INTL A,2024-08-19 3:00,2024,8,19,3:00,17.3,17.3,100,32,21,2.1041547,,,18.37733333,93.74241667,17.37293333,1.666666667,3.15,309.8166667,,,1.07733333,4.166666666,6.25758333
OTTAWA INTL A,2024-08-19 4:00,2024,8,19,4:00,17.3,17.3,100,32,17,1.7647453,,,17.68643333,91.54823333,16.31398333,1.683333333,3.166666667,313.7833333,,,0.38643333,3.038888889,8.45176667
OTTAWA INTL A,2024-08-19 5:00,2024,8,19,5:00,16.9,16.9,100,32,21,1.6781528,,,17.41755,90.1233,15.80186667,1.591666667,3.083333333,315.7333333,,,0.51755,4.241666666,9.8767
OTTAWA INTL A,2024-08-19 6:00,2024,8,19,6:00,16.8,16.8,100,33,20,19.09923593,,,17.12983333,89.71606667,15.44643333,1.708333333,3.208333333,316.65,,,0.32983333,3.847222223,10.28393333
OTTAWA INTL A,2024-08-19 7:00,2024,8,19,7:00,17,16.3,95,32,25,65.1805205,,,17.00543333,87.3601,14.90871667,2.258333333,3.9,318.9333333,,,0.00543333,4.686111111,7.6399
OTTAWA INTL A,2024-08-19 8:00,2024,8,19,8:00,15.9,15.5,97,32,25,86.81334292,,,16.75731667,85.54635,14.33971667,2.55,4.401666667,316.8166667,,,0.85731667,4.394444444,11.45365
OTTAWA INTL A,2024-08-19 9:00,2024,8,19,9:00,16.2,14.3,89,35,23,90.8302166,,,16.2033,85.0984,13.71465,2.416666667,4.208333333,318.0833333,,,0.0033,3.972222222,3.9016
OTTAWA INTL A,2024-08-19 10:00,2024,8,19,10:00,15.6,13.3,86,33,33,98.6604821,,,15.77143333,85.36416667,13.33331667,2.716666667,4.533333333,317.45,,,0.17143333,6.45,0.63583333
OTTAWA INTL A,2024-08-19 11:00,2024,8,19,11:00,14.9,14.4,97,34,30,178.476138,,,15.1595,90.60428333,13.64996667,2.266666667,4.05,319.85,,,0.2595,6.066666666,6.39571667
OTTAWA INTL A,2024-08-19 12:00,2024,8,19,12:00,15.1,13.9,93,34,26,175.8332203,,,15.1116,88.47323333,13.23575,2.775,4.716666667,317.3166667,,,0.0116,4.447222222,4.52676667
OTTAWA INTL A,2024-08-19 13:00,2024,8,19,13:00,14.6,13.3,92,33,31,121.8541911,,,15.03255,87.65938333,13.01786667,2.25,3.95,316.1166667,,,0.43255,6.361111111,4.34061667
OTTAWA INTL A,2024-08-19 14:00,2024,8,19,14:00,14.7,13,90,34,27,111.9135131,,,14.87715,84.62188333,12.32586667,3.1,5.146666667,323.4333333,,,0.17715,4.4,5.37811667
OTTAWA INTL A,2024-08-19 15:00,2024,8,19,15:00,14.8,11.4,80,35,30,61.37923013,,,14.93958333,80.97968333,11.71705,2.5,4.475,325,,,0.13958333,5.833333333,0.97968333
OTTAWA INTL A,2024-08-19 16:00,2024,8,19,16:00,14.6,12,84,34,21,82.99054815,,,14.5436,82.20986667,11.55825,2,3.65,313.75,,,0.0564,3.833333333,1.79013333
OTTAWA INTL A,2024-08-19 17:00,2024,8,19,17:00,15.6,9.5,67,34,35,157.6561108,,,15.62523333,74.30748333,11.07476667,2.358333333,4.191666667,323.6666667,,,0.02523333,7.363888889,7.30748333
OTTAWA INTL A,2024-08-19 18:00,2024,8,19,18:00,15.6,8.6,63,34,30,225.4733629,,,16.26936667,64.84371667,9.64985,3.508333333,5.896666667,330.6666667,,,0.66936667,4.825,1.84371667
OTTAWA INTL A,2024-08-19 19:00,2024,8,19,19:00,13.8,9.8,77,31,14,34.07529607,,,14.985,71.00806667,9.778366667,0.55,1.5,305.35,,,1.185,3.338888889,5.99193333
OTTAWA INTL A,2024-08-19 20:00,2024,8,19,20:00,13.2,10.6,84,31,10,2.359567967,,,13.88656667,77.9707,10.12108333,0,0.316666667,276.0333333,,,0.68656667,2.777777778,6.0293
OTTAWA INTL A,2024-08-19 21:00,2024,8,19,21:00,14.5,8.4,66,35,28,1.60473505,,,14.3059,75.49313333,10.03888333,0.791666667,1.975,302.5666667,,,0.1941,6.986111111,9.49313333
OTTAWA INTL A,2024-08-19 22:00,2024,8,19,22:00,12.8,7,67,34,23,2.362102033,,,13.50931667,68.68111667,7.879083333,1.683333333,3.408333333,316.25,,,0.70931667,4.705555556,1.68111667
OTTAWA INTL A,2024-08-19 23:00,2024,8,19,23:00,11.8,7.1,73,32,18,1.9153343,,,12.45806667,70.908,7.335966667,0.683333333,2.133333333,303.7166667,,,0.65806667,4.316666667,2.092
OTTAWA INTL A,2024-08-20 0:00,2024,8,20,0:00,9.8,7.9,88,31,13,1.64846835,,,11.54371667,76.73338333,7.6102,0.7,2.008333333,293.8333333,,,1.74371667,2.911111111,11.26661667
OTTAWA INTL A,2024-08-20 1:00,2024,8,20,1:00,10.9,8.7,86,32,19,1.533437783,,,11.54835,80.27416667,8.279633333,1.033333333,2.408333333,298.4666667,,,0.64835,4.244444445,5.72583333
OTTAWA INTL A,2024-08-20 2:00,2024,8,20,2:00,10.8,9.1,90,31,18,1.668044167,,,11.35935,83.03925,8.5948,0.9,2.283333333,297.95,,,0.55935,4.1,6.96075
OTTAWA INTL A,2024-08-20 3:00,2024,8,20,3:00,10.7,9.8,95,31,17,1.42365775,,,11.52366667,84.13793333,8.950183333,0.691666667,1.975,291.7833333,,,0.82366667,4.030555555,10.86206667
OTTAWA INTL A,2024-08-20 4:00,2024,8,20,4:00,11.7,10,89,31,23,1.307646867,,,11.84755,84.53478333,9.337716667,1.158333333,2.65,296.45,,,0.14755,5.230555556,4.46521667
OTTAWA INTL A,2024-08-20 5:00,2024,8,20,5:00,12.1,9.9,86,33,26,1.5432016,,,12.1235,83.9306,9.502233333,1.091666667,2.783333333,299.5833333,,,0.0235,6.130555555,2.0694
OTTAWA INTL A,2024-08-20 6:00,2024,8,20,6:00,12.5,10.2,86,32,24,11.4170751,,,12.36555,83.8693,9.728683333,1.141666667,2.9,303.1333333,,,0.13445,5.525,2.1307
OTTAWA INTL A,2024-08-20 7:00,2024,8,20,7:00,13,10.6,85,32,24,72.40991387,,,12.75511667,83.9479,10.12435,1.083333333,2.791666667,298.8,,,0.24488333,5.583333334,1.0521
OTTAWA INTL A,2024-08-20 8:00,2024,8,20,8:00,13.5,10.6,82,33,27,160.3057984,,,13.6974,81.51056667,10.60446667,1.683333333,3.458333333,305.7333333,,,0.1974,5.816666667,0.48943333
OTTAWA INTL A,2024-08-20 9:00,2024,8,20,9:00,15.5,10.7,73,32,34,363.1413577,,,14.99003333,77.14216667,11.03028333,2.058333333,3.8,302.65,,,0.50996667,7.386111111,4.14216667
OTTAWA INTL A,2024-08-20 10:00,2024,8,20,10:00,16.1,10.8,71,35,24,539.0543208,,,16.18326667,71.35963333,11.0051,2.625,4.558333333,310,,,0.08326667,4.041666667,0.35963333
OTTAWA INTL A,2024-08-20 11:00,2024,8,20,11:00,16.9,11,68,33,27,503.2416402,,,16.84381667,67.73635,10.85891667,2.7,4.583333333,313.8833333,,,0.05618333,4.8,0.26365
OTTAWA INTL A,2024-08-20 12:00,2024,8,20,12:00,17.1,10.8,66,33,27,485.5031392,,,17.42075,65.72891667,10.95455,2.558333333,4.25,323.55,,,0.32075,4.941666667,0.27108333
OTTAWA INTL A,2024-08-20 13:00,2024,8,20,13:00,17.7,11.1,65,32,26,651.2652163,,,17.88945,64.86291667,11.19821667,2.75,4.7,312.6,,,0.18945,4.472222222,0.13708333
OTTAWA INTL A,2024-08-20 14:00,2024,8,20,14:00,18.4,11.5,64,35,25,500.9700367,,,18.313,64.38311667,11.48715,2.308333333,4.091666667,316,,,0.087,4.636111111,0.38311667
OTTAWA INTL A,2024-08-20 15:00,2024,8,20,15:00,18.7,9.4,54,36,27,714.0519263,,,20.48531667,55.30335,11.21648333,2.325,3.975,318.6666667,,,1.78531667,5.175,1.30335
OTTAWA INTL A,2024-08-20 16:00,2024,8,20,16:00,18.2,8.9,54,34,28,278.9230209,,,18.95323333,54.76971667,9.645783333,2.683333333,4.661666667,323.05,,,0.75323333,5.094444445,0.76971667
OTTAWA INTL A,2024-08-20 17:00,2024,8,20,17:00,16.6,10.4,67,33,17,121.2300961,,,17.02691667,60.53865,9.349133333,1.85,3.408333333,324.2,,,0.42691667,2.872222222,6.46135
OTTAWA INTL A,2024-08-20 18:00,2024,8,20,18:00,16.1,9.9,67,32,18,111.6474719,,,17.01936667,63.72835,10.1101,1.3,2.575,310.6,,,0.91936667,3.7,3.27165
OTTAWA INTL A,2024-08-20 19:00,2024,8,20,19:00,15.5,9.9,69,32,17,21.50062492,,,16.15143333,69.50421667,10.58085,0.866666667,2.033333333,285.9333333,,,0.65143333,3.855555555,0.50421667
OTTAWA INTL A,2024-08-20 20:00,2024,8,20,20:00,15.4,10.3,71,32,15,1.890117283,,,15.47298333,74.1098,10.89788333,0.666666667,1.675,290.2666667,,,0.07298333,3.5,3.1098
OTTAWA INTL A,2024-08-20 21:00,2024,8,20,21:00,15.1,10.3,73,31,14,1.80632475,,,15.26201667,74.10948333,10.69445,0.583333333,1.683333333,287.15,,,0.16201667,3.305555556,1.10948333
OTTAWA INTL A,2024-08-20 22:00,2024,8,20,22:00,14.8,10.1,73,32,14,1.8528932,,,14.88206667,75.1411,10.53493333,0.933333333,2.241666667,283.6166667,,,0.08206667,2.955555556,2.1411
OTTAWA INTL A,2024-08-20 23:00,2024,8,20,23:00,14.2,10.3,77,33,16,1.949694183,,,14.47388333,76.83356667,10.4739,0.575,1.658333333,285.15,,,0.27388333,3.869444444,0.16643333
OTTAWA INTL A,2024-08-21 0:00,2024,8,21,0:00,13.6,10.7,83,33,16,1.689875483,,,13.9369,78.42513333,10.25966667,0.175,0.833333333,282.6666667,,,0.3369,4.269444444,4.57486667
OTTAWA INTL A,2024-08-21 1:00,2024,8,21,1:00,13.3,10.6,84,34,16,1.670557167,,,13.68386667,79.50748333,10.218,0.258333333,1.133333333,286.5166667,,,0.38386667,4.186111111,4.49251667
OTTAWA INTL A,2024-08-21 2:00,2024,8,21,2:00,12.6,11.3,92,30,11,1.353060383,,,13.44771667,82.33276667,10.51123333,0.241666667,1.083333333,291.1666667,,,0.84771667,2.813888889,9.66723333
OTTAWA INTL A,2024-08-21 3:00,2024,8,21,3:00,13.9,11.2,84,33,14,1.500807917,,,13.52586667,83.68798333,10.83378333,0.625,1.675,300.5333333,,,0.37413333,3.263888889,0.31201667
OTTAWA INTL A,2024-08-21 4:00,2024,8,21,4:00,14,11.3,84,33,18,1.734425133,,,13.69205,84.22668333,11.09333333,0.433333333,1.441666667,297.4333333,,,0.30795,4.566666667,0.22668333
OTTAWA INTL A,2024-08-21 5:00,2024,8,21,5:00,13.4,12.6,95,31,15,1.927526183,,,13.52665,87.30688333,11.47093333,0.141666667,0.875,277.6833333,,,0.12665,4.025,7.69311667
OTTAWA INTL A,2024-08-21 6:00,2024,8,21,6:00,13.2,13.2,100,32,13,3.672078333,,,13.14328333,90.97103333,11.71631667,0.108333333,0.908333333,283.1666667,,,0.05671667,3.502777778,9.02896667
OTTAWA INTL A,2024-08-21 7:00,2024,8,21,7:00,12.8,12.8,100,31,19,31.42103875,,,12.98963333,92.53188333,11.8226,0.5,1.55,282.1,,,0.18963333,4.777777778,7.46811667
OTTAWA INTL A,2024-08-21 8:00,2024,8,21,8:00,12.9,12.9,100,30,19,34.99674988,,,13.03255,92.19128333,11.80841667,1.233333333,2.458333333,284.5,,,0.13255,4.044444445,7.80871667
OTTAWA INTL A,2024-08-21 9:00,2024,8,21,9:00,13,13,100,30,13,94.70873287,,,13.24018333,90.72145,11.77083333,0.966666667,2.133333333,288.5833333,,,0.24018333,2.644444444,9.27855
OTTAWA INTL A,2024-08-21 10:00,2024,8,21,10:00,14.7,13.3,91,30,17,367.8128293,,,14.90206667,85.51841667,12.50213333,1.45,2.916666667,286.8333333,,,0.20206667,3.272222222,5.48158333
OTTAWA INTL A,2024-08-21 11:00,2024,8,21,11:00,17.1,13,77,29,19,533.426401,,,17.73251667,73.6626,12.96966667,1.366666667,2.775,287.5166667,,,0.63251667,3.911111111,3.3374
OTTAWA INTL A,2024-08-21 12:00,2024,8,21,12:00,18,11.9,67,31,19,412.7141928,,,18.66005,66.10171667,12.21001667,1.125,2.583333333,303.3333333,,,0.66005,4.152777778,0.89828333
OTTAWA INTL A,2024-08-21 13:00,2024,8,21,13:00,18.7,11.5,62,32,24,333.1472787,,,19.71998333,56.99361667,10.9747,2.566666667,4.291666667,321.5,,,1.01998333,4.1,5.00638333
OTTAWA INTL A,2024-08-21 14:00,2024,8,21,14:00,18.1,10.4,60,1,24,96.12964955,,,18.29058333,61.53886667,10.77836667,1.8,3.358333333,315.5,,,0.19058333,4.866666667,1.53886667
OTTAWA INTL A,2024-08-21 15:00,2024,8,21,15:00,16.8,12.1,74,1,17,98.91278428,,,17.35281667,70.50066667,11.9358,0.575,1.608333333,275.8333333,,,0.55281667,4.147222222,3.49933333
OTTAWA INTL A,2024-08-21 16:00,2024,8,21,16:00,13.7,13.2,97,6,13,77.96400097,,,14.98901667,86.7195,12.80595,0.375,1.283333333,76.61666667,,,1.28901667,3.236111111,10.2805
OTTAWA INTL A,2024-08-21 17:00,2024,8,21,17:00,14.2,14.2,100,27,10,68.17243302,,,14.92891667,87.48286667,12.88325,0.075,0.433333333,159.5833333,,,0.72891667,2.702777778,12.51713333
OTTAWA INTL A,2024-08-21 18:00,2024,8,21,18:00,14.2,14.2,100,27,15,33.10899498,,,14.92308333,89.27928333,13.18866667,0.858333333,2.041666667,278.7666667,,,0.72308333,3.308333334,10.72071667
OTTAWA INTL A,2024-08-21 19:00,2024,8,21,19:00,15,12.4,84,35,20,10.3038375,,,14.87278333,86.0523,12.5746,0.708333333,1.808333333,309.85,,,0.12721667,4.847222223,2.0523
OTTAWA INTL A,2024-08-21 20:00,2024,8,21,20:00,13.8,12.9,94,31,15,1.773026183,,,14.19561667,85.99761667,11.89313333,0.4,1.308333333,296.6,,,0.39561667,3.766666667,8.00238333
OTTAWA INTL A,2024-08-21 21:00,2024,8,21,21:00,13.5,13.5,100,28,8,1.4809455,,,13.85683333,88.62816667,12.02626667,0.108333333,0.891666667,277.1333333,,,0.35683333,2.113888889,11.37183333
OTTAWA INTL A,2024-08-21 22:00,2024,8,21,22:00,13.6,13.6,100,30,10,1.340909917,,,13.96441667,88.78581667,12.15901667,0.175,1.05,276.25,,,0.36441667,2.602777778,11.21418333
OTTAWA INTL A,2024-08-21 23:00,2024,8,21,23:00,13.9,13.9,100,29,10,1.520421,,,14.02941667,89.78845,12.393,0.45,1.416666667,283.65,,,0.12941667,2.327777778,10.21155
OTTAWA INTL A,2024-08-22 0:00,2024,8,22,0:00,13.9,13.9,100,30,12,1.587504083,,,14.07345,88.40153333,12.2008,0.258333333,1.141666667,280.4166667,,,0.17345,3.075,11.59846667
OTTAWA INTL A,2024-08-22 1:00,2024,8,22,1:00,13.8,13.8,100,30,10,1.494595483,,,14.08271667,88.5254,12.2313,0.841666667,1.991666667,280.35,,,0.28271667,1.936111111,11.4746
OTTAWA INTL A,2024-08-22 2:00,2024,8,22,2:00,14.1,14.1,100,28,8,1.523333083,,,14.23441667,85.93875,11.92978333,1.066666667,2.191666667,280.5333333,,,0.13441667,1.155555555,14.06125
OTTAWA INTL A,2024-08-22 3:00,2024,8,22,3:00,14.3,14.3,100,29,11,1.662888933,,,13.98155,87.02376667,11.87195,0.658333333,1.733333333,280.5166667,,,0.31845,2.397222223,12.97623333
OTTAWA INTL A,2024-08-22 4:00,2024,8,22,4:00,13.4,13.4,100,25,5,1.72462585,,,13.85725,87.63875,11.8557,0.341666667,1.166666667,277.85,,,0.45725,1.047222222,12.36125
OTTAWA INTL A,2024-08-22 5:00,2024,8,22,5:00,12.3,12.3,100,27,11,1.65496945,,,13.8657,86.94713333,11.7444,0.583333333,1.45,291.1166667,,,1.5657,2.472222223,13.05286667
OTTAWA INTL A,2024-08-22 6:00,2024,8,22,6:00,13.3,13.3,100,27,4,19.69287057,,,13.50506667,88.13518333,11.5947,0.266666667,1.05,295.2666667,,,0.20506667,0.844444444,11.86481667
OTTAWA INTL A,2024-08-22 7:00,2024,8,22,7:00,14.5,14.5,100,27,12,91.2175302,,,13.85761667,87.6977,11.86551667,0.791666667,1.883333333,278.1166667,,,0.64238333,2.541666666,12.3023
OTTAWA INTL A,2024-08-22 8:00,2024,8,22,8:00,15,15,100,27,14,138.4000405,,,14.82126667,84.89005,12.31928333,1.383333333,2.625,277.5833333,,,0.17873333,2.505555556,15.10995
OTTAWA INTL A,2024-08-22 9:00,2024,8,22,9:00,16,14.7,91,28,13,296.5333227,,,15.87758333,80.67861667,12.57283333,1.408333333,2.75,277.5833333,,,0.12241667,2.202777778,10.32138333
OTTAWA INTL A,2024-08-22 10:00,2024,8,22,10:00,17.5,14.8,84,27,12,467.3883173,,,18.12456667,73.1292,13.24986667,1.25,2.575,272.8333333,,,0.62456667,2.083333333,10.8708
OTTAWA INTL A,2024-08-22 11:00,2024,8,22,11:00,18.8,14.7,77,29,13,636.8887968,,,20.08753333,67.02833333,13.77978333,1.141666667,2.408333333,267.4166667,,,1.28753333,2.469444444,9.97166667
OTTAWA INTL A,2024-08-22 12:00,2024,8,22,12:00,21.1,12.2,56,27,16,801.2840217,,,22.19611667,58.9193,13.78723333,1.225,2.625,266.2166667,,,1.09611667,3.219444444,2.9193
OTTAWA INTL A,2024-08-22 13:00,2024,8,22,13:00,22.9,12.1,50,27,16,648.108054,,,23.12236667,51.52828333,12.5981,1.65,3.166666667,276.2166667,,,0.22236667,2.794444444,1.52828333
OTTAWA INTL A,2024-08-22 14:00,2024,8,22,14:00,21.8,13.6,59,28,12,683.7827122,,,24.33446667,46.57318333,12.1595,1.475,2.858333333,307.8,,,2.53446667,1.858333333,12.42681667
OTTAWA INTL A,2024-08-22 15:00,2024,8,22,15:00,23.7,14.3,55,27,14,461.2108495,,,23.70791667,46.60356667,11.60288333,2.008333333,3.516666667,283.45,,,0.00791667,1.880555556,8.39643333
OTTAWA INTL A,2024-08-22 16:00,2024,8,22,16:00,20.1,14.4,69,24,13,371.7766172,,,23.28965,50.84401667,12.54716667,1.65,2.958333333,272.6833333,,,3.18965,1.961111111,18.15598333
OTTAWA INTL A,2024-08-22 17:00,2024,8,22,17:00,22.3,14.3,60,24,9,281.6278368,,,23.54026667,51.12871667,12.86428333,1.316666667,2.483333333,264.0833333,,,1.24026667,1.183333333,8.87128333
OTTAWA INTL A,2024-08-22 18:00,2024,8,22,18:00,21.4,13,58,27,10,149.8388688,,,22.54356667,52.86753333,12.45761667,1.058333333,2.3,252.1833333,,,1.14356667,1.719444445,5.13246667
OTTAWA INTL A,2024-08-22 19:00,2024,8,22,19:00,18.4,13.5,73,25,8,34.13791938,,,21.11951667,57.41206667,12.358,0.133333333,0.608333333,267.8833333,,,2.71951667,2.088888889,15.58793333
OTTAWA INTL A,2024-08-22 20:00,2024,8,22,20:00,17.9,13.1,73,26,9,2.363453933,,,18.68015,67.89483333,12.64111667,0,0.008333333,270,,,0.78015,2.5,5.10516667
OTTAWA INTL A,2024-08-22 21:00,2024,8,22,21:00,15.8,13,83,25,10,1.512023533,,,18.3752,67.61146667,12.29105,0,0.033333333,266.95,,,2.5752,2.777777778,15.38853333
OTTAWA INTL A,2024-08-22 22:00,2024,8,22,22:00,17.1,12.6,75,25,4,1.77498695,,,18.13205,68.99325,12.37051667,0,0.258333333,266.2,,,1.03205,1.111111111,6.00675
OTTAWA INTL A,2024-08-22 23:00,2024,8,22,23:00,14.4,12.6,89,25,13,1.799090633,,,17.54265,71.42151667,12.33115,0,0.266666667,266.9666667,,,3.14265,3.611111111,17.57848333
OTTAWA INTL A,2024-08-23 0:00,2024,8,23,0:00,14.2,11.8,85,26,9,1.711301817,,,17.15338333,72.87695,12.26476667,0,0.05,267,,,2.95338333,2.5,12.12305
OTTAWA INTL A,2024-08-23 1:00,2024,8,23,1:00,14.6,12.5,87,26,3,1.508455433,,,16.79781667,78.17971667,12.99198333,0,0.133333333,266.9666667,,,2.19781667,0.833333333,8.82028333
OTTAWA INTL A,2024-08-23 2:00,2024,8,23,2:00,13.5,12.6,94,25,4,2.202424,,,16.39381667,79.81125,12.9156,0,0.05,267.9333333,,,2.89381667,1.111111111,14.18875
OTTAWA INTL A,2024-08-23 3:00,2024,8,23,3:00,11.5,11.5,100,26,3,2.09741685,,,14.48676667,85.7386,12.1365,0,0,268,,,2.98676667,0.833333333,14.2614
OTTAWA INTL A,2024-08-23 4:00,2024,8,23,4:00,12.9,12.9,100,30,3,1.857439667,,,13.98411667,90.21915,12.42178333,0,0.05,269.5333333,,,1.08411667,0.833333333,9.78085
OTTAWA INTL A,2024-08-23 5:00,2024,8,23,5:00,11.1,11.1,100,26,5,1.7122739,,,13.3857,91.99485,12.12613333,0,0.066666667,269.7666667,,,2.2857,1.388888889,8.00515
OTTAWA INTL A,2024-08-23 6:00,2024,8,23,6:00,12,12,100,22,7,27.17899237,,,13.5462,89.78768333,11.91598333,0.033333333,0.308333333,279.0833333,,,1.5462,1.911111111,10.21231667
OTTAWA INTL A,2024-08-23 7:00,2024,8,23,7:00,14.2,14.2,100,24,9,165.9599145,,,15.24776667,85.9288,12.91745,0.066666667,0.525,289.5833333,,,1.04776667,2.433333333,14.0712
OTTAWA INTL A,2024-08-23 8:00,2024,8,23,8:00,16.9,14.2,84,27,20,307.4894142,,,17.66605,76.22753333,13.43835,0.441666667,1.4,267.2833333,,,0.76605,5.113888889,7.77246667
OTTAWA INTL A,2024-08-23 9:00,2024,8,23,9:00,19.8,15,73,27,7,484.5717318,,,19.7908,69.17868333,13.99535,0.616666667,1.683333333,255.6,,,0.0092,1.327777777,3.82131667
OTTAWA INTL A,2024-08-23 10:00,2024,8,23,10:00,21.5,15.1,66,26,12,656.4655008,,,22.10931667,63.42848333,14.84565,0.558333333,1.575,243.85,,,0.60931667,2.775,2.57151667
OTTAWA INTL A,2024-08-23 11:00,2024,8,23,11:00,22.8,15.3,62,23,5,763.7605975,,,24.1154,56.83531667,15.0184,0.708333333,1.891666667,227.3666667,,,1.3154,0.680555556,5.16468333
OTTAWA INTL A,2024-08-23 12:00,2024,8,23,12:00,24.1,14.6,55,19,14,822.29,,,24.8572,51.56938333,14.20361667,1.266666667,2.791666667,238.6,,,0.7572,2.622222222,3.43061667
OTTAWA INTL A,2024-08-23 13:00,2024,8,23,13:00,23.3,13.5,54,24,10,763.8571768,,,25.57531667,48.88973333,14.0402,1.416666667,2.925,240.2666667,,,2.27531667,1.361111111,5.11026667
OTTAWA INTL A,2024-08-23 14:00,2024,8,23,14:00,24.9,14.3,51,21,15,716.7628965,,,25.7826,46.78516667,13.53741667,1.725,3.266666667,249.9666667,,,0.8826,2.441666667,4.21483333
OTTAWA INTL A,2024-08-23 15:00,2024,8,23,15:00,25.1,13.1,47,23,16,654.9302343,,,26.3145,44.12105,13.13413333,1.65,3.3,242.0666667,,,1.2145,2.794444444,2.87895
OTTAWA INTL A,2024-08-23 16:00,2024,8,23,16:00,24.9,14.2,51,22,14,406.294677,,,26.11681667,46.85445,13.87601667,1.308333333,2.716666667,209.9666667,,,1.21681667,2.580555556,4.14555
OTTAWA INTL A,2024-08-23 17:00,2024,8,23,17:00,23.8,14.1,54,23,13,272.3540817,,,25.56778333,46.71286667,13.3432,1.458333333,3.05,255.8833333,,,1.76778333,2.152777778,7.28713333
OTTAWA INTL A,2024-08-23 18:00,2024,8,23,18:00,22.7,15.7,64,21,12,178.8717758,,,25.0066,47.45353333,13.07491667,1.15,2.5,248.1166667,,,2.3066,2.183333333,16.54646667
OTTAWA INTL A,2024-08-23 19:00,2024,8,23,19:00,20.5,16.8,79,18,9,43.29669093,,,23.77395,56.35463333,14.5465,1.075,2.458333333,184,,,3.27395,1.425,22.64536667
OTTAWA INTL A,2024-08-23 20:00,2024,8,23,20:00,18.7,16.7,88,17,9,2.4806302,,,21.89696667,69.60563333,16.1028,1.491666667,2.858333333,167.8333333,,,3.19696667,1.008333333,18.39436667
OTTAWA INTL A,2024-08-23 21:00,2024,8,23,21:00,17.8,16.6,93,18,8,1.861978067,,,20.81525,73.69825,15.96625,1.275,2.675,169.1833333,,,3.01525,0.947222222,19.30175
OTTAWA INTL A,2024-08-23 22:00,2024,8,23,22:00,17.6,16.5,94,21,12,1.924659883,,,20.1696,75.56336667,15.73423333,1.291666667,2.866666667,189.95,,,2.5696,2.041666666,18.43663333
OTTAWA INTL A,2024-08-23 23:00,2024,8,23,23:00,16.8,16.6,98,23,8,1.846541583,,,19.41436667,78.7009,15.6368,0.316666667,1.225,225.4,,,2.61436667,1.905555555,19.2991
OTTAWA INTL A,2024-08-24 0:00,2024,8,24,0:00,15.3,15.3,100,24,9,1.5430893,,,19.14883333,78.32885,15.30663333,0.158333333,1.066666667,230.8666667,,,3.84883333,2.341666667,21.67115
OTTAWA INTL A,2024-08-24 1:00,2024,8,24,1:00,14.8,14.8,100,25,9,1.679413483,,,18.73405,77.86805,14.8127,0.441666667,1.575,244.4166667,,,3.93405,2.058333333,22.13195
OTTAWA INTL A,2024-08-24 2:00,2024,8,24,2:00,15.4,15.4,100,24,6,1.626877767,,,18.03888333,78.91835,14.34461667,0.25,1.308333333,247.45,,,2.63888333,1.416666667,21.08165
OTTAWA INTL A,2024-08-24 3:00,2024,8,24,3:00,13.7,13.7,100,25,5,1.644063033,,,17.6515,77.97393333,13.78218333,0.208333333,1.166666667,249.5833333,,,3.9515,1.180555556,22.02606667
OTTAWA INTL A,2024-08-24 4:00,2024,8,24,4:00,13.9,13.9,100,19,8,1.770976217,,,17.04038333,79.07128333,13.40293333,0.075,0.7,249.6666667,,,3.14038333,2.147222222,20.92871667
OTTAWA INTL A,2024-08-24 5:00,2024,8,24,5:00,12.7,12.7,100,18,8,1.835880583,,,16.08881667,83.4177,13.2941,0,0.133333333,248.35,,,3.38881667,2.222222222,16.5823
OTTAWA INTL A,2024-08-24 6:00,2024,8,24,6:00,13.6,13.6,100,20,10,24.78861187,,,15.10468333,89.46798333,13.39301667,0.05,0.191666667,321.75,,,1.50468333,2.727777778,10.53201667
OTTAWA INTL A,2024-08-24 7:00,2024,8,24,7:00,15.8,15.8,100,18,4,154.6229042,,,16.83953333,81.80845,13.72123333,0.541666667,1.441666667,164.3166667,,,1.03953333,0.569444444,18.19155
OTTAWA INTL A,2024-08-24 8:00,2024,8,24,8:00,18.5,15.7,84,23,7,359.955663,,,19.67531667,71.46576667,14.37166667,0.283333333,1.175,225.3333333,,,1.17531667,1.661111111,12.53423333
OTTAWA INTL A,2024-08-24 9:00,2024,8,24,9:00,19.5,16.4,82,22,7,343.0483868,,,20.31408333,69.51466667,14.57338333,0.45,1.366666667,211.55,,,0.81408333,1.494444444,12.48533333
OTTAWA INTL A,2024-08-24 10:00,2024,8,24,10:00,22,16.5,71,21,10,609.25897,,,22.2241,61.97245,14.58311667,0.525,1.491666667,212.95,,,0.2241,2.252777778,9.02755
OTTAWA INTL A,2024-08-24 11:00,2024,8,24,11:00,23.5,13.3,52,21,11,766.6416633,,,24.26485,55.66825,14.84648333,1.008333333,2.208333333,192.5833333,,,0.76485,2.047222223,3.66825
OTTAWA INTL A,2024-08-24 12:00,2024,8,24,12:00,24.5,14.2,52,25,10,720.1015338,,,25.19033333,52.40993333,14.75836667,1.15,2.666666667,230.6166667,,,0.69033333,1.627777778,0.40993333
OTTAWA INTL A,2024-08-24 13:00,2024,8,24,13:00,24.9,14.6,52,23,16,734.3633372,,,25.79906667,50.8901,14.8751,1.5,2.966666667,249.7666667,,,0.89906667,2.944444444,1.1099
OTTAWA INTL A,2024-08-24 14:00,2024,8,24,14:00,25.1,15.3,54,22,11,628.4923513,,,26.42888333,49.5334,15.03008333,1.5,2.983333333,248.2166667,,,1.32888333,1.555555556,4.4666
OTTAWA INTL A,2024-08-24 15:00,2024,8,24,15:00,25.2,15.3,54,21,14,339.1420402,,,25.74296667,52.68021667,15.36223333,1.233333333,2.583333333,250.45,,,0.54296667,2.655555556,1.31978333
OTTAWA INTL A,2024-08-24 16:00,2024,8,24,16:00,24.2,15.8,59,25,13,326.4933028,,,25.93276667,52.57895,15.50948333,0.958333333,2.283333333,239.4666667,,,1.73276667,2.652777778,6.42105
OTTAWA INTL A,2024-08-24 17:00,2024,8,24,17:00,23.7,15.6,60,22,11,111.3880548,,,25.03685,53.9601,15.08423333,0.716666667,1.808333333,207.9,,,1.33685,2.338888889,6.0399
OTTAWA INTL A,2024-08-24 18:00,2024,8,24,18:00,23.1,15.6,62,20,8,87.23302502,,,24.64443333,55.32043333,15.11013333,0.733333333,1.933333333,202.8,,,1.54443333,1.488888889,6.67956667
OTTAWA INTL A,2024-08-24 19:00,2024,8,24,19:00,20.6,15.3,71,17,6,21.08824153,,,23.83478333,57.01385,14.82526667,0.433333333,1.391666667,181.7333333,,,3.23478333,1.233333334,13.98615
OTTAWA INTL A,2024-08-24 20:00,2024,8,24,20:00,20.7,16.2,75,20,11,1.818020383,,,22.88778333,59.63423333,14.63705,0.558333333,1.608333333,160.8833333,,,2.18778333,2.497222223,15.36576667
OTTAWA INTL A,2024-08-24 21:00,2024,8,24,21:00,20.8,16.9,78,21,10,1.739625783,,,22.56401667,65.63831667,15.82115,1,2.333333333,186.75,,,1.76401667,1.777777778,12.36168333
OTTAWA INTL A,2024-08-24 22:00,2024,8,24,22:00,19.9,17.6,86,20,6,1.76890335,,,22.05931667,69.3061,16.19565,0.425,1.508333333,216.8666667,,,2.15931667,1.241666667,16.6939
OTTAWA INTL A,2024-08-24 23:00,2024,8,24,23:00,19.4,17.7,90,19,8,1.6917218,,,21.48836667,72.6213,16.38386667,0.15,0.783333333,160.2166667,,,2.08836667,2.072222222,17.3787
OTTAWA INTL A,2024-08-25 0:00,2024,8,25,0:00,18.9,17.8,93,18,8,1.779516583,,,21.1131,75.33336667,16.59598333,0.066666667,0.416666667,153.2,,,2.2131,2.155555555,17.66663333
OTTAWA INTL A,2024-08-25 1:00,2024,8,25,1:00,18.2,18,99,19,7,1.846232283,,,20.19678333,81.09356667,16.87133333,0.175,0.666666667,144.25,,,1.99678333,1.769444444,17.90643333
OTTAWA INTL A,2024-08-25 2:00,2024,8,25,2:00,17.8,17.8,100,19,6,1.601251767,,,20.19295,80.25421667,16.7034,0.191666667,0.791666667,171.8,,,2.39295,1.475,19.74578333
OTTAWA INTL A,2024-08-25 3:00,2024,8,25,3:00,17.8,17.8,100,22,8,1.954525317,,,19.54273333,83.69911667,16.72883333,0.008333333,0.175,184.4333333,,,1.74273333,2.213888889,16.30088333
OTTAWA INTL A,2024-08-25 4:00,2024,8,25,4:00,17.4,17.4,100,24,5,1.6884194,,,18.78163333,90.59765,17.22976667,0.133333333,0.283333333,238.1,,,1.38163333,1.255555556,9.40235
OTTAWA INTL A,2024-08-25 5:00,2024,8,25,5:00,16.9,16.9,100,24.5,0,1.880004333,,,18.29265,92.65123333,17.10395,0,0.183333333,331.0666667,,,1.39265,0,7.34876667
OTTAWA INTL A,2024-08-25 6:00,2024,8,25,6:00,17.5,17.5,100,25,6,18.70219395,,,18.19535,92.98453333,17.06373333,0.016666667,0.116666667,327.1,,,0.69535,1.65,7.01546667
OTTAWA INTL A,2024-08-25 7:00,2024,8,25,7:00,19.1,18.5,96,30,5,31.67601865,,,18.39495,95.1114,17.6177,0.166666667,0.808333333,262.0166667,,,0.70505,1.222222222,0.8886
OTTAWA INTL A,2024-08-25 8:00,2024,8,25,8:00,20.9,18.9,88,21,4,272.2061938,,,20.37386667,88.22233333,18.36373333,0.083333333,0.291666667,241.7333333,,,0.52613333,1.027777778,0.22233333
OTTAWA INTL A,2024-08-25 9:00,2024,8,25,9:00,23,18.8,77,24,0,428.8767173,,,22.10288333,81.3973,18.77916667,0.133333333,0.733333333,319.55,,,0.89711667,0.133333333,4.3973
OTTAWA INTL A,2024-08-25 10:00,2024,8,25,10:00,23.9,18.7,73,27,6,637.8586297,,,25.22073333,69.86531667,19.33441667,0.133333333,0.791666667,120.4,,,1.32073333,1.533333334,3.13468333
OTTAWA INTL A,2024-08-25 11:00,2024,8,25,11:00,25.4,18,63,29,7,712.8228853,,,26.41571667,63.75316667,19.00048333,0.391666667,1.133333333,140.7333333,,,1.01571667,1.552777777,0.75316667
OTTAWA INTL A,2024-08-25 12:00,2024,8,25,12:00,26.2,16.9,56,23,14,731.317724,,,26.90866667,56.04418333,17.31595,0.883333333,1.883333333,226.4166667,,,0.70866667,3.005555556,0.04418333
OTTAWA INTL A,2024-08-25 13:00,2024,8,25,13:00,26.2,16.9,56,24,8,807.5849795,,,27.28215,50.0763,15.97563333,1.583333333,3.158333333,241.8333333,,,1.08215,0.638888889,5.9237
OTTAWA INTL A,2024-08-25 14:00,2024,8,25,14:00,26.1,17.4,58,26,9,739.2409803,,,27.9046,46.21248333,15.28978333,1.616666667,3.166666667,245.85,,,1.8046,0.883333333,11.78751667
OTTAWA INTL A,2024-08-25 15:00,2024,8,25,15:00,27.1,16.4,51,31,11,445.921843,,,26.80855,49.58245,15.38046667,1.966666667,3.291666667,279.6333333,,,0.29145,1.088888889,1.41755
OTTAWA INTL A,2024-08-25 16:00,2024,8,25,16:00,27.2,15,47,31,12,492.5904755,,,26.72428333,57.33431667,17.60411667,1.5,2.7,313.7333333,,,0.47571667,1.833333333,10.33431667
OTTAWA INTL A,2024-08-25 17:00,2024,8,25,17:00,25.5,17.1,59,33,11,332.6507925,,,27.27001667,53.75693333,17.08641667,1.1,2.091666667,308.3666667,,,1.77001667,1.955555556,5.24306667
OTTAWA INTL A,2024-08-25 18:00,2024,8,25,18:00,24.4,17.1,63,35,8,143.6341869,,,26.5705,55.32581667,16.89761667,0.175,0.825,274.0666667,,,2.1705,2.047222222,7.67418333
OTTAWA INTL A,2024-08-25 19:00,2024,8,25,19:00,24,16.8,64,4,7,27.28861748,,,24.57508333,64.62986667,17.44501667,0,0.016666667,290.85,,,0.57508333,1.944444444,0.62986667
OTTAWA INTL A,2024-08-25 20:00,2024,8,25,20:00,19.3,17.3,88,13,7,2.506563667,,,21.72253333,76.55185,17.43301667,0,0.025,289.6166667,,,2.42253333,1.944444444,11.44815
OTTAWA INTL A,2024-08-25 21:00,2024,8,25,21:00,19.8,18.8,94,19,10,2.017495867,,,21.37935,80.294,17.85963333,0.016666667,0.158333333,91.83333333,,,1.57935,2.761111111,13.706
OTTAWA INTL A,2024-08-25 22:00,2024,8,25,22:00,19.1,18.4,96,21,4,1.84029835,,,20.45208333,86.60865,18.16375,0.016666667,0.066666667,41.28333333,,,1.35208333,1.094444444,9.39135
OTTAWA INTL A,2024-08-25 23:00,2024,8,25,23:00,18.9,18.9,100,27,4,1.686134683,,,20.14106667,89.53396667,18.38901667,0,0.158333333,194.5166667,,,1.24106667,1.111111111,10.46603333
OTTAWA INTL A,2024-08-26 0:00,2024,8,26,0:00,18.3,18.3,100,21,6,1.635553367,,,19.80048333,91.67875,18.42986667,0.133333333,0.308333333,324.4833333,,,1.50048333,1.533333334,8.32125
OTTAWA INTL A,2024-08-26 1:00,2024,8,26,1:00,18.4,18.4,100,1,3,1.794487733,,,19.34216667,94.48825,18.45828333,0.158333333,0.7,336.5333333,,,0.94216667,0.675,5.51175
OTTAWA INTL A,2024-08-26 2:00,2024,8,26,2:00,17.2,17.2,100,5,5,1.5736006,,,18.83421667,96.15856667,18.2327,0.05,0.375,294.3833333,,,1.63421667,1.338888889,3.84143333
OTTAWA INTL A,2024-08-26 3:00,2024,8,26,3:00,17.3,17.3,100,3,4,1.7468518,,,18.61116667,96.43471667,18.05611667,0.008333333,0.083333333,285.1333333,,,1.31116667,1.102777778,3.56528333
OTTAWA INTL A,2024-08-26 4:00,2024,8,26,4:00,16.8,16.8,100,36,3,1.649897333,,,18.02925,97.65913333,17.67591667,0.016666667,0.15,126.4,,,1.22925,0.816666666,2.34086667
OTTAWA INTL A,2024-08-26 5:00,2024,8,26,5:00,16.6,16.6,100,9,5,1.765474317,,,17.92376667,98.66131667,17.73298333,0,0.108333333,229.7,,,1.32376667,1.388888889,1.33868333
OTTAWA INTL A,2024-08-26 6:00,2024,8,26,6:00,16.2,16.2,100,5,8,13.85911103,,,17.73505,99.15211667,17.62316667,0.058333333,0.375,287.1166667,,,1.53505,2.163888889,0.84788333
OTTAWA INTL A,2024-08-26 7:00,2024,8,26,7:00,18.2,18.2,100,32,4,97.27085848,,,18.18963333,98.97641667,18.04971667,0.175,0.933333333,306.4,,,0.01036667,0.936111111,1.02358333
OTTAWA INTL A,2024-08-26 8:00,2024,8,26,8:00,21.4,20.4,94,3,4,292.7162908,,,20.40886667,91.49046667,18.9419,0.041666667,0.441666667,263.65,,,0.99113333,1.069444444,2.50953333
OTTAWA INTL A,2024-08-26 9:00,2024,8,26,9:00,23,20.7,87,15,0,479.4435682,,,24.59471667,73.06716667,19.46615,0.191666667,0.833333333,124.7333333,,,1.59471667,0.191666667,13.93283333
OTTAWA INTL A,2024-08-26 10:00,2024,8,26,10:00,24.9,20.1,74,27,5,625.5810047,,,25.60035,69.27813333,19.5493,0.366666667,1.15,146.5666667,,,0.70035,1.022222222,4.72186667
OTTAWA INTL A,2024-08-26 11:00,2024,8,26,11:00,25.9,19.4,67,8,4,740.9289532,,,27.05703333,62.5223,19.30121667,0.716666667,1.575,147.2333333,,,1.15703333,0.394444444,4.4777
OTTAWA INTL A,2024-08-26 12:00,2024,8,26,12:00,27.3,19.1,61,14,6,691.2416067,,,28.34425,57.8626,19.2464,0.491666667,1.316666667,211.8166667,,,1.04425,1.175,3.1374
OTTAWA INTL A,2024-08-26 13:00,2024,8,26,13:00,28,17,51,28,9,668.8757927,,,28.77808333,53.81493333,18.49406667,0.416666667,1.4,176.3333333,,,0.77808333,2.083333333,2.81493333
OTTAWA INTL A,2024-08-26 14:00,2024,8,26,14:00,28,16.9,50,22,8,514.3856032,,,29.18715,50.51411667,17.8498,0.65,1.583333333,239.7833333,,,1.18715,1.572222222,0.51411667
OTTAWA INTL A,2024-08-26 15:00,2024,8,26,15:00,28.4,16.8,49,20,10,602.9665402,,,29.52486667,48.56115,17.53021667,0.616666667,1.508333333,228.3333333,,,1.12486667,2.161111111,0.43885
OTTAWA INTL A,2024-08-26 16:00,2024,8,26,16:00,28.4,19.7,58,24,11,466.686892,,,29.10168333,49.99781667,17.62735,1.075,2.2,277.3333333,,,0.70168333,1.980555556,8.00218333
OTTAWA INTL A,2024-08-26 17:00,2024,8,26,17:00,28,15.7,47,27,9,320.3992365,,,29.1446,48.87906667,17.3124,0.916666667,1.875,281.9166667,,,1.1446,1.583333333,1.87906667
OTTAWA INTL A,2024-08-26 18:00,2024,8,26,18:00,25.7,18.1,63,28,9,146.0273212,,,28.28703333,51.3218,17.29023333,0.575,1.45,267.75,,,2.58703333,1.925,11.6782
OTTAWA INTL A,2024-08-26 19:00,2024,8,26,19:00,23.2,17.9,72,19,6,24.78372647,,,26.37566667,57.15588333,17.20898333,0.066666667,0.391666667,260.9166667,,,3.17566667,1.6,14.84411667
OTTAWA INTL A,2024-08-26 20:00,2024,8,26,20:00,20.6,18.4,87,18,7,2.337441367,,,23.96421667,64.82278333,16.9495,0,0.033333333,261.3666667,,,3.36421667,1.944444444,22.17721667
OTTAWA INTL A,2024-08-26 21:00,2024,8,26,21:00,21.8,18.8,83,18,9,2.258654583,,,23.0791,74.65528333,18.32246667,0.016666667,0.116666667,260.2833333,,,1.2791,2.483333333,8.34471667
OTTAWA INTL A,2024-08-26 22:00,2024,8,26,22:00,20.6,19.2,91,18,10,2.027662833,,,21.86196667,83.32615,18.93036667,0.016666667,0.058333333,259.9333333,,,1.26196667,2.761111111,7.67385
OTTAWA INTL A,2024-08-26 23:00,2024,8,26,23:00,19.4,19.4,100,18,10,1.830885267,,,20.8121,86.2898,18.46058333,0,0,260,,,1.4121,2.777777778,13.7102
OTTAWA INTL A,2024-08-27 0:00,2024,8,27,0:00,19.4,19.4,100,19,9,1.696602617,,,20.13181667,88.14081667,18.13005,0,0.041666667,260,,,0.73181667,2.5,11.85918333
OTTAWA INTL A,2024-08-27 1:00,2024,8,27,1:00,18,18,100,18,7,1.818329767,,,19.3572,91.77125,18.00508333,0,0.008333333,260.05,,,1.3572,1.944444444,8.22875
OTTAWA INTL A,2024-08-27 2:00,2024,8,27,2:00,18,18,100,20,7,1.877767383,,,18.71518333,95.04805,17.92843333,0,0.025,263.3166667,,,0.71518333,1.944444444,4.95195
OTTAWA INTL A,2024-08-27 3:00,2024,8,27,3:00,17.1,17.1,100,19,8,1.619884433,,,18.11501667,96.95776667,17.64718333,0,0,263,,,1.01501667,2.222222222,3.04223333
OTTAWA INTL A,2024-08-27 4:00,2024,8,27,4:00,17.8,17.8,100,19,10,1.663912833,,,17.73253333,97.52353333,17.35783333,0,0,263,,,0.06746667,2.777777778,2.47646667
OTTAWA INTL A,2024-08-27 5:00,2024,8,27,5:00,16.9,16.9,100,21,11,1.740701717,,,17.40006667,97.47961667,17.01858333,0.016666667,0.075,261.0666667,,,0.50006667,3.038888889,2.52038333
OTTAWA INTL A,2024-08-27 6:00,2024,8,27,6:00,17.2,17.2,100,20,9,21.03313245,,,17.26748333,98.5421,17.0576,0,0.033333333,260.9666667,,,0.06748333,2.5,1.4579
OTTAWA INTL A,2024-08-27 7:00,2024,8,27,7:00,18.8,18.8,100,20,8,137.1222524,,,19.26391667,91.7969,17.90391667,0.083333333,0.55,263.2833333,,,0.46391667,2.138888889,8.2031
OTTAWA INTL A,2024-08-27 8:00,2024,8,27,8:00,21.6,19.6,88,20,10,319.9387202,,,22.12178333,79.7838,18.4765,0.825,1.825,192.5666667,,,0.52178333,1.952777778,8.2162
OTTAWA INTL A,2024-08-27 9:00,2024,8,27,9:00,24.2,18.9,72,22,12,475.0659898,,,24.21011667,69.39413333,18.25718333,1,2.308333333,174.4833333,,,0.01011667,2.333333333,2.60586667
OTTAWA INTL A,2024-08-27 10:00,2024,8,27,10:00,25.9,18.4,63,21,17,545.4830577,,,25.67361667,64.65876667,18.52695,1.3,2.841666667,176.5833333,,,0.22638333,3.422222222,1.65876667
OTTAWA INTL A,2024-08-27 11:00,2024,8,27,11:00,27.4,18.8,59,21,14,700.61325,,,27.57351667,56.8377,18.25793333,1.233333333,3.341666667,216.2666667,,,0.17351667,2.655555556,2.1623
OTTAWA INTL A,2024-08-27 12:00,2024,8,27,12:00,28.3,18,53,22,17,712.4348677,,,28.61126667,52.6477,17.99886667,1.683333333,3.683333333,182.4166667,,,0.31126667,3.038888889,0.3523
OTTAWA INTL A,2024-08-27 13:00,2024,8,27,13:00,27.5,16.8,52,20,23,726.2761453,,,29.3866,49.49465,17.72961667,1.908333333,3.916666667,187.6333333,,,1.8866,4.480555556,2.50535
OTTAWA INTL A,2024-08-27 14:00,2024,8,27,14:00,28.8,18.3,52,19,20,708.7554,,,29.41696667,49.32976667,17.70503333,2.541666667,4.516666667,167.3333333,,,0.61696667,3.013888889,2.67023333
OTTAWA INTL A,2024-08-27 15:00,2024,8,27,15:00,28.1,16.6,49,19,25,454.3003932,,,29.29111667,49.61293333,17.6835,2.625,4.825,173.8833333,,,1.19111667,4.319444444,0.61293333
OTTAWA INTL A,2024-08-27 16:00,2024,8,27,16:00,27.4,18.5,58,19,20,311.3164102,,,28.92256667,49.41013333,17.27341667,2.375,4.451666667,178.95,,,1.52256667,3.180555556,8.58986667
OTTAWA INTL A,2024-08-27 17:00,2024,8,27,17:00,26.2,18.2,61,17,11,95.69582838,,,27.67828333,51.52671667,16.80111667,2.35,4.258333333,176.5,,,1.47828333,0.705555556,9.47328333
OTTAWA INTL A,2024-08-27 18:00,2024,8,27,18:00,24.7,18.6,68,18,12,92.39258332,,,26.70846667,57.86148333,17.72651667,2.466666667,4.241666667,159.35,,,2.00846667,0.866666666,10.13851667
OTTAWA INTL A,2024-08-27 19:00,2024,8,27,19:00,24.8,16.8,61,18,18,7.389990467,,,25.86133333,59.88821667,17.48968333,2.125,3.85,164.7166667,,,1.06133333,2.875,1.11178333
OTTAWA INTL A,2024-08-27 20:00,2024,8,27,20:00,22.4,19.4,83,21,14,5.679497183,,,23.07591667,72.467,17.62605,1.116666667,2.333333333,207.8166667,,,0.67591667,2.772222222,10.533
OTTAWA INTL A,2024-08-27 21:00,2024,8,27,21:00,22.1,19.8,86,21,16,1.215105917,,,21.39115,86.7182,19.10121667,0.016666667,0.35,127.0333333,,,0.70885,4.427777777,0.7182
OTTAWA INTL A,2024-08-27 22:00,2024,8,27,22:00,21.6,20.8,95,26,13,1.8201411,,,21.34963333,89.47946667,19.56465,0.233333333,0.75,285.15,,,0.25036667,3.377777778,5.52053333
OTTAWA INTL A,2024-08-27 23:00,2024,8,27,23:00,21.5,21.5,100,25,16,1.268746467,,,21.96235,89.58606667,20.19815,0.775,2.008333333,242.7,,,0.46235,3.669444444,10.41393333
OTTAWA INTL A,2024-08-28 0:00,2024,8,28,0:00,22.1,22.1,100,27,23,1.507375333,,,22.11141667,90.3541,20.48396667,2.558333333,4.475,258.3,,,0.01141667,3.830555556,9.6459
OTTAWA INTL A,2024-08-28 1:00,2024,8,28,1:00,21.2,21.2,100,29,29,1.832048367,,,21.95348333,89.43925,20.1624,2.633333333,4.533333333,272.3,,,0.75348333,5.422222223,10.56075
OTTAWA INTL A,2024-08-28 2:00,2024,8,28,2:00,19.4,19.4,100,31,34,2.655478433,,,20.96865,88.1932,18.9642,3.066666667,5.27,294.4666667,,,1.56865,6.377777777,11.8068
OTTAWA INTL A,2024-08-28 3:00,2024,8,28,3:00,18.1,17.6,97,32,26,2.0932295,,,18.73658333,86.45873333,16.45031667,2.508333333,4.543333333,306.5666667,,,0.63658333,4.713888889,10.54126667
OTTAWA INTL A,2024-08-28 4:00,2024,8,28,4:00,16.9,14.5,85,33,33,1.971062217,,,17.42038333,84.0691,14.72065,1.9,3.641666667,307.5666667,,,0.52038333,7.266666667,0.9309
OTTAWA INTL A,2024-08-28 5:00,2024,8,28,5:00,16.6,14.2,86,33,28,1.694527917,,,16.64751667,83.28703333,13.8189,2.125,3.925,307.8,,,0.04751667,5.652777778,2.71296667
OTTAWA INTL A,2024-08-28 6:00,2024,8,28,6:00,15.9,12.7,81,33,27,6.106043883,,,16.194,82.84153333,13.29175,1.65,3.358333333,303.5833333,,,0.294,5.85,1.84153333
OTTAWA INTL A,2024-08-28 7:00,2024,8,28,7:00,15.5,12.8,84,33,21,28.00688292,,,15.80965,81.43911667,12.655,1.691666667,3.25,314.35,,,0.30965,4.141666666,2.56088333
OTTAWA INTL A,2024-08-28 8:00,2024,8,28,8:00,15.3,11.7,79,34,25,88.13053403,,,15.30678333,78.7539,11.6444,2.025,3.616666667,325.9166667,,,0.00678333,4.919444444,0.2461
OTTAWA INTL A,2024-08-28 9:00,2024,8,28,9:00,15.8,10.7,71,35,26,307.5828768,,,15.53015,70.83196667,10.27086667,2.9,4.85,336.0666667,,,0.26985,4.322222222,0.16803333
OTTAWA INTL A,2024-08-28 10:00,2024,8,28,10:00,16.4,10.8,69,36,18,647.8658473,,,17.25496667,64.64365,10.54098333,2.708333333,4.65,314.9333333,,,0.85496667,2.291666667,4.35635
OTTAWA INTL A,2024-08-28 11:00,2024,8,28,11:00,18.1,11.3,64,1,13,481.5969685,,,17.45151667,63.3757,10.43626667,2.275,3.95,309.5,,,0.64848333,1.336111111,0.6243
OTTAWA INTL A,2024-08-28 12:00,2024,8,28,12:00,18.7,10.9,60,3,13,780.765247,,,18.59398333,59.70866667,10.5948,2.066666667,3.683333333,295.0333333,,,0.10601667,1.544444444,0.29133333
OTTAWA INTL A,2024-08-28 13:00,2024,8,28,13:00,18.9,10.9,59,1,20,493.8712852,,,19.0558,58.04495,10.61596667,2.008333333,3.633333333,299.0833333,,,0.1558,3.547222223,0.95505
OTTAWA INTL A,2024-08-28 14:00,2024,8,28,14:00,19.6,11,57,36,16,441.8136618,,,18.49035,60.0207,10.597,2.091666667,3.741666667,323.4333333,,,1.10965,2.352777777,3.0207
OTTAWA INTL A,2024-08-28 15:00,2024,8,28,15:00,19.6,11.4,59,1,11,631.7997788,,,19.42261667,57.19978333,10.74733333,2.416666667,4,305.6833333,,,0.17738333,0.638888889,1.80021667
OTTAWA INTL A,2024-08-28 16:00,2024,8,28,16:00,18.5,11.1,62,1,14,452.1686732,,,19.5706,57.08636667,10.85001667,2.175,3.7,290.0166667,,,1.0706,1.713888889,4.91363333
OTTAWA INTL A,2024-08-28 17:00,2024,8,28,17:00,18.6,10.6,60,35,22,321.576784,,,19.5906,57.78575,11.0556,1.725,3.183333333,307.9666667,,,0.9906,4.386111111,2.21425
OTTAWA INTL A,2024-08-28 18:00,2024,8,28,18:00,17.8,10.3,61,36,17,164.7960444,,,19.20701667,58.7298,10.9465,1.941666667,3.25,336.7166667,,,1.40701667,2.780555555,2.2702
OTTAWA INTL A,2024-08-28 19:00,2024,8,28,19:00,16.5,10.4,67,36,17,22.24422403,,,17.6199,64.5716,10.86426667,1,2.058333333,337.5,,,1.1199,3.722222222,2.4284
OTTAWA INTL A,2024-08-28 20:00,2024,8,28,20:00,15.8,10.7,71,1,14,2.114103633,,,16.13181667,70.5128,10.78241667,0.541666667,1.533333333,334.3,,,0.33181667,3.347222222,0.4872
OTTAWA INTL A,2024-08-28 21:00,2024,8,28,21:00,14.6,10.6,77,1,12,1.852633617,,,15.34286667,72.85718333,10.51466667,0.4,1.275,341.75,,,0.74286667,2.933333333,4.14281667
OTTAWA INTL A,2024-08-28 22:00,2024,8,28,22:00,14.1,10.7,80,2,13,1.56456155,,,14.78195,75.28785,10.46705,0.191666667,1.091666667,338.2833333,,,0.68195,3.419444444,4.71215
OTTAWA INTL A,2024-08-28 23:00,2024,8,28,23:00,13.9,10.9,82,3,18,1.603590433,,,14.28611667,77.84801667,10.48743333,0.358333333,1.208333333,332.2166667,,,0.38611667,4.641666667,4.15198333
OTTAWA INTL A,2024-08-29 0:00,2024,8,29,0:00,13.2,11,87,3,19,1.532627717,,,14.00053333,78.69791667,10.37316667,0.383333333,1.5,159.0333333,,,0.80053333,4.894444445,8.30208333
OTTAWA INTL A,2024-08-29 1:00,2024,8,29,1:00,11.4,11.2,99,4,15,1.807872367,,,13.60738333,77.90365,9.8399,0.95,2.35,268.1166667,,,2.20738333,3.216666667,21.09635
OTTAWA INTL A,2024-08-29 2:00,2024,8,29,2:00,12,10.3,89,3,18,1.690008367,,,13.01185,78.48841667,9.372333333,0.7,1.958333333,317.4333333,,,1.01185,4.3,10.51158333
OTTAWA INTL A,2024-08-29 3:00,2024,8,29,3:00,10.1,9.7,97,4,12,1.706167467,,,12.5285,80.16061667,9.21415,0.566666667,1.65,310.6833333,,,2.4285,2.766666666,16.83938333
OTTAWA INTL A,2024-08-29 4:00,2024,8,29,4:00,9.8,9.4,98,4,13,1.743212917,,,11.79331667,83.64336667,9.126483333,0.133333333,0.825,328.75,,,1.99331667,3.477777778,14.35663333
OTTAWA INTL A,2024-08-29 5:00,2024,8,29,5:00,9.6,9.3,98,3,17,1.632953083,,,11.30066667,85.46245,8.963183333,0.141666667,0.766666667,339.8166667,,,1.70066667,4.580555555,12.53755
OTTAWA INTL A,2024-08-29 6:00,2024,8,29,6:00,10.2,9.6,96,3,12,20.90929153,,,11.03918333,85.28216667,8.67505,0.508333333,1.416666667,342.4166667,,,0.83918333,2.825,10.71783333
OTTAWA INTL A,2024-08-29 7:00,2024,8,29,7:00,12.8,9.7,81,4,16,155.3139225,,,12.92781667,77.57083333,9.090583333,0.558333333,1.691666667,261.7166667,,,0.12781667,3.886111111,3.42916667
OTTAWA INTL A,2024-08-29 8:00,2024,8,29,8:00,14.3,10.2,76,5,16,347.3278313,,,16.19575,64.89685,9.590666667,0.616666667,1.975,77.45,,,1.89575,3.827777777,11.10315
OTTAWA INTL A,2024-08-29 9:00,2024,8,29,9:00,15.4,10,70,8,12,521.3771022,,,17.30136667,60.28136667,9.544866667,1.016666667,2.366666667,61.45,,,1.90136667,2.316666666,9.71863333
OTTAWA INTL A,2024-08-29 10:00,2024,8,29,10:00,16.8,10.9,68,5,15,675.2822053,,,18.47173333,57.04541667,9.814616667,1.033333333,2.533333333,78.43333333,,,1.67173333,3.133333334,10.95458333
OTTAWA INTL A,2024-08-29 11:00,2024,8,29,11:00,17.8,10.3,61,4,16,779.6598303,,,19.34893333,55.97086667,10.35296667,1.525,3.233333333,185.85,,,1.54893333,2.919444444,5.02913333
OTTAWA INTL A,2024-08-29 12:00,2024,8,29,12:00,19.4,11.1,58,5,18,838.9207685,,,20.10353333,54.74096667,10.71911667,1.658333333,3.641666667,134.5,,,0.70353333,3.341666667,3.25903333
OTTAWA INTL A,2024-08-29 13:00,2024,8,29,13:00,20,11.7,58,8,13,833.476868,,,21.16126667,53.70936667,11.41698333,1.691666667,3.541666667,86.08333333,,,1.16126667,1.919444444,4.29063333
OTTAWA INTL A,2024-08-29 14:00,2024,8,29,14:00,20.8,12.1,57,8,12,754.7716153,,,22.31305,50.89631667,11.66368333,1.608333333,3.366666667,108.8833333,,,1.51305,1.725,6.10368333
OTTAWA INTL A,2024-08-29 15:00,2024,8,29,15:00,21,12,56,6,13,654.5529288,,,22.88538333,48.90905,11.58071667,1.4,3.108333333,88.23333333,,,1.88538333,2.211111111,7.09095
OTTAWA INTL A,2024-08-29 16:00,2024,8,29,16:00,21.1,11.5,54,6,22,509.143324,,,22.78638333,45.94781667,10.55815,1.675,3.308333333,71.98333333,,,1.68638333,4.436111111,8.05218333
OTTAWA INTL A,2024-08-29 17:00,2024,8,29,17:00,20.7,11.2,54,4,18,329.9777187,,,23.05516667,45.72003333,10.73101667,1.083333333,2.458333333,66.25,,,2.35516667,3.916666667,8.27996667
OTTAWA INTL A,2024-08-29 18:00,2024,8,29,18:00,18.6,10.6,59,6,14,131.320116,,,21.2132,49.93741667,10.36763333,0.975,2.333333333,83.11666667,,,2.6132,2.913888889,9.06258333
OTTAWA INTL A,2024-08-29 19:00,2024,8,29,19:00,15.8,10.4,70,8,10,18.8968673,,,19.31213333,57.11683333,10.59938333,0.183333333,0.941666667,80.26666667,,,3.51213333,2.594444445,12.88316667
OTTAWA INTL A,2024-08-29 20:00,2024,8,29,20:00,15.8,10.4,70,7,10,1.94798885,,,17.41788333,63.43551667,10.417,0.166666667,0.708333333,53.73333333,,,1.61788333,2.611111111,6.56448333
OTTAWA INTL A,2024-08-29 21:00,2024,8,29,21:00,14.8,10.2,74,7,13,1.8613031,,,16.58105,67.25305,10.4871,0.016666667,0.483333333,59.91666667,,,1.78105,3.594444444,6.74695
OTTAWA INTL A,2024-08-29 22:00,2024,8,29,22:00,13.8,10.5,80,7,13,1.932255517,,,15.18018333,78.74338333,11.52131667,0.016666667,0.741666667,47.9,,,1.38018333,3.594444444,1.25661667
OTTAWA INTL A,2024-08-29 23:00,2024,8,29,23:00,13.8,11,83,6,13,1.569681267,,,14.55416667,82.36958333,11.59953333,0.1,0.958333333,60.06666667,,,0.75416667,3.511111111,0.63041667
OTTAWA INTL A,2024-08-30 0:00,2024,8,30,0:00,13.3,11.7,90,6,17,1.541465133,,,14.31661667,82.19803333,11.33651667,0.425,1.316666667,51.28333333,,,1.01661667,4.297222222,7.80196667
OTTAWA INTL A,2024-08-30 1:00,2024,8,30,1:00,12.5,12.2,98,7,15,1.742492217,,,13.87295,83.83358333,11.19918333,0.5,1.491666667,51.98333333,,,1.37295,3.666666667,14.16641667
OTTAWA INTL A,2024-08-30 2:00,2024,8,30,2:00,11,11,100,5,8,1.516526783,,,13.61951667,84.24915,11.0256,0.408333333,1.408333333,55.73333333,,,2.61951667,1.813888889,15.75085
OTTAWA INTL A,2024-08-30 3:00,2024,8,30,3:00,10.6,10.6,100,5,12,1.635088217,,,13.29245,84.93083333,10.82613333,0.125,0.791666667,56.18333333,,,2.69245,3.208333333,15.06916667
OTTAWA INTL A,2024-08-30 4:00,2024,8,30,4:00,11.4,11.4,100,6,14,1.67441405,,,13.06326667,84.75925,10.5712,0.775,1.875,63.9,,,1.66326667,3.113888889,15.24075
OTTAWA INTL A,2024-08-30 5:00,2024,8,30,5:00,10.6,10.6,100,5,11,1.540341483,,,12.75298333,85.80178333,10.44986667,0.058333333,0.675,69.95,,,2.15298333,2.997222223,14.19821667
OTTAWA INTL A,2024-08-30 6:00,2024,8,30,6:00,11.4,11.4,100,6,13,17.26109487,,,12.77226667,86.4244,10.57743333,0.45,1.475,57.91666667,,,1.37226667,3.161111111,13.5756
OTTAWA INTL A,2024-08-30 7:00,2024,8,30,7:00,13.4,13.4,100,8,13,114.7743251,,,14.38666667,81.83495,11.33121667,0.866666667,2.125,64.45,,,0.98666667,2.744444444,18.16505
OTTAWA INTL A,2024-08-30 8:00,2024,8,30,8:00,15.4,14.6,95,8,13,193.780409,,,15.73713333,79.89318333,12.28931667,0.633333333,1.941666667,66.6,,,0.33713333,2.977777778,15.10681667
OTTAWA INTL A,2024-08-30 9:00,2024,8,30,9:00,18.3,16.1,87,9,11,386.9809988,,,18.40595,72.71116667,13.4291,1.208333333,2.6,70.13333333,,,0.10595,1.847222223,14.28883333
OTTAWA INTL A,2024-08-30 10:00,2024,8,30,10:00,19.4,16.1,81,11,11,268.879786,,,18.73306667,75.4297,14.31688333,0.983333333,2.275,102.5166667,,,0.66693333,2.072222223,5.5703
OTTAWA INTL A,2024-08-30 11:00,2024,8,30,11:00,19.6,16.6,82,12,10,252.555824,,,19.9502,74.62296667,15.32673333,0.916666667,2.1,108.0666667,,,0.3502,1.861111111,7.37703333
OTTAWA INTL A,2024-08-30 12:00,2024,8,30,12:00,21.3,18.4,83,12,14,234.2496235,,,20.22573333,76.14203333,15.90893333,1.308333333,2.575,117.9,,,1.07426667,2.580555556,6.85796667
OTTAWA INTL A,2024-08-30 13:00,2024,8,30,13:00,21.8,18.8,83,13,10,153.6080862,,,20.67156667,76.87163333,16.49018333,1.066666667,2.383333333,110.7,,,1.12843333,1.711111111,6.12836667
OTTAWA INTL A,2024-08-30 14:00,2024,8,30,14:00,22.1,19.4,85,11,14,204.0894987,,,21.69571667,76.01008333,17.30308333,0.516666667,1.6,94.33333333,,,0.40428333,3.372222222,8.98991667
OTTAWA INTL A,2024-08-30 15:00,2024,8,30,15:00,22.1,19.5,85,11,15,184.176779,,,22.18465,76.3978,17.85855,1.258333333,2.533333333,122.65,,,0.08465,2.908333334,8.6022
OTTAWA INTL A,2024-08-30 16:00,2024,8,30,16:00,22.8,19.9,84,14,11,203.7549905,,,22.71053333,76.16715,18.31941667,1.625,2.95,121.2833333,,,0.08946667,1.430555556,7.83285
OTTAWA INTL A,2024-08-30 17:00,2024,8,30,17:00,22.4,20,86,16,10,126.4484127,,,22.87611667,77.9355,18.84581667,1.075,2.266666667,123.5666667,,,0.47611667,1.702777778,8.0645
OTTAWA INTL A,2024-08-30 18:00,2024,8,30,18:00,21.8,19.4,86,16,11,49.45428273,,,22.84611667,78.94863333,19.02481667,1.025,2.208333333,139.7666667,,,1.04611667,2.030555556,7.05136667
OTTAWA INTL A,2024-08-30 19:00,2024,8,30,19:00,21.3,18.7,85,16,16,5.5717805,,,22.35808333,77.90275,18.33783333,1.683333333,3.025,153.8833333,,,1.05808333,2.761111111,7.09725
OTTAWA INTL A,2024-08-30 20:00,2024,8,30,20:00,20.9,18.4,85,17,12,1.884010767,,,21.90201667,78.18156667,17.95203333,1.416666667,2.9,152.3166667,,,1.00201667,1.916666666,6.81843333
OTTAWA INTL A,2024-08-30 21:00,2024,8,30,21:00,20.4,18.2,87,16,15,1.924786533,,,21.51163333,78.25195,17.58713333,1.458333333,2.791666667,153.5333333,,,1.11163333,2.708333334,8.74805
OTTAWA INTL A,2024-08-30 22:00,2024,8,30,22:00,19.9,17.9,88,17,14,1.710420967,,,21.02118333,79.06083333,17.27358333,1.708333333,3.133333333,145.4333333,,,1.12118333,2.180555556,8.93916667
OTTAWA INTL A,2024-08-30 23:00,2024,8,30,23:00,18.9,17.6,93,16,13,1.936131317,,,20.69841667,79.74286667,17.09556667,1.458333333,2.866666667,149.6666667,,,1.79841667,2.152777778,13.25713333
OTTAWA INTL A,2024-08-31 0:00,2024,8,31,0:00,18.5,17.8,95,16,15,1.9912215,,,19.82973333,81.55461667,16.60255,1.775,3.325,150.4833333,,,1.32973333,2.391666667,13.44538333
OTTAWA INTL A,2024-08-31 1:00,2024,8,31,1:00,18.5,17.9,96,21,6,2.419275417,,,19.27598333,83.64268333,16.45948333,0.941666667,2.191666667,153.6333333,,,0.77598333,0.725,12.35731667
OTTAWA INTL A,2024-08-31 2:00,2024,8,31,2:00,17.8,17.8,100,18,12,1.7258367,,,18.41206667,89.97396667,16.75808333,0.825,2.125,152.6333333,,,0.61206667,2.508333333,10.02603333
OTTAWA INTL A,2024-08-31 3:00,2024,8,31,3:00,17.7,17.7,100,18,12,1.86120325,,,18.10788333,92.3655,16.87028333,1.641666667,3.175,152.4166667,,,0.40788333,1.691666666,7.6345
OTTAWA INTL A,2024-08-31 4:00,2024,8,31,4:00,17.6,17.6,100,18,14,1.536114767,,,17.82316667,95.38375,17.0971,1.35,2.725,153.1666667,,,0.22316667,2.538888889,4.61625
OTTAWA INTL A,2024-08-31 5:00,2024,8,31,5:00,18,18,100,20,20,1.535091,,,17.89231667,95.37008333,17.16351667,1.625,2.983333333,153.1166667,,,0.10768333,3.930555556,4.62991667
OTTAWA INTL A,2024-08-31 6:00,2024,8,31,6:00,18.2,18.2,100,19,13,4.59171775,,,18.32051667,95.5412,17.61845,1.883333333,3.7,170.25,,,0.12051667,1.727777778,4.4588
OTTAWA INTL A,2024-08-31 7:00,2024,8,31,7:00,18.7,18.7,100,20,20,16.50463488,,,18.91065,94.59188333,18.04695,1.066666667,2.433333333,178,,,0.21065,4.488888889,5.40811667
OTTAWA INTL A,2024-08-31 8:00,2024,8,31,8:00,19.4,19.4,100,21,19,27.15705023,,,19.2367,93.34613333,18.15951667,1.908333333,3.783333333,185.2166667,,,0.1633,3.369444445,6.65386667
OTTAWA INTL A,2024-08-31 9:00,2024,8,31,9:00,20,20,100,21,18,69.5267754,,,19.88873333,91.587,18.5023,1.5,3.308333333,188.8,,,0.11126667,3.5,8.413
OTTAWA INTL A,2024-08-31 10:00,2024,8,31,10:00,20.8,20.8,100,22,16,44.95068925,,,20.31735,91.47661667,18.90771667,0.291666667,1.25,197.3166667,,,0.48265,4.152777777,8.52338333
OTTAWA INTL A,2024-08-31 11:00,2024,8,31,11:00,20.9,20.9,100,22,16,75.88269705,,,21.10305,89.44513333,19.32398333,0.641666667,1.966666667,186.6166667,,,0.20305,3.802777777,10.55486667
OTTAWA INTL A,2024-08-31 12:00,2024,8,31,12:00,21.1,21.1,100,21,18,186.07129,,,21.89346667,87.10876667,19.67586667,1.891666667,3.616666667,181.3833333,,,0.79346667,3.108333333,12.89123333
OTTAWA INTL A,2024-08-31 13:00,2024,8,31,13:00,22.4,21.9,97,21,17,312.7978615,,,22.7713,84.51221667,20.04426667,1.591666667,3.291666667,180.9333333,,,0.3713,3.130555555,12.48778333
OTTAWA INTL A,2024-08-31 14:00,2024,8,31,14:00,22.6,22.2,98,20,22,294.5054167,,,23.84836667,81.50336667,20.51463333,1.983333333,3.6,177.4833333,,,1.24836667,4.127777778,16.49663333
OTTAWA INTL A,2024-08-31 15:00,2024,8,31,15:00,23.9,23,95,21,16,212.7352348,,,23.59031667,83.15706667,20.58891667,1.8,3.291666667,172.6666667,,,0.30968333,2.644444444,11.84293333
OTTAWA INTL A,2024-08-31 16:00,2024,8,31,16:00,22.9,22.6,98,23,13,266.8176647,,,23.61818333,81.86863333,20.3449,1.041666667,2.266666667,201.85,,,0.71818333,2.569444444,16.13136667
OTTAWA INTL A,2024-08-31 17:00,2024,8,31,17:00,22.6,22.6,100,20,6,285.2212028,,,24.80208333,76.70155,20.43996667,0.558333333,1.516666667,192.8833333,,,2.20208333,1.108333334,23.29845
OTTAWA INTL A,2024-08-31 18:00,2024,8,31,18:00,22.6,21.1,91,27,9,133.3486809,,,24.84323333,70.74255,19.14303333,0.325,1.091666667,260.2666667,,,2.24323333,2.175,20.25745
OTTAWA INTL A,2024-08-31 19:00,2024,8,31,19:00,21.5,20,91,23,6,18.10653498,,,22.82606667,66.89691667,16.34716667,0,0.033333333,279,,,1.32606667,1.666666667,24.10308333
OTTAWA INTL A,2024-08-31 20:00,2024,8,31,20:00,19.8,19.8,100,18,10,2.299519517,,,20.21606667,74.46361667,15.54615,0.016666667,0.091666667,279,,,0.41606667,2.761111111,25.53638333
OTTAWA INTL A,2024-08-31 21:00,2024,8,31,21:00,19.1,19.1,100,20,8,1.88440575,,,19.6993,76.10986667,15.38671667,0.141666667,0.458333333,233.9833333,,,0.5993,2.080555555,23.89013333
OTTAWA INTL A,2024-08-31 22:00,2024,8,31,22:00,18.2,18.2,100,20,8,1.69109465,,,20.42676667,80.99441667,17.07018333,0.575,1.458333333,166.25,,,2.22676667,1.647222222,19.00558333
OTTAWA INTL A,2024-08-31 23:00,2024,8,31,23:00,17.8,17.8,100,20,10,2.12357885,,,19.37716667,82.19245,16.27846667,0.183333333,0.733333333,206.0666667,,,1.57716667,2.594444445,17.80755
OTTAWA INTL A,2024-09-01 0:00,2024,9,1,0:00,17.4,17.4,100,20,7,1.553948183,,,18.38273333,84.48886667,15.73013333,0.5,1.275,206.15,,,0.98273333,1.444444444,15.51113333
OTTAWA INTL A,2024-09-01 1:00,2024,9,1,1:00,16.5,16.5,100,24,7,1.76398295,,,18.58725,80.84238333,15.24796667,0.316666667,1.366666667,213.0166667,,,2.08725,1.627777777,19.15761667
OTTAWA INTL A,2024-09-01 2:00,2024,9,1,2:00,15.8,15.8,100,20,9,1.648561667,,,17.64,84.01426667,14.9246,0.091666667,0.541666667,190.9,,,1.84,2.408333333,15.98573333
OTTAWA INTL A,2024-09-01 3:00,2024,9,1,3:00,15.3,15.3,100,19,10,1.769613767,,,17.22353333,85.37561667,14.76628333,0.783333333,1.475,170.6333333,,,1.92353333,1.994444445,14.62438333
OTTAWA INTL A,2024-09-01 4:00,2024,9,1,4:00,14.4,14.4,100,18,8,2.080015767,,,16.13456667,89.2095,14.36888333,0.391666667,1.025,156.7,,,1.73456667,1.830555555,10.7905
OTTAWA INTL A,2024-09-01 5:00,2024,9,1,5:00,14,14,100,17,8,1.60378985,,,15.57373333,90.98221667,14.1245,0.116666667,0.6,158.0333333,,,1.57373333,2.105555555,9.01778333
OTTAWA INTL A,2024-09-01 6:00,2024,9,1,6:00,14.1,14.1,100,18,7,14.69282743,,,14.94715,92.54785,13.76603333,0.275,1.108333333,159.3166667,,,0.84715,1.669444444,7.45215
OTTAWA INTL A,2024-09-01 7:00,2024,9,1,7:00,16.2,16.2,100,20,19,126.528634,,,16.42056667,86.72495,14.21095,0.608333333,1.683333333,160.0666667,,,0.22056667,4.669444445,13.27505
OTTAWA INTL A,2024-09-01 8:00,2024,9,1,8:00,18.5,18.5,100,19,16,181.744571,,,17.52656667,91.06813333,16.06411667,2.025,4.091666667,183.9333333,,,0.97343333,2.419444444,8.93186667
OTTAWA INTL A,2024-09-01 9:00,2024,9,1,9:00,21.3,19.3,88,19,24,483.2125362,,,21.19141667,79.36195,17.48555,1.525,3.425,194.4666667,,,0.10858333,5.141666667,8.63805
OTTAWA INTL A,2024-09-01 10:00,2024,9,1,10:00,22.6,19.1,80,21,21,541.3669972,,,23.04695,74.49433333,18.2868,1.791666667,3.808333333,199.2666667,,,0.44695,4.041666666,5.50566667
OTTAWA INTL A,2024-09-01 11:00,2024,9,1,11:00,23.1,18.4,74,23,30,269.4031905,,,23.75686667,70.78871667,18.15303333,1.791666667,3.975,218.9333333,,,0.65686667,6.541666666,3.21128333
OTTAWA INTL A,2024-09-01 12:00,2024,9,1,12:00,22.6,17.4,72,25,29,116.1744975,,,22.7582,71.30875,17.3155,1.491666667,3.491666667,252.2666667,,,0.1582,6.563888889,0.69125
OTTAWA INTL A,2024-09-01 13:00,2024,9,1,13:00,24,17.6,67,26,24,475.5865352,,,23.92738333,66.97288333,17.41271667,1.875,4.001666667,251.35,,,0.07261667,4.791666667,0.02711667
OTTAWA INTL A,2024-09-01 14:00,2024,9,1,14:00,22.9,15.7,63,29,30,646.1570018,,,23.45026667,61.46511667,15.6322,3.441666667,5.73,289.0833333,,,0.55026667,4.891666666,1.53488333
OTTAWA INTL A,2024-09-01 15:00,2024,9,1,15:00,23.5,12.6,50,29,32,562.8889328,,,23.98206667,55.50878333,14.54373333,2.925,5.008333333,296.2,,,0.48206667,5.963888889,5.50878333
OTTAWA INTL A,2024-09-01 16:00,2024,9,1,16:00,23.1,11.6,48,30,29,454.5450317,,,23.83473333,51.42386667,13.23008333,3.6,5.845,291.8666667,,,0.73473333,4.455555556,3.42386667
OTTAWA INTL A,2024-09-01 17:00,2024,9,1,17:00,21.6,11.9,53,32,30,224.3710149,,,21.96523333,55.71998333,12.71683333,3.083333333,5.016666667,302.4333333,,,0.36523333,5.25,2.71998333
OTTAWA INTL A,2024-09-01 18:00,2024,9,1,18:00,19.6,10.4,55,31,19,127.5971743,,,20.9047,56.61181667,11.97366667,2.091666667,3.666666667,314.0666667,,,1.3047,3.186111111,1.61181667
OTTAWA INTL A,2024-09-01 19:00,2024,9,1,19:00,18.1,10.2,60,32,19,16.30583173,,,19.00221667,59.18326667,10.86445,0.975,2.15,302.4333333,,,0.90221667,4.302777778,0.81673333
OTTAWA INTL A,2024-09-01 20:00,2024,9,1,20:00,16.6,10.5,67,33,9,2.099107417,,,17.21886667,64.95076667,10.5852,0.066666667,0.85,281.5166667,,,0.61886667,2.433333333,2.04923333
OTTAWA INTL A,2024-09-01 21:00,2024,9,1,21:00,15.6,10.2,70,34,8,1.898038933,,,15.48758333,72.04915,10.45295,0,0.075,287.0166667,,,0.11241667,2.222222222,2.04915
OTTAWA INTL A,2024-09-01 22:00,2024,9,1,22:00,14.1,10.8,80,31,9,1.93844085,,,14.90606667,76.82153333,10.88756667,0,0.033333333,293.9333333,,,0.80606667,2.5,3.17846667
OTTAWA INTL A,2024-09-01 23:00,2024,9,1,23:00,12.8,11.7,93,26,9,1.748870617,,,13.82106667,82.58473333,10.92183333,0,0,293,,,1.02106667,2.5,10.41526667
OTTAWA INTL A,2024-09-02 0:00,2024,9,2,0:00,11.2,11.2,100,26,7,1.6534345,,,13.38365,84.70241667,10.87448333,0.008333333,0.35,291.5166667,,,2.18365,1.936111111,15.29758333
OTTAWA INTL A,2024-09-02 1:00,2024,9,2,1:00,10.2,10.2,100,26,8,1.608537967,,,13.09715,86.44668333,10.89746667,0.125,0.833333333,281.0166667,,,2.89715,2.097222222,13.55331667
OTTAWA INTL A,2024-09-02 2:00,2024,9,2,2:00,9.3,9.3,100,27,10,1.664024983,,,12.59391667,87.13735,10.52471667,0.266666667,1.075,278.15,,,3.29391667,2.511111111,12.86265
OTTAWA INTL A,2024-09-02 3:00,2024,9,2,3:00,9.9,9.9,100,28,10,1.69129195,,,11.93983333,88.03015,10.033,0.183333333,0.958333333,273.4333333,,,2.03983333,2.594444445,11.96985
OTTAWA INTL A,2024-09-02 4:00,2024,9,2,4:00,11.2,11.2,100,29,11,1.727564833,,,11.7492,86.08596667,9.5119,0.375,1.283333333,286.6166667,,,0.5492,2.680555556,13.91403333
OTTAWA INTL A,2024-09-02 5:00,2024,9,2,5:00,10.7,10.7,100,30,16,1.618802417,,,11.38535,85.32685,9.022483333,1.391666667,2.766666667,294.3333333,,,0.68535,3.052777777,14.67315
OTTAWA INTL A,2024-09-02 6:00,2024,9,2,6:00,10.2,10.2,100,28,12,14.51959125,,,10.90785,85.33055,8.554066667,1.516666667,2.958333333,290.3,,,0.70785,1.816666666,14.66945
OTTAWA INTL A,2024-09-02 7:00,2024,9,2,7:00,11.6,9.2,85,31,23,137.2661626,,,11.64601667,82.1664,8.7158,1.675,3.2,290.9833333,,,0.04601667,4.713888889,2.8336
OTTAWA INTL A,2024-09-02 8:00,2024,9,2,8:00,12.7,7.5,70,30,26,331.3200042,,,12.79516667,75.20703333,8.51985,2.408333333,4.216666667,293.9166667,,,0.09516667,4.813888889,5.20703333
OTTAWA INTL A,2024-09-02 9:00,2024,9,2,9:00,13.3,6.6,64,30,29,404.8809566,,,13.2967,68.07383333,7.538283333,2.525,4.455,296.55,,,0.0033,5.530555556,4.07383333
OTTAWA INTL A,2024-09-02 10:00,2024,9,2,10:00,13.5,5.9,60,31,26,569.222914,,,14.11023333,60.9207,6.686533333,3.166666667,5.345,314.4,,,0.61023333,4.055555555,0.9207
OTTAWA INTL A,2024-09-02 11:00,2024,9,2,11:00,14.5,6.7,59,31,21,504.2711373,,,14.1649,59.93573333,6.509366667,2.683333333,4.685,294.1166667,,,0.3351,3.15,0.93573333
OTTAWA INTL A,2024-09-02 12:00,2024,9,2,12:00,14.8,6.1,56,31,26,657.1480602,,,15.02606667,58.00991667,6.837616667,2.65,4.66,297.9333333,,,0.22606667,4.572222222,2.00991667
OTTAWA INTL A,2024-09-02 13:00,2024,9,2,13:00,16.8,6.2,49,27,18,735.5785845,,,16.61073333,53.74493333,7.201316667,2.208333333,4.041666667,290.2833333,,,0.18926667,2.791666667,4.74493333
OTTAWA INTL A,2024-09-02 14:00,2024,9,2,14:00,17.9,5.5,44,28,20,774.9541818,,,17.7353,48.63781667,6.766233333,2.766666667,4.616666667,282.3166667,,,0.1647,2.788888889,4.63781667
OTTAWA INTL A,2024-09-02 15:00,2024,9,2,15:00,18.4,4.8,40,28,21,660.3936203,,,18.65113333,43.86341667,6.117383333,2.533333333,4.4,288.55,,,0.25113333,3.3,3.86341667
OTTAWA INTL A,2024-09-02 16:00,2024,9,2,16:00,18.8,4.6,39,30,21,465.5323967,,,18.9014,41.90525,5.685866667,2.841666667,4.76,282.85,,,0.1014,2.991666666,2.90525
OTTAWA INTL A,2024-09-02 17:00,2024,9,2,17:00,17.7,3.7,39,29,19,313.0188998,,,19.12556667,39.78598333,5.140416667,2.358333333,4.208333333,292.4,,,1.42556667,2.919444445,0.78598333
OTTAWA INTL A,2024-09-02 18:00,2024,9,2,18:00,16.6,3.4,41,31,22,124.9164352,,,18.2651,41.08486667,4.829216667,2.225,4.058333333,285.55,,,1.6651,3.886111111,0.08486667
OTTAWA INTL A,2024-09-02 19:00,2024,9,2,19:00,14.8,3.2,45,29,12,14.8382427,,,16.53498333,45.82803333,4.794666667,1.058333333,2.283333333,271.8,,,1.73498333,2.275,0.82803333
OTTAWA INTL A,2024-09-02 20:00,2024,9,2,20:00,12.3,4,57,27,11,1.8801312,,,14.61185,52.01055,4.878866667,0.125,0.858333333,266.7666667,,,2.31185,2.930555556,4.98945
OTTAWA INTL A,2024-09-02 21:00,2024,9,2,21:00,9.9,5,71,26,14,1.734092767,,,13.77643333,54.76678333,4.8445,0.375,1.233333333,272.6166667,,,3.87643333,3.513888889,16.23321667
OTTAWA INTL A,2024-09-02 22:00,2024,9,2,22:00,9.3,5.4,77,26,12,1.79270785,,,12.99465,59.80488333,5.371516667,0.191666667,0.983333333,270.5333333,,,3.69465,3.141666666,17.19511667
OTTAWA INTL A,2024-09-02 23:00,2024,9,2,23:00,8.2,5.3,82,26,10,1.618241667,,,12.51176667,62.73053333,5.608466667,0.475,1.3,275.1,,,4.31176667,2.302777778,19.26946667
OTTAWA INTL A,2024-09-03 0:00,2024,9,3,0:00,8.4,5.8,84,26,16,1.6385735,,,11.7918,66.87125,5.847983333,0.033333333,0.583333333,274.7833333,,,3.3918,4.411111111,17.12875
OTTAWA INTL A,2024-09-03 1:00,2024,9,3,1:00,8.7,5.5,81,26,14,1.604263483,,,11.61513333,69.34241667,6.201166667,0.108333333,0.95,260.8833333,,,2.91513333,3.780555556,11.65758333
OTTAWA INTL A,2024-09-03 2:00,2024,9,3,2:00,8.1,5.6,84,29,11,1.751348533,,,11.05248333,75.26688333,6.85245,0.208333333,1.083333333,273.9166667,,,2.95248333,2.847222223,8.73311667
OTTAWA INTL A,2024-09-03 3:00,2024,9,3,3:00,7.3,5.6,89,24,7,1.585906783,,,10.00658333,80.35868333,6.787783333,0.008333333,0.233333333,268.5166667,,,2.70658333,1.936111111,8.64131667
OTTAWA INTL A,2024-09-03 4:00,2024,9,3,4:00,6,5.7,98,22,8,1.26707245,,,10.53711667,77.86996667,6.844216667,0.2,1.15,260.1666667,,,4.53711667,2.022222222,20.13003333
OTTAWA INTL A,2024-09-03 5:00,2024,9,3,5:00,6.6,5.6,93,23,9,1.681702433,,,10.70936667,77.14191667,6.879033333,0.016666667,0.575,248.2666667,,,4.10936667,2.483333333,15.85808333
OTTAWA INTL A,2024-09-03 6:00,2024,9,3,6:00,7,6.6,97,20,7,12.31329233,,,10.40021667,78.45118333,6.824766667,0.208333333,0.891666667,262.8166667,,,3.40021667,1.736111111,18.54881667
OTTAWA INTL A,2024-09-03 7:00,2024,9,3,7:00,9.5,8,90,23,8,148.9548997,,,12.18868333,73.10825,7.518133333,0.475,1.558333333,258.35,,,2.68868333,1.747222222,16.89175
OTTAWA INTL A,2024-09-03 8:00,2024,9,3,8:00,13.6,8.3,70,28,16,328.1872344,,,14.235,67.80418333,8.381,0.991666667,2.291666667,261.1333333,,,0.635,3.452777777,2.19581667
OTTAWA INTL A,2024-09-03 9:00,2024,9,3,9:00,15.8,9.2,64,28,18,491.8168923,,,15.66996667,64.7224,9.0549,1.15,2.408333333,274.4166667,,,0.13003333,3.85,0.7224
OTTAWA INTL A,2024-09-03 10:00,2024,9,3,10:00,17.2,10.2,63,28,13,626.8481813,,,17.93018333,59.57798333,9.955283333,0.85,2.216666667,281.1166667,,,0.73018333,2.761111111,3.42201667
OTTAWA INTL A,2024-09-03 11:00,2024,9,3,11:00,19.4,12.1,62,26,12,726.3905632,,,19.70218333,55.41455,10.53093333,1.041666667,2.391666667,232.8333333,,,0.30218333,2.291666666,6.58545
OTTAWA INTL A,2024-09-03 12:00,2024,9,3,12:00,21.1,10,48,29,20,776.817228,,,20.55643333,54.34451667,11.03276667,1.541666667,3.225,258.1166667,,,0.54356667,4.013888889,6.34451667
OTTAWA INTL A,2024-09-03 13:00,2024,9,3,13:00,22,10,46,30,20,782.9833138,,,21.74513333,51.175,11.22741667,2,3.733333333,257.2333333,,,0.25486667,3.555555556,5.175
OTTAWA INTL A,2024-09-03 14:00,2024,9,3,14:00,22.6,9.8,44,27,15,710.7910115,,,22.69913333,46.7824,10.73813333,2.175,3.908333333,259.0666667,,,0.09913333,1.991666667,2.7824
OTTAWA INTL A,2024-09-03 15:00,2024,9,3,15:00,22.6,9.1,42,27,18,610.735788,,,23.4166,44.64465,10.69498333,2.108333333,3.783333333,263.2666667,,,0.8166,2.891666667,2.64465
OTTAWA INTL A,2024-09-03 16:00,2024,9,3,16:00,21.9,8.9,43,27,16,405.9954547,,,23.37726667,43.82921667,10.38673333,2.133333333,3.658333333,268.9666667,,,1.47726667,2.311111111,0.82921667
OTTAWA INTL A,2024-09-03 17:00,2024,9,3,17:00,22.5,9,42,27,17,291.2343873,,,23.47518333,41.82276667,9.776016667,2.125,3.6,272.3166667,,,0.97518333,2.597222222,0.17723333
OTTAWA INTL A,2024-09-03 18:00,2024,9,3,18:00,19.8,9.3,50,25,10,113.5766021,,,22.58113333,43.11198333,9.420316667,1.266666667,2.391666667,267.3333333,,,2.78113333,1.511111111,6.88801667
OTTAWA INTL A,2024-09-03 19:00,2024,9,3,19:00,18.5,8.9,53,21,6,12.58017647,,,20.53976667,48.59036667,9.325566667,0.075,0.391666667,256.5333333,,,2.03976667,1.591666667,4.40963333
OTTAWA INTL A,2024-09-03 20:00,2024,9,3,20:00,17.2,9.8,61,20,8,1.36883095,,,20.29085,49.29145,9.319283333,0.108333333,0.633333333,218.55,,,3.09085,2.113888889,11.70855
OTTAWA INTL A,2024-09-03 21:00,2024,9,3,21:00,16.4,10.1,66,20,10,2.149828083,,,20.2344,50.58535,9.6589,0.325,1.208333333,192.2166667,,,3.8344,2.452777778,15.41465
OTTAWA INTL A,2024-09-03 22:00,2024,9,3,22:00,14.5,10.4,76,21,11,2.193364083,,,18.98686667,57.08215,10.29946667,0.366666667,1.391666667,212.9166667,,,4.48686667,2.688888889,18.91785
OTTAWA INTL A,2024-09-03 23:00,2024,9,3,23:00,13.1,10.9,86,26,11,1.699049483,,,18.31373333,62.45558333,11.03138333,0.558333333,1.825,221.2833333,,,5.21373333,2.497222223,23.54441667
OTTAWA INTL A,2024-09-04 0:00,2024,9,4,0:00,12.7,11.5,92,20,10,1.952385883,,,17.4748,67.62271667,11.43051667,0.208333333,1.1,254.1,,,4.7748,2.569444445,24.37728333
OTTAWA INTL A,2024-09-04 1:00,2024,9,4,1:00,12.2,12.2,100,21,9,1.6516502,,,16.74308333,71.53471667,11.58646667,0.666666667,1.625,191.1333333,,,4.54308333,1.833333333,28.46528333
OTTAWA INTL A,2024-09-04 2:00,2024,9,4,2:00,11.7,11.7,100,20,8,2.073257183,,,15.63068333,76.11083333,11.449,0.525,1.225,179.8666667,,,3.93068333,1.697222222,23.88916667
OTTAWA INTL A,2024-09-04 3:00,2024,9,4,3:00,11.1,11.1,100,21,11,1.82224705,,,14.80661667,79.07516667,11.22961667,0.216666667,0.925,191.0166667,,,3.70661667,2.838888889,20.92483333
OTTAWA INTL A,2024-09-04 4:00,2024,9,4,4:00,10.9,10.9,100,21,10,1.660317617,,,14.27755,81.08006667,11.0921,0.6,1.583333333,188.45,,,3.37755,2.177777778,18.91993333
OTTAWA INTL A,2024-09-04 5:00,2024,9,4,5:00,11,11,100,21,10,1.594441167,,,13.59771667,83.6787,10.9015,0.05,0.6,190.3666667,,,2.59771667,2.727777778,16.3213
OTTAWA INTL A,2024-09-04 6:00,2024,9,4,6:00,11,11,100,20,5,11.26118913,,,12.73226667,88.15098333,10.83308333,0,0.016666667,178,,,1.73226667,1.388888889,11.84901667
OTTAWA INTL A,2024-09-04 7:00,2024,9,4,7:00,13.5,13.4,100,22,6,123.710879,,,15.37683333,78.2826,11.60573333,0.283333333,1.183333333,213.5833333,,,1.87683333,1.383333334,21.7174
OTTAWA INTL A,2024-09-04 8:00,2024,9,4,8:00,16.3,13,81,22,9,301.6544243,,,17.55555,69.20635,11.86391667,0.441666667,1.516666667,265.5666667,,,1.25555,2.058333333,11.79365
OTTAWA INTL A,2024-09-04 9:00,2024,9,4,9:00,18.9,13.9,73,18,10,466.6892382,,,20.3552,60.66116667,12.49856667,0.391666667,1.458333333,223.85,,,1.4552,2.386111111,12.33883333
OTTAWA INTL A,2024-09-04 10:00,2024,9,4,10:00,20.7,12.4,59,22,17,607.2098872,,,22.52426667,50.00546667,11.58355,0.716666667,2.008333333,230.7,,,1.82426667,4.005555555,8.99453333
OTTAWA INTL A,2024-09-04 11:00,2024,9,4,11:00,22.4,12.5,53,22,13,708.2606437,,,22.84463333,52.77371667,12.71163333,1.775,3.3,192.6166667,,,0.44463333,1.836111111,0.22628333
OTTAWA INTL A,2024-09-04 12:00,2024,9,4,12:00,23.8,11.9,47,21,18,763.2196347,,,24.09858333,48.61865,12.59873333,1.333333333,3.008333333,218.3,,,0.29858333,3.666666667,1.61865
OTTAWA INTL A,2024-09-04 13:00,2024,9,4,13:00,24.3,12.1,46,20,14,763.4660887,,,24.95188333,46.17085,12.59035,1.608333333,3.3,212.55,,,0.65188333,2.280555556,0.17085
OTTAWA INTL A,2024-09-04 14:00,2024,9,4,14:00,24.9,11.9,44,24,18,696.7297072,,,25.32758333,44.15016667,12.26071667,2.108333333,4.168333333,199.7333333,,,0.42758333,2.891666667,0.15016667
OTTAWA INTL A,2024-09-04 15:00,2024,9,4,15:00,24.5,12.4,46,20,20,585.6078975,,,25.58565,43.52666667,12.27816667,2.058333333,3.95,189.7833333,,,1.08565,3.497222223,2.47333333
OTTAWA INTL A,2024-09-04 16:00,2024,9,4,16:00,24,13.5,51,23,14,436.1966002,,,25.64638333,43.827,12.43673333,1.741666667,3.5,199,,,1.64638333,2.147222222,7.173
OTTAWA INTL A,2024-09-04 17:00,2024,9,4,17:00,22.7,13.4,55,20,17,278.2399868,,,25.20353333,48.46908333,13.56775,1.583333333,3.191666667,186.4,,,2.50353333,3.138888889,6.53091667
OTTAWA INTL A,2024-09-04 18:00,2024,9,4,18:00,20.8,13.4,62,19,11,127.2810992,,,23.66886667,53.53905,13.6977,2.641666667,4.66,176.9166667,,,2.86886667,0.413888889,8.46095
OTTAWA INTL A,2024-09-04 19:00,2024,9,4,19:00,18.8,12.7,67,20,10,13.83996847,,,22.14178333,53.42558333,12.2519,1.741666667,3.383333333,176.5833333,,,3.34178333,1.036111111,13.57441667
OTTAWA INTL A,2024-09-04 20:00,2024,9,4,20:00,17.2,11.3,68,21,9,2.252652033,,,20.79555,51.40775,10.41946667,1.366666667,3.016666667,180.8833333,,,3.59555,1.133333333,16.59225
OTTAWA INTL A,2024-09-04 21:00,2024,9,4,21:00,16,11.1,72,20,8,2.1185421,,,19.49976667,55.97448333,10.49638333,0.491666667,1.533333333,180.7333333,,,3.49976667,1.730555555,16.02551667
OTTAWA INTL A,2024-09-04 22:00,2024,9,4,22:00,15.4,10.8,74,19,4,1.801414583,,,18.30275,59.953,10.40763333,0.1,0.691666667,190.5,,,2.90275,1.011111111,14.047
OTTAWA INTL A,2024-09-04 23:00,2024,9,4,23:00,14.4,10.6,78,19,7,1.916260533,,,17.49623333,63.36903333,10.47783333,0.166666667,0.775,188.15,,,3.09623333,1.777777777,14.63096667
OTTAWA INTL A,2024-09-05 0:00,2024,9,5,0:00,13.5,10.1,80,18,7,1.87970315,,,16.60685,67.15213333,10.50185,0.183333333,0.741666667,148.05,,,3.10685,1.761111111,12.84786667
OTTAWA INTL A,2024-09-05 1:00,2024,9,5,1:00,13.1,10.3,83,18,9,1.759155983,,,15.57591667,71.61383333,10.47956667,0.083333333,0.658333333,154.6166667,,,2.47591667,2.416666667,11.38616667
OTTAWA INTL A,2024-09-05 2:00,2024,9,5,2:00,12,10.1,88,16,7,2.06066445,,,14.11535,78.10385,10.35795,0.083333333,0.458333333,136.9,,,2.11535,1.861111111,9.89615
OTTAWA INTL A,2024-09-05 3:00,2024,9,5,3:00,12,10.9,93,10,0,1.925709083,,,13.28921667,80.68065,10.04765,0.141666667,0.35,139.9,,,1.28921667,0.141666667,12.31935
OTTAWA INTL A,2024-09-05 4:00,2024,9,5,4:00,11.3,10.5,95,4,7,1.791771183,,,12.44525,85.605,10.11153333,0,0,142,,,1.14525,1.944444444,9.395
OTTAWA INTL A,2024-09-05 5:00,2024,9,5,5:00,11.2,11.2,100,16,9,1.714068483,,,12.39623333,86.08781667,10.14828333,0.008333333,0.125,142,,,1.19623333,2.491666667,13.91218333
OTTAWA INTL A,2024-09-05 6:00,2024,9,5,6:00,11,11,100,11,5,11.32042982,,,12.0721,86.72875,9.940583333,0,0.033333333,142.4166667,,,1.0721,1.388888889,13.27125
OTTAWA INTL A,2024-09-05 7:00,2024,9,5,7:00,13.8,13.8,100,15,4,113.689081,,,14.12058333,81.34751667,10.97048333,0.016666667,0.125,142.5666667,,,0.32058333,1.094444444,18.65248333
OTTAWA INTL A,2024-09-05 8:00,2024,9,5,8:00,16.7,14.7,88,16,9,293.5840298,,,16.26116667,77.12368333,12.26071667,0.241666667,1.083333333,119.7666667,,,0.43883333,2.258333333,10.87631667
OTTAWA INTL A,2024-09-05 9:00,2024,9,5,9:00,19.4,15.3,77,18,13,466.8679452,,,18.16005,73.22385,13.30576667,0.575,1.7,120.2666667,,,1.23995,3.036111111,3.77615
OTTAWA INTL A,2024-09-05 10:00,2024,9,5,10:00,21.4,16,71,21,12,611.9721448,,,21.2027,67.33583333,14.90931667,0.491666667,1.416666667,144.9333333,,,0.1973,2.841666666,3.66416667
OTTAWA INTL A,2024-09-05 11:00,2024,9,5,11:00,23.3,14.6,57,17,15,715.0121228,,,23.39868333,60.93586667,15.43948333,1.283333333,2.466666667,148.3833333,,,0.09868333,2.883333334,3.93586667
OTTAWA INTL A,2024-09-05 12:00,2024,9,5,12:00,24.5,12.9,48,19,17,773.874022,,,24.74381667,54.5749,14.96983333,1.641666667,3.166666667,157.4,,,0.24381667,3.080555555,6.5749
OTTAWA INTL A,2024-09-05 13:00,2024,9,5,13:00,24.9,12.9,47,15,22,772.6087995,,,25.2972,48.86928333,13.78245,2.683333333,4.466666667,151.8833333,,,0.3972,3.427777778,1.86928333
OTTAWA INTL A,2024-09-05 14:00,2024,9,5,14:00,25,13.4,48,16,15,698.1468083,,,25.68681667,46.24685,13.2964,2.683333333,4.541666667,157.2166667,,,0.68681667,1.483333334,1.75315
OTTAWA INTL A,2024-09-05 15:00,2024,9,5,15:00,25.2,12.7,45,17,21,599.047131,,,25.91813333,45.69166667,13.32196667,2.533333333,4.266666667,160.15,,,0.71813333,3.3,0.69166667
OTTAWA INTL A,2024-09-05 16:00,2024,9,5,16:00,24.9,12.2,44,18,17,453.6041802,,,26.16481667,44.20233333,13.03505,2.35,3.975,159.8666667,,,1.26481667,2.372222222,0.20233333
OTTAWA INTL A,2024-09-05 17:00,2024,9,5,17:00,24,13.4,51,18,10,274.6972777,,,25.79008333,44.76643333,12.88903333,2.058333333,3.675,166.2833333,,,1.79008333,0.719444445,6.23356667
OTTAWA INTL A,2024-09-05 18:00,2024,9,5,18:00,21.4,14.4,64,16,9,100.2356167,,,24.49751667,49.57533333,13.27175,1.283333333,2.6,155.3666667,,,3.09751667,1.216666667,14.42466667
OTTAWA INTL A,2024-09-05 19:00,2024,9,5,19:00,20.5,13.8,65,18,8,10.44019668,,,22.33593333,58.56215,13.83113333,0.291666667,0.991666667,126.1666667,,,1.83593333,1.930555555,6.43785
OTTAWA INTL A,2024-09-05 20:00,2024,9,5,20:00,17.4,13.7,79,14,6,2.1511134,,,20.76626667,64.13055,13.7538,0.041666667,0.633333333,133.9833333,,,3.36626667,1.625,14.86945
OTTAWA INTL A,2024-09-05 21:00,2024,9,5,21:00,15.9,14.3,90,16,4,1.836397583,,,19.16743333,70.60313333,13.71076667,0,0.041666667,137.6166667,,,3.26743333,1.111111111,19.39686667
OTTAWA INTL A,2024-09-05 22:00,2024,9,5,22:00,14.9,13.2,89,15,5,2.297233017,,,17.08406667,79.0309,13.43636667,0,0,138,,,2.18406667,1.388888889,9.9691
OTTAWA INTL A,2024-09-05 23:00,2024,9,5,23:00,13.1,12.7,98,11,12,1.887479533,,,16.23361667,80.72118333,12.9287,0.033333333,0.25,137.9,,,3.13361667,3.3,17.27881667
OTTAWA INTL A,2024-09-06 0:00,2024,9,6,0:00,14.5,13.1,91,15,14,2.078511817,,,15.78041667,76.34186667,11.64078333,0.483333333,1.283333333,125.2333333,,,1.28041667,3.405555556,14.65813333
OTTAWA INTL A,2024-09-06 1:00,2024,9,6,1:00,13.6,12.6,94,14,10,1.7112748,,,14.83741667,80.9863,11.61913333,0.308333333,0.858333333,121.2333333,,,1.23741667,2.469444445,13.0137
OTTAWA INTL A,2024-09-06 2:00,2024,9,6,2:00,13.6,13.1,97,15,13,1.805244733,,,13.92151667,85.68273333,11.57531667,0,0.241666667,96.26666667,,,0.32151667,3.611111111,11.31726667
OTTAWA INTL A,2024-09-06 3:00,2024,9,6,3:00,13,12.8,99,15,12,1.710057633,,,13.12085,89.51276667,11.44955,0,0.258333333,96.33333333,,,0.12085,3.333333333,9.48723333
OTTAWA INTL A,2024-09-06 4:00,2024,9,6,4:00,13.2,13.1,99,15,13,1.5587397,,,13.0354,89.83716667,11.42015,0.033333333,0.35,88.86666667,,,0.1646,3.577777778,9.16283333
OTTAWA INTL A,2024-09-06 5:00,2024,9,6,5:00,13.2,13,99,16,13,1.530804033,,,12.73161667,90.63568333,11.25313333,0.166666667,0.691666667,59.11666667,,,0.46838333,3.444444444,8.36431667
OTTAWA INTL A,2024-09-06 6:00,2024,9,6,6:00,13.8,12.8,94,16,15,9.409618217,,,12.9868,89.28401667,11.27811667,0,0.15,52,,,0.8132,4.166666667,4.71598333
OTTAWA INTL A,2024-09-06 7:00,2024,9,6,7:00,15.5,13.1,86,16,8,117.38514,,,14.76766667,82.37481667,11.78168333,0.166666667,0.666666667,46.58333333,,,0.73233333,2.055555555,3.62518333
OTTAWA INTL A,2024-09-06 8:00,2024,9,6,8:00,17.6,12.9,73,18,18,315.6367714,,,17.73248333,72.57655,12.74965,0.533333333,1.508333333,76.81666667,,,0.13248333,4.466666667,0.42345
OTTAWA INTL A,2024-09-06 9:00,2024,9,6,9:00,19.7,13.7,68,19,13,442.5983169,,,19.66391667,67.40938333,13.45615,0.741666667,1.741666667,140.1333333,,,0.03608333,2.869444444,0.59061667
OTTAWA INTL A,2024-09-06 10:00,2024,9,6,10:00,22.2,14.2,60,18,17,599.0597303,,,21.42473333,61.338,13.69408333,2.233333333,3.858333333,165,,,0.77526667,2.488888889,1.338
OTTAWA INTL A,2024-09-06 11:00,2024,9,6,11:00,21.8,14.7,64,16,15,392.050148,,,21.81516667,61.45996667,14.09275,1.383333333,2.891666667,143.95,,,0.01516667,2.783333334,2.54003333
OTTAWA INTL A,2024-09-06 12:00,2024,9,6,12:00,21.4,15.4,68,19,10,224.3926257,,,21.57591667,62.65588333,14.16605,1.75,3.291666667,133.2,,,0.17591667,1.027777778,5.34411667
OTTAWA INTL A,2024-09-06 13:00,2024,9,6,13:00,20.8,15.3,70,17,5,268.9265797,,,22.05918333,62.63981667,14.6174,1.725,3.216666667,136.7,,,1.25918333,0.336111111,7.36018333
OTTAWA INTL A,2024-09-06 14:00,2024,9,6,14:00,20.9,16.1,73,15,0,135.0863932,,,21.52473333,64.99048333,14.68163333,0.425,1.441666667,134.55,,,0.62473333,0.425,8.00951667
OTTAWA INTL A,2024-09-06 15:00,2024,9,6,15:00,21.5,16.2,72,13,0,122.5694127,,,21.8562,65.39038333,15.08981667,0,0,194.7,,,0.3562,0,6.60961667
OTTAWA INTL A,2024-09-06 16:00,2024,9,6,16:00,20.6,17.5,82,11,9,125.2980032,,,21.92495,67.099,15.56048333,0.058333333,0.4,143.8833333,,,1.32495,2.441666667,14.901
OTTAWA INTL A,2024-09-06 17:00,2024,9,6,17:00,19.9,18.4,91,11,4,38.1931276,,,21.16731667,69.26845,15.32871667,0.025,0.383333333,89.03333333,,,1.26731667,1.086111111,21.73155
OTTAWA INTL A,2024-09-06 18:00,2024,9,6,18:00,19.8,17.3,85,17,12,9.830810683,,,20.62326667,74.61273333,15.96966667,0.008333333,0.15,132.1666667,,,0.82326667,3.325,10.38726667
OTTAWA INTL A,2024-09-06 19:00,2024,9,6,19:00,17.8,17.6,99,21,15,2.940343517,,,20.31446667,77.05388333,16.17753333,0.675,1.691666667,131.0833333,,,2.51446667,3.491666667,21.94611667
OTTAWA INTL A,2024-09-06 20:00,2024,9,6,20:00,17.4,17.4,100,24,3,1.963269367,,,18.74913333,86.61081667,16.47681667,0.766666667,1.875,205.05,,,1.34913333,0.066666666,13.38918333
OTTAWA INTL A,2024-09-06 21:00,2024,9,6,21:00,17.1,17.1,100,20,0,1.4340966,,,17.97983333,92.4191,16.75346667,0,0.066666667,261.9833333,,,0.87983333,0,7.5809
OTTAWA INTL A,2024-09-06 22:00,2024,9,6,22:00,16.9,16.9,100,16,0,1.568669783,,,17.84055,93.77713333,16.84553333,0.016666667,0.05,178.8666667,,,0.94055,0.016666667,6.22286667
OTTAWA INTL A,2024-09-06 23:00,2024,9,6,23:00,16.7,16.7,100,12,8,1.487548267,,,17.68243333,95.13481667,16.9157,0.016666667,0.108333333,108.7833333,,,0.98243333,2.205555555,4.86518333
OTTAWA INTL A,2024-09-07 0:00,2024,9,7,0:00,17.1,17.1,100,9,9,1.76447105,,,17.51668333,94.67796667,16.67466667,0.183333333,0.758333333,126.6,,,0.41668333,2.316666667,5.32203333
OTTAWA INTL A,2024-09-07 1:00,2024,9,7,1:00,17,17,100,11,8,1.579912617,,,17.39536667,94.59856667,16.54088333,0.491666667,1.333333333,112.6166667,,,0.39536667,1.730555555,5.40143333
OTTAWA INTL A,2024-09-07 2:00,2024,9,7,2:00,16.9,16.9,100,15,15,1.74877725,,,17.26815,94.62355,16.41841667,0.725,1.808333333,114.5,,,0.36815,3.441666667,5.37645
OTTAWA INTL A,2024-09-07 3:00,2024,9,7,3:00,16.7,16.7,100,17,7,1.758753117,,,17.1599,93.66261667,16.14986667,0.858333333,2.041666667,133.85,,,0.4599,1.086111111,6.33738333
OTTAWA INTL A,2024-09-07 4:00,2024,9,7,4:00,16.5,16.5,100,14,12,1.625131117,,,16.86246667,95.74596667,16.19955,0.525,1.533333333,120.2,,,0.36246667,2.808333333,4.25403333
OTTAWA INTL A,2024-09-07 5:00,2024,9,7,5:00,16.3,16.3,100,11,10,1.5290218,,,16.57793333,96.66346667,16.06596667,0.658333333,1.725,112.4333333,,,0.27793333,2.119444445,3.33653333
OTTAWA INTL A,2024-09-07 6:00,2024,9,7,6:00,16.2,16.2,100,10,10,2.799533233,,,16.4181,96.58665,15.89408333,0.066666667,0.641666667,89.73333333,,,0.2181,2.711111111,3.41335
OTTAWA INTL A,2024-09-07 7:00,2024,9,7,7:00,16.3,16.3,100,17,11,5.84242645,,,16.10993333,96.8668,15.632,0.691666667,1.733333333,98.61666667,,,0.19006667,2.363888889,3.1332
OTTAWA INTL A,2024-09-07 8:00,2024,9,7,8:00,13.2,13.2,100,27,14,15.78310875,,,14.71548333,97.2179,14.29678333,1.05,2.55,218.2833333,,,1.51548333,2.838888889,2.7821
OTTAWA INTL A,2024-09-07 9:00,2024,9,7,9:00,12.9,12.9,100,23,12,49.91005018,,,13.51235,96.36081667,12.9599,0.6,1.775,253.8333333,,,0.61235,2.733333333,3.63918333
OTTAWA INTL A,2024-09-07 10:00,2024,9,7,10:00,13.1,13.1,100,20,5,77.56518642,,,13.6377,95.1788,12.8962,0.341666667,1.483333333,219.8333333,,,0.5377,1.047222222,4.8212
OTTAWA INTL A,2024-09-07 11:00,2024,9,7,11:00,13.5,13.5,100,20,9,118.5960816,,,14.07273333,95.37335,13.36068333,0.566666667,1.516666667,153.5166667,,,0.57273333,1.933333333,4.62665
OTTAWA INTL A,2024-09-07 12:00,2024,9,7,12:00,13.7,13.7,100,26,13,90.41080518,,,13.97118333,95.0057,13.20025,1.133333333,2.866666667,229.4166667,,,0.27118333,2.477777778,4.9943
OTTAWA INTL A,2024-09-07 13:00,2024,9,7,13:00,13.8,13.8,100,29,5,96.3345264,,,13.83615,93.2705,12.78338333,0.691666667,2.025,250.65,,,0.03615,0.697222222,6.7295
OTTAWA INTL A,2024-09-07 14:00,2024,9,7,14:00,13.1,13.1,100,29,13,103.7300554,,,13.73391667,92.63645,12.57678333,0.5,1.583333333,265.8166667,,,0.63391667,3.111111111,7.36355
OTTAWA INTL A,2024-09-07 15:00,2024,9,7,15:00,13,13,100,29,18,91.92844682,,,13.33065,94.20763333,12.43358333,1.233333333,2.625,269.3666667,,,0.33065,3.766666667,5.79236667
OTTAWA INTL A,2024-09-07 16:00,2024,9,7,16:00,14.9,14.9,100,28,18,115.3824797,,,13.23738333,93.57106667,12.2374,1.291666667,2.658333333,268.2166667,,,1.66261667,3.708333333,6.42893333
OTTAWA INTL A,2024-09-07 17:00,2024,9,7,17:00,13.9,11,82,27,28,197.5550324,,,14.2729,86.09228333,11.98766667,2.091666667,3.916666667,263.7666667,,,0.3729,5.686111111,4.09228333
OTTAWA INTL A,2024-09-07 18:00,2024,9,7,18:00,12.2,9.5,84,27,23,99.21822113,,,13.22053333,80.99613333,10.0426,2.475,4.333333333,265.9333333,,,1.02053333,3.913888889,3.00386667
OTTAWA INTL A,2024-09-07 19:00,2024,9,7,19:00,11.1,9.4,89,26,16,13.5541995,,,11.72425,82.1924,8.799583333,1.841666667,3.433333333,268.1166667,,,0.62425,2.602777777,6.8076
OTTAWA INTL A,2024-09-07 20:00,2024,9,7,20:00,9.8,8.1,89,28,17,1.882108567,,,10.96996667,83.15371667,8.2328,1.575,3.325,263.5333333,,,1.16996667,3.147222222,5.84628333
OTTAWA INTL A,2024-09-07 21:00,2024,9,7,21:00,8.4,6.6,88,27,19,2.11953485,,,9.669116667,82.81483333,6.899716667,2.758333333,4.733333333,269.05,,,1.269116667,2.519444445,5.18516667
OTTAWA INTL A,2024-09-07 22:00,2024,9,7,22:00,7.7,5.6,87,27,18,2.01499105,,,8.370483333,82.14551667,5.511383333,2.908333333,5.036666667,264.4166667,,,0.670483333,2.091666667,4.85448333
OTTAWA INTL A,2024-09-07 23:00,2024,9,7,23:00,6.4,4.8,89,27,18,1.849279467,,,7.677833333,81.65256667,4.747,2.425,4.358333333,264.5166667,,,1.277833333,2.575,7.34743333
OTTAWA INTL A,2024-09-08 0:00,2024,9,8,0:00,5.5,4.1,91,26,21,1.70983975,,,7.005366667,83.58808333,4.423283333,2.108333333,3.841666667,268.9,,,1.505366667,3.725,7.41191667
OTTAWA INTL A,2024-09-08 1:00,2024,9,8,1:00,5,5,100,25,12,1.621195283,,,6.655616667,84.15541667,4.17565,1.808333333,3.708333333,259.1333333,,,1.655616667,1.525,15.84458333
OTTAWA INTL A,2024-09-08 2:00,2024,9,8,2:00,5.5,5.5,100,24,18,1.989369117,,,6.2393,83.48183333,3.650366667,1.541666667,3.418333333,253.85,,,0.7393,3.458333333,16.51816667
OTTAWA INTL A,2024-09-08 3:00,2024,9,8,3:00,5.9,5.5,98,24,15,1.254768367,,,6.276433333,84.61651667,3.882833333,1.825,3.758333333,255.25,,,0.376433333,2.341666667,13.38348333
OTTAWA INTL A,2024-09-08 4:00,2024,9,8,4:00,5.1,4.7,97,24,15,1.591801617,,,6.499833333,84.5606,4.091683333,1.725,3.841666667,246.65,,,1.399833333,2.441666667,12.4394
OTTAWA INTL A,2024-09-08 5:00,2024,9,8,5:00,5.7,4.4,92,23,14,1.35939115,,,6.790816667,81.21568333,3.802616667,1.658333333,3.825,237.6333333,,,1.090816667,2.230555556,10.78431667
OTTAWA INTL A,2024-09-08 6:00,2024,9,8,6:00,6.1,5.5,96,22,14,6.393070267,,,6.977166667,81.683,4.0641,1.466666667,3.45,244,,,0.877166667,2.422222222,14.317
OTTAWA INTL A,2024-09-08 7:00,2024,9,8,7:00,7.6,4.2,79,23,24,57.54763448,,,7.565433333,78.29356667,4.037866667,1.6,3.766666667,237.1,,,0.034566667,5.066666667,0.70643333
OTTAWA INTL A,2024-09-08 8:00,2024,9,8,8:00,8.5,4.2,74,23,31,176.1020852,,,8.385483333,76.07963333,4.423683333,2.083333333,4.283333333,242.4,,,0.114516667,6.527777778,2.07963333
OTTAWA INTL A,2024-09-08 9:00,2024,9,8,9:00,9.1,4.8,74,25,27,188.0207845,,,9.071516667,73.8952,4.67165,2.233333333,4.503333333,246.8333333,,,0.028483333,5.266666667,0.1048
OTTAWA INTL A,2024-09-08 10:00,2024,9,8,10:00,9.4,5.6,77,24,31,222.7914122,,,9.671316667,70.51296667,4.577683333,2.191666667,4.721666667,241.4333333,,,0.271316667,6.419444444,6.48703333
OTTAWA INTL A,2024-09-08 11:00,2024,9,8,11:00,10.4,4.8,68,25,23,200.6341605,,,10.23861667,67.99661667,4.6037,2.65,5.146666667,253.0166667,,,0.16138333,3.738888889,0.00338333
OTTAWA INTL A,2024-09-08 12:00,2024,9,8,12:00,11.3,4.5,63,26,35,348.7957687,,,11.21443333,66.71096667,5.25945,2.65,5.11,248.3833333,,,0.08556667,7.072222222,3.71096667
OTTAWA INTL A,2024-09-08 13:00,2024,9,8,13:00,11.9,5.2,63,24,30,432.6423705,,,12.05696667,65.55645,5.809433333,2.475,4.96,247.2666667,,,0.15696667,5.858333333,2.55645
OTTAWA INTL A,2024-09-08 14:00,2024,9,8,14:00,12,4.8,61,25,33,200.668146,,,11.71098333,66.78918333,5.749133333,2.316666667,4.616666667,248.1666667,,,0.28901667,6.85,5.78918333
OTTAWA INTL A,2024-09-08 15:00,2024,9,8,15:00,12.6,5.6,62,25,26,235.1495603,,,12.24823333,64.46593333,5.752383333,2.3,4.67,242.9,,,0.35176667,4.922222222,2.46593333
OTTAWA INTL A,2024-09-08 16:00,2024,9,8,16:00,12.6,5.3,61,26,32,157.1281226,,,12.22866667,65.16281667,5.8906,2.425,4.833333333,251.7166667,,,0.37133333,6.463888889,4.16281667
OTTAWA INTL A,2024-09-08 17:00,2024,9,8,17:00,11.8,5.7,66,26,26,57.10345972,,,11.7886,67.89931667,6.064316667,2.525,4.81,253.2,,,0.0114,4.697222222,1.89931667
OTTAWA INTL A,2024-09-08 18:00,2024,9,8,18:00,11,5.8,71,26,26,39.46669017,,,11.64635,69.10516667,6.18475,2.508333333,4.793333333,256.1833333,,,0.64635,4.713888889,1.89483333
OTTAWA INTL A,2024-09-08 19:00,2024,9,8,19:00,10.6,5.2,69,26,19,3.269496783,,,10.96246667,70.89298333,5.8985,3.108333333,5.283333333,262.95,,,0.36246667,2.169444445,1.89298333
OTTAWA INTL A,2024-09-08 20:00,2024,9,8,20:00,10,5.7,74,25,13,1.690853683,,,10.7134,70.1078,5.498233333,2.641666667,4.683333333,261.3166667,,,0.7134,0.969444444,3.8922
OTTAWA INTL A,2024-09-08 21:00,2024,9,8,21:00,9.9,6.6,80,26,8,1.332261267,,,10.87883333,70.35563333,5.708266667,1.775,3.891666667,252.1,,,0.97883333,0.447222222,9.64436667
OTTAWA INTL A,2024-09-08 22:00,2024,9,8,22:00,10.6,6.2,74,24,11,1.382258783,,,11.23266667,70.04881667,5.985016667,1.108333333,3.1,234.0166667,,,0.63266667,1.947222223,3.95118333
OTTAWA INTL A,2024-09-08 23:00,2024,9,8,23:00,10.7,6.4,74,23,10,1.5777048,,,11.36503333,69.98946667,6.099266667,1.091666667,2.716666667,248.4,,,0.66503333,1.686111111,4.01053333
OTTAWA INTL A,2024-09-09 0:00,2024,9,9,0:00,10.4,6.9,79,20,7,1.460728083,,,11.11048333,72.96535,6.45745,0.3,1.275,248.4666667,,,0.71048333,1.644444444,6.03465
OTTAWA INTL A,2024-09-09 1:00,2024,9,9,1:00,10.2,7.4,82,23,9,1.5080193,,,11.34365,72.2858,6.546966667,0.025,0.325,176.8166667,,,1.14365,2.475,9.7142
OTTAWA INTL A,2024-09-09 2:00,2024,9,9,2:00,10.6,8.1,85,23,13,1.526992633,,,11.48945,73.0084,6.831833333,0.175,0.95,214.6833333,,,0.88945,3.436111111,11.9916
OTTAWA INTL A,2024-09-09 3:00,2024,9,9,3:00,10.3,8.7,90,23,14,1.4593259,,,11.67458333,76.6055,7.71405,0.158333333,1.025,227.05,,,1.37458333,3.730555556,13.3945
OTTAWA INTL A,2024-09-09 4:00,2024,9,9,4:00,8.5,8.5,100,23,12,2.133745883,,,11.27456667,80.65043333,8.078966667,0.191666667,0.925,195.5,,,2.77456667,3.141666666,19.34956667
OTTAWA INTL A,2024-09-09 5:00,2024,9,9,5:00,8,8,100,23,11,1.665165483,,,10.57071667,86.1191,8.354866667,0.2,0.908333333,224.2833333,,,2.57071667,2.855555556,13.8809
OTTAWA INTL A,2024-09-09 6:00,2024,9,9,6:00,7.7,7.7,100,22,11,7.452095217,,,9.984416667,90.30931667,8.48085,0.175,0.816666667,217.8166667,,,2.284416667,2.880555556,9.69068333
OTTAWA INTL A,2024-09-09 7:00,2024,9,9,7:00,9.8,9.8,100,23,10,116.9868406,,,11.33608333,86.05233333,9.08565,0.183333333,1.083333333,260.3333333,,,1.53608333,2.594444445,13.94766667
OTTAWA INTL A,2024-09-09 8:00,2024,9,9,8:00,12.3,10.9,91,25,8,305.2151743,,,13.71458333,77.59138333,9.879633333,0.383333333,1.558333333,251.55,,,1.41458333,1.838888889,13.40861667
OTTAWA INTL A,2024-09-09 9:00,2024,9,9,9:00,15.2,10.6,74,26,14,475.0993228,,,15.9867,70.28775,10.55585,0.175,0.9,220.5666667,,,0.7867,3.713888889,3.71225
OTTAWA INTL A,2024-09-09 10:00,2024,9,9,10:00,16.7,9.7,63,32,11,606.3259483,,,17.65783333,63.373,10.62476667,0.466666667,1.366666667,264.55,,,0.95783333,2.588888889,0.373
OTTAWA INTL A,2024-09-09 11:00,2024,9,9,11:00,16.4,10.4,67,29,11,284.9617267,,,17.09155,63.3996,10.10065,0.616666667,1.566666667,280.8166667,,,0.69155,2.438888889,3.6004
OTTAWA INTL A,2024-09-09 12:00,2024,9,9,12:00,16.1,11.2,73,28,12,282.2299117,,,17.17806667,55.2037,8.11715,0.708333333,2,241.1333333,,,1.07806667,2.625,17.7963
OTTAWA INTL A,2024-09-09 13:00,2024,9,9,13:00,17.6,10.7,63,30,7,304.2164203,,,17.3414,55.16163333,8.262633333,0.766666667,2.258333333,247.3333333,,,0.2586,1.177777777,7.83836667
OTTAWA INTL A,2024-09-09 14:00,2024,9,9,14:00,17.9,9.4,57,23,14,420.121066,,,17.79583333,54.53661667,8.515516667,0.841666667,2.066666667,257.75,,,0.10416667,3.047222222,2.46338333
OTTAWA INTL A,2024-09-09 15:00,2024,9,9,15:00,18.8,12.5,67,23,12,544.0236475,,,19.68676667,50.97925,9.254766667,1.191666667,2.608333333,252.8666667,,,0.88676667,2.141666666,16.02075
OTTAWA INTL A,2024-09-09 16:00,2024,9,9,16:00,19,9.4,53,26,12,400.9047013,,,19.54706667,49.44475,8.689616667,1.55,3.158333333,270.5666667,,,0.54706667,1.783333333,3.55525
OTTAWA INTL A,2024-09-09 17:00,2024,9,9,17:00,18.4,10.2,58,27,14,264.2528848,,,19.39326667,52.13706667,9.333133333,1.858333333,3.325,272.0333333,,,0.99326667,2.030555556,5.86293333
OTTAWA INTL A,2024-09-09 18:00,2024,9,9,18:00,16.4,10,66,27,11,88.41312383,,,18.39953333,55.9433,9.46565,1.066666667,2.366666667,263.1333333,,,1.99953333,1.988888889,10.0567
OTTAWA INTL A,2024-09-09 19:00,2024,9,9,19:00,13.6,8.7,72,27,12,7.257529467,,,16.45138333,60.03623333,8.678183333,0.341666667,1.233333333,261.6,,,2.85138333,2.991666666,11.96376667
OTTAWA INTL A,2024-09-09 20:00,2024,9,9,20:00,12.4,7.9,74,28,12,2.1798614,,,14.32651667,69.97698333,8.9247,0,0.041666667,279.8,,,1.92651667,3.333333333,4.02301667
OTTAWA INTL A,2024-09-09 21:00,2024,9,9,21:00,10.3,8.9,91,24,6,1.729116217,,,13.15805,76.03783333,9.041283333,0,0.191666667,280.3333333,,,2.85805,1.666666667,14.96216667
OTTAWA INTL A,2024-09-09 22:00,2024,9,9,22:00,10.5,8.7,89,29,8,1.92156945,,,12.77551667,76.27903333,8.717283333,0.041666667,0.475,281.3166667,,,2.27551667,2.180555555,12.72096667
OTTAWA INTL A,2024-09-09 23:00,2024,9,9,23:00,11,8.8,86,30,10,1.99120315,,,11.86646667,79.97035,8.532366667,0.033333333,0.566666667,282.4666667,,,0.86646667,2.744444445,6.02965
OTTAWA INTL A,2024-09-10 0:00,2024,9,10,0:00,8.4,8.1,98,27,11,1.652985883,,,10.97783333,82.57983333,8.139416667,0,0.233333333,279.6166667,,,2.57783333,3.055555556,15.42016667
OTTAWA INTL A,2024-09-10 1:00,2024,9,10,1:00,7.1,7.1,100,25,10,1.734742917,,,10.14815,81.70646667,7.171866667,0.016666667,0.266666667,281.4666667,,,3.04815,2.761111111,18.29353333
OTTAWA INTL A,2024-09-10 2:00,2024,9,10,2:00,6.5,4.9,89,28,12,1.689233683,,,9.3717,83.2005,6.675733333,0.016666667,0.125,286.05,,,2.8717,3.316666666,5.7995
OTTAWA INTL A,2024-09-10 3:00,2024,9,10,3:00,6.4,6.4,100,28,13,1.805751567,,,8.996416667,83.06438333,6.273766667,0,0.291666667,275.6,,,2.596416667,3.611111111,16.93561667
OTTAWA INTL A,2024-09-10 4:00,2024,9,10,4:00,7,7,100,24,8,1.517413533,,,7.317366667,90.66723333,5.895983333,0,0,274,,,0.317366667,2.222222222,9.33276667
OTTAWA INTL A,2024-09-10 5:00,2024,9,10,5:00,5.2,5.2,100,26,12,1.762350583,,,7.127216667,91.14493333,5.785466667,0,0.066666667,280.15,,,1.927216667,3.333333333,8.85506667
OTTAWA INTL A,2024-09-10 6:00,2024,9,10,6:00,6,6,100,24,9,8.15786795,,,6.714366667,93.95913333,5.814283333,0,0.016666667,292,,,0.714366667,2.5,6.04086667
OTTAWA INTL A,2024-09-10 7:00,2024,9,10,7:00,8.8,8.8,100,26,9,115.8441165,,,8.845866667,86.10596667,6.644116667,0.25,1.091666667,278.7333333,,,0.045866667,2.25,13.89403333
OTTAWA INTL A,2024-09-10 8:00,2024,9,10,8:00,11.2,9.1,87,27,13,306.4139802,,,11.73816667,73.02131667,7.055416667,0.916666667,1.983333333,281.6,,,0.53816667,2.694444444,13.97868333
OTTAWA INTL A,2024-09-10 9:00,2024,9,10,9:00,13.9,8,67,24,8,482.011008,,,13.52441667,64.09711667,6.879316667,1.441666667,2.591666667,271.0833333,,,0.37558333,0.780555555,2.90288333
OTTAWA INTL A,2024-09-10 10:00,2024,9,10,10:00,16.4,5.2,47,31,13,622.5859035,,,16.0499,56.22903333,7.311833333,0.908333333,2.133333333,260.8833333,,,0.3501,2.702777778,9.22903333
OTTAWA INTL A,2024-09-10 11:00,2024,9,10,11:00,18.4,4.6,40,30,14,707.5596383,,,17.88481667,52.11326667,7.931466667,1.158333333,2.558333333,257.25,,,0.51518333,2.730555556,12.11326667
OTTAWA INTL A,2024-09-10 12:00,2024,9,10,12:00,19.4,4.8,38,28,23,757.5572708,,,19.4912,44.33663333,7.0167,1.358333333,2.683333333,278.8833333,,,0.0912,5.030555556,6.33663333
OTTAWA INTL A,2024-09-10 13:00,2024,9,10,13:00,19.8,5.8,39,30,18,753.3247498,,,20.81173333,43.69133333,8.005416667,1.108333333,2.5,249.8333333,,,1.01173333,3.891666667,4.69133333
OTTAWA INTL A,2024-09-10 14:00,2024,9,10,14:00,20.5,6.5,40,26,19,674.7812317,,,21.17593333,43.16131667,8.16495,1.441666667,3.008333333,250.5333333,,,0.67593333,3.836111111,3.16131667
OTTAWA INTL A,2024-09-10 15:00,2024,9,10,15:00,20.7,7.3,41,27,12,572.0754782,,,21.75148333,42.26821667,8.378033333,1.241666667,2.816666667,260.4166667,,,1.05148333,2.091666666,1.26821667
OTTAWA INTL A,2024-09-10 16:00,2024,9,10,16:00,20.7,7.5,42,30,22,422.9802438,,,21.67383333,44.10641667,8.94195,2.033333333,3.691666667,263.1333333,,,0.97383333,4.077777778,2.10641667
OTTAWA INTL A,2024-09-10 17:00,2024,9,10,17:00,20.5,8,44,28,13,241.9186497,,,21.44265,43.67553333,8.5885,1.383333333,2.991666667,258.2666667,,,0.94265,2.227777778,0.32446667
OTTAWA INTL A,2024-09-10 18:00,2024,9,10,18:00,19.3,8.2,48,28,4,80.27718802,,,20.49461667,47.41533333,8.933933333,0.416666667,1.058333333,261.7833333,,,1.19461667,0.694444444,0.58466667
OTTAWA INTL A,2024-09-10 19:00,2024,9,10,19:00,13.6,9.2,75,21,3,6.378161317,,,17.93808333,55.9508,9.0052,0,0,258.5666667,,,4.33808333,0.833333333,19.0492
OTTAWA INTL A,2024-09-10 20:00,2024,9,10,20:00,12.5,9.2,80,19,5,1.631038,,,16.74698333,61.39861667,9.2884,0.075,0.35,213.9833333,,,4.24698333,1.313888889,18.60138333
OTTAWA INTL A,2024-09-10 21:00,2024,9,10,21:00,14.4,9.7,73,18,10,1.636083117,,,17.34386667,58.24895,9.072433333,0.116666667,0.741666667,172,,,2.94386667,2.661111111,14.75105
OTTAWA INTL A,2024-09-10 22:00,2024,9,10,22:00,13.4,9.9,79,18,12,1.983644983,,,16.5529,61.90005,9.213416667,0.191666667,0.641666667,197.1166667,,,3.1529,3.141666666,17.09995
OTTAWA INTL A,2024-09-10 23:00,2024,9,10,23:00,12.6,11,90,19,13,1.74838045,,,15.98018333,64.53153333,9.308983333,0.141666667,0.675,193.1166667,,,3.38018333,3.469444444,25.46846667
OTTAWA INTL A,2024-09-11 0:00,2024,9,11,0:00,11.5,11.5,100,20,12,2.181423517,,,14.64218333,71.72766667,9.595916667,0.4,1.25,162.2,,,3.14218333,2.933333333,28.27233333
OTTAWA INTL A,2024-09-11 1:00,2024,9,11,1:00,10.4,10.4,100,20,12,1.76184365,,,13.22131667,80.23146667,9.895216667,0.075,0.35,172.0166667,,,2.82131667,3.258333333,19.76853333
OTTAWA INTL A,2024-09-11 2:00,2024,9,11,2:00,10.4,10.4,100,20,7,1.864807017,,,11.36245,89.40985,9.6905,0,0,185,,,0.96245,1.944444444,10.59015
OTTAWA INTL A,2024-09-11 3:00,2024,9,11,3:00,10,10,100,22,7,1.9673114,,,10.44845,93.92925,9.522566667,0,0,185,,,0.44845,1.944444444,6.07075
OTTAWA INTL A,2024-09-11 4:00,2024,9,11,4:00,9.6,9.6,100,22,5,1.565560533,,,9.885083333,97.08185,9.454166667,0,0,185,,,0.285083333,1.388888889,2.91815
OTTAWA INTL A,2024-09-11 5:00,2024,9,11,5:00,9.8,9.8,100,20,4,1.52416375,,,9.748533333,97.21538333,9.338583333,0,0.008333333,185,,,0.051466667,1.111111111,2.78461667
OTTAWA INTL A,2024-09-11 6:00,2024,9,11,6:00,9.2,9.2,100,21,8,8.843524233,,,9.425833333,97.25126667,9.021783333,0,0,185,,,0.225833333,2.222222222,2.74873333
OTTAWA INTL A,2024-09-11 7:00,2024,9,11,7:00,11.2,11.2,100,19,5,104.8603468,,,11.12335,92.72473333,9.99075,0.058333333,0.241666667,144.6,,,0.07665,1.330555556,7.27526667
OTTAWA INTL A,2024-09-11 8:00,2024,9,11,8:00,14,13.7,99,20,6,276.6360138,,,14.78203333,80.8605,11.53245,0.05,0.325,298.65,,,0.78203333,1.616666667,18.1395
OTTAWA INTL A,2024-09-11 9:00,2024,9,11,9:00,16.6,13.8,83,21,7,432.8350285,,,17.08835,75.06775,12.63971667,0.133333333,0.683333333,248.2,,,0.48835,1.811111111,7.93225
OTTAWA INTL A,2024-09-11 10:00,2024,9,11,10:00,18.6,14.5,77,15,9,581.2947825,,,20.01338333,67.38831667,13.79951667,0.458333333,1.375,149.7833333,,,1.41338333,2.041666667,9.61168333
OTTAWA INTL A,2024-09-11 11:00,2024,9,11,11:00,21.1,13.7,62,24,15,681.477177,,,22.17805,59.34856667,13.88528333,0.775,1.958333333,196.95,,,1.07805,3.391666667,2.65143333
OTTAWA INTL A,2024-09-11 12:00,2024,9,11,12:00,22.6,12.5,53,22,21,717.4780413,,,22.67516667,56.98698333,13.73088333,1.508333333,3.108333333,242.7666667,,,0.07516667,4.325,3.98698333
OTTAWA INTL A,2024-09-11 13:00,2024,9,11,13:00,23.6,12.3,48,25,17,728.1928025,,,23.30888333,54.47345,13.6274,1.983333333,3.65,264.15,,,0.29111667,2.738888889,6.47345
OTTAWA INTL A,2024-09-11 14:00,2024,9,11,14:00,24.1,13.1,50,22,17,675.230567,,,24.179,52.38493333,13.82901667,1.866666667,3.508333333,253.1333333,,,0.079,2.855555555,2.38493333
OTTAWA INTL A,2024-09-11 15:00,2024,9,11,15:00,24.3,13.5,50,24,14,564.0677982,,,25.1152,48.89226667,13.6227,1.283333333,2.775,252.1666667,,,0.8152,2.605555556,1.10773333
OTTAWA INTL A,2024-09-11 16:00,2024,9,11,16:00,22.9,13.1,53,21,12,402.7100922,,,25.33866667,47.44568333,13.37216667,1.141666667,2.483333333,241.9833333,,,2.43866667,2.191666666,5.55431667
OTTAWA INTL A,2024-09-11 17:00,2024,9,11,17:00,22.7,13.6,56,22,10,231.8971373,,,24.77165,48.15791667,13.08488333,1.008333333,2.358333333,247.7166667,,,2.07165,1.769444445,7.84208333
OTTAWA INTL A,2024-09-11 18:00,2024,9,11,18:00,20.4,13.3,64,20,8,55.81420562,,,23.39478333,53.01353333,13.28385,0.458333333,1.475,218.8166667,,,2.99478333,1.763888889,10.98646667
OTTAWA INTL A,2024-09-11 19:00,2024,9,11,19:00,18.7,14.3,75,21,8,3.147842467,,,21.74753333,57.98426667,13.13173333,0.166666667,0.975,181.7166667,,,3.04753333,2.055555555,17.01573333
OTTAWA INTL A,2024-09-11 20:00,2024,9,11,20:00,18.6,13.6,72,20,7,1.930076667,,,20.8539,63.42863333,13.67061667,0.666666667,1.75,184.2166667,,,2.2539,1.277777777,8.57136667
OTTAWA INTL A,2024-09-11 21:00,2024,9,11,21:00,17.2,13.7,79,19,7,1.740932133,,,20.25793333,63.1014,13.02821667,0.458333333,1.6,227.1,,,3.05793333,1.486111111,15.8986
OTTAWA INTL A,2024-09-11 22:00,2024,9,11,22:00,16.6,13,79,21,9,1.8171313,,,19.62493333,64.28198333,12.71288333,0.091666667,0.591666667,209.5833333,,,3.02493333,2.408333333,14.71801667
OTTAWA INTL A,2024-09-11 23:00,2024,9,11,23:00,15.5,13.5,88,20,7,2.038448617,,,18.40635,69.32098333,12.69498333,0.05,0.341666667,175.65,,,2.90635,1.894444444,18.67901667
OTTAWA INTL A,2024-09-12 0:00,2024,9,12,0:00,15.2,13.9,92,21,4,1.569174567,,,17.45223333,74.1052,12.80703333,0.083333333,0.358333333,180.9333333,,,2.25223333,1.027777778,17.8948
OTTAWA INTL A,2024-09-12 1:00,2024,9,12,1:00,14.9,13.4,91,19,8,1.611337633,,,16.95216667,76.8903,12.88606667,0.691666667,1.308333333,180,,,2.05216667,1.530555555,14.1097
OTTAWA INTL A,2024-09-12 2:00,2024,9,12,2:00,14.5,13.8,95,17,7,1.441879083,,,17.00683333,76.82596667,12.92871667,0.583333333,1.175,159.5333333,,,2.50683333,1.361111111,18.17403333
OTTAWA INTL A,2024-09-12 3:00,2024,9,12,3:00,13.7,13.7,100,15,4,1.987156767,,,16.46956667,84.93961667,13.93325,0.083333333,0.35,215.3333333,,,2.76956667,1.027777778,15.06038333
OTTAWA INTL A,2024-09-12 4:00,2024,9,12,4:00,13.9,13.9,100,16.5,0,1.871141817,,,15.86045,86.17663333,13.57071667,0.15,0.566666667,50.2,,,1.96045,0.15,13.82336667
OTTAWA INTL A,2024-09-12 5:00,2024,9,12,5:00,14.2,14.1,99,18,8,1.737750383,,,15.3124,85.35608333,12.88585,0.325,0.908333333,123.3166667,,,1.1124,1.897222222,13.64391667
OTTAWA INTL A,2024-09-12 6:00,2024,9,12,6:00,14.4,14.4,100,16.33333333,0,3.530611533,,,15.3074,86.8866,13.15335,0.016666667,0.191666667,50.96666667,,,0.9074,0.016666667,13.1134
OTTAWA INTL A,2024-09-12 7:00,2024,9,12,7:00,15.6,14.1,91,14.66666667,0,81.30417972,,,15.7185,85.79903333,13.35813333,0,0.15,171.0833333,,,0.1185,0,5.20096667
OTTAWA INTL A,2024-09-12 8:00,2024,9,12,8:00,16.4,13.8,84,13,6,223.0616448,,,18.77633333,76.2148,14.50468333,0.041666667,0.45,55.85,,,2.37633333,1.625,7.7852
OTTAWA INTL A,2024-09-12 9:00,2024,9,12,9:00,19.5,13.1,66,15,5,411.6738158,,,20.80561667,68.11641667,14.72055,0.183333333,0.825,104.4166667,,,1.30561667,1.205555556,2.11641667
OTTAWA INTL A,2024-09-12 10:00,2024,9,12,10:00,21.5,13.7,61,15,8,514.0795102,,,22.06316667,63.24758333,14.76365,0.3,1.058333333,131.4166667,,,0.56316667,1.922222222,2.24758333
OTTAWA INTL A,2024-09-12 11:00,2024,9,12,11:00,22.8,14.3,58,10,12,668.295444,,,23.77541667,56.86216667,14.7175,0.883333333,1.916666667,141.5,,,0.97541667,2.45,1.13783333
OTTAWA INTL A,2024-09-12 12:00,2024,9,12,12:00,23.1,14.4,58,10,10,673.2897623,,,24.57896667,55.03316667,14.96465,1.183333333,2.45,135.3666667,,,1.47896667,1.594444445,2.96683333
OTTAWA INTL A,2024-09-12 13:00,2024,9,12,13:00,24.4,14,52,18,13,536.2966113,,,24.43923333,53.95316667,14.52495,1.208333333,2.383333333,119.9666667,,,0.03923333,2.402777778,1.95316667
OTTAWA INTL A,2024-09-12 14:00,2024,9,12,14:00,24.9,14.4,52,19,12,613.7398247,,,25.59958333,51.86746667,14.98683333,1.208333333,2.4,130.2666667,,,0.69958333,2.125,0.13253333
OTTAWA INTL A,2024-09-12 15:00,2024,9,12,15:00,25.3,14.1,49,19,12,499.371587,,,26.22191667,46.59928333,13.8938,0.758333333,1.95,192.5333333,,,0.92191667,2.575,2.40071667
OTTAWA INTL A,2024-09-12 16:00,2024,9,12,16:00,24.5,15.4,56,17,10,394.89205,,,26.46861667,48.28771667,14.66911667,0.866666667,1.975,162.3333333,,,1.96861667,1.911111111,7.71228333
OTTAWA INTL A,2024-09-12 17:00,2024,9,12,17:00,23.3,16.2,64,15,8,213.8376895,,,25.98075,49.8095,14.69891667,0.5,1.558333333,181.2833333,,,2.68075,1.722222222,14.1905
OTTAWA INTL A,2024-09-12 18:00,2024,9,12,18:00,21.4,16,71,15,7,62.23713962,,,24.38855,56.97926667,15.31945,0.075,0.625,162.3333333,,,2.98855,1.869444444,14.02073333
OTTAWA INTL A,2024-09-12 19:00,2024,9,12,19:00,17.4,14.9,85,16,5,4.713897267,,,21.9227,66.57996667,15.41805,0,0,157,,,4.5227,1.388888889,18.42003333
OTTAWA INTL A,2024-09-12 20:00,2024,9,12,20:00,17.9,15.6,86,17,8,2.0505491,,,19.97668333,73.43981667,15.09991667,0,0,157,,,2.07668333,2.222222222,12.56018333
OTTAWA INTL A,2024-09-12 21:00,2024,9,12,21:00,18.5,15.7,83,19,7,1.963715883,,,18.8743,77.66876667,14.90346667,0,0,157,,,0.3743,1.944444444,5.33123333
OTTAWA INTL A,2024-09-12 22:00,2024,9,12,22:00,17.4,16.4,93,19,8,2.16922935,,,17.18266667,86.86808333,14.98936667,0,0,132.8666667,,,0.21733333,2.222222222,6.13191667
OTTAWA INTL A,2024-09-12 23:00,2024,9,12,23:00,16,16,100,20,7,1.8130832,,,16.46458333,92.49381667,15.26211667,0,0,66,,,0.46458333,1.944444444,7.50618333
OTTAWA INTL A,2024-09-13 0:00,2024,9,13,0:00,16.3,16.3,100,17,0,1.774515267,,,16.06386667,94.07696667,15.12925,0,0.05,151.2,,,0.23613333,0,5.92303333
OTTAWA INTL A,2024-09-13 1:00,2024,9,13,1:00,14.4,14.4,100,14,0,1.628508167,,,15.78498333,93.6837,14.78708333,0,0.008333333,40.1,,,1.38498333,0,6.3163
OTTAWA INTL A,2024-09-13 2:00,2024,9,13,2:00,14.4,14.4,100,11,5,1.579152533,,,15.46508333,96.40286667,14.91403333,0,0,0.616666667,,,1.06508333,1.388888889,3.59713333
OTTAWA INTL A,2024-09-13 3:00,2024,9,13,3:00,14.3,14.3,100,12,0,1.443964417,,,15.07288333,97.33656667,14.67246667,0,0,0.85,,,0.77288333,0,2.66343333
OTTAWA INTL A,2024-09-13 4:00,2024,9,13,4:00,14.1,14.1,100,13,3,1.56085425,,,15.02075,96.93986667,14.55711667,0,0.008333333,260.7833333,,,0.92075,0.833333333,3.06013333
OTTAWA INTL A,2024-09-13 5:00,2024,9,13,5:00,13.1,13.1,100,9.666666667,0,1.822328033,,,14.49211667,97.1024,14.05506667,0,0,289,,,1.39211667,0,2.8976
OTTAWA INTL A,2024-09-13 6:00,2024,9,13,6:00,14.2,14.2,100,6.333333333,0,8.21336365,,,14.52276667,97.47516667,14.14518333,0.008333333,0.15,317.7,,,0.32276667,0.008333333,2.52483333
OTTAWA INTL A,2024-09-13 7:00,2024,9,13,7:00,15.3,15.3,100,3,10,106.964123,,,15.92301667,92.58851667,14.73198333,0,0.275,118.3166667,,,0.62301667,2.777777778,7.41148333
OTTAWA INTL A,2024-09-13 8:00,2024,9,13,8:00,17.5,17.5,100,2,6,274.1103673,,,18.22296667,84.26066667,15.5363,0.8,1.783333333,260.7333333,,,0.72296667,0.866666667,15.73933333
OTTAWA INTL A,2024-09-13 9:00,2024,9,13,9:00,19.6,17.4,87,8.25,0,409.9743878,,,20.55071667,75.9145,16.16816667,0.516666667,1.358333333,188.6333333,,,0.95071667,0.516666667,11.0855
OTTAWA INTL A,2024-09-13 10:00,2024,9,13,10:00,22.4,18,76,14.5,0,554.0773638,,,23.27998333,68.2555,17.11685,0.175,0.9,122.8166667,,,0.87998333,0.175,7.7445
OTTAWA INTL A,2024-09-13 11:00,2024,9,13,11:00,24.1,17.8,67,20.75,0,651.095213,,,25.67753333,62.47911667,17.97885,0.233333333,1.041666667,111.7333333,,,1.57753333,0.233333333,4.52088333
OTTAWA INTL A,2024-09-13 12:00,2024,9,13,12:00,25.7,18.5,64,27,7,705.0222667,,,26.29346667,61.98293333,18.42701667,0.541666667,1.433333333,228.8333333,,,0.59346667,1.402777777,2.01706667
OTTAWA INTL A,2024-09-13 13:00,2024,9,13,13:00,26.5,17.4,57,25,5,684.5691533,,,27.63498333,59.15631667,18.95015,0.891666667,1.925,217.8833333,,,1.13498333,0.497222222,2.15631667
OTTAWA INTL A,2024-09-13 14:00,2024,9,13,14:00,27.5,17.7,55,25,11,636.0624567,,,27.76296667,56.69446667,18.3692,0.991666667,2.05,324.55,,,0.26296667,2.063888889,1.69446667
OTTAWA INTL A,2024-09-13 15:00,2024,9,13,15:00,27.3,16.8,52,14,0,530.3027102,,,28.90081667,49.3053,17.18606667,0.483333333,1.175,255.05,,,1.60081667,0.483333333,2.6947
OTTAWA INTL A,2024-09-13 16:00,2024,9,13,16:00,27.1,17.2,54,3,9,388.1535667,,,29.55031667,47.75516667,17.30285,0.425,1.233333333,183.2,,,2.45031667,2.075,6.24483333
OTTAWA INTL A,2024-09-13 17:00,2024,9,13,17:00,26,17.2,58,7,8,210.3141792,,,28.67351667,49.93356667,17.20706667,0.316666667,1.1,112.2833333,,,2.67351667,1.905555555,8.06643333
OTTAWA INTL A,2024-09-13 18:00,2024,9,13,18:00,23.5,18.6,74,11,7,61.5149838,,,26.65878333,56.80451667,17.37848333,0.108333333,0.683333333,88.06666667,,,3.15878333,1.836111111,17.19548333
OTTAWA INTL A,2024-09-13 19:00,2024,9,13,19:00,22.3,18.2,78,13,7,5.3258304,,,24.35381667,66.3272,17.68071667,0,0.091666667,135.9833333,,,2.05381667,1.944444444,11.6728
OTTAWA INTL A,2024-09-13 20:00,2024,9,13,20:00,20.4,18.3,87,16,4,2.085455183,,,22.49395,73.65933333,17.57363333,0,0.033333333,155.4333333,,,2.09395,1.111111111,13.34066667
OTTAWA INTL A,2024-09-13 21:00,2024,9,13,21:00,18.8,18.8,100,18,4,2.232048267,,,20.54828333,82.60265,17.496,0,0,232,,,1.74828333,1.111111111,17.39735
OTTAWA INTL A,2024-09-13 22:00,2024,9,13,22:00,18.5,17.9,96,31,3,2.009733817,,,19.58775,90.75361667,18.05638333,0,0,231.1333333,,,1.08775,0.833333333,5.24638333
OTTAWA INTL A,2024-09-13 23:00,2024,9,13,23:00,17.4,17.4,100,29,0,1.986984567,,,18.98688333,93.25656667,17.89606667,0,0,230,,,1.58688333,0,6.74343333
OTTAWA INTL A,2024-09-14 0:00,2024,9,14,0:00,17.1,17.1,100,27,5,1.795732,,,18.41838333,93.9012,17.44085,0,0.108333333,231.4333333,,,1.31838333,1.388888889,6.0988
OTTAWA INTL A,2024-09-14 1:00,2024,9,14,1:00,17,17,100,17,0,1.62643315,,,17.9141,94.37088333,17.01856667,0,0.283333333,232,,,0.9141,0,5.62911667
OTTAWA INTL A,2024-09-14 2:00,2024,9,14,2:00,16,16,100,7,5,1.78183265,,,17.55735,94.34416667,16.65913333,0.008333333,0.441666667,232,,,1.55735,1.380555556,5.65583333
OTTAWA INTL A,2024-09-14 3:00,2024,9,14,3:00,16.6,16.6,100,2,4,1.652142367,,,16.63043333,96.73855,16.13033333,0,0.158333333,232,,,0.03043333,1.111111111,3.26145
OTTAWA INTL A,2024-09-14 4:00,2024,9,14,4:00,15.1,15.1,100,6,3,1.698137733,,,16.59391667,96.9481,16.12771667,0.116666667,0.566666667,232,,,1.49391667,0.716666666,3.0519
OTTAWA INTL A,2024-09-14 5:00,2024,9,14,5:00,15.3,15.3,100,3,4,1.494279917,,,16.20823333,97.11315,15.76958333,0.033333333,0.216666667,231.1,,,0.90823333,1.077777778,2.88685
OTTAWA INTL A,2024-09-14 6:00,2024,9,14,6:00,15.3,15.3,100,6,4,6.0851128,,,16.24261667,96.10285,15.6403,0.025,0.516666667,232,,,0.94261667,1.086111111,3.89715
OTTAWA INTL A,2024-09-14 7:00,2024,9,14,7:00,18,18,100,1,7,93.22204805,,,17.26023333,92.46448333,16.04298333,0.45,1.091666667,290.6833333,,,0.73976667,1.494444444,7.53551667
OTTAWA INTL A,2024-09-14 8:00,2024,9,14,8:00,20.2,18.9,92,1,7,252.0318788,,,19.25605,86.408,16.94565,0.208333333,0.891666667,318.3,,,0.94395,1.736111111,5.592
OTTAWA INTL A,2024-09-14 9:00,2024,9,14,9:00,22.5,19.3,82,6,9,419.986701,,,22.03463333,77.5756,17.93038333,0.225,1.066666667,230.65,,,0.46536667,2.275,4.4244
OTTAWA INTL A,2024-09-14 10:00,2024,9,14,10:00,23.9,19,74,7,11,558.3009658,,,24.7663,68.84606667,18.67595,0.866666667,2,90.61666667,,,0.8663,2.188888889,5.15393333
OTTAWA INTL A,2024-09-14 11:00,2024,9,14,11:00,25.2,19.4,70,8,8,647.2139767,,,26.6037,62.89466667,18.96888333,0.6,1.708333333,76.15,,,1.4037,1.622222222,7.10533333
OTTAWA INTL A,2024-09-14 12:00,2024,9,14,12:00,26.6,18.7,61,3,6,700.1236765,,,27.85275,59.85498333,19.34413333,0.6,1.7,222.9833333,,,1.25275,1.066666667,1.14501667
OTTAWA INTL A,2024-09-14 13:00,2024,9,14,13:00,27.6,17.7,54,16,8,729.2140623,,,29.13245,55.65306667,19.36016667,0.833333333,1.858333333,84.86666667,,,1.53245,1.388888889,1.65306667
OTTAWA INTL A,2024-09-14 14:00,2024,9,14,14:00,27.2,17.3,54,13,7,507.7585467,,,28.93936667,53.58395,18.58125,0.525,1.458333333,168.9666667,,,1.73936667,1.419444444,0.41605
OTTAWA INTL A,2024-09-14 15:00,2024,9,14,15:00,27.6,16.9,52,18,8,413.644852,,,28.63483333,51.08721667,17.53613333,0.983333333,2.091666667,91.43333333,,,1.03483333,1.238888889,0.91278333
OTTAWA INTL A,2024-09-14 16:00,2024,9,14,16:00,27.3,16.7,52,12,7,285.9693956,,,28.58731667,49.4833,16.98331667,0.4,1.241666667,124.4166667,,,1.28731667,1.544444444,2.5167
OTTAWA INTL A,2024-09-14 17:00,2024,9,14,17:00,26.8,18,58,12,5,176.6613848,,,28.19845,50.6458,16.9971,0.15,0.8,180.3833333,,,1.39845,1.238888889,7.3542
OTTAWA INTL A,2024-09-14 18:00,2024,9,14,18:00,24.5,17.5,65,13,6,59.43236122,,,26.99305,54.92266667,17.17053333,0.016666667,0.583333333,47.68333333,,,2.49305,1.65,10.07733333
OTTAWA INTL A,2024-09-14 19:00,2024,9,14,19:00,20.3,18.1,87,10,4,4.45768815,,,23.84475,66.40231667,17.20213333,0.025,0.125,37.88333333,,,3.54475,1.086111111,20.59768333
OTTAWA INTL A,2024-09-14 20:00,2024,9,14,20:00,19.2,17.4,89,8,4,1.963030467,,,22.66988333,70.78035,17.11446667,0,0,38,,,3.46988333,1.111111111,18.21965
OTTAWA INTL A,2024-09-14 21:00,2024,9,14,21:00,19.7,16.8,83,12,8,2.3988317,,,21.4719,78.14913333,17.51938333,0.041666667,0.4,37.5,,,1.7719,2.180555555,4.85086667
OTTAWA INTL A,2024-09-14 22:00,2024,9,14,22:00,18.2,16.6,90,12,7,2.014569217,,,20.04535,86.34651667,17.71073333,0,0.1,37.1,,,1.84535,1.944444444,3.65348333
OTTAWA INTL A,2024-09-14 23:00,2024,9,14,23:00,19.5,17.2,86,10,8,1.805103233,,,19.31786667,91.21038333,17.87086667,0.116666667,0.591666667,67.21666667,,,0.18213333,2.105555555,5.21038333
