Station Name,Date/Time (LST),Year,Month,Day,Time (LST),Temp,Dew Point,Rel_H,Wind Dir,Wind Spd,Solar Radiation,,,ta,rh,dpT,ws,gws,wd,rsds,,dta,dws,drh,drsds
OTTAWA INTL A,2024-06-15 0:00,2024,6,15,0:00,12.2,9.4,83,5,13,1.855775967,,,13.28423333,83.32325,10.53023333,0,0,7,1,,1.08423333,3.611111111,0.32325,0.855775967
OTTAWA INTL A,2024-06-15 1:00,2024,6,15,1:00,11.7,9,83,5,13,1.961655633,,,12.49313333,87.47395,10.48315,0,0,7,1,,0.79313333,3.611111111,4.47395,0.961655633
OTTAWA INTL A,2024-06-15 2:00,2024,6,15,2:00,10.3,9.6,95,3,14,1.4668738,,,11.7285,86.71495,9.598366667,0,0.066666667,6.583333333,1,,1.4285,3.888888889,8.28505,0.4668738
OTTAWA INTL A,2024-06-15 3:00,2024,6,15,3:00,11.4,9.9,91,1,17,1.551513917,,,11.5492,84.67755,9.069266667,0,0.125,6.433333333,1,,0.1492,4.722222222,6.32245,0.551513917
OTTAWA INTL A,2024-06-15 4:00,2024,6,15,4:00,11.8,8.8,82,1,12,1.5730336,,,11.53446667,83.58181667,8.860716667,0,0.291666667,6.583333333,1,,0.26553333,3.333333333,1.58181667,0.5730336
OTTAWA INTL A,2024-06-15 5:00,2024,6,15,5:00,12.1,9,81,35,14,15.99152182,,,11.67206667,82.06568333,8.725966667,0.166666667,0.966666667,30.08333333,2.55,,0.42793333,3.722222222,1.06568333,13.44152182
OTTAWA INTL A,2024-06-15 6:00,2024,6,15,6:00,12.1,7.8,74,36,22,88.06809713,,,11.91546667,76.73053333,7.9686,0.516666667,1.775,49.18333333,24.85,,0.18453333,5.594444444,2.73053333,63.21809713
OTTAWA INTL A,2024-06-15 7:00,2024,6,15,7:00,12.2,6.9,70,2,26,236.3693762,,,12.09138333,68.63978333,6.481433333,1.125,2.791666667,70.91666667,72.53333333,,0.10861667,6.097222222,1.36021667,163.8360429
OTTAWA INTL A,2024-06-15 8:00,2024,6,15,8:00,12.8,4.5,57,2,23,475.5991745,,,12.63433333,56.15316667,4.1134,1.4,3.125,52.73333333,145.7333333,,0.16566667,4.988888889,0.84683333,329.8658412
OTTAWA INTL A,2024-06-15 9:00,2024,6,15,9:00,14.7,3.3,46,35,20,637.6054622,,,13.35391667,48.96831667,2.859583333,1.516666667,3.141666667,164.7166667,130.5,,1.34608333,4.038888889,2.96831667,507.1054622
OTTAWA INTL A,2024-06-15 10:00,2024,6,15,10:00,14.9,3,45,1,10,742.8444707,,,14.17253333,47.33258333,3.1291,0.608333333,1.925,120.6,201.1666667,,0.72746667,2.169444445,2.33258333,541.677804
OTTAWA INTL A,2024-06-15 11:00,2024,6,15,11:00,16.1,2.8,40,34,18,934.3005687,,,14.96781667,43.16596667,2.557716667,0.791666667,2.225,231.9,354.75,,1.13218333,4.208333333,3.16596667,579.5505687
OTTAWA INTL A,2024-06-15 12:00,2024,6,15,12:00,16.6,3.8,42,36,21,954.2889128,,,15.89295,42.49438333,3.169866667,0.925,2.3,295.95,92.98333333,,0.70705,4.908333333,0.49438333,861.3055795
OTTAWA INTL A,2024-06-15 13:00,2024,6,15,13:00,17.2,2.9,38,33,25,983.0968602,,,16.60183333,40.3852,3.0894,1.575,3.308333333,301.2,147,,0.59816667,5.369444444,2.3852,836.0968602
OTTAWA INTL A,2024-06-15 14:00,2024,6,15,14:00,18.4,2.8,35,35,22,930.082173,,,17.23065,38.07881667,2.820016667,1.275,2.9,246.2666667,100.8666667,,1.16935,4.836111111,3.07881667,829.2155063
OTTAWA INTL A,2024-06-15 15:00,2024,6,15,15:00,18.8,2.5,33,1,20,791.1477553,,,17.81761667,36.32298333,2.679133333,1,2.408333333,212.1666667,69.55,,0.98238333,4.555555556,3.32298333,721.5977553
OTTAWA INTL A,2024-06-15 16:00,2024,6,15,16:00,18.8,2.3,33,35,17,650.5162298,,,18.4438,35.02683333,2.723183333,0.95,2.383333333,156.7333333,97.61666667,,0.3562,3.772222222,2.02683333,552.8995631
OTTAWA INTL A,2024-06-15 17:00,2024,6,15,17:00,18.9,2.2,32,33,19,520.1880058,,,18.89956667,34.2638,2.813083333,0.741666667,2.05,167.85,57.51666667,,0.00043333,4.536111111,2.2638,462.6713391
OTTAWA INTL A,2024-06-15 18:00,2024,6,15,18:00,18.7,2.5,34,34,18,334.7600055,,,19.06116667,34.39676667,3.010216667,0.608333333,1.833333333,204.85,53.51666667,,0.36116667,4.391666667,0.39676667,281.2433388
OTTAWA INTL A,2024-06-15 19:00,2024,6,15,19:00,17.7,3.4,38,34,11,145.7914227,,,18.93206667,34.66063333,3.007283333,0.408333333,1.375,228.9166667,56.23333333,,1.23206667,2.647222223,3.33936667,89.55808937
OTTAWA INTL A,2024-06-15 20:00,2024,6,15,20:00,15.6,3.6,44,6,7,25.4405598,,,17.4391,40.5444,3.852883333,0.033333333,0.233333333,352.0333333,16.5,,1.8391,1.911111111,3.4556,8.9405598
OTTAWA INTL A,2024-06-15 21:00,2024,6,15,21:00,11.5,5.4,66,9,4,2.453211533,,,15.17735,48.65616667,4.444583333,0,0,358,1,,3.67735,1.111111111,17.34383333,1.453211533
OTTAWA INTL A,2024-06-15 22:00,2024,6,15,22:00,11.1,4.9,65,20,5,2.142818283,,,14.38368333,50.95051667,4.3243,0,0,358,1,,3.28368333,1.388888889,14.04948333,1.142818283
OTTAWA INTL A,2024-06-15 23:00,2024,6,15,23:00,10.5,5.8,72,17,3,2.2019422,,,12.85023333,72.30696667,7.971116667,0,0.05,358,1,,2.35023333,0.833333333,0.30696667,1.2019422
OTTAWA INTL A,2024-06-16 0:00,2024,6,16,0:00,10.9,5.1,67,36,3,1.90115045,,,11.6671,76.5454,7.69455,0,0,358,1,,0.7671,0.833333333,9.5454,0.90115045
OTTAWA INTL A,2024-06-16 1:00,2024,6,16,1:00,9,4.9,75,36,3,1.682090883,,,11.07015,79.26471667,7.622616667,0,0.058333333,349.8166667,1,,2.07015,0.833333333,4.26471667,0.682090883
OTTAWA INTL A,2024-06-16 2:00,2024,6,16,2:00,8,4.5,79,36,2,1.789295333,,,10.33693333,85.84578333,8.0765,0,0,330,1,,2.33693333,0.555555556,6.84578333,0.789295333
OTTAWA INTL A,2024-06-16 3:00,2024,6,16,3:00,6.8,5.2,90,5,5,1.75962735,,,9.317066667,88.30861667,7.491983333,0,0,330,1,,2.517066667,1.388888889,1.69138333,0.75962735
OTTAWA INTL A,2024-06-16 4:00,2024,6,16,4:00,8.4,5.7,83,36,1,1.99664055,,,9.129466667,88.93516667,7.4082,0,0.075,329.5166667,1,,0.729466667,0.277777778,5.93516667,0.99664055
OTTAWA INTL A,2024-06-16 5:00,2024,6,16,5:00,7.2,6.8,97,23,4,18.54827452,,,9.154383333,86.89475,7.09435,0,0.158333333,318.1333333,5.716666667,,1.954383333,1.111111111,10.10525,12.83160785
OTTAWA INTL A,2024-06-16 6:00,2024,6,16,6:00,12.1,8.2,77,36,1,147.2565067,,,10.8649,81.58011667,7.8201,0,0.075,217.6666667,100.8833333,,1.2351,0.277777778,4.58011667,46.3731734
OTTAWA INTL A,2024-06-16 7:00,2024,6,16,7:00,14.7,7,60,36,1,259.1059498,,,12.85778333,76.01571667,8.7455,0.008333333,0.35,49.4,141.95,,1.84221667,0.269444445,16.01571667,117.1559498
OTTAWA INTL A,2024-06-16 8:00,2024,6,16,8:00,16.8,8.3,57,19,7,445.144763,,,14.93428333,70.23461667,9.5715,0.016666667,0.291666667,32.03333333,131.0166667,,1.86571667,1.927777777,13.23461667,314.1280963
OTTAWA INTL A,2024-06-16 9:00,2024,6,16,9:00,18.1,6.6,46,14,9,571.660524,,,16.97221667,59.0235,8.90315,0.05,0.5,119.1,119.5666667,,1.12778333,2.45,13.0235,452.0938573
OTTAWA INTL A,2024-06-16 10:00,2024,6,16,10:00,18.9,5.8,42,19,6,563.2739605,,,18.33198333,53.28141667,8.671733333,0.116666667,0.908333333,163.0333333,120.6,,0.56801667,1.55,11.28141667,442.6739605
OTTAWA INTL A,2024-06-16 11:00,2024,6,16,11:00,19.5,5.5,40,18,3,718.824472,,,19.42443333,46.50826667,7.646733333,0.2,1.1,181.7333333,274.9666667,,0.07556667,0.633333333,6.50826667,443.8578053
OTTAWA INTL A,2024-06-16 12:00,2024,6,16,12:00,20.1,6,39,19,7,683.7904183,,,20.10283333,42.3727,6.914716667,0.25,1.091666667,182.1666667,106.8666667,,0.00283333,1.694444444,3.3727,576.9237516
OTTAWA INTL A,2024-06-16 13:00,2024,6,16,13:00,20.5,6.2,39,13,4,552.9251322,,,20.44433333,40.60375,6.611883333,0.116666667,0.858333333,197.9833333,100.8333333,,0.05566667,0.994444444,1.60375,452.0917989
OTTAWA INTL A,2024-06-16 14:00,2024,6,16,14:00,20.8,6.5,39,15,11,472.4676862,,,20.70831667,38.94401667,6.24005,0.166666667,0.833333333,185.15,87.75,,0.09168333,2.888888889,0.05598333,384.7176862
OTTAWA INTL A,2024-06-16 15:00,2024,6,16,15:00,20.3,6.7,41,18,9,350.8449182,,,20.80881667,41.01478333,7.084833333,0.158333333,1.066666667,161.5666667,71.01666667,,0.50881667,2.341666667,0.01478333,279.8282515
OTTAWA INTL A,2024-06-16 16:00,2024,6,16,16:00,20.5,7.1,42,17,10,315.3948852,,,20.98218333,41.82208333,7.52805,0.15,0.975,190.35,61.43333333,,0.48218333,2.627777778,0.17791667,253.9615519
OTTAWA INTL A,2024-06-16 17:00,2024,6,16,17:00,19.6,8.6,49,17,5,172.7981082,,,20.70838333,40.48281667,6.8071,0.091666667,0.875,205.35,37.56666667,,1.10838333,1.297222222,8.51718333,135.2314415
OTTAWA INTL A,2024-06-16 18:00,2024,6,16,18:00,19.1,10.2,56,14,7,79.37294955,,,20.31723333,41.55438333,6.841116667,0.033333333,0.6,189.3,16.05,,1.21723333,1.911111111,14.44561667,63.32294955
OTTAWA INTL A,2024-06-16 19:00,2024,6,16,19:00,18.6,10.7,60,13,7,95.70961968,,,20.2851,41.95793333,6.94035,0.008333333,0.391666667,193.4333333,20.8,,1.6851,1.936111111,18.04206667,74.90961968
OTTAWA INTL A,2024-06-16 20:00,2024,6,16,20:00,14.5,10.4,77,13,8,15.98079007,,,19.29825,48.65865,8.219583333,0,0.058333333,187,2.883333333,,4.79825,2.222222222,28.34135,13.09745674
OTTAWA INTL A,2024-06-16 21:00,2024,6,16,21:00,14.2,9.5,73,12,11,2.06833655,,,18.17791667,54.9217,8.980466667,0,0,187,1,,3.97791667,3.055555556,18.0783,1.06833655
OTTAWA INTL A,2024-06-16 22:00,2024,6,16,22:00,15.2,9.2,67,12,8,1.760740583,,,17.70461667,56.15116667,8.872633333,0,0.033333333,187,1,,2.50461667,2.222222222,10.84883333,0.760740583
OTTAWA INTL A,2024-06-16 23:00,2024,6,16,23:00,15.4,10,70,10,12,1.676987583,,,17.53415,55.59575,8.566916667,0,0.033333333,187,1,,2.13415,3.333333333,14.40425,0.676987583
OTTAWA INTL A,2024-06-17 0:00,2024,6,17,0:00,15.7,9.9,68,8,9,1.557823783,,,16.81913333,60.64736667,9.161666667,0,0,187,1,,1.11913333,2.5,7.35263333,0.557823783
OTTAWA INTL A,2024-06-17 1:00,2024,6,17,1:00,15.2,10.6,74,10,11,1.742886717,,,16.27018333,67.40348333,10.22858333,0,0.05,187,1,,1.07018333,3.055555556,6.59651667,0.742886717
OTTAWA INTL A,2024-06-17 2:00,2024,6,17,2:00,15.1,11.3,78,8,8,1.83834785,,,15.87975,76.61858333,11.7944,0,0.233333333,80.13333333,1,,0.77975,2.222222222,1.38141667,0.83834785
OTTAWA INTL A,2024-06-17 3:00,2024,6,17,3:00,15.2,11.6,79,9,9,1.490834033,,,15.94916667,70.42065,10.58406667,0,0.1,52.93333333,1,,0.74916667,2.5,8.57935,0.490834033
OTTAWA INTL A,2024-06-17 4:00,2024,6,17,4:00,15.2,12.5,84,6,8,2.135511067,,,15.96518333,68.72348333,10.23775,0,0.133333333,46.88333333,1,,0.76518333,2.222222222,15.27651667,1.135511067
OTTAWA INTL A,2024-06-17 5:00,2024,6,17,5:00,14.9,13.2,90,33,8,5.914270117,,,15.5924,74.5555,11.08848333,0.008333333,0.116666667,181.8333333,1,,0.6924,2.213888889,15.4445,4.914270117
OTTAWA INTL A,2024-06-17 6:00,2024,6,17,6:00,14.3,14.3,100,19,4,15.061659,,,15.12548333,83.7853,12.41585,0,0,312,1.85,,0.82548333,1.111111111,16.2147,13.211659
OTTAWA INTL A,2024-06-17 7:00,2024,6,17,7:00,15,15,100,19,0,58.93975048,,,15.71136667,84.20908333,13.06606667,0,0.166666667,231.55,10.86666667,,0.71136667,0,15.79091667,48.07308381
OTTAWA INTL A,2024-06-17 8:00,2024,6,17,8:00,17.5,17.5,100,19,14,325.894286,,,17.10128333,81.21916667,13.86705,0.041666667,0.466666667,191.8166667,64.76666667,,0.39871667,3.847222222,18.78083333,261.1276193
OTTAWA INTL A,2024-06-17 9:00,2024,6,17,9:00,20.3,18.3,88,21,14,601.776933,,,19.7668,77.9792,15.8357,0.325,1.333333333,195.1,116.4666667,,0.5332,3.563888889,10.0208,485.3102663
OTTAWA INTL A,2024-06-17 10:00,2024,6,17,10:00,23.2,19.1,78,20,19,534.2562885,,,21.25496667,76.24516667,16.92443333,0.308333333,1.216666667,206.2333333,108.3833333,,1.94503333,4.969444445,1.75483333,425.8729552
OTTAWA INTL A,2024-06-17 11:00,2024,6,17,11:00,25.3,19.4,70,21,21,814.5249937,,,23.8062,70.58236667,18.15176667,0.458333333,1.641666667,204.1666667,246,,1.4938,5.375,0.58236667,568.5249937
OTTAWA INTL A,2024-06-17 12:00,2024,6,17,12:00,26.3,19.8,67,21,16,901.552865,,,25.82981667,66.45396667,19.12211667,0.508333333,1.641666667,196.5833333,103.6,,0.47018333,3.936111111,0.54603333,797.952865
OTTAWA INTL A,2024-06-17 13:00,2024,6,17,13:00,27.8,20.8,65,24,18,892.7168065,,,26.8929,63.32325,19.3565,0.808333333,2.125,197.2666667,120.1,,0.9071,4.191666667,1.67675,772.6168065
OTTAWA INTL A,2024-06-17 14:00,2024,6,17,14:00,28.4,21.5,65,23,20,871.6298453,,,27.94561667,61.65713333,19.91868333,0.891666667,2.291666667,192.2666667,93.31666667,,0.45438333,4.663888889,3.34286667,778.3131786
OTTAWA INTL A,2024-06-17 15:00,2024,6,17,15:00,29.1,20.7,60,17,15,566.3246642,,,28.58086667,60.7097,20.26248333,0.508333333,1.625,183.25,70.8,,0.51913333,3.658333334,0.7097,495.5246642
OTTAWA INTL A,2024-06-17 16:00,2024,6,17,16:00,30.2,21.3,58,23,10,564.1337525,,,29.6808,57.45695,20.40366667,0.425,1.55,203.0833333,100.2,,0.5192,2.352777778,0.54305,463.9337525
OTTAWA INTL A,2024-06-17 17:00,2024,6,17,17:00,29.6,21.4,61,18,17,448.4544635,,,30.15865,56.52936667,20.58435,0.433333333,1.541666667,197.4833333,53.05,,0.55865,4.288888889,4.47063333,395.4044635
OTTAWA INTL A,2024-06-17 18:00,2024,6,17,18:00,29.3,21.8,63,20,14,272.3493422,,,30.15151667,56.99206667,20.70945,0.433333333,1.441666667,201.2,47.53333333,,0.85151667,3.455555556,6.00793333,224.8160089
OTTAWA INTL A,2024-06-17 19:00,2024,6,17,19:00,27.8,21.4,68,17,13,127.2665363,,,29.6911,58.56701667,20.72581667,0.675,1.875,200.35,42.33333333,,1.8911,2.936111111,9.43298333,84.93320297
OTTAWA INTL A,2024-06-17 20:00,2024,6,17,20:00,26.3,20.4,69,18,16,23.59499735,,,28.48325,61.64175,20.41828333,0.666666667,1.766666667,194.25,11.58333333,,2.18325,3.777777777,7.35825,12.01166402
OTTAWA INTL A,2024-06-17 21:00,2024,6,17,21:00,24.8,20.4,76,19,11,2.330146983,,,27.24788333,62.92978333,19.59048333,0.466666667,1.525,195.9666667,1,,2.44788333,2.588888889,13.07021667,1.330146983
OTTAWA INTL A,2024-06-17 22:00,2024,6,17,22:00,23.8,20.1,79,21,11,1.899937133,,,26.35733333,65.90298333,19.49368333,0.183333333,1.133333333,206.4333333,1,,2.55733333,2.872222223,13.09701667,0.899937133
OTTAWA INTL A,2024-06-17 23:00,2024,6,17,23:00,22.9,20,84,18,9,1.916079533,,,25.6343,67.4262,19.1744,0.441666667,1.6,208.6166667,1,,2.7343,2.058333333,16.5738,0.916079533
OTTAWA INTL A,2024-06-18 0:00,2024,6,18,0:00,22.6,19.5,82,21,10,1.962486233,,,24.96185,68.86581667,18.87198333,0.308333333,1.325,205.65,1,,2.36185,2.469444445,13.13418333,0.962486233
OTTAWA INTL A,2024-06-18 1:00,2024,6,18,1:00,22.2,19.4,84,22,10,1.831431383,,,24.28411667,70.82245,18.67165,0.066666667,0.716666667,204,1,,2.08411667,2.711111111,13.17755,0.831431383
OTTAWA INTL A,2024-06-18 2:00,2024,6,18,2:00,21.3,19.4,89,18,8,1.770838867,,,23.58961667,73.47765,18.59248333,0.016666667,0.483333333,213.1666667,1,,2.28961667,2.205555555,15.52235,0.770838867
OTTAWA INTL A,2024-06-18 3:00,2024,6,18,3:00,20.9,19.4,91,19,9,1.725846867,,,23.11916667,75.18971667,18.50781667,0.133333333,0.883333333,210.6666667,1,,2.21916667,2.366666667,15.81028333,0.725846867
OTTAWA INTL A,2024-06-18 4:00,2024,6,18,4:00,20.3,19.9,97,19,7,1.892703017,,,22.3613,78.3193,18.42543333,0,0.125,212.2833333,1,,2.0613,1.944444444,18.6807,0.892703017
OTTAWA INTL A,2024-06-18 5:00,2024,6,18,5:00,20.3,20.2,100,18,9,13.98923837,,,22.04996667,79.7159,18.40558333,0,0.025,212.9666667,2.466666667,,1.74996667,2.5,20.2841,11.5225717
OTTAWA INTL A,2024-06-18 6:00,2024,6,18,6:00,21.1,20.9,98,20,8,79.78217155,,,22.05883333,80.62113333,18.59468333,0.025,0.658333333,195.8166667,31.75,,0.95883333,2.197222222,17.37886667,48.03217155
OTTAWA INTL A,2024-06-18 7:00,2024,6,18,7:00,22.5,20.8,90,19,14,255.8553188,,,22.9536,78.55063333,19.0483,0.15,1.091666667,196.7333333,101.25,,0.4536,3.738888889,11.44936667,154.6053188
OTTAWA INTL A,2024-06-18 8:00,2024,6,18,8:00,24.1,22,88,19,15,351.2865465,,,24.09825,77.06775,19.8515,0.408333333,1.491666667,200.4166667,99.71666667,,0.00175,3.758333334,10.93225,251.5698798
OTTAWA INTL A,2024-06-18 9:00,2024,6,18,9:00,26.1,22.5,80,19,19,596.9695427,,,25.30786667,74.97525,20.57503333,0.708333333,1.991666667,203.65,117.65,,0.79213333,4.569444445,5.02475,479.3195427
OTTAWA INTL A,2024-06-18 10:00,2024,6,18,10:00,27.5,23.4,78,20,13,705.6467445,,,27.15495,71.52453333,21.58326667,0.4,1.5,199.8333333,132.15,,0.34505,3.211111111,6.47546667,573.4967445
OTTAWA INTL A,2024-06-18 11:00,2024,6,18,11:00,29.3,24.1,73,21,13,730.2818167,,,28.57616667,68.70543333,22.28356667,0.466666667,1.441666667,201.5166667,278.7666667,,0.72383333,3.144444444,4.29456667,451.51515
OTTAWA INTL A,2024-06-18 12:00,2024,6,18,12:00,30.5,24,68,20,15,855.4384368,,,29.72043333,67.69246667,23.12218333,0.466666667,1.591666667,191.6666667,112.65,,0.77956667,3.7,0.30753333,742.7884368
OTTAWA INTL A,2024-06-18 13:00,2024,6,18,13:00,31.5,24.2,65,18,16,815.8392187,,,30.98873333,63.72535,23.3254,0.383333333,1.633333333,191.4833333,120.1166667,,0.51126667,4.061111111,1.27465,695.722552
OTTAWA INTL A,2024-06-18 14:00,2024,6,18,14:00,32,24,62,19,17,696.5216963,,,31.77116667,60.25668333,23.1388,0.575,1.783333333,196.0666667,90.68333333,,0.22883333,4.147222222,1.74331667,605.838363
OTTAWA INTL A,2024-06-18 15:00,2024,6,18,15:00,31.2,24.2,66,16,19,637.7126985,,,32.4894,57.3011,22.9769,0.575,1.833333333,197.2666667,84.28333333,,1.2894,4.702777778,8.6989,553.4293652
OTTAWA INTL A,2024-06-18 16:00,2024,6,18,16:00,31.9,23.7,61,17,18,535.9492877,,,32.0558,59.52465,23.20466667,1.325,2.808333333,195.45,83.76666667,,0.1558,3.675,1.47535,452.182621
OTTAWA INTL A,2024-06-18 17:00,2024,6,18,17:00,31.5,23.9,64,18,15,400.8682163,,,32.10828333,58.47081667,22.95743333,1,2.333333333,195.1333333,54.75,,0.60828333,3.166666667,5.52918333,346.1182163
OTTAWA INTL A,2024-06-18 18:00,2024,6,18,18:00,30.5,24.1,68,19,13,72.11524133,,,30.97898333,61.75763333,22.80378333,0.816666667,2.041666667,199.1,12.91666667,,0.47898333,2.794444444,6.24236667,59.19857466
OTTAWA INTL A,2024-06-18 19:00,2024,6,18,19:00,28.3,22.9,72,19,12,43.93600488,,,30.2542,64.36906667,22.80353333,0.841666667,2.075,201.3666667,9.3,,1.9542,2.491666666,7.63093333,34.63600488
OTTAWA INTL A,2024-06-18 20:00,2024,6,18,20:00,26.8,22.2,75,19,14,43.26067755,,,29.29755,66.06815,22.32783333,0.966666667,2.475,204.5,11.4,,2.49755,2.922222222,8.93185,31.86067755
OTTAWA INTL A,2024-06-18 21:00,2024,6,18,21:00,25.5,21.9,80,20,12,2.471927417,,,27.94351667,67.53665,21.40028333,0.216666667,1.158333333,207.8166667,1,,2.44351667,3.116666666,12.46335,1.471927417
OTTAWA INTL A,2024-06-18 22:00,2024,6,18,22:00,24.8,21.5,81,21,9,2.003384533,,,27.03056667,68.72711667,20.81371667,0.125,0.941666667,209.4333333,1,,2.23056667,2.375,12.27288333,1.003384533
OTTAWA INTL A,2024-06-18 23:00,2024,6,18,23:00,24.5,21.5,83,21,11,1.949432183,,,26.30441667,70.84475,20.61435,0.008333333,0.45,214.0666667,1,,1.80441667,3.047222223,12.15525,0.949432183
OTTAWA INTL A,2024-06-19 0:00,2024,6,19,0:00,24,21.7,87,19,9,1.744012417,,,25.73656667,72.88465,20.52971667,0,0.075,215.75,1,,1.73656667,2.5,14.11535,0.744012417
OTTAWA INTL A,2024-06-19 1:00,2024,6,19,1:00,22.9,21.8,93,18,4,1.6959254,,,25.34116667,74.5135,20.5085,0,0.533333333,208.6666667,1,,2.44116667,1.111111111,18.4865,0.6959254
OTTAWA INTL A,2024-06-19 2:00,2024,6,19,2:00,22.7,22.3,98,20,7,1.625646117,,,24.95153333,76.26016667,20.50801667,0,0.308333333,203.5833333,1,,2.25153333,1.944444444,21.73983333,0.625646117
OTTAWA INTL A,2024-06-19 3:00,2024,6,19,3:00,22.7,22.6,99,23,4,1.750820767,,,24.57218333,77.8122,20.46725,0,0.025,209.3,1,,1.87218333,1.111111111,21.1878,0.750820767
OTTAWA INTL A,2024-06-19 4:00,2024,6,19,4:00,22,22,100,16,8,1.7562502,,,24.07318333,80.74261667,20.58191667,0,0,209,1,,2.07318333,2.222222222,19.25738333,0.7562502
OTTAWA INTL A,2024-06-19 5:00,2024,6,19,5:00,22.4,22.4,100,17,9,6.7889794,,,23.92448333,82.18191667,20.7243,0,0.05,208.3166667,1,,1.52448333,2.5,17.81808333,5.7889794
OTTAWA INTL A,2024-06-19 6:00,2024,6,19,6:00,23,23,100,16,9,41.50272245,,,23.92051667,83.82163333,21.04213333,0.008333333,0.308333333,200.4833333,6.383333333,,0.92051667,2.491666667,16.17836667,35.11938912
OTTAWA INTL A,2024-06-19 7:00,2024,6,19,7:00,25.8,21.9,79,21,8,154.6914181,,,24.91788333,80.41078333,21.33595,0.008333333,0.475,202.1,54,,0.88211667,2.213888889,1.41078333,100.6914181
OTTAWA INTL A,2024-06-19 8:00,2024,6,19,8:00,28.5,22.5,69,22,13,478.5815665,,,27.47956667,69.7872,21.46806667,0.083333333,1,200.15,163.3166667,,1.02043333,3.527777778,0.7872,315.2648998
OTTAWA INTL A,2024-06-19 9:00,2024,6,19,9:00,29.6,22.9,67,22,18,615.1094873,,,29.87491667,61.79146667,21.76545,0.058333333,0.75,203.4333333,122.5166667,,0.27491667,4.941666667,5.20853333,492.5928206
OTTAWA INTL A,2024-06-19 10:00,2024,6,19,10:00,30.1,22.8,64,20,17,691.9578497,,,30.38388333,59.77203333,21.69685,0.35,1.4,203.9833333,119.3666667,,0.28388333,4.372222222,4.22796667,572.591183
OTTAWA INTL A,2024-06-19 11:00,2024,6,19,11:00,31.1,24,65,19,14,570.6264055,,,31.0985,58.19433333,21.93433333,0.625,1.883333333,199.2166667,133.75,,0.0015,3.263888889,6.80566667,436.8764055
OTTAWA INTL A,2024-06-19 12:00,2024,6,19,12:00,30.2,23.8,68,20,19,397.986901,,,31.1316,59.37543333,22.29603333,0.908333333,2.175,201.0666667,80.96666667,,0.9316,4.369444445,8.62456667,317.0202343
OTTAWA INTL A,2024-06-19 13:00,2024,6,19,13:00,32.3,24,61,19,19,664.3144485,,,31.4556,60.43553333,22.89315,1.216666667,2.608333333,201.9,117.1166667,,0.8444,4.061111111,0.56446667,547.1977818
OTTAWA INTL A,2024-06-19 14:00,2024,6,19,14:00,32.2,23.5,59,21,22,852.7046903,,,32.86828333,55.07321667,22.65705,1.175,2.725,197.0833333,111.6833333,,0.66828333,4.936111111,3.92678333,741.021357
OTTAWA INTL A,2024-06-19 15:00,2024,6,19,15:00,33.2,23,54,22,20,754.8424243,,,33.64433333,48.5622,21.31008333,1.091666667,2.683333333,166.75,97.26666667,,0.44433333,4.463888889,5.4378,657.5757576
OTTAWA INTL A,2024-06-19 16:00,2024,6,19,16:00,30.7,23.3,64,21,25,400.8215287,,,32.98806667,49.65735,21.07416667,1.233333333,2.858333333,188.0833333,72.25,,2.28806667,5.711111111,14.34265,328.5715287
OTTAWA INTL A,2024-06-19 17:00,2024,6,19,17:00,31.5,22.3,58,21,23,373.4324053,,,31.66218333,57.84848333,22.3617,1.375,3.058333333,196.7833333,57.88333333,,0.16218333,5.013888889,0.15151667,315.549072
OTTAWA INTL A,2024-06-19 18:00,2024,6,19,18:00,30.6,23.2,64,21,19,229.9844915,,,31.422,56.20271667,21.65845,0.975,2.483333333,171.3166667,42.23333333,,0.822,4.302777778,7.79728333,187.7511582
OTTAWA INTL A,2024-06-19 19:00,2024,6,19,19:00,29.3,22.8,68,22,18,59.3775582,,,30.90651667,56.10863333,21.1557,0.875,2.291666667,188.7166667,14.68333333,,1.60651667,4.125,11.89136667,44.69422487
OTTAWA INTL A,2024-06-19 20:00,2024,6,19,20:00,28,22.6,72,21,14,23.13086113,,,30.22798333,58.90443333,21.31978333,1.2,2.541666667,195.65,5.983333333,,2.22798333,2.688888889,13.09556667,17.1475278
OTTAWA INTL A,2024-06-19 21:00,2024,6,19,21:00,26.8,23.3,81,20,13,2.452293517,,,29.3469,62.97746667,21.58288333,1.241666667,2.608333333,204.1166667,1,,2.5469,2.369444444,18.02253333,1.452293517
OTTAWA INTL A,2024-06-19 22:00,2024,6,19,22:00,26.6,23.6,83,22,16,1.709211983,,,28.54188333,65.33646667,21.42808333,1.291666667,2.791666667,203.35,1,,1.94188333,3.152777777,17.66353333,0.709211983
OTTAWA INTL A,2024-06-19 23:00,2024,6,19,23:00,26,23.4,85,22,14,1.943456617,,,28.00713333,67.21786667,21.38098333,0.841666667,2.083333333,178.7666667,1,,2.00713333,3.047222222,17.78213333,0.943456617
OTTAWA INTL A,2024-06-20 0:00,2024,6,20,0:00,24.8,23,89,28,7,1.99088705,,,27.35838333,70.57106667,21.55946667,0.683333333,2.025,178.4,1,,2.55838333,1.261111111,18.42893333,0.99088705
OTTAWA INTL A,2024-06-20 1:00,2024,6,20,1:00,24.3,22.8,91,22,10,1.638272133,,,26.91935,73.0294,21.70093333,0.033333333,0.85,122.1166667,1,,2.61935,2.744444445,17.9706,0.638272133
OTTAWA INTL A,2024-06-20 2:00,2024,6,20,2:00,23.9,22.8,93,22,8,2.252843017,,,26.30236667,75.08883333,21.55953333,0.016666667,0.258333333,206,1,,2.40236667,2.205555555,17.91116667,1.252843017
OTTAWA INTL A,2024-06-20 3:00,2024,6,20,3:00,23.3,23.2,99,22,8,1.57819275,,,25.60856667,77.146,21.33263333,0,0.058333333,188.4666667,1,,2.30856667,2.222222222,21.854,0.57819275
OTTAWA INTL A,2024-06-20 4:00,2024,6,20,4:00,23.3,23.3,100,22,8,1.569710283,,,25.5592,77.07921667,21.26735,0.008333333,0.491666667,178.3666667,1,,2.2592,2.213888889,22.92078333,0.569710283
OTTAWA INTL A,2024-06-20 5:00,2024,6,20,5:00,23.2,23.2,100,21,13,10.29730835,,,25.6959,75.83475,21.13671667,0.083333333,0.608333333,177.9333333,1.75,,2.4959,3.527777778,24.16525,8.54730835
OTTAWA INTL A,2024-06-20 6:00,2024,6,20,6:00,24.5,23.8,96,26,9,97.60403197,,,25.93283333,75.07825,21.19931667,0,0.233333333,242.5833333,35.73333333,,1.43283333,2.5,20.92175,61.87069864
OTTAWA INTL A,2024-06-20 7:00,2024,6,20,7:00,27.2,22.7,76,28,14,296.8263338,,,27.41268333,69.29495,21.3128,0.541666667,1.433333333,302.9833333,164.2833333,,0.21268333,3.347222222,6.70505,132.5430005
OTTAWA INTL A,2024-06-20 8:00,2024,6,20,8:00,27.8,22.5,73,28,19,463.0092683,,,27.76016667,67.42843333,21.1977,1.05,2.408333333,329.2333333,137.4666667,,0.03983333,4.227777778,5.57156667,325.5426016
OTTAWA INTL A,2024-06-20 9:00,2024,6,20,9:00,27.2,22.2,73,30,17,410.4723606,,,27.5764,68.5413,21.28443333,1.091666667,2.6,286.4,81.78333333,,0.3764,3.630555555,4.4587,328.6890273
OTTAWA INTL A,2024-06-20 10:00,2024,6,20,10:00,27.9,22,70,36,16,588.0589385,,,27.6071,69.41095,21.52423333,0.925,2.341666667,240.9333333,134.9333333,,0.2929,3.519444444,0.58905,453.1256052
OTTAWA INTL A,2024-06-20 11:00,2024,6,20,11:00,28.3,21.2,65,31,13,432.7453427,,,27.17573333,71.31768333,21.55575,0.2,0.941666667,177.2,74.18333333,,1.12426667,3.411111111,6.31768333,358.5620094
OTTAWA INTL A,2024-06-20 12:00,2024,6,20,12:00,29.1,22.2,66,25,8,329.6429407,,,28.07288333,68.25073333,21.69493333,0.033333333,0.35,244.6833333,62.3,,1.02711667,2.188888889,2.25073333,267.3429407
OTTAWA INTL A,2024-06-20 13:00,2024,6,20,13:00,29.1,22.3,66,31,15,482.1633117,,,27.83875,73.70095,22.71326667,0.016666667,0.325,256.25,108.6666667,,1.26125,4.15,7.70095,373.496645
OTTAWA INTL A,2024-06-20 14:00,2024,6,20,14:00,28.8,21.7,65,33,14,611.333559,,,28.716,64.10158333,21.27918333,0.575,1.725,180.5833333,84,,0.084,3.313888889,0.89841667,527.333559
OTTAWA INTL A,2024-06-20 15:00,2024,6,20,15:00,27.6,21.3,68,35,16,438.7385025,,,28.24193333,63.07446667,20.56685,1.175,2.583333333,225.9,68.95,,0.64193333,3.269444444,4.92553333,369.7885025
OTTAWA INTL A,2024-06-20 16:00,2024,6,20,16:00,27.1,20.1,65,36,18,338.564353,,,27.47205,60.22941667,19.09678333,1.533333333,3.175,157.9333333,66.91666667,,0.37205,3.466666667,4.77058333,271.6476863
OTTAWA INTL A,2024-06-20 17:00,2024,6,20,17:00,25.5,17.9,62,36,15,92.31932785,,,26.02673333,56.6507,16.76985,0.958333333,2.225,165.2833333,23.75,,0.52673333,3.208333334,5.3493,68.56932785
OTTAWA INTL A,2024-06-20 18:00,2024,6,20,18:00,22.8,18.7,77,1,10,47.77541238,,,24.81821667,57.43735,15.85558333,0.233333333,1.05,214.6,10.33333333,,2.01821667,2.544444445,19.56265,37.44207905
OTTAWA INTL A,2024-06-20 19:00,2024,6,20,19:00,23.4,16.8,66,35,18,54.0752244,,,24.13253333,60.36103333,15.99523333,0.558333333,1.633333333,158.8,9.95,,0.73253333,4.441666667,5.63896667,44.1252244
OTTAWA INTL A,2024-06-20 20:00,2024,6,20,20:00,22.5,15.4,64,36,12,28.07285663,,,23.4956,57.46655,14.63173333,0.391666667,1.408333333,273.05,5.583333333,,0.9956,2.941666666,6.53345,22.4895233
OTTAWA INTL A,2024-06-20 21:00,2024,6,20,21:00,22.4,14.5,61,35,16,1.860588283,,,22.79703333,57.5243,13.9932,0.175,1.091666667,195.1333333,1,,0.39703333,4.269444444,3.4757,0.860588283
OTTAWA INTL A,2024-06-20 22:00,2024,6,20,22:00,21.6,13.8,61,35,17,1.913400433,,,22.09708333,55.97028333,12.91096667,0.566666667,1.608333333,74.93333333,1,,0.49708333,4.155555555,5.02971667,0.913400433
OTTAWA INTL A,2024-06-20 23:00,2024,6,20,23:00,20.7,12.3,58,36,14,1.915676733,,,21.32821667,55.4462,12.0586,0.008333333,0.525,4.25,1,,0.62821667,3.880555556,2.5538,0.915676733
OTTAWA INTL A,2024-06-21 0:00,2024,6,21,0:00,19.4,12.5,64,36,11,2.473342083,,,20.44603333,60.03751667,12.4381,0,0.225,3,1,,1.04603333,3.055555556,3.96248333,1.473342083
OTTAWA INTL A,2024-06-21 1:00,2024,6,21,1:00,18.9,13.1,69,35,14,2.081228583,,,19.47766667,64.37123333,12.58945,0,0.258333333,2.916666667,1,,0.57766667,3.888888889,4.62876667,1.081228583
OTTAWA INTL A,2024-06-21 2:00,2024,6,21,2:00,18.4,13.4,72,36,12,1.792298683,,,18.29265,70.56178333,12.86565,0.016666667,0.283333333,333.2833333,1,,0.10735,3.316666666,1.43821667,0.792298683
OTTAWA INTL A,2024-06-21 3:00,2024,6,21,3:00,18.2,13.5,74,2,8,1.4441243,,,18.13353333,72.26168333,13.0793,0,0.241666667,346.4,1,,0.06646667,2.222222222,1.73831667,0.4441243
OTTAWA INTL A,2024-06-21 4:00,2024,6,21,4:00,17.9,13.7,76,1,13,1.5809614,,,18.00631667,74.16121667,13.35488333,0.116666667,0.808333333,194.5833333,1,,0.10631667,3.494444444,1.83878333,0.5809614
OTTAWA INTL A,2024-06-21 5:00,2024,6,21,5:00,18.4,13.2,72,3,17,9.098136417,,,18.07318333,73.92633333,13.37045,0.158333333,0.791666667,110.3833333,1.716666667,,0.32681667,4.563888889,1.92633333,7.38146975
OTTAWA INTL A,2024-06-21 6:00,2024,6,21,6:00,18.2,14,77,4,16,51.75338937,,,18.42236667,72.05791667,13.31353333,0,0.108333333,340.6,10.88333333,,0.22236667,4.444444444,4.94208333,40.87005604
OTTAWA INTL A,2024-06-21 7:00,2024,6,21,7:00,18.9,14.1,73,5,13,107.1710834,,,19.0122,70.01636667,13.43815,0.008333333,0.35,144.4833333,19.86666667,,0.1122,3.602777778,2.98363333,87.30441673
OTTAWA INTL A,2024-06-21 8:00,2024,6,21,8:00,20.9,13.7,63,6,16,214.675442,,,19.79108333,67.55416667,13.62751667,0.066666667,0.558333333,22.48333333,39.81666667,,1.10891667,4.377777777,4.55416667,174.8587753
OTTAWA INTL A,2024-06-21 9:00,2024,6,21,9:00,21.4,14.2,63,6,13,355.9183313,,,20.84278333,62.46133333,13.42085,0.066666667,0.9,52.15,69.21666667,,0.55721667,3.544444444,0.53866667,286.7016646
OTTAWA INTL A,2024-06-21 10:00,2024,6,21,10:00,21.2,14.4,65,5,16,288.908502,,,21.67785,59.36743333,13.42841667,0.041666667,0.558333333,58.41666667,61.4,,0.47785,4.402777777,5.63256667,227.508502
OTTAWA INTL A,2024-06-21 11:00,2024,6,21,11:00,21.1,14.4,65,3,12,232.9711607,,,21.72863333,62.57791667,14.28863333,0.033333333,0.683333333,39.3,49.78333333,,0.62863333,3.3,2.42208333,183.1878274
OTTAWA INTL A,2024-06-21 12:00,2024,6,21,12:00,20.8,14.3,66,8,13,185.9411693,,,21.60916667,64.19571667,14.56628333,0.058333333,0.541666667,91.48333333,41.98333333,,0.80916667,3.552777778,1.80428333,143.957836
OTTAWA INTL A,2024-06-21 13:00,2024,6,21,13:00,20.9,13.6,63,10,17,215.184601,,,21.8916,60.52688333,13.89676667,0.016666667,0.45,110.7,47.35,,0.9916,4.705555555,2.47311667,167.834601
OTTAWA INTL A,2024-06-21 14:00,2024,6,21,14:00,20.8,13.3,62,4,13,165.1017915,,,22.32693333,55.304,12.94523333,0.008333333,0.341666667,82.98333333,36.28333333,,1.52693333,3.602777778,6.696,128.8184582
OTTAWA INTL A,2024-06-21 15:00,2024,6,21,15:00,21.3,14.3,64,6,15,143.2640331,,,22.00641667,59.23465,13.7023,0,0.05,72,29.25,,0.70641667,4.166666667,4.76535,114.0140331
OTTAWA INTL A,2024-06-21 16:00,2024,6,21,16:00,21.5,13.7,61,7,10,139.6551157,,,21.64423333,62.87263333,14.27881667,0.008333333,0.3,48.88333333,29.01666667,,0.14423333,2.769444445,1.87263333,110.638449
OTTAWA INTL A,2024-06-21 17:00,2024,6,21,17:00,21.1,14.1,64,4,14,84.9331882,,,21.1545,61.86366667,13.57201667,0.016666667,0.45,54.45,18.55,,0.0545,3.872222222,2.13633333,66.3831882
OTTAWA INTL A,2024-06-21 18:00,2024,6,21,18:00,20.6,13.9,65,6,8,101.5970002,,,20.97756667,62.20523333,13.4882,0,0.241666667,44.66666667,19.68333333,,0.37756667,2.222222222,2.79476667,81.91366687
OTTAWA INTL A,2024-06-21 19:00,2024,6,21,19:00,19.8,14.3,70,4,13,77.0053937,,,20.63336667,63.5794,13.50066667,0,0.283333333,42.16666667,13.76666667,,0.83336667,3.611111111,6.4206,63.23872703
OTTAWA INTL A,2024-06-21 20:00,2024,6,21,20:00,19.4,13.7,69,6,10,23.09286322,,,20.10493333,65.20745,13.38641667,0.008333333,0.35,78.21666667,4.85,,0.70493333,2.769444445,3.79255,18.24286322
OTTAWA INTL A,2024-06-21 21:00,2024,6,21,21:00,18.9,13.2,69,4,13,1.995238367,,,19.41441667,68.57831667,13.5035,0,0.116666667,26.95,1,,0.51441667,3.611111111,0.42168333,0.995238367
OTTAWA INTL A,2024-06-21 22:00,2024,6,21,22:00,18,14,77,5,13,1.8235743,,,18.96008333,73.38738333,14.10796667,0,0.066666667,31.51666667,1,,0.96008333,3.611111111,3.61261667,0.8235743
OTTAWA INTL A,2024-06-21 23:00,2024,6,21,23:00,18.1,14.1,78,4,12,1.762416717,,,18.58295,77.58881667,14.60958333,0,0.325,31,1,,0.48295,3.333333333,0.41118333,0.762416717
OTTAWA INTL A,2024-06-22 0:00,2024,6,22,0:00,18.4,15.1,81,4,13,1.63130795,,,18.26401667,77.72776667,14.32836667,0,0.233333333,27.4,1,,0.13598333,3.611111111,3.27223333,0.63130795
OTTAWA INTL A,2024-06-22 1:00,2024,6,22,1:00,17.7,15.3,85,5,9,1.672580133,,,18.05768333,77.85196667,14.15206667,0,0.058333333,24.55,1,,0.35768333,2.5,7.14803333,0.672580133
OTTAWA INTL A,2024-06-22 2:00,2024,6,22,2:00,18.2,14.4,78,2,13,1.64946315,,,17.98985,76.92263333,13.90006667,0.025,0.325,14.95,1,,0.21015,3.586111111,1.07736667,0.64946315
OTTAWA INTL A,2024-06-22 3:00,2024,6,22,3:00,17.1,16.4,96,3,11,1.648945933,,,18.09843333,74.14238333,13.43968333,0,0.016666667,13,1,,0.99843333,3.055555556,21.85761667,0.648945933
OTTAWA INTL A,2024-06-22 4:00,2024,6,22,4:00,17.3,15.5,89,12,7,2.009000917,,,18.13001667,76.84035,14.01495,0,0.15,13,1,,0.83001667,1.944444444,12.15965,1.009000917
OTTAWA INTL A,2024-06-22 5:00,2024,6,22,5:00,16.6,16.2,98,13,5,10.93506762,,,17.77926667,79.88715,14.28075,0,0.058333333,13,1.483333333,,1.17926667,1.388888889,18.11285,9.451734287
OTTAWA INTL A,2024-06-22 6:00,2024,6,22,6:00,17.4,14.4,83,36,1,45.00170225,,,17.89125,80.30058333,14.46916667,0,0.1,13.18333333,8.1,,0.49125,0.277777778,2.69941667,36.90170225
OTTAWA INTL A,2024-06-22 7:00,2024,6,22,7:00,18,14.9,82,0,1,127.4549435,,,18.33448333,78.0634,14.45571667,0.008333333,0.141666667,13,25.21666667,,0.33448333,0.269444445,3.9366,102.2382768
OTTAWA INTL A,2024-06-22 8:00,2024,6,22,8:00,18.7,15.7,82,33,7,106.7001559,,,18.58285,77.64233333,14.61878333,0.008333333,0.233333333,13.2,21.8,,0.11715,1.936111111,4.35766667,84.9001559
OTTAWA INTL A,2024-06-22 9:00,2024,6,22,9:00,18.6,15.3,81,36,10,153.0430975,,,18.55753333,82.15595,15.47493333,0.033333333,0.566666667,33,30.43333333,,0.04246667,2.744444445,1.15595,122.6097642
OTTAWA INTL A,2024-06-22 10:00,2024,6,22,10:00,19.1,15.9,81,36,7,203.9996568,,,18.71055,81.98501667,15.59031667,0.016666667,0.341666667,118.5833333,40.85,,0.38945,1.927777777,0.98501667,163.1496568
OTTAWA INTL A,2024-06-22 11:00,2024,6,22,11:00,20.2,16.1,77,1,7,298.5032702,,,19.11735,77.70523333,15.15038333,0.025,0.275,85.3,60.23333333,,1.08265,1.919444444,0.70523333,238.2699369
OTTAWA INTL A,2024-06-22 12:00,2024,6,22,12:00,20.4,16,75,6,6,430.151789,,,19.69465,76.79488333,15.5247,0.058333333,0.691666667,41.03333333,78.98333333,,0.70535,1.608333334,1.79488333,351.1684557
OTTAWA INTL A,2024-06-22 13:00,2024,6,22,13:00,21.1,15.6,71,9,4,410.9206028,,,20.53256667,70.91168333,15.09065,0.158333333,0.891666667,73.66666667,79.33333333,,0.56743333,0.952777778,0.08831667,331.5872695
OTTAWA INTL A,2024-06-22 14:00,2024,6,22,14:00,20.7,14.3,67,20,4,327.394916,,,20.9207,67.34615,14.66013333,0.041666667,0.625,292.0833333,69.45,,0.2207,1.069444444,0.34615,257.944916
OTTAWA INTL A,2024-06-22 15:00,2024,6,22,15:00,20,15.4,75,36,1,219.5197383,,,21.07275,67.40791667,14.82038333,0.008333333,0.216666667,88.63333333,47.75,,1.07275,0.269444445,7.59208333,171.7697383
OTTAWA INTL A,2024-06-22 16:00,2024,6,22,16:00,19.8,15.3,75,21,5,274.2129045,,,21.58856667,61.28778333,13.81236667,0.016666667,0.283333333,136.4833333,53.13333333,,1.78856667,1.372222222,13.71221667,221.0795712
OTTAWA INTL A,2024-06-22 17:00,2024,6,22,17:00,19.1,15.6,80,25,3,160.5009941,,,21.57028333,54.89628333,12.13165,0,0.258333333,214.5833333,33.46666667,,2.47028333,0.833333333,25.10371667,127.0343274
OTTAWA INTL A,2024-06-22 18:00,2024,6,22,18:00,18.6,16.5,88,36,1,75.86358588,,,21.04336667,60.973,13.2044,0,0.091666667,187.25,15.83333333,,2.44336667,0.277777778,27.027,60.03025255
OTTAWA INTL A,2024-06-22 19:00,2024,6,22,19:00,17.9,17.9,100,36,1,26.50130182,,,19.64136667,75.9066,15.27315,0,0.041666667,349.6833333,4.75,,1.74136667,0.277777778,24.0934,21.75130182
OTTAWA INTL A,2024-06-22 20:00,2024,6,22,20:00,17.8,17.8,100,7,6,4.810836917,,,18.44853333,82.5591,15.4249,0,0.008333333,349.9166667,1.1,,0.64853333,1.666666667,17.4409,3.710836917
OTTAWA INTL A,2024-06-22 21:00,2024,6,22,21:00,17.2,17.2,100,5,7,1.699388033,,,17.66215,89.98651667,16.01826667,0,0.008333333,350.3333333,1,,0.46215,1.944444444,10.01348333,0.699388033
OTTAWA INTL A,2024-06-22 22:00,2024,6,22,22:00,16.9,16.9,100,7,8,1.628780333,,,17.5398,91.4637,16.15416667,0,0.016666667,292.7333333,1,,0.6398,2.222222222,8.5363,0.628780333
OTTAWA INTL A,2024-06-22 23:00,2024,6,22,23:00,16.8,16.8,100,7,14,1.725186733,,,17.15986667,93.21088333,16.0733,0,0.258333333,77.21666667,1,,0.35986667,3.888888889,6.78911667,0.725186733
OTTAWA INTL A,2024-06-23 0:00,2024,6,23,0:00,16.6,16.6,100,4,12,1.396953533,,,16.88203333,94.94915,16.08773333,0,0.108333333,56.46666667,1,,0.28203333,3.333333333,5.05085,0.396953533
OTTAWA INTL A,2024-06-23 1:00,2024,6,23,1:00,16.8,16.8,100,7,14,2.01430345,,,16.99151667,96.71353333,16.4866,0,0.35,48.46666667,1,,0.19151667,3.888888889,3.28646667,1.01430345
OTTAWA INTL A,2024-06-23 2:00,2024,6,23,2:00,17,17,100,5,16,1.582245017,,,16.72331667,97.30206667,16.31448333,0.083333333,0.816666667,59.16666667,1,,0.27668333,4.361111111,2.69793333,0.582245017
OTTAWA INTL A,2024-06-23 3:00,2024,6,23,3:00,16.9,16.9,100,5,10,1.518323267,,,16.59066667,97.80905,16.2637,0.091666667,0.958333333,65.83333333,1,,0.30933333,2.686111111,2.19095,0.518323267
OTTAWA INTL A,2024-06-23 4:00,2024,6,23,4:00,17.2,17.2,100,11,20,1.402968467,,,17.12481667,98.55166667,16.91666667,0.025,0.525,107.3666667,1,,0.07518333,5.530555556,1.44833333,0.402968467
OTTAWA INTL A,2024-06-23 5:00,2024,6,23,5:00,18,18,100,12,19,2.8283286,,,17.89051667,98.33845,17.64761667,0.175,1.258333333,143.2333333,1,,0.10948333,5.102777778,1.66155,1.8283286
OTTAWA INTL A,2024-06-23 6:00,2024,6,23,6:00,18.6,18.6,100,13,16,7.973311983,,,18.44198333,98.2157,18.17905,0.15,1.191666667,150.75,1.083333333,,0.15801667,4.294444444,1.7843,6.88997865
OTTAWA INTL A,2024-06-23 7:00,2024,6,23,7:00,19.3,19.3,100,15,10,12.84134907,,,18.94431667,97.44228333,18.5543,0.591666667,1.6,214.2333333,1.85,,0.35568333,2.186111111,2.55771667,10.99134907
OTTAWA INTL A,2024-06-23 8:00,2024,6,23,8:00,19.6,19.6,100,22,5,35.02263787,,,19.32928333,97.9573,19.02336667,0,0.2,189.7333333,5.95,,0.27071667,1.388888889,2.0427,29.07263787
OTTAWA INTL A,2024-06-23 9:00,2024,6,23,9:00,20.5,20.5,100,17,10,49.45717348,,,20.10783333,97.92585,19.79595,0,0.1,217.45,8.6,,0.39216667,2.777777778,2.07415,40.85717348
OTTAWA INTL A,2024-06-23 10:00,2024,6,23,10:00,21.8,21.8,100,18,10,71.34026428,,,21.04805,97.09946667,20.59733333,0.008333333,0.316666667,206.7666667,13.68333333,,0.75195,2.769444445,2.90053333,57.65693095
OTTAWA INTL A,2024-06-23 11:00,2024,6,23,11:00,22.6,22.6,100,21,11,49.1707605,,,21.62423333,97.5191,21.24278333,0,0.108333333,194.6333333,8.6,,0.97576667,3.055555556,2.4809,40.5707605
OTTAWA INTL A,2024-06-23 12:00,2024,6,23,12:00,22.6,22.6,100,20,12,43.04438555,,,21.88298333,95.37006667,21.13461667,0.5,1.808333333,200.7333333,6.433333333,,0.71701667,2.833333333,4.62993333,36.61105222
OTTAWA INTL A,2024-06-23 13:00,2024,6,23,13:00,24.3,24.3,100,20,17,309.1207208,,,22.64655,94.86756667,21.80711667,0.308333333,1.45,204.0666667,50.43333333,,1.65345,4.413888889,5.13243333,258.6873875
OTTAWA INTL A,2024-06-23 14:00,2024,6,23,14:00,26,22.6,81,21,28,312.318968,,,24.40178333,88.13301667,22.32783333,0.825,2.275,203.6333333,49.55,,1.59821667,6.952777778,7.13301667,262.768968
OTTAWA INTL A,2024-06-23 15:00,2024,6,23,15:00,25.5,21.6,79,22,21,183.7926449,,,25.47908333,80.234,21.84878333,1.116666667,2.783333333,202.3,39.73333333,,0.02091667,4.716666666,1.234,144.0593116
OTTAWA INTL A,2024-06-23 16:00,2024,6,23,16:00,24.5,23.4,94,22,13,214.8707392,,,23.25071667,85.70268333,20.73666667,0.425,1.508333333,197.7333333,31.41666667,,1.24928333,3.186111111,8.29731667,183.4540725
OTTAWA INTL A,2024-06-23 17:00,2024,6,23,17:00,26.2,20.9,72,22,30,254.116132,,,24.5951,84.42958333,21.81328333,0.075,1.108333333,197.2833333,39.43333333,,1.6049,8.258333333,12.42958333,214.6827987
OTTAWA INTL A,2024-06-23 18:00,2024,6,23,18:00,24.7,20.9,79,27,28,35.8984459,,,23.9731,83.66748333,20.98543333,1.166666667,3.091666667,248.0833333,5.566666667,,0.7269,6.611111111,4.66748333,30.33177923
OTTAWA INTL A,2024-06-23 19:00,2024,6,23,19:00,23.1,18.7,76,26,27,37.15500108,,,22.18613333,91.19556667,20.706,0.158333333,1.041666667,280.2166667,6.45,,0.91386667,7.341666667,15.19556667,30.70500108
OTTAWA INTL A,2024-06-23 20:00,2024,6,23,20:00,21.9,19,83,26,10,20.21608532,,,22.11533333,84.90463333,19.48086667,0.2,1.25,273.8166667,2.983333333,,0.21533333,2.577777778,1.90463333,17.23275199
OTTAWA INTL A,2024-06-23 21:00,2024,6,23,21:00,21.7,18.4,81,26,18,2.550267717,,,21.33931667,86.7467,19.06263333,0.291666667,1.333333333,277.4166667,1,,0.36068333,4.708333333,5.7467,1.550267717
OTTAWA INTL A,2024-06-23 22:00,2024,6,23,22:00,19.9,19.8,99,25,17,2.007196017,,,20.15856667,93.22365,19.05006667,0.016666667,0.3,124.2666667,1,,0.25856667,4.705555555,5.77635,1.007196017
OTTAWA INTL A,2024-06-23 23:00,2024,6,23,23:00,17.3,17.3,100,35,21,2.855701617,,,17.78251667,95.75931667,17.11858333,0.433333333,1.666666667,214.2666667,1,,0.48251667,5.4,4.24068333,1.855701617
OTTAWA INTL A,2024-06-24 0:00,2024,6,24,0:00,16.2,16.2,100,1,19,1.704844383,,,16.27618333,96.64851667,15.76183333,0.483333333,1.8,94.15,1,,0.07618333,4.794444445,3.35148333,0.704844383
OTTAWA INTL A,2024-06-24 1:00,2024,6,24,1:00,15.7,15.7,100,35,18,1.678699117,,,15.735,98.35948333,15.4965,0.408333333,1.608333333,172.9166667,1,,0.035,4.591666667,1.64051667,0.678699117
OTTAWA INTL A,2024-06-24 2:00,2024,6,24,2:00,15.3,15.3,100,34,23,1.654022067,,,15.47126667,98.59635,15.27041667,0.708333333,2.025,184.7333333,1,,0.17126667,5.680555556,1.40365,0.654022067
OTTAWA INTL A,2024-06-24 3:00,2024,6,24,3:00,15.1,15.1,100,35,27,1.792369267,,,15.2574,98.48508333,15.03911667,1.108333333,2.716666667,114.7333333,1,,0.1574,6.391666667,1.51491667,0.792369267
OTTAWA INTL A,2024-06-24 4:00,2024,6,24,4:00,14.8,14.8,100,35,28,1.817432467,,,15.03573333,97.36771667,14.6403,1.925,3.958333333,92.85,1,,0.23573333,5.852777778,2.63228333,0.817432467
OTTAWA INTL A,2024-06-24 5:00,2024,6,24,5:00,14.6,14.6,100,1,32,4.29389555,,,14.8142,96.35981667,14.25805,1.65,3.758333333,33.6,1,,0.2142,7.238888889,3.64018333,3.29389555
OTTAWA INTL A,2024-06-24 6:00,2024,6,24,6:00,14.8,14.8,100,36,30,8.633721833,,,15.0022,93.76443333,14.02241667,1.575,3.591666667,30.9,1,,0.2022,6.758333333,6.23556667,7.633721833
OTTAWA INTL A,2024-06-24 7:00,2024,6,24,7:00,15.2,15.2,100,35,21,27.5226652,,,15.25238333,91.73973333,13.93428333,1.208333333,3.168333333,67.83333333,4.8,,0.05238333,4.625,8.26026667,22.7226652
OTTAWA INTL A,2024-06-24 8:00,2024,6,24,8:00,15.2,15.2,100,36,22,38.5532037,,,15.39575,90.83231667,13.92253333,1.241666667,2.808333333,116.15,6.833333333,,0.19575,4.869444444,9.16768333,31.71987037
OTTAWA INTL A,2024-06-24 9:00,2024,6,24,9:00,16.1,16,100,32,18,95.74869495,,,15.57053333,91.12598333,14.14518333,0.825,2.433333333,273.6166667,17.35,,0.52946667,4.175,8.87401667,78.39869495
OTTAWA INTL A,2024-06-24 10:00,2024,6,24,10:00,16.8,16.8,100,34,12,160.9798943,,,16.27083333,92.30176667,15.03896667,0.416666667,1.358333333,200.7,31.05,,0.52916667,2.916666666,7.69823333,129.9298943
OTTAWA INTL A,2024-06-24 11:00,2024,6,24,11:00,19.2,17.4,89,32,17,500.994085,,,18.11178333,87.86763333,16.07935,0.366666667,1.7,263.8333333,90.08333333,,1.08821667,4.355555555,1.13236667,410.9107517
OTTAWA INTL A,2024-06-24 12:00,2024,6,24,12:00,23,17.3,70,35,21,990.698398,,,21.84655,69.55255,15.94175,1.05,2.6,218.0166667,122.2666667,,1.15345,4.783333333,0.44745,868.4317313
OTTAWA INTL A,2024-06-24 13:00,2024,6,24,13:00,24.4,14.4,53,34,22,890.7081663,,,23.13695,56.90035,14.13781667,1.841666667,3.851666667,250.5666667,183.8333333,,1.26305,4.269444444,3.90035,706.874833
OTTAWA INTL A,2024-06-24 14:00,2024,6,24,14:00,24.9,11.8,44,34,32,919.6097565,,,24.21761667,51.08585,13.48045,1.508333333,3.35,255.55,111.1333333,,0.68238333,7.380555556,7.08585,808.4764232
OTTAWA INTL A,2024-06-24 15:00,2024,6,24,15:00,24.5,13.4,49,34,19,570.1577088,,,23.96955,51.45276667,13.36215,1.275,2.866666667,272.8166667,78.7,,0.53045,4.002777778,2.45276667,491.4577088
OTTAWA INTL A,2024-06-24 16:00,2024,6,24,16:00,26,12.8,43,33,14,661.4704145,,,25.31746667,48.9263,13.82746667,0.366666667,1.541666667,184.2,106.4333333,,0.68253333,3.522222222,5.9263,555.0370812
OTTAWA INTL A,2024-06-24 17:00,2024,6,24,17:00,26.2,13.4,44,27,11,490.5864373,,,26.39743333,46.04925,13.86076667,0.225,1.116666667,276.35,56.53333333,,0.19743333,2.830555556,2.04925,434.053104
OTTAWA INTL A,2024-06-24 18:00,2024,6,24,18:00,26.3,13.4,45,27,14,328.7604657,,,27.11951667,41.29123333,12.85365,0.366666667,1.525,325.0666667,53.05,,0.81951667,3.522222222,3.70876667,275.7104657
OTTAWA INTL A,2024-06-24 19:00,2024,6,24,19:00,23.6,15.9,62,26,9,137.13736,,,26.81356667,41.72783333,12.74308333,0.366666667,1.55,328.6333333,45.6,,3.21356667,2.133333333,20.27216667,91.53736
OTTAWA INTL A,2024-06-24 20:00,2024,6,24,20:00,21.7,15,65,25,10,25.24052978,,,25.46836667,46.20336667,13.07405,0.366666667,1.416666667,328.8833333,14.88333333,,3.76836667,2.411111111,18.79663333,10.35719645
OTTAWA INTL A,2024-06-24 21:00,2024,6,24,21:00,19.8,14.5,71,27,13,2.37440175,,,23.62001667,52.6982,13.39021667,0,0.166666667,329.45,1,,3.82001667,3.611111111,18.3018,1.37440175
OTTAWA INTL A,2024-06-24 22:00,2024,6,24,22:00,19.5,14.7,74,27,13,2.10120115,,,22.36063333,57.49323333,13.57693333,0.091666667,0.866666667,291.9,1,,2.86063333,3.519444444,16.50676667,1.10120115
OTTAWA INTL A,2024-06-24 23:00,2024,6,24,23:00,19.1,14.9,76,28,13,1.600466583,,,21.75216667,58.74755,13.3396,0.091666667,1.058333333,286.0833333,1,,2.65216667,3.519444444,17.25245,0.600466583
OTTAWA INTL A,2024-06-25 0:00,2024,6,25,0:00,18.7,14.7,77,28,13,1.664618833,,,21.28965,60.22228333,13.28695,0.191666667,1.175,276.7166667,1,,2.58965,3.419444444,16.77771667,0.664618833
OTTAWA INTL A,2024-06-25 1:00,2024,6,25,1:00,18.8,14.6,76,29,16,1.751147,,,20.9837,59.96248333,12.9325,0.25,1.375,315.7833333,1,,2.1837,4.194444444,16.03751667,0.751147
OTTAWA INTL A,2024-06-25 2:00,2024,6,25,2:00,18.4,14.1,75,29,14,1.65722505,,,19.922,63.48856667,12.78946667,0.066666667,0.375,137.9166667,1,,1.522,3.822222222,11.51143333,0.65722505
OTTAWA INTL A,2024-06-25 3:00,2024,6,25,3:00,18.1,13.8,75,29,16,1.629195783,,,19.54456667,65.33625,12.88215,0,0.175,179.45,1,,1.44456667,4.444444444,9.66375,0.629195783
OTTAWA INTL A,2024-06-25 4:00,2024,6,25,4:00,17,14.1,83,27,14,2.09914075,,,18.905,69.15313333,13.13311667,0,0.1,113.2666667,1,,1.905,3.888888889,13.84686667,1.09914075
OTTAWA INTL A,2024-06-25 5:00,2024,6,25,5:00,16.4,13.9,85,27,6,16.63419952,,,17.82253333,74.35043333,13.21638333,0,0,20.7,4.416666667,,1.42253333,1.666666667,10.64956667,12.21753285
OTTAWA INTL A,2024-06-25 6:00,2024,6,25,6:00,17.9,14.8,82,27,16,132.3392607,,,18.99436667,72.02706667,13.84488333,0.016666667,0.233333333,140.6666667,89.9,,1.09436667,4.427777777,9.97293333,42.4392607
OTTAWA INTL A,2024-06-25 7:00,2024,6,25,7:00,20.4,14.7,69,27,16,311.5020795,,,20.78593333,66.7212,14.38826667,0.033333333,0.55,162.3833333,179.95,,0.38593333,4.411111111,2.2788,131.5520795
OTTAWA INTL A,2024-06-25 8:00,2024,6,25,8:00,22,15.1,64,25,13,469.7510695,,,22.14293333,61.97563333,14.52288333,0.025,0.625,156.2666667,142.8166667,,0.14293333,3.586111111,2.02436667,326.9344028
OTTAWA INTL A,2024-06-25 9:00,2024,6,25,9:00,24.1,13.8,52,26,12,658.642235,,,23.70073333,53.81425,13.79156667,0.241666667,1.175,173,142.4,,0.39926667,3.091666666,1.81425,516.242235
OTTAWA INTL A,2024-06-25 10:00,2024,6,25,10:00,25.5,12.6,44,22,22,786.6541668,,,25.2243,46.0915,12.8074,0.225,1.333333333,162.4833333,137.9166667,,0.2757,5.886111111,2.0915,648.7375001
OTTAWA INTL A,2024-06-25 11:00,2024,6,25,11:00,25.8,13.4,46,23,26,832.8190242,,,26.30955,41.16243333,12.0657,0.291666667,1.516666667,179.5,379.3666667,,0.50955,6.930555555,4.83756667,453.4523575
OTTAWA INTL A,2024-06-25 12:00,2024,6,25,12:00,26.1,13,44,23,22,706.1796388,,,26.87715,40.4043,12.29821667,0.4,1.65,163.4333333,88.03333333,,0.77715,5.711111111,3.5957,618.1463055
OTTAWA INTL A,2024-06-25 13:00,2024,6,25,13:00,27.1,13.8,43,23,29,693.663291,,,26.90476667,42.8073,13.20301667,0.825,2.15,169.7333333,104.2333333,,0.19523333,7.230555556,0.1927,589.4299577
OTTAWA INTL A,2024-06-25 14:00,2024,6,25,14:00,26.8,15.8,50,22,27,793.60476,,,27.47021667,41.17933333,13.12158333,1.725,3.433333333,192.45,126.3166667,,0.67021667,5.775,8.82066667,667.2880933
OTTAWA INTL A,2024-06-25 15:00,2024,6,25,15:00,25,13.7,49,21,22,365.4872935,,,26.69846667,45.8921,14.09575,1.725,3.525,194.35,67.61666667,,1.69846667,4.386111111,3.1079,297.8706268
OTTAWA INTL A,2024-06-25 16:00,2024,6,25,16:00,24.1,14.4,54,22,22,175.0050253,,,25.67781667,45.7602,13.1188,1.766666667,3.466666667,195.5833333,41.91666667,,1.57781667,4.344444444,8.2398,133.0883586
OTTAWA INTL A,2024-06-25 17:00,2024,6,25,17:00,22.5,17.5,73,19,11,130.3254303,,,24.22656667,54.42766667,14.44653333,1.416666667,2.908333333,200.2666667,27.46666667,,1.72656667,1.638888889,18.57233333,102.8587636
OTTAWA INTL A,2024-06-25 18:00,2024,6,25,18:00,22.4,16.3,68,17,12,130.220567,,,23.53416667,59.0656,15.08838333,0.633333333,1.833333333,199.15,25.91666667,,1.13416667,2.7,8.9344,104.3039003
OTTAWA INTL A,2024-06-25 19:00,2024,6,25,19:00,21.7,16,70,20,19,28.92205142,,,23.36475,58.05131667,14.66575,0.841666667,2.208333333,205,6.433333333,,1.66475,4.436111111,11.94868333,22.48871809
OTTAWA INTL A,2024-06-25 20:00,2024,6,25,20:00,18.2,17.5,96,17,17,4.455283133,,,21.55738333,66.84111667,15.10201667,1.55,3.341666667,201.6333333,1,,3.35738333,3.172222222,29.15888333,3.455283133
OTTAWA INTL A,2024-06-25 21:00,2024,6,25,21:00,18.2,18.2,100,19,15,2.308299167,,,19.42048333,80.03926667,15.90348333,1.05,2.408333333,198.0166667,1,,1.22048333,3.116666667,19.96073333,1.308299167
OTTAWA INTL A,2024-06-25 22:00,2024,6,25,22:00,18.8,18.4,98,20,13,1.73009445,,,19.51848333,81.97101667,16.37896667,1.033333333,2.383333333,202.75,1,,0.71848333,2.577777778,16.02898333,0.73009445
OTTAWA INTL A,2024-06-25 23:00,2024,6,25,23:00,18.9,18.9,100,21,16,1.368234817,,,19.68145,83.68901667,16.86558333,1.4,3.058333333,204.1333333,1,,0.78145,3.044444444,16.31098333,0.368234817
OTTAWA INTL A,2024-06-26 0:00,2024,6,26,0:00,19.2,19.2,100,22,22,1.5293251,,,19.90833333,84.50691667,17.24166667,1.116666667,2.55,199.2,1,,0.70833333,4.994444444,15.49308333,0.5293251
OTTAWA INTL A,2024-06-26 1:00,2024,6,26,1:00,19.6,19.5,99,22,17,1.489861967,,,20.28876667,84.16511667,17.55018333,0.75,1.916666667,201.3,1,,0.68876667,3.972222222,14.83488333,0.489861967
OTTAWA INTL A,2024-06-26 2:00,2024,6,26,2:00,19.5,19.5,100,22,17,1.50020545,,,20.73163333,82.14951667,17.59898333,0.158333333,0.891666667,161.35,1,,1.23163333,4.563888889,17.85048333,0.50020545
OTTAWA INTL A,2024-06-26 3:00,2024,6,26,3:00,19.4,19.4,100,22,15,1.795104733,,,20.66583333,83.16661667,17.72916667,0.216666667,1.266666667,188.2,1,,1.26583333,3.95,16.83338333,0.795104733
OTTAWA INTL A,2024-06-26 4:00,2024,6,26,4:00,19.4,19.4,100,23,14,2.102544883,,,20.03561667,86.83773333,17.7973,0.375,1.408333333,173.95,1,,0.63561667,3.513888889,13.16226667,1.102544883
OTTAWA INTL A,2024-06-26 5:00,2024,6,26,5:00,19.2,19.2,100,24,15,15.41731982,,,19.68256667,88.8807,17.82005,0.083333333,0.891666667,160,3.866666667,,0.48256667,4.083333334,11.1193,11.55065315
OTTAWA INTL A,2024-06-26 6:00,2024,6,26,6:00,20.1,19.1,94,25,19,133.5510016,,,20.43073333,84.70055,17.7766,0.141666667,0.983333333,134.6166667,92.08333333,,0.33073333,5.136111111,9.29945,41.46766827
OTTAWA INTL A,2024-06-26 7:00,2024,6,26,7:00,21.7,17.8,78,26,23,315.1503,,,21.73898333,77.5293,17.6574,0.575,1.941666667,243.7833333,210.85,,0.03898333,5.813888889,0.4707,104.3003
OTTAWA INTL A,2024-06-26 8:00,2024,6,26,8:00,22.7,17.2,71,28,24,477.5789832,,,22.39841667,73.15751667,17.37285,0.975,2.416666667,259.55,140.7333333,,0.30158333,5.691666667,2.15751667,336.8456499
OTTAWA INTL A,2024-06-26 9:00,2024,6,26,9:00,23.6,16.2,63,28,27,642.8110465,,,23.28361667,67.86118333,17.0289,0.916666667,2.441666667,262.1,135.85,,0.31638333,6.583333333,4.86118333,506.9610465
OTTAWA INTL A,2024-06-26 10:00,2024,6,26,10:00,25.1,15.6,55,28,25,775.9841923,,,24.32491667,61.71765,16.51008333,0.783333333,2.241666667,194.1166667,142.8333333,,0.77508333,6.161111111,6.71765,633.150859
OTTAWA INTL A,2024-06-26 11:00,2024,6,26,11:00,25.5,14.7,51,27,26,798.6692598,,,25.25213333,51.91385,14.67003333,1.425,3.508333333,231.6,279.7,,0.24786667,5.797222222,0.91385,518.9692598
OTTAWA INTL A,2024-06-26 12:00,2024,6,26,12:00,26.3,14.6,48,30,26,752.0549993,,,25.43168333,52.90731667,15.14566667,1.65,3.5,293.8,113.0833333,,0.86831667,5.572222222,4.90731667,638.971666
OTTAWA INTL A,2024-06-26 13:00,2024,6,26,13:00,26.3,15.3,50,26,24,837.981009,,,25.75011667,49.81221667,14.49718333,1.991666667,3.866666667,300.7166667,156.3833333,,0.54988333,4.675,0.18778333,681.5976757
OTTAWA INTL A,2024-06-26 14:00,2024,6,26,14:00,26.5,13.6,44,28,21,678.8522897,,,25.6586,51.27788333,14.86633333,1.883333333,3.75,330.9166667,94.23333333,,0.8414,3.95,7.27788333,584.6189564
OTTAWA INTL A,2024-06-26 15:00,2024,6,26,15:00,24.7,15.3,55,31,18,349.3802195,,,25.07235,51.20748333,14.30531667,1.808333333,3.583333333,337.5833333,63.23333333,,0.37235,3.191666667,3.79251667,286.1468862
OTTAWA INTL A,2024-06-26 16:00,2024,6,26,16:00,23.5,15.4,60,31,16,210.1835102,,,24.61335,52.2152,14.18666667,1.316666667,2.85,328.2666667,47.21666667,,1.11335,3.127777777,7.7848,162.9668435
OTTAWA INTL A,2024-06-26 17:00,2024,6,26,17:00,23.4,14.9,58,28,14,92.33308752,,,24.01243333,54.96003333,14.40931667,0.716666667,1.925,295.2833333,20.61666667,,0.61243333,3.172222222,3.03996667,71.71642085
OTTAWA INTL A,2024-06-26 18:00,2024,6,26,18:00,21.1,16.9,76,27,6,100.2697894,,,22.87896667,62.9763,15.47463333,0.283333333,1.166666667,112.7833333,20.1,,1.77896667,1.383333334,13.0237,80.1697894
OTTAWA INTL A,2024-06-26 19:00,2024,6,26,19:00,19.9,19.6,98,27,4,48.90866873,,,22.01883333,65.54666667,15.28503333,0.05,0.683333333,251.8166667,9.933333333,,2.11883333,1.061111111,32.45333333,38.9753354
OTTAWA INTL A,2024-06-26 20:00,2024,6,26,20:00,18.5,18.2,98,32,23,8.88432155,,,21.1377,71.4426,15.78076667,0.183333333,1.041666667,239.85,1.416666667,,2.6377,6.205555556,26.5574,7.467654883
OTTAWA INTL A,2024-06-26 21:00,2024,6,26,21:00,16.7,16.7,100,20,5,2.329839517,,,17.66678333,89.56688333,15.93833333,0.516666667,1.366666667,322.4166667,1,,0.96678333,0.872222222,10.43311667,1.329839517
OTTAWA INTL A,2024-06-26 22:00,2024,6,26,22:00,16.6,16.6,100,28,10,1.6659048,,,16.93106667,93.26006667,15.85458333,0.341666667,1.158333333,302.65,1,,0.33106667,2.436111111,6.73993333,0.6659048
OTTAWA INTL A,2024-06-26 23:00,2024,6,26,23:00,16.4,16.4,100,30,12,2.0680377,,,16.6118,92.52461667,15.41473333,0.516666667,1.616666667,223.1166667,1,,0.2118,2.816666666,7.47538333,1.0680377
OTTAWA INTL A,2024-06-27 0:00,2024,6,27,0:00,14.8,14.8,100,31,12,1.872392283,,,15.3128,92.75323333,14.1644,0.333333333,1.383333333,263.2166667,1,,0.5128,3,7.24676667,0.872392283
OTTAWA INTL A,2024-06-27 1:00,2024,6,27,1:00,14.5,14.5,100,31,15,1.534559133,,,14.79566667,92.56266667,13.6194,0.441666667,1.5,281.7,1,,0.29566667,3.725,7.43733333,0.534559133
OTTAWA INTL A,2024-06-27 2:00,2024,6,27,2:00,14.6,12.6,88,33,23,1.9226493,,,14.4434,91.12198333,13.02968333,0.45,1.5,300.4833333,1,,0.1566,5.938888889,3.12198333,0.9226493
OTTAWA INTL A,2024-06-27 3:00,2024,6,27,3:00,13.7,13.3,97,33,16,1.903646933,,,14.11385,89.1811,12.3744,0.166666667,1.191666667,317.3333333,1,,0.41385,4.277777777,7.8189,0.903646933
OTTAWA INTL A,2024-06-27 4:00,2024,6,27,4:00,13.5,13.4,100,29,10,1.49446485,,,13.7418,90.62356667,12.25126667,0.208333333,1.191666667,244.2,1,,0.2418,2.569444445,9.37643333,0.49446485
OTTAWA INTL A,2024-06-27 5:00,2024,6,27,5:00,12.9,10.7,86,32,17,14.02722205,,,13.25561667,89.2831,11.54415,0.583333333,1.983333333,339.6,3.233333333,,0.35561667,4.138888889,3.2831,10.79388872
OTTAWA INTL A,2024-06-27 6:00,2024,6,27,6:00,13.4,10.1,81,32,21,131.7681707,,,13.05855,84.27185,10.4748,0.491666667,1.991666667,335.5833333,89.66666667,,0.34145,5.341666666,3.27185,42.10150403
OTTAWA INTL A,2024-06-27 7:00,2024,6,27,7:00,14.4,10.1,75,31,17,317.7783835,,,13.6642,80.2658,10.34003333,0.791666667,2.291666667,329.2833333,183.2833333,,0.7358,3.930555555,5.2658,134.4950502
OTTAWA INTL A,2024-06-27 8:00,2024,6,27,8:00,14.3,10.4,77,31,22,417.5642545,,,13.5337,78.36536667,9.853933333,1.208333333,2.825,330.4666667,92.38333333,,0.7663,4.902777778,1.36536667,325.1809212
OTTAWA INTL A,2024-06-27 9:00,2024,6,27,9:00,15.1,8.6,65,29,25,556.2709627,,,14.44946667,71.13945,9.289133333,1.383333333,3.091666667,343.35,124.6333333,,0.65053333,5.561111111,6.13945,431.6376294
OTTAWA INTL A,2024-06-27 10:00,2024,6,27,10:00,15.6,6.2,53,31,24,524.6789862,,,14.985,60.91086667,7.4891,1.5,3.366666667,331.0333333,94.61666667,,0.615,5.166666667,7.91086667,430.0623195
OTTAWA INTL A,2024-06-27 11:00,2024,6,27,11:00,17.7,5.8,45,31,31,800.4137295,,,16.31186667,50.93635,6.1215,1.716666667,3.583333333,311.8333333,157.4,,1.38813333,6.894444444,5.93635,643.0137295
OTTAWA INTL A,2024-06-27 12:00,2024,6,27,12:00,17.9,5.2,43,32,29,770.5297912,,,16.9636,45.46733333,5.1088,2.033333333,4.025,331.7166667,105.9333333,,0.9364,6.022222223,2.46733333,664.5964579
OTTAWA INTL A,2024-06-27 13:00,2024,6,27,13:00,18.8,5.2,40,30,29,843.9702872,,,17.5612,42.5412,4.692633333,2.033333333,4.008333333,324.2666667,138.2333333,,1.2388,6.022222223,2.5412,705.7369539
OTTAWA INTL A,2024-06-27 14:00,2024,6,27,14:00,18.3,5.5,43,30,37,508.7976072,,,17.65343333,41.2947,4.349133333,2.15,4.241666667,323,103.6166667,,0.64656667,8.127777778,1.7053,405.1809405
OTTAWA INTL A,2024-06-27 15:00,2024,6,27,15:00,17.4,7,50,27,24,477.4353685,,,17.27428333,43.6789,4.8105,2.225,4.258333333,316.7666667,80.86666667,,0.12571667,4.441666667,6.3211,396.5687018
OTTAWA INTL A,2024-06-27 16:00,2024,6,27,16:00,17.9,6.6,47,26,27,376.5338935,,,17.20451667,45.21691667,5.248283333,1.608333333,3.366666667,311.9333333,67.36666667,,0.69548333,5.891666667,1.78308333,309.1672268
OTTAWA INTL A,2024-06-27 17:00,2024,6,27,17:00,17.2,6.6,49,30,29,481.624211,,,17.6088,42.88916667,4.853583333,2.058333333,3.866666667,330.1333333,60.56666667,,0.4088,5.997222223,6.11083333,421.0575443
OTTAWA INTL A,2024-06-27 18:00,2024,6,27,18:00,17.3,5.5,45,29,21,310.631129,,,17.53201667,45.74828333,5.716233333,2.133333333,4.041666667,330.0333333,55.16666667,,0.23201667,3.7,0.74828333,255.4644623
OTTAWA INTL A,2024-06-27 19:00,2024,6,27,19:00,16.6,4.9,45,28,24,136.0896794,,,17.50046667,43.92698333,5.097366667,1.525,3.041666667,318.7666667,47.75,,0.90046667,5.141666667,1.07301667,88.3396794
OTTAWA INTL A,2024-06-27 20:00,2024,6,27,20:00,15.4,4.4,48,30,21,26.81985003,,,16.83603333,44.43041667,4.660166667,0.716666667,1.95,321.5,20.6,,1.43603333,5.116666666,3.56958333,6.21985003
OTTAWA INTL A,2024-06-27 21:00,2024,6,27,21:00,12.2,6.7,69,29,5,2.3144263,,,15.83288333,46.91675,4.525616667,0.541666667,1.591666667,312.5833333,1,,3.63288333,0.847222222,22.08325,1.3144263
OTTAWA INTL A,2024-06-27 22:00,2024,6,27,22:00,12.9,5.8,62,27,6,1.915045467,,,14.92848333,52.73355,5.369283333,0.108333333,0.708333333,131.7166667,1,,2.02848333,1.558333334,9.26645,0.915045467
OTTAWA INTL A,2024-06-27 23:00,2024,6,27,23:00,11.1,6.4,73,25,9,1.942223167,,,13.7718,60.6318,6.2915,0.025,0.458333333,320.4666667,1,,2.6718,2.475,12.3682,0.942223167
OTTAWA INTL A,2024-06-28 0:00,2024,6,28,0:00,10.4,6.6,77,26,10,1.896327617,,,12.8585,64.56043333,6.3508,0.066666667,0.416666667,304.5,1,,2.4585,2.711111111,12.43956667,0.896327617
OTTAWA INTL A,2024-06-28 1:00,2024,6,28,1:00,9.4,7.2,86,27,6,1.635410183,,,11.24165,73.32355,6.640816667,0,0.025,316.9666667,1,,1.84165,1.666666667,12.67645,0.635410183
OTTAWA INTL A,2024-06-28 2:00,2024,6,28,2:00,8.9,7.6,91,24,6,1.633275,,,10.59166667,79.9843,7.283466667,0,0,316.9833333,1,,1.69166667,1.666666667,11.0157,0.633275
OTTAWA INTL A,2024-06-28 3:00,2024,6,28,3:00,9.6,8.6,93,24,7,1.703824567,,,10.4706,84.92986667,8.053016667,0.008333333,0.325,317,1,,0.8706,1.936111111,8.07013333,0.703824567
OTTAWA INTL A,2024-06-28 4:00,2024,6,28,4:00,6.7,6.7,100,23,5,1.640071067,,,9.709583333,88.05306667,7.835533333,0,0,317,1,,3.009583333,1.388888889,11.94693333,0.640071067
OTTAWA INTL A,2024-06-28 5:00,2024,6,28,5:00,8.1,8.1,100,19,4,13.70301983,,,9.869,85.72586667,7.599583333,0.008333333,0.216666667,318.3333333,3.7,,1.769,1.102777778,14.27413333,10.00301983
OTTAWA INTL A,2024-06-28 6:00,2024,6,28,6:00,10.7,10.2,97,20,9,112.5490826,,,10.82561667,82.46926667,7.946583333,0,0.208333333,318.2333333,75.86666667,,0.12561667,2.5,14.53073333,36.68241593
OTTAWA INTL A,2024-06-28 7:00,2024,6,28,7:00,14.1,9.4,73,19,6,323.508948,,,14.25151667,73.532,9.5977,0,0.208333333,317.4,209.3166667,,0.15151667,1.666666667,0.532,114.1922813
OTTAWA INTL A,2024-06-28 8:00,2024,6,28,8:00,17,7.2,52,18,14,491.6983965,,,16.64693333,60.22021667,8.852616667,0.166666667,1.025,198.2,164.6,,0.35306667,3.722222222,8.22021667,327.0983965
OTTAWA INTL A,2024-06-28 9:00,2024,6,28,9:00,18.8,7,46,20,15,659.9410462,,,18.33511667,45.64786667,6.408483333,0.616666667,1.725,202.9,151.3666667,,0.46488333,3.55,0.35213333,508.5743795
OTTAWA INTL A,2024-06-28 10:00,2024,6,28,10:00,20.6,8.1,44,23,19,794.0869292,,,19.85621667,44.6277,7.450933333,0.55,1.708333333,211.8333333,143.3166667,,0.74378333,4.727777778,0.6277,650.7702625
OTTAWA INTL A,2024-06-28 11:00,2024,6,28,11:00,21.3,7.7,41,22,12,891.113413,,,21.10121667,40.19895,7.046716667,0.966666667,2.375,235.0166667,421.9166667,,0.19878333,2.366666666,0.80105,469.1967463
OTTAWA INTL A,2024-06-28 12:00,2024,6,28,12:00,21.9,6.8,37,19,13,970.0143137,,,21.99138333,36.88065,6.590416667,0.65,2.025,221.1333333,93.01666667,,0.09138333,2.961111111,0.11935,876.997647
OTTAWA INTL A,2024-06-28 13:00,2024,6,28,13:00,22.8,8.2,39,20,14,908.4612268,,,22.48031667,37.37741667,7.212633333,0.683333333,1.883333333,211.4333333,136.35,,0.31968333,3.205555556,1.62258333,772.1112268
OTTAWA INTL A,2024-06-28 14:00,2024,6,28,14:00,23.5,7.5,35,21,18,928.3975417,,,23.17135,35.0497,6.8946,0.625,1.858333333,186.9666667,94.56666667,,0.32865,4.375,0.0497,833.830875
OTTAWA INTL A,2024-06-28 15:00,2024,6,28,15:00,23.5,7.7,36,22,20,552.8738875,,,23.1692,35.86523333,7.222466667,0.65,1.875,187.9333333,66.1,,0.3308,4.905555556,0.13476667,486.7738875
OTTAWA INTL A,2024-06-28 16:00,2024,6,28,16:00,22.2,7.9,39,21,19,549.2798137,,,23.24035,35.26563333,7.04075,0.591666667,1.766666667,206.05,117.4333333,,1.04035,4.686111111,3.73436667,431.8464804
OTTAWA INTL A,2024-06-28 17:00,2024,6,28,17:00,21.7,7.4,39,21,16,255.4678618,,,22.95221667,36.63451667,7.32425,0.733333333,2.008333333,197.2833333,47.18333333,,1.25221667,3.711111111,2.36548333,208.2845285
OTTAWA INTL A,2024-06-28 18:00,2024,6,28,18:00,20.4,8.2,45,23,10,171.8711779,,,22.33818333,38.4022,7.494716667,0.766666667,2,198.8333333,31.63333333,,1.93818333,2.011111111,6.5978,140.2378446
OTTAWA INTL A,2024-06-28 19:00,2024,6,28,19:00,19.8,7,43,23,9,38.96708307,,,21.63781667,35.88041667,5.8859,0.341666667,1.341666667,198.95,8.216666667,,1.83781667,2.158333333,7.11958333,30.7504164
OTTAWA INTL A,2024-06-28 20:00,2024,6,28,20:00,19.3,7.1,45,20,5,6.0833799,,,21.197,35.53656667,5.357516667,0.166666667,0.958333333,206.0833333,1.183333333,,1.897,1.222222222,9.46343333,4.900046567
OTTAWA INTL A,2024-06-28 21:00,2024,6,28,21:00,17.1,11.5,69,13,9,1.912519767,,,20.64693333,39.19466667,6.285816667,0.033333333,0.375,210.3333333,1,,3.54693333,2.466666667,29.80533333,0.912519767
OTTAWA INTL A,2024-06-28 22:00,2024,6,28,22:00,17.7,11.1,65,11,4,2.022322567,,,19.88305,45.32723333,7.6891,0.058333333,0.416666667,142.1666667,1,,2.18305,1.052777778,19.67276667,1.022322567
OTTAWA INTL A,2024-06-28 23:00,2024,6,28,23:00,16.2,12.6,79,11,11,1.74636155,,,18.8157,51.77878333,8.7025,0,0.025,126,1,,2.6157,3.055555556,27.22121667,0.74636155
OTTAWA INTL A,2024-06-29 0:00,2024,6,29,0:00,17.1,11.6,70,11,15,1.665942,,,18.31298333,57.0957,9.68535,0,0.066666667,126.1,1,,1.21298333,4.166666667,12.9043,0.665942
OTTAWA INTL A,2024-06-29 1:00,2024,6,29,1:00,16.8,11.7,71,11,13,1.73859355,,,18.308,59.63088333,10.33423333,0.083333333,0.85,121.5166667,1,,1.508,3.527777778,11.36911667,0.73859355
OTTAWA INTL A,2024-06-29 2:00,2024,6,29,2:00,16.8,11.7,72,11,13,1.503109067,,,18.14296667,60.39086667,10.36865,0.05,0.991666667,139.95,1,,1.34296667,3.561111111,11.60913333,0.503109067
OTTAWA INTL A,2024-06-29 3:00,2024,6,29,3:00,17.8,10.6,62,14,12,1.499127483,,,18.2873,58.89365,10.12601667,0.033333333,0.75,131.55,1,,0.4873,3.3,3.10635,0.499127483
OTTAWA INTL A,2024-06-29 4:00,2024,6,29,4:00,18.2,11.3,64,18,13,1.8856787,,,18.08995,60.24845,10.27631667,0.008333333,0.575,128.7166667,1,,0.11005,3.602777778,3.75155,0.8856787
OTTAWA INTL A,2024-06-29 5:00,2024,6,29,5:00,18,14.4,79,19,15,4.12347345,,,17.86335,64.66921667,11.13323333,0.041666667,0.558333333,160.4333333,1,,0.13665,4.125,14.33078333,3.12347345
OTTAWA INTL A,2024-06-29 6:00,2024,6,29,6:00,17.3,16.9,97,19,16,23.43360345,,,18.44671667,73.5934,13.64148333,0.583333333,1.65,194.5333333,3.116666667,,1.14671667,3.861111111,23.4066,20.31693678
OTTAWA INTL A,2024-06-29 7:00,2024,6,29,7:00,16.8,16.8,100,16,16,53.99871927,,,18.01886667,85.32845,15.5319,1.258333333,2.491666667,197.0333333,10.05,,1.21886667,3.186111111,14.67155,43.94871927
OTTAWA INTL A,2024-06-29 8:00,2024,6,29,8:00,16.9,16.9,100,16,13,89.13227065,,,17.72361667,89.7888,16.04611667,1.408333333,2.675,195.6666667,18.05,,0.82361667,2.202777778,10.2112,71.08227065
OTTAWA INTL A,2024-06-29 9:00,2024,6,29,9:00,17.1,17.1,100,15,15,57.25128912,,,17.62068333,90.68085,16.09943333,0.808333333,2.008333333,192.6,11.81666667,,0.52068333,3.358333334,9.31915,45.43462245
OTTAWA INTL A,2024-06-29 10:00,2024,6,29,10:00,17.3,17.3,100,15,14,87.34308705,,,17.80538333,91.6543,16.44983333,0.366666667,1.383333333,191.9,19.31666667,,0.50538333,3.522222222,8.3457,68.02642038
OTTAWA INTL A,2024-06-29 11:00,2024,6,29,11:00,17.9,17.9,100,15,18,86.46030653,,,17.82903333,93.94646667,16.86281667,0.366666667,1.441666667,168.3,18.51666667,,0.07096667,4.633333333,6.05353333,67.94363986
OTTAWA INTL A,2024-06-29 12:00,2024,6,29,12:00,17.9,17.9,100,16,12,61.3677114,,,18.07418333,94.85343333,17.25855,0.208333333,1.058333333,167.25,11.53333333,,0.17418333,3.125,5.14656667,49.83437807
OTTAWA INTL A,2024-06-29 13:00,2024,6,29,13:00,18.3,18.3,100,16,20,59.09727168,,,18.15811667,96.16498333,17.55988333,0.141666667,1.258333333,163.3,10.33333333,,0.14188333,5.413888889,3.83501667,48.76393835
OTTAWA INTL A,2024-06-29 14:00,2024,6,29,14:00,18.7,18.7,100,17,18,82.81924737,,,18.50855,96.08916667,17.89658333,0.533333333,1.766666667,190.4833333,14.85,,0.19145,4.466666667,3.91083333,67.96924737
OTTAWA INTL A,2024-06-29 15:00,2024,6,29,15:00,19.9,19.9,100,19,20,103.1347362,,,19.33575,95.25296667,18.58111667,0.491666667,1.683333333,196.4666667,21.55,,0.56425,5.063888889,4.74703333,81.5847362
OTTAWA INTL A,2024-06-29 16:00,2024,6,29,16:00,21,21,100,22,21,59.17891032,,,20.35238333,95.38553333,19.61556667,0.733333333,2.158333333,205.4333333,12.38333333,,0.64761667,5.1,4.61446667,46.79557699
OTTAWA INTL A,2024-06-29 17:00,2024,6,29,17:00,21.3,21.3,100,21,22,41.46447617,,,21.26928333,94.48193333,20.37341667,0.766666667,2.225,204.35,7,,0.03071667,5.344444444,5.51806667,34.46447617
OTTAWA INTL A,2024-06-29 18:00,2024,6,29,18:00,22.2,22.2,100,21,23,77.62101237,,,21.88121667,92.19083333,20.58236667,1.1,2.75,204.6666667,14.95,,0.31878333,5.288888889,7.80916667,62.67101237
OTTAWA INTL A,2024-06-29 19:00,2024,6,29,19:00,21.9,21.9,100,21,16,85.29694837,,,22.45031667,90.20181667,20.79145,1.241666667,2.916666667,205.1666667,17.06666667,,0.55031667,3.202777777,9.79818333,68.2302817
OTTAWA INTL A,2024-06-29 20:00,2024,6,29,20:00,21.7,21.7,100,20,16,25.24058033,,,22.21645,90.70746667,20.65146667,1.225,2.825,205.0166667,5.733333333,,0.51645,3.219444444,9.29253333,19.507247
OTTAWA INTL A,2024-06-29 21:00,2024,6,29,21:00,21.7,21.7,100,20,11,1.736283833,,,22.05961667,91.65055,20.66425,0.958333333,2.525,205.6833333,1,,0.35961667,2.097222223,8.34945,0.736283833
OTTAWA INTL A,2024-06-29 22:00,2024,6,29,22:00,21.5,21.5,100,22,17,1.7777077,,,22.01565,92.53658333,20.777,0.45,1.708333333,204.2833333,1,,0.51565,4.272222222,7.46341667,0.7777077
OTTAWA INTL A,2024-06-29 23:00,2024,6,29,23:00,21.4,21.4,100,21,15,1.545683533,,,22.0221,93.15165,20.89155,0.233333333,1.225,202.1333333,1,,0.6221,3.933333334,6.84835,0.545683533
OTTAWA INTL A,2024-06-30 0:00,2024,6,30,0:00,21.1,21.1,100,22,13,1.535591333,,,22.0338,93.00983333,20.878,0.1,0.908333333,192.85,1,,0.9338,3.511111111,6.99016667,0.535591333
OTTAWA INTL A,2024-06-30 1:00,2024,6,30,1:00,20.9,20.9,100,23,14,1.726677767,,,21.95921667,92.33001667,20.68476667,0.058333333,1,175.8,1,,1.05921667,3.830555556,7.66998333,0.726677767
OTTAWA INTL A,2024-06-30 2:00,2024,6,30,2:00,20.3,20.3,100,22,11,1.92296915,,,21.56451667,92.89291667,20.39191667,0,0.525,137.5166667,1,,1.26451667,3.055555556,7.10708333,0.92296915
OTTAWA INTL A,2024-06-30 3:00,2024,6,30,3:00,20.1,20.1,100,23,15,1.753248733,,,21.32753333,91.33925,19.88376667,0.133333333,1.133333333,199.2666667,1,,1.22753333,4.033333334,8.66075,0.753248733
OTTAWA INTL A,2024-06-30 4:00,2024,6,30,4:00,20.1,20.1,100,22,12,1.772338583,,,20.95866667,92.1827,19.667,0.141666667,0.891666667,179.9333333,1,,0.85866667,3.191666666,7.8173,0.772338583
OTTAWA INTL A,2024-06-30 5:00,2024,6,30,5:00,19.9,19.9,100,22,12,18.47585567,,,20.63225,93.7063,19.60706667,0.016666667,0.416666667,199.4833333,3.466666667,,0.73225,3.316666666,6.2937,15.009189
OTTAWA INTL A,2024-06-30 6:00,2024,6,30,6:00,20.8,20.8,100,24,17,85.0975047,,,20.86628333,92.3225,19.59746667,0.15,1.25,185.5,36.1,,0.06628333,4.572222222,7.6775,48.9975047
OTTAWA INTL A,2024-06-30 7:00,2024,6,30,7:00,21.9,20.9,94,25,22,311.2440543,,,22.34983333,84.59063333,19.64405,0.308333333,1.508333333,210.75,172.6,,0.44983333,5.802777778,9.40936667,138.6440543
OTTAWA INTL A,2024-06-30 8:00,2024,6,30,8:00,22.9,19.4,81,27,24,396.4790969,,,22.46358333,82.48016667,19.34641667,1.083333333,2.7,288.9666667,91.63333333,,0.43641667,5.583333334,1.48016667,304.8457636
OTTAWA INTL A,2024-06-30 9:00,2024,6,30,9:00,22.7,18.1,75,30,29,615.1613572,,,22.97793333,74.69188333,18.25331667,1.708333333,3.666666667,290,121.2166667,,0.27793333,6.347222223,0.30811667,493.9446905
OTTAWA INTL A,2024-06-30 10:00,2024,6,30,10:00,23.6,17.5,68,29,19,734.8076517,,,23.52913333,66.30291667,16.89951667,1.616666667,3.516666667,288.9166667,168.5666667,,0.07086667,3.661111111,1.69708333,566.240985
OTTAWA INTL A,2024-06-30 11:00,2024,6,30,11:00,24.7,15.5,56,28,25,851.8341622,,,23.68395,59.26478333,15.27318333,2.075,4.091666667,307.95,258.9833333,,1.01605,4.869444444,3.26478333,592.8508289
OTTAWA INTL A,2024-06-30 12:00,2024,6,30,12:00,24.9,16.4,59,28,22,978.3403988,,,24.56471667,56.1655,15.27006667,1.375,3.225,217.7833333,101.2333333,,0.33528333,4.736111111,2.8345,877.1070655
OTTAWA INTL A,2024-06-30 13:00,2024,6,30,13:00,24.7,14.9,54,30,32,803.7463932,,,23.21105,58.85665,14.71075,1.9,3.825,322.0666667,198.9166667,,1.48895,6.988888889,4.85665,604.8297265
OTTAWA INTL A,2024-06-30 14:00,2024,6,30,14:00,23.7,15.4,59,30,23,404.976641,,,22.51503333,62.8455,15.09905,1.15,2.55,319.4,68.1,,1.18496667,5.238888889,3.8455,336.876641
OTTAWA INTL A,2024-06-30 15:00,2024,6,30,15:00,23.1,16.5,66,31,32,344.2297253,,,21.96203333,68.7261,15.95156667,1.775,3.35,328.3166667,59.95,,1.13796667,7.113888889,2.7261,284.2797253
OTTAWA INTL A,2024-06-30 16:00,2024,6,30,16:00,21.7,15.7,68,30,31,163.6364744,,,20.67978333,70.57645,15.14426667,1.391666667,2.858333333,330.3333333,34.83333333,,1.02021667,7.219444444,2.57645,128.8031411
OTTAWA INTL A,2024-06-30 17:00,2024,6,30,17:00,20,15.4,74,30,17,181.9887461,,,20.92388333,63.37563333,13.72235,1.366666667,3,286.35,35.41666667,,0.92388333,3.355555555,10.62436667,146.5720794
OTTAWA INTL A,2024-06-30 18:00,2024,6,30,18:00,19.5,12.6,64,32,35,342.0823887,,,20.68301667,60.49231667,12.78081667,2.083333333,4.075,244.95,57.88333333,,1.18301667,7.638888889,3.50768333,284.1990554
OTTAWA INTL A,2024-06-30 19:00,2024,6,30,19:00,18.2,11.5,65,34,33,77.53701585,,,18.50245,64.2842,11.64631667,2.225,4.458333333,248.7,19.9,,0.30245,6.941666667,0.7158,57.63701585
OTTAWA INTL A,2024-06-30 20:00,2024,6,30,20:00,16.6,11.3,71,33,18,28.22522278,,,17.60058333,66.04878333,11.19846667,1.025,2.391666667,297.8,19.05,,1.00058333,3.975,4.95121667,9.17522278
OTTAWA INTL A,2024-06-30 21:00,2024,6,30,21:00,15.5,11.7,77,31,17,2.12890625,,,16.65438333,70.53146667,11.28755,0.55,1.625,265.3833333,1,,1.15438333,4.172222222,6.46853333,1.12890625
OTTAWA INTL A,2024-06-30 22:00,2024,6,30,22:00,16.2,11.8,75,31,19,1.398421967,,,16.30308333,73.06986667,11.48608333,0.925,2.125,249.4333333,1,,0.10308333,4.352777778,1.93013333,0.398421967
OTTAWA INTL A,2024-06-30 23:00,2024,6,30,23:00,16.3,10.5,68,32,24,1.553347617,,,16.3973,70.89371667,11.11831667,0.708333333,1.908333333,287.4166667,1,,0.0973,5.958333334,2.89371667,0.553347617
OTTAWA INTL A,2024-07-01 0:00,2024,7,1,0:00,16.2,10.6,69,33,21,1.63324795,,,16.4346,65.89703333,10.05693333,0.575,1.683333333,283.5833333,1,,0.2346,5.258333333,3.10296667,0.63324795
OTTAWA INTL A,2024-07-01 1:00,2024,7,1,1:00,15.9,9.9,67,32,21,1.569124617,,,16.3249,64.1143,9.542566667,0.508333333,1.6,318.25,1,,0.4249,5.325,2.8857,0.569124617
OTTAWA INTL A,2024-07-01 2:00,2024,7,1,2:00,15.5,9.6,67,32,19,1.700538667,,,16.17106667,63.80571667,9.326883333,0.408333333,1.508333333,287.75,1,,0.67106667,4.869444445,3.19428333,0.700538667
OTTAWA INTL A,2024-07-01 3:00,2024,7,1,3:00,14.6,9,69,32,20,2.324734333,,,15.58913333,67.0565,9.510016667,0.433333333,1.516666667,294.9166667,1,,0.98913333,5.122222223,1.9435,1.324734333
OTTAWA INTL A,2024-07-01 4:00,2024,7,1,4:00,14,8.5,70,32,23,2.390997217,,,14.27226667,70.49271667,8.99435,0.833333333,1.958333333,290.4833333,1,,0.27226667,5.555555556,0.49271667,1.390997217
OTTAWA INTL A,2024-07-01 5:00,2024,7,1,5:00,13,9,76,31,16,14.37396455,,,13.55056667,72.71506667,8.760066667,0.725,1.808333333,266.45,3.316666667,,0.55056667,3.719444444,3.28493333,11.05729788
OTTAWA INTL A,2024-07-01 6:00,2024,7,1,6:00,14.2,9.1,71,32,21,165.4541346,,,14.38666667,70.99143333,9.203616667,0.516666667,1.616666667,308.1333333,84.61666667,,0.18666667,5.316666666,0.00856667,80.83746793
OTTAWA INTL A,2024-07-01 7:00,2024,7,1,7:00,16.3,9.2,63,32,21,328.1585398,,,16.00841667,65.53035,9.556183333,0.391666667,1.266666667,278.4166667,200.1666667,,0.29158333,5.441666666,2.53035,127.9918731
OTTAWA INTL A,2024-07-01 8:00,2024,7,1,8:00,17.9,8.9,55,33,16,487.4220273,,,17.68746667,57.34046667,9.157983333,0.55,1.691666667,202.4166667,183,,0.21253333,3.894444444,2.34046667,304.4220273
OTTAWA INTL A,2024-07-01 9:00,2024,7,1,9:00,19.2,9,51,32,18,656.5852497,,,18.95825,54.16643333,9.493333333,0.641666667,1.741666667,291.9166667,146.0666667,,0.24175,4.358333333,3.16643333,510.518583
OTTAWA INTL A,2024-07-01 10:00,2024,7,1,10:00,20.6,8.9,46,31,17,796.9161007,,,20.20253333,45.98583333,8.154483333,1.058333333,2.35,223.5833333,191.4666667,,0.39746667,3.663888889,0.01416667,605.449434
OTTAWA INTL A,2024-07-01 11:00,2024,7,1,11:00,22.3,8.8,42,2,26,897.1710482,,,21.276,41.60523333,7.715083333,1.366666667,2.933333333,98,382.9166667,,1.024,5.855555555,0.39476667,514.2543815
OTTAWA INTL A,2024-07-01 12:00,2024,7,1,12:00,23.4,9.3,40,1,18,969.7654045,,,21.9996,41.17746667,8.215566667,1.55,3.033333333,124.3,91.3,,1.4004,3.45,1.17746667,878.4654045
OTTAWA INTL A,2024-07-01 13:00,2024,7,1,13:00,24,8.7,37,36,18,954.0186858,,,23.12455,40.47868333,8.97055,1.033333333,2.408333333,129.7333333,150.8333333,,0.87545,3.966666667,3.47868333,803.1853525
OTTAWA INTL A,2024-07-01 14:00,2024,7,1,14:00,25,9.2,36,3,23,904.0851222,,,23.85041667,37.87883333,8.633116667,1.45,3.041666667,223.3666667,97.53333333,,1.14958333,4.938888889,1.87883333,806.5517889
OTTAWA INTL A,2024-07-01 15:00,2024,7,1,15:00,25,9.2,36,36,13,801.178006,,,24.47815,38.21241667,9.32535,1.1,2.583333333,115.8666667,77.9,,0.52185,2.511111111,2.21241667,723.278006
OTTAWA INTL A,2024-07-01 16:00,2024,7,1,16:00,25,10,38,33,10,654.1375128,,,24.83078333,37.99185,9.553733333,0.958333333,2.325,141.5833333,110.6333333,,0.16921667,1.819444445,0.00815,543.5041795
OTTAWA INTL A,2024-07-01 17:00,2024,7,1,17:00,25.1,9.8,38,1,16,499.1964128,,,24.99328333,37.13825,9.359383333,0.825,1.975,146.0166667,58.95,,0.10671667,3.619444444,0.86175,440.2464128
OTTAWA INTL A,2024-07-01 18:00,2024,7,1,18:00,24.3,9.3,38,1,15,300.9139113,,,24.74521667,37.58945,9.319566667,0.575,1.583333333,282.7,50.75,,0.44521667,3.591666667,0.41055,250.1639113
OTTAWA INTL A,2024-07-01 19:00,2024,7,1,19:00,23.4,8.3,38,35,12,149.9465982,,,24.67091667,38.28816667,9.5299,0.066666667,0.725,208.0833333,50.73333333,,1.27091667,3.266666666,0.28816667,99.21326487
OTTAWA INTL A,2024-07-01 20:00,2024,7,1,20:00,19,10.6,58,26,9,28.1514781,,,23.13983333,42.47236667,9.657766667,0,0.008333333,358,18.48333333,,4.13983333,2.5,15.52763333,9.66814477
OTTAWA INTL A,2024-07-01 21:00,2024,7,1,21:00,19.9,11.8,59,24,7,2.3649534,,,21.42973333,47.75216667,9.902183333,0,0,358,1,,1.52973333,1.944444444,11.24783333,1.3649534
OTTAWA INTL A,2024-07-01 22:00,2024,7,1,22:00,16.2,12.3,77,22,3,2.331505567,,,21.11085,55.09003333,11.73531667,0.158333333,0.541666667,161.8,1,,4.91085,0.675,21.90996667,1.331505567
OTTAWA INTL A,2024-07-01 23:00,2024,7,1,23:00,15.6,12.4,81,20,3,1.94813215,,,19.79146667,63.32475,12.63561667,0,0.183333333,10.36666667,1,,4.19146667,0.833333333,17.67525,0.94813215
OTTAWA INTL A,2024-07-02 0:00,2024,7,2,0:00,15.1,13,87,24,5,1.852565017,,,18.01495,72.6657,13.04413333,0,0,3,1,,2.91495,1.388888889,14.3343,0.852565017
OTTAWA INTL A,2024-07-02 1:00,2024,7,2,1:00,13.5,13.5,100,20,4,1.775721967,,,17.01403333,79.74861667,13.50126667,0,0,3,1,,3.51403333,1.111111111,20.25138333,0.775721967
OTTAWA INTL A,2024-07-02 2:00,2024,7,2,2:00,15.1,13.8,92,28,7,2.035231367,,,16.5071,84.75981667,13.9502,0,0.158333333,8.75,1,,1.4071,1.944444444,7.24018333,1.035231367
OTTAWA INTL A,2024-07-02 3:00,2024,7,2,3:00,15.4,12.4,82,27,7,1.7061155,,,15.37223333,86.86961667,13.21371667,0,0,3,1,,0.02776667,1.944444444,4.86961667,0.7061155
OTTAWA INTL A,2024-07-02 4:00,2024,7,2,4:00,12.6,12.6,100,24,6,1.691046867,,,14.97176667,90.62415,13.46675,0,0,2.3,1,,2.37176667,1.666666667,9.37585,0.691046867
OTTAWA INTL A,2024-07-02 5:00,2024,7,2,5:00,12.4,12.4,100,24,7,13.63614233,,,14.70328333,90.92241667,13.25021667,0,0.033333333,12.85,3.55,,2.30328333,1.944444444,9.07758333,10.08614233
OTTAWA INTL A,2024-07-02 6:00,2024,7,2,6:00,15.7,14.5,93,19,5,123.3418557,,,16.49495,84.35788333,13.85215,0.008333333,0.125,215.4,80.33333333,,0.79495,1.380555556,8.64211667,43.00852237
OTTAWA INTL A,2024-07-02 7:00,2024,7,2,7:00,18.8,14.9,78,23,4,305.9964623,,,19.6553,70.16481667,14.05301667,0,0.108333333,328.4666667,215.8333333,,0.8553,1.111111111,7.83518333,90.163129
OTTAWA INTL A,2024-07-02 8:00,2024,7,2,8:00,21.6,13.4,59,26,5,471.7791105,,,21.10081667,69.76483333,15.37113333,0.008333333,0.383333333,213.1166667,179.5666667,,0.49918333,1.380555556,10.76483333,292.2124438
OTTAWA INTL A,2024-07-02 9:00,2024,7,2,9:00,23.9,13.8,53,24,3,639.4809782,,,23.10553333,63.27851667,15.75506667,0.033333333,0.508333333,110,134.1666667,,0.79446667,0.8,10.27851667,505.3143115
OTTAWA INTL A,2024-07-02 10:00,2024,7,2,10:00,25,11.6,43,26,7,758.3692162,,,24.27941667,56.7085,15.08705,0.325,1.266666667,243.1833333,169.9166667,,0.72058333,1.619444444,13.7085,588.4525495
OTTAWA INTL A,2024-07-02 11:00,2024,7,2,11:00,25.8,11.4,40,20,7,875.6262122,,,25.90086667,41.43911667,11.7962,0.416666667,1.383333333,177.7166667,327.6333333,,0.10086667,1.527777777,1.43911667,547.9928789
OTTAWA INTL A,2024-07-02 12:00,2024,7,2,12:00,26.3,11.5,39,20,16,952.6735178,,,26.5108,37.70665,10.91618333,0.491666667,1.541666667,184.35,94.5,,0.2108,3.952777777,1.29335,858.1735178
OTTAWA INTL A,2024-07-02 13:00,2024,7,2,13:00,26.7,12.8,41,20,11,946.7325748,,,26.85355,36.7618,10.83918333,0.783333333,2.016666667,192.2666667,115.75,,0.15355,2.272222223,4.2382,830.9825748
OTTAWA INTL A,2024-07-02 14:00,2024,7,2,14:00,26.8,11.5,38,22,9,809.1626732,,,27.02443333,36.8055,11.00311667,0.733333333,1.916666667,180.85,106.3166667,,0.22443333,1.766666667,1.1945,702.8460065
OTTAWA INTL A,2024-07-02 15:00,2024,7,2,15:00,26.7,11,37,19,11,778.1233543,,,27.30323333,36.64906667,11.19488333,0.658333333,1.758333333,194.0833333,84.36666667,,0.60323333,2.397222223,0.35093333,693.7566876
OTTAWA INTL A,2024-07-02 16:00,2024,7,2,16:00,26.1,12.7,43,16,12,479.7333832,,,26.88683333,37.6634,11.24718333,0.625,1.75,194.6833333,75.7,,0.78683333,2.708333333,5.3366,404.0333832
OTTAWA INTL A,2024-07-02 17:00,2024,7,2,17:00,25.9,11.4,40,21,16,310.6728638,,,26.41455,38.68381667,11.22458333,0.533333333,1.591666667,192.2166667,45.93333333,,0.51455,3.911111111,1.31618333,264.7395305
OTTAWA INTL A,2024-07-02 18:00,2024,7,2,18:00,23.8,12.8,50,21,9,179.5595433,,,25.82553333,39.7111,11.10343333,0.225,1.15,203.15,32.95,,2.02553333,2.275,10.2889,146.6095433
OTTAWA INTL A,2024-07-02 19:00,2024,7,2,19:00,22.8,11.7,49,25,4,79.65133952,,,24.97333333,42.27036667,11.27808333,0.141666667,0.908333333,204.8833333,15.96666667,,2.17333333,0.969444444,6.72963333,63.68467285
OTTAWA INTL A,2024-07-02 20:00,2024,7,2,20:00,21.3,12.3,56,25,5,20.66117337,,,24.00353333,44.14791667,11.06608333,0.016666667,0.375,211.2,4.55,,2.70353333,1.372222222,11.85208333,16.11117337
OTTAWA INTL A,2024-07-02 21:00,2024,7,2,21:00,19.4,12.9,66,16,4,2.2374212,,,22.1397,48.29853333,10.72115,0,0,211,1,,2.7397,1.111111111,17.70146667,1.2374212
OTTAWA INTL A,2024-07-02 22:00,2024,7,2,22:00,18,14.5,80,14,7,1.808515833,,,21.2332,54.78761667,11.784,0,0,211,1,,3.2332,1.944444444,25.21238333,0.808515833
OTTAWA INTL A,2024-07-02 23:00,2024,7,2,23:00,18.7,13.4,71,14,8,1.904230567,,,20.9636,59.51766667,12.79868333,0,0.125,211,1,,2.2636,2.222222222,11.48233333,0.904230567
OTTAWA INTL A,2024-07-03 0:00,2024,7,3,0:00,18.9,13.8,72,13,5,1.707158,,,20.63948333,62.47563333,13.23716667,0,0.133333333,211,1,,1.73948333,1.388888889,9.52436667,0.707158
OTTAWA INTL A,2024-07-03 1:00,2024,7,3,1:00,17.9,14.2,79,13,13,1.83960445,,,19.4837,75.2069,14.96746667,0,0.008333333,211,1,,1.5837,3.611111111,3.7931,0.83960445
OTTAWA INTL A,2024-07-03 2:00,2024,7,3,2:00,19.1,14.5,74,15,11,1.4621319,,,19.24313333,76.62333333,15.03583333,0,0.008333333,211,1,,0.14313333,3.055555556,2.62333333,0.4621319
OTTAWA INTL A,2024-07-03 3:00,2024,7,3,3:00,19.3,14.2,72,15,15,1.779884417,,,19.52346667,70.51423333,14.03561667,0.008333333,0.266666667,210.4,1,,0.22346667,4.158333334,1.48576667,0.779884417
OTTAWA INTL A,2024-07-03 4:00,2024,7,3,4:00,18.7,14.4,76,15,10,1.549519667,,,19.60556667,69.53253333,13.89665,0,0.183333333,140.7666667,1,,0.90556667,2.777777778,6.46746667,0.549519667
OTTAWA INTL A,2024-07-03 5:00,2024,7,3,5:00,18.2,14.6,79,15,11,12.5197309,,,19.19098333,72.21551667,14.08668333,0.016666667,0.4,139.5333333,1.75,,0.99098333,3.038888889,6.78448333,10.7697309
OTTAWA INTL A,2024-07-03 6:00,2024,7,3,6:00,19.8,14.7,72,15,15,79.74937068,,,19.12595,73.23171667,14.23921667,0.025,0.35,105.9833333,14.76666667,,0.67405,4.141666667,1.23171667,64.98270401
OTTAWA INTL A,2024-07-03 7:00,2024,7,3,7:00,20.3,14.5,69,15,16,92.68058027,,,20.00211667,70.85313333,14.57011667,0.016666667,0.458333333,131.2333333,24.35,,0.29788333,4.427777777,1.85313333,68.33058027
OTTAWA INTL A,2024-07-03 8:00,2024,7,3,8:00,20.8,14.6,68,17,14,71.18608263,,,20.14933333,70.44481667,14.62278333,0.083333333,0.916666667,144.0666667,13.05,,0.65066667,3.805555556,2.44481667,58.13608263
OTTAWA INTL A,2024-07-03 9:00,2024,7,3,9:00,23.1,15.9,64,17,16,356.3107567,,,21.49545,66.57945,15.02358333,0.483333333,1.55,178.3166667,58.43333333,,1.60455,3.961111111,2.57945,297.8774234
OTTAWA INTL A,2024-07-03 10:00,2024,7,3,10:00,24.8,16,58,18,21,708.7736243,,,24.16906667,56.72401667,15.05176667,1.4,2.825,195.0333333,191,,0.63093333,4.433333333,1.27598333,517.7736243
OTTAWA INTL A,2024-07-03 11:00,2024,7,3,11:00,26.3,16.7,55,17,22,834.2078795,,,25.30978333,54.66255,15.54003333,1.616666667,3.133333333,196.5333333,176.6333333,,0.99021667,4.494444444,0.33745,657.5745462
OTTAWA INTL A,2024-07-03 12:00,2024,7,3,12:00,26.2,17.4,58,17,19,936.9270198,,,26.72271667,52.87226667,16.32508333,1.541666667,3.016666667,191.7333333,112.45,,0.52271667,3.736111111,5.12773333,824.4770198
OTTAWA INTL A,2024-07-03 13:00,2024,7,3,13:00,26.9,16.9,53,17,24,878.8302233,,,27.50813333,51.80496667,16.72983333,1.733333333,3.416666667,191.8833333,162.8166667,,0.60813333,4.933333334,1.19503333,716.0135566
OTTAWA INTL A,2024-07-03 14:00,2024,7,3,14:00,27.4,17.8,55,18,22,440.3343692,,,27.61495,51.75821667,16.81558333,1.716666667,3.3,190.9833333,85.01666667,,0.21495,4.394444444,3.24178333,355.3177025
OTTAWA INTL A,2024-07-03 15:00,2024,7,3,15:00,27.4,18.4,57,18,26,515.8750767,,,27.93031667,52.4125,17.30646667,1.966666667,3.491666667,193.8,86.31666667,,0.53031667,5.255555555,4.5875,429.55841
OTTAWA INTL A,2024-07-03 16:00,2024,7,3,16:00,27.1,19.1,61,20,22,126.0996634,,,27.64028333,55.37125,17.91043333,1.125,2.541666667,202.0333333,28.48333333,,0.54028333,4.986111111,5.62875,97.61633007
OTTAWA INTL A,2024-07-03 17:00,2024,7,3,17:00,26.6,19.7,65,18,14,64.79921412,,,27.29461667,58.5556,18.46166667,1.041666667,2.325,202.4333333,11.35,,0.69461667,2.847222222,6.4444,53.44921412
OTTAWA INTL A,2024-07-03 18:00,2024,7,3,18:00,23.5,21.1,86,20,14,37.13263873,,,25.87811667,69.02736667,19.78383333,0.466666667,1.483333333,199.9333333,7.75,,2.37811667,3.422222222,16.97263333,29.38263873
OTTAWA INTL A,2024-07-03 19:00,2024,7,3,19:00,21.6,21.6,100,18,20,44.86436732,,,24.9176,73.11978333,19.77886667,1.391666667,2.908333333,200.5833333,7.833333333,,3.3176,4.163888889,26.88021667,37.03103399
OTTAWA INTL A,2024-07-03 20:00,2024,7,3,20:00,21.9,21.9,100,18,13,14.99756438,,,22.77955,86.67206667,20.45433333,0.816666667,1.975,198.0333333,3.233333333,,0.87955,2.794444444,13.32793333,11.76423105
OTTAWA INTL A,2024-07-03 21:00,2024,7,3,21:00,22.2,22.2,100,20,14,1.2815865,,,22.80811667,87.8667,20.71718333,0.083333333,0.716666667,183.0166667,1,,0.60811667,3.805555556,12.1333,0.2815865
OTTAWA INTL A,2024-07-03 22:00,2024,7,3,22:00,22.1,22.1,100,21,15,1.61948155,,,22.88866667,87.1128,20.65635,0.058333333,0.483333333,232.05,1,,0.78866667,4.108333334,12.8872,0.61948155
OTTAWA INTL A,2024-07-03 23:00,2024,7,3,23:00,21.7,21.7,100,22,15,1.864349933,,,22.65796667,89.15916667,20.80765,0,0.341666667,228.05,1,,0.95796667,4.166666667,10.84083333,0.864349933
OTTAWA INTL A,2024-07-04 0:00,2024,7,4,0:00,21,21,100,23,9,1.928275917,,,22.33731667,90.82286667,20.79153333,0.041666667,0.675,138.9,1,,1.33731667,2.458333333,9.17713333,0.928275917
OTTAWA INTL A,2024-07-04 1:00,2024,7,4,1:00,20.7,20.7,100,23,12,1.880367733,,,21.86045,92.35098333,20.59018333,0.158333333,0.808333333,277.7166667,1,,1.16045,3.175,7.64901667,0.880367733
OTTAWA INTL A,2024-07-04 2:00,2024,7,4,2:00,19.9,19.9,100,24,16,1.73054515,,,21.06701667,92.45528333,19.82158333,0.008333333,0.291666667,205.5166667,1,,1.16701667,4.436111111,7.54471667,0.73054515
OTTAWA INTL A,2024-07-04 3:00,2024,7,4,3:00,19,19,100,25,10,1.653992983,,,20.44741667,91.22661667,18.99236667,0.008333333,0.491666667,95.36666667,1,,1.44741667,2.769444445,8.77338333,0.653992983
OTTAWA INTL A,2024-07-04 4:00,2024,7,4,4:00,18.4,18.4,100,23,9,1.879873367,,,19.97631667,90.4169,18.38358333,0.033333333,0.791666667,127.05,1,,1.57631667,2.466666667,9.5831,0.879873367
OTTAWA INTL A,2024-07-04 5:00,2024,7,4,5:00,18.7,18.7,100,28,7,20.11251795,,,19.57565,91.49026667,18.1751,0.058333333,0.741666667,113.0166667,4.65,,0.87565,1.886111111,8.50973333,15.46251795
OTTAWA INTL A,2024-07-04 6:00,2024,7,4,6:00,19.3,19.3,100,25,8,143.2793149,,,20.79275,86.64486667,18.49318333,0.058333333,0.608333333,110.3333333,86.48333333,,1.49275,2.163888889,13.35513333,56.79598157
OTTAWA INTL A,2024-07-04 7:00,2024,7,4,7:00,20.6,20.1,97,25,9,314.4817992,,,22.16891667,79.6924,18.51475,0.316666667,1.208333333,241.0833333,215.55,,1.56891667,2.183333333,17.3076,98.9317992
OTTAWA INTL A,2024-07-04 8:00,2024,7,4,8:00,22.3,19.7,85,23,8,467.0193692,,,23.09558333,75.9826,18.64461667,0.125,0.766666667,223.1,169.0666667,,0.79558333,2.097222222,9.0174,297.9527025
OTTAWA INTL A,2024-07-04 9:00,2024,7,4,9:00,24.8,21.1,80,24,9,627.9544243,,,24.26696667,71.69295,18.84896667,0.2,0.908333333,274.3833333,141.1333333,,0.53303333,2.3,8.30705,486.821091
OTTAWA INTL A,2024-07-04 10:00,2024,7,4,10:00,25.9,20.3,71,21,11,745.9997862,,,25.8431,66.73851667,19.18985,0.333333333,1.375,183.05,227.3333333,,0.0569,2.722222223,4.26148333,518.6664529
OTTAWA INTL A,2024-07-04 11:00,2024,7,4,11:00,27.2,20.7,67,21,13,858.1939352,,,27.0827,60.96931667,18.91906667,0.533333333,1.733333333,192.75,130.85,,0.1173,3.077777778,6.03068333,727.3439352
OTTAWA INTL A,2024-07-04 12:00,2024,7,4,12:00,28,18.7,56,25,20,743.5573142,,,27.89923333,57.2718,18.68213333,0.666666667,1.958333333,227.3166667,83.66666667,,0.10076667,4.888888889,1.2718,659.8906475
OTTAWA INTL A,2024-07-04 13:00,2024,7,4,13:00,29,19.1,55,23,22,523.4275475,,,28.18013333,57.68798333,19.06191667,0.475,1.866666667,163.6333333,73.63333333,,0.81986667,5.636111111,2.68798333,449.7942142
OTTAWA INTL A,2024-07-04 14:00,2024,7,4,14:00,29.4,19,53,24,17,670.8573147,,,29.06738333,54.38418333,18.94268333,0.541666667,1.783333333,187.9333333,78.61666667,,0.33261667,4.180555555,1.38418333,592.240648
OTTAWA INTL A,2024-07-04 15:00,2024,7,4,15:00,28,19.3,59,25,12,520.3929852,,,29.2972,51.46821667,18.27238333,0.408333333,1.633333333,168.5666667,69.68333333,,1.2972,2.925,7.53178333,450.7096519
OTTAWA INTL A,2024-07-04 16:00,2024,7,4,16:00,28.3,19.5,58,23,22,220.3070118,,,28.68131667,52.87988333,18.14111667,0.125,0.941666667,139.7833333,40.78333333,,0.38131667,5.986111111,5.12011667,179.5236785
OTTAWA INTL A,2024-07-04 17:00,2024,7,4,17:00,29.3,19.8,56,23,17,405.7795562,,,29.10236667,53.25511667,18.63976667,0.1,0.966666667,186.35,56.73333333,,0.19763333,4.622222222,2.74488333,349.0462229
OTTAWA INTL A,2024-07-04 18:00,2024,7,4,18:00,27.6,19.5,61,22,14,82.53565058,,,28.50785,56.2813,18.9595,0.275,0.808333333,228.2833333,18.1,,0.90785,3.613888889,4.7187,64.43565058
OTTAWA INTL A,2024-07-04 19:00,2024,7,4,19:00,26.9,20.1,66,22,10,40.35835728,,,23.6303,82.13196667,20.42513333,0.4,1.183333333,187.1666667,7.166666667,,3.2697,2.377777778,16.13196667,33.19169061
OTTAWA INTL A,2024-07-04 20:00,2024,7,4,20:00,25.3,21.8,80,20,8,9.963798883,,,24.21901667,78.0119,20.15996667,0.458333333,1.291666667,92.15,2.2,,1.08098333,1.763888889,1.9881,7.763798883
OTTAWA INTL A,2024-07-04 21:00,2024,7,4,21:00,23.6,19.8,79,3,10,3.421294683,,,22.18545,83.19268333,19.19468333,0.258333333,0.941666667,101.45,1,,1.41455,2.519444445,4.19268333,2.421294683
OTTAWA INTL A,2024-07-04 22:00,2024,7,4,22:00,21.9,20.1,89,10,12,1.6488193,,,20.83238333,94.0608,19.8638,0.041666667,0.5,157.7666667,1,,1.06761667,3.291666666,5.0608,0.6488193
OTTAWA INTL A,2024-07-04 23:00,2024,7,4,23:00,21.6,20.4,93,15,10,1.566247917,,,20.68936667,94.55485,19.80926667,0.041666667,0.283333333,123.5166667,1,,0.91063333,2.736111111,1.55485,0.566247917
OTTAWA INTL A,2024-07-05 0:00,2024,7,5,0:00,21.3,20.8,97,5,7,1.61032205,,,20.52426667,96.7086,20.00953333,0.008333333,0.191666667,26.86666667,1,,0.77573333,1.936111111,0.2914,0.61032205
OTTAWA INTL A,2024-07-05 1:00,2024,7,5,1:00,20.8,20.8,100,2,10,1.595045633,,,20.30941667,97.32636667,19.89818333,0,0.166666667,7.383333333,1,,0.49058333,2.777777778,2.67363333,0.595045633
OTTAWA INTL A,2024-07-05 2:00,2024,7,5,2:00,20.4,20.4,100,5,7,1.690217833,,,20.19405,97.64135,19.83513333,0,0.083333333,11.41666667,1,,0.20595,1.944444444,2.35865,0.690217833
OTTAWA INTL A,2024-07-05 3:00,2024,7,5,3:00,20.1,20.1,100,6,7,1.655259817,,,20.02525,97.1182,19.57993333,0.016666667,0.241666667,42.13333333,1,,0.07475,1.927777777,2.8818,0.655259817
OTTAWA INTL A,2024-07-05 4:00,2024,7,5,4:00,19.9,19.9,100,2,9,1.663212783,,,19.90265,96.81358333,19.40691667,0,0.091666667,19.45,1,,0.00265,2.5,3.18641667,0.663212783
OTTAWA INTL A,2024-07-05 5:00,2024,7,5,5:00,19.7,19.7,100,6,7,5.659216133,,,19.83266667,96.98766667,19.366,0,0.008333333,84.28333333,1,,0.13266667,1.944444444,3.01233333,4.659216133
OTTAWA INTL A,2024-07-05 6:00,2024,7,5,6:00,20.5,20.5,100,2,13,55.2395793,,,19.96843333,96.96463333,19.49701667,0,0,349.7666667,8.016666667,,0.53156667,3.611111111,3.03536667,47.22291263
OTTAWA INTL A,2024-07-05 7:00,2024,7,5,7:00,22,20.3,90,3,14,240.9240025,,,21.13096667,92.06583333,19.80148333,0.008333333,0.475,239.5666667,99.5,,0.86903333,3.880555556,2.06583333,141.4240025
OTTAWA INTL A,2024-07-05 8:00,2024,7,5,8:00,23.5,20.3,82,4,13,453.0152348,,,22.50606667,84.81891667,19.84496667,0.225,1.141666667,84.66666667,176.0666667,,0.99393333,3.386111111,2.81891667,276.9485681
OTTAWA INTL A,2024-07-05 9:00,2024,7,5,9:00,24.6,20.6,78,2,11,615.2590923,,,23.49378333,79.5644,19.77893333,0.35,1.558333333,55.53333333,138.65,,1.10621667,2.705555556,1.5644,476.6090923
OTTAWA INTL A,2024-07-05 10:00,2024,7,5,10:00,25.8,21.3,76,4,10,748.2575557,,,24.25125,76.73308333,19.92496667,0.366666667,1.525,97.35,184.0833333,,1.54875,2.411111111,0.73308333,564.1742224
OTTAWA INTL A,2024-07-05 11:00,2024,7,5,11:00,26.6,21.4,73,7,12,915.3303995,,,25.31511667,72.46561667,20.0297,0.158333333,1.191666667,66.26666667,165.7666667,,1.28488333,3.175,0.53438333,749.5637328
OTTAWA INTL A,2024-07-05 12:00,2024,7,5,12:00,27,21.1,70,12,7,835.3485103,,,26.1401,69.3511,20.10346667,0.366666667,1.508333333,64.56666667,91.31666667,,0.8599,1.577777777,0.6489,744.0318436
OTTAWA INTL A,2024-07-05 13:00,2024,7,5,13:00,27.7,21.8,70,6,7,750.9649008,,,27.06093333,64.28151667,19.75136667,0.141666667,1.016666667,128.4166667,101.9833333,,0.63906667,1.802777777,5.71848333,648.9815675
OTTAWA INTL A,2024-07-05 14:00,2024,7,5,14:00,28.4,20.2,61,8,9,765.0944622,,,27.4516,60.54866667,19.15786667,0.191666667,1.075,138.5,81.46666667,,0.9484,2.308333333,0.45133333,683.6277955
OTTAWA INTL A,2024-07-05 15:00,2024,7,5,15:00,29.2,19.6,55,36,1,568.914992,,,27.99213333,56.67598333,18.60693333,0.291666667,1.325,272.95,85.26666667,,1.20786667,0.013888889,1.67598333,483.6483253
OTTAWA INTL A,2024-07-05 16:00,2024,7,5,16:00,28.3,18.4,54,11,7,527.7352358,,,28.33273333,55.69651667,18.63835,0.191666667,1.066666667,135.4166667,94.95,,0.03273333,1.752777777,1.69651667,432.7852358
OTTAWA INTL A,2024-07-05 17:00,2024,7,5,17:00,28.3,19,57,4,12,372.4452607,,,28.21235,56.65295,18.80448333,0.008333333,0.65,41.98333333,55.86666667,,0.08765,3.325,0.34705,316.578594
OTTAWA INTL A,2024-07-05 18:00,2024,7,5,18:00,27,19.6,64,6,8,92.42498857,,,27.0645,62.57398333,19.32038333,0,0.233333333,43.68333333,18.26666667,,0.0645,2.222222222,1.42601667,74.1583219
OTTAWA INTL A,2024-07-05 19:00,2024,7,5,19:00,26.3,19.7,67,6,8,32.29559572,,,25.17245,67.14631667,18.61988333,0.425,1.158333333,115.4333333,6.033333333,,1.12755,1.797222222,0.14631667,26.26226239
OTTAWA INTL A,2024-07-05 20:00,2024,7,5,20:00,24.9,20.5,76,5,11,5.734997867,,,25.07701667,65.22561667,18.0912,0.008333333,0.258333333,156.4666667,1.15,,0.17701667,3.047222223,10.77438333,4.584997867
OTTAWA INTL A,2024-07-05 21:00,2024,7,5,21:00,24.7,20.1,75,6,10,2.002036517,,,24.39101667,73.24778333,19.31126667,0,0.091666667,33.98333333,1,,0.30898333,2.777777778,1.75221667,1.002036517
OTTAWA INTL A,2024-07-05 22:00,2024,7,5,22:00,23.9,20.7,82,6,11,1.905900217,,,23.97425,76.80073333,19.67453333,0,0.391666667,42.36666667,1,,0.07425,3.055555556,5.19926667,0.905900217
OTTAWA INTL A,2024-07-05 23:00,2024,7,5,23:00,23.5,21.4,88,5,12,1.747383233,,,23.40123333,79.25698333,19.62663333,0.008333333,0.25,36.88333333,1,,0.09876667,3.325,8.74301667,0.747383233
OTTAWA INTL A,2024-07-06 0:00,2024,7,6,0:00,22.9,18.9,78,35,23,3.5196573,,,22.33518333,79.88438333,18.69105,0.791666667,1.8,208.2666667,1,,0.56481667,5.597222222,1.88438333,2.5196573
OTTAWA INTL A,2024-07-06 1:00,2024,7,6,1:00,20.8,19.6,93,36,32,2.005777367,,,20.09318333,91.216,18.63278333,1.091666667,2.341666667,147.3833333,1,,0.70681667,7.797222222,1.784,1.005777367
OTTAWA INTL A,2024-07-06 2:00,2024,7,6,2:00,19.1,19.1,100,1,22,1.843600717,,,18.8993,96.44416667,18.3447,0.466666667,1.383333333,136.8333333,1,,0.2007,5.644444444,3.55583333,0.843600717
OTTAWA INTL A,2024-07-06 3:00,2024,7,6,3:00,18.7,18.7,100,5,22,1.550801267,,,18.61511667,97.10788333,18.17088333,0.033333333,0.616666667,39.95,1,,0.08488333,6.077777778,2.89211667,0.550801267
OTTAWA INTL A,2024-07-06 4:00,2024,7,6,4:00,18.3,18.3,100,5,13,1.5056867,,,18.6454,96.30545,18.06893333,0.008333333,0.225,115.4666667,1,,0.3454,3.602777778,3.69455,0.5056867
OTTAWA INTL A,2024-07-06 5:00,2024,7,6,5:00,19.1,19.1,100,8,9,6.363483217,,,18.856,96.87226667,18.37253333,0,0,53.78333333,1.083333333,,0.244,2.5,3.12773333,5.280149884
OTTAWA INTL A,2024-07-06 6:00,2024,7,6,6:00,19.6,19.6,100,14,4,86.40272918,,,19.55986667,95.88461667,18.90908333,0,0.05,57.75,26.86666667,,0.04013333,1.111111111,4.11538333,59.53606251
OTTAWA INTL A,2024-07-06 7:00,2024,7,6,7:00,21.1,21.1,100,17,7,146.527985,,,20.32093333,93.6526,19.2883,0,0.091666667,236.5333333,58.38333333,,0.77906667,1.944444444,6.3474,88.14465167
OTTAWA INTL A,2024-07-06 8:00,2024,7,6,8:00,22.6,21.2,92,31,4,319.4570482,,,20.98571667,92.01098333,19.66148333,0.108333333,0.85,125.1333333,78.33333333,,1.61428333,1.002777778,0.01098333,241.1237149
OTTAWA INTL A,2024-07-06 9:00,2024,7,6,9:00,22.8,19.9,84,34,3,391.649289,,,21.97346667,86.9268,19.7192,0.05,0.883333333,78.21666667,81.31666667,,0.82653333,0.783333333,2.9268,310.3326223
OTTAWA INTL A,2024-07-06 10:00,2024,7,6,10:00,22.9,20.2,84,6,5,524.944357,,,22.69048333,82.97721667,19.66753333,0.058333333,0.891666667,60.61666667,102.2333333,,0.20951667,1.330555556,1.02278333,422.7110237
OTTAWA INTL A,2024-07-06 11:00,2024,7,6,11:00,25,20.8,77,14,4,794.1489742,,,24.26441667,75.8185,19.74425,0.066666667,0.833333333,98.6,162.7166667,,0.73558333,1.044444444,1.1815,631.4323075
OTTAWA INTL A,2024-07-06 12:00,2024,7,6,12:00,25.7,19.9,70,25,10,610.1573678,,,24.66446667,74.47191667,19.84036667,0.15,0.858333333,232,85.58333333,,1.03553333,2.627777778,4.47191667,524.5740345
OTTAWA INTL A,2024-07-06 13:00,2024,7,6,13:00,27,20.8,69,19,8,919.4282703,,,25.97313333,70.44395,20.20108333,0.075,0.55,129.2166667,83.7,,1.02686667,2.147222222,1.44395,835.7282703
OTTAWA INTL A,2024-07-06 14:00,2024,7,6,14:00,27.8,20.9,66,21,12,422.3287167,,,26.16585,68.47996667,19.92833333,0.191666667,0.966666667,158.1333333,72.23333333,,1.63415,3.141666666,2.47996667,350.0953834
OTTAWA INTL A,2024-07-06 15:00,2024,7,6,15:00,27.4,21.8,71,21,11,840.1020123,,,27.2275,66.02365,20.34583333,0.183333333,1.083333333,144.9166667,103.45,,0.1725,2.872222223,4.97635,736.6520123
OTTAWA INTL A,2024-07-06 16:00,2024,7,6,16:00,26.2,20.6,71,24,17,298.7129098,,,27.22425,66.2574,20.4012,0.125,1.058333333,196.8333333,51.91666667,,1.02425,4.597222222,4.7426,246.7962431
OTTAWA INTL A,2024-07-06 17:00,2024,7,6,17:00,26.6,21.4,73,27,22,138.4985521,,,26.67875,68.8092,20.48843333,0.4,1.558333333,220.5333333,26.63333333,,0.07875,5.711111111,4.1908,111.8652188
OTTAWA INTL A,2024-07-06 18:00,2024,7,6,18:00,22.6,21.3,92,27,9,98.56719228,,,24.02105,72.53955,18.79401667,0.575,1.791666667,302.5833333,20.1,,1.42105,1.925,19.46045,78.46719228
OTTAWA INTL A,2024-07-06 19:00,2024,7,6,19:00,20.4,20.4,100,16,13,41.81200637,,,23.25176667,79.01615,19.4275,0.008333333,0.175,237.8166667,9.516666667,,2.85176667,3.602777778,20.98385,32.2953397
OTTAWA INTL A,2024-07-06 20:00,2024,7,6,20:00,20.2,20.2,100,32,11,17.35873402,,,22.48501667,86.70315,20.166,0.166666667,0.608333333,219.5,3.516666667,,2.28501667,2.888888889,13.29685,13.84206735
OTTAWA INTL A,2024-07-06 21:00,2024,7,6,21:00,19.2,19.2,100,24,5,1.90956395,,,21.75686667,91.15551667,20.27523333,0,0,162.4333333,1,,2.55686667,1.388888889,8.84448333,0.90956395
OTTAWA INTL A,2024-07-06 22:00,2024,7,6,22:00,18.6,18.6,100,24,7,1.780563633,,,21.22853333,93.21553333,20.11425,0,0.1,165.2333333,1,,2.62853333,1.944444444,6.78446667,0.780563633
OTTAWA INTL A,2024-07-06 23:00,2024,7,6,23:00,18,18,100,21,7,1.51053655,,,20.82136667,94.67363333,19.96055,0,0.033333333,255.0666667,1,,2.82136667,1.944444444,5.32636667,0.51053655
OTTAWA INTL A,2024-07-07 0:00,2024,7,7,0:00,18.4,18.4,100,20,8,1.8536076,,,20.47565,95.16448333,19.70046667,0,0.016666667,150.9333333,1,,2.07565,2.222222222,4.83551667,0.8536076
OTTAWA INTL A,2024-07-07 1:00,2024,7,7,1:00,18.6,18.6,100,23,5,1.389247817,,,20.46343333,95.49505,19.74476667,0,0.058333333,162.5833333,1,,1.86343333,1.388888889,4.50495,0.389247817
OTTAWA INTL A,2024-07-07 2:00,2024,7,7,2:00,18.7,18.7,100,21,7,1.786101017,,,20.49218333,95.11993333,19.70981667,0,0.108333333,235.1833333,1,,1.79218333,1.944444444,4.88006667,0.786101017
OTTAWA INTL A,2024-07-07 3:00,2024,7,7,3:00,18.3,18.3,100,25,7,1.563250767,,,20.31413333,95.57833333,19.61011667,0.041666667,0.533333333,262.8666667,1,,2.01413333,1.902777777,4.42166667,0.563250767
OTTAWA INTL A,2024-07-07 4:00,2024,7,7,4:00,18.4,18.4,100,23,6,2.08320395,,,19.93765,95.79576667,19.27171667,0,0,331.5666667,1,,1.53765,1.666666667,4.20423333,1.08320395
OTTAWA INTL A,2024-07-07 5:00,2024,7,7,5:00,18.1,18.1,100,22,6,7.063985817,,,19.64825,96.44728333,19.09216667,0.008333333,0.108333333,247.7666667,1.383333333,,1.54825,1.658333334,3.55271667,5.680652484
OTTAWA INTL A,2024-07-07 6:00,2024,7,7,6:00,18.4,18.4,100,22,7,51.05780837,,,19.82753333,95.33353333,19.08308333,0,0.2,177.3166667,9.466666667,,1.42753333,1.944444444,4.66646667,41.5911417
OTTAWA INTL A,2024-07-07 7:00,2024,7,7,7:00,18.8,18.8,100,21,7,97.2040753,,,20.2012,92.68591667,19.00263333,0.158333333,0.958333333,292.3666667,29.05,,1.4012,1.786111111,7.31408333,68.1540753
OTTAWA INTL A,2024-07-07 8:00,2024,7,7,8:00,19.2,19.2,100,22,7,233.1305002,,,20.5558,90.8617,19.03371667,0.158333333,0.933333333,311.2333333,40.36666667,,1.3558,1.786111111,9.1383,192.7638335
OTTAWA INTL A,2024-07-07 9:00,2024,7,7,9:00,20,20,100,23,9,339.4582767,,,21.3104,87.8351,19.23296667,0.25,1.075,303.0333333,53.61666667,,1.3104,2.25,12.1649,285.84161
OTTAWA INTL A,2024-07-07 10:00,2024,7,7,10:00,20.9,20.9,100,25,10,385.4527745,,,23.03231667,80.70231667,19.55406667,0.1,0.708333333,210.2833333,98.9,,2.13231667,2.677777778,19.29768333,286.5527745
OTTAWA INTL A,2024-07-07 11:00,2024,7,7,11:00,22.4,21.8,96,24,11,786.9062048,,,23.77796667,77.44098333,19.61596667,0.316666667,1.391666667,194.2166667,142.2833333,,1.37796667,2.738888889,18.55901667,644.6228715
OTTAWA INTL A,2024-07-07 12:00,2024,7,7,12:00,24.3,19.9,76,24,12,935.0370545,,,24.54718333,74.64598333,19.76706667,0.5,1.725,178.8333333,95.61666667,,0.24718333,2.833333333,1.35401667,839.4203878
OTTAWA INTL A,2024-07-07 13:00,2024,7,7,13:00,25.9,19.3,67,26,17,931.6513677,,,25.42485,69.59463333,19.46753333,0.333333333,1.508333333,196.8833333,90.26666667,,0.47515,4.388888889,2.59463333,841.384701
OTTAWA INTL A,2024-07-07 14:00,2024,7,7,14:00,25.8,19.2,67,24,8,878.7690893,,,26.63945,60.50033333,18.37031667,0.608333333,1.966666667,203.5833333,113.1,,0.83945,1.613888889,6.49966667,765.6690893
OTTAWA INTL A,2024-07-07 15:00,2024,7,7,15:00,27.3,19.2,61,24,15,806.0012233,,,27.4338,54.59456667,17.4875,0.4,1.458333333,213.4833333,93.06666667,,0.1338,3.766666667,6.40543333,712.9345566
OTTAWA INTL A,2024-07-07 16:00,2024,7,7,16:00,26.4,20.5,69,23,12,681.842881,,,27.96955,54.64931667,18.00476667,0.666666667,1.933333333,207.6333333,112.4666667,,1.56955,2.666666666,14.35068333,569.3762143
OTTAWA INTL A,2024-07-07 17:00,2024,7,7,17:00,26.3,19.6,66,22,13,436.9128762,,,27.82991667,55.34618333,18.07455,0.691666667,1.941666667,259.1333333,56.65,,1.52991667,2.919444444,10.65381667,380.2628762
OTTAWA INTL A,2024-07-07 18:00,2024,7,7,18:00,26.4,19.7,66,23,13,230.9109165,,,27.13486667,59.35178333,18.54373333,0.083333333,0.833333333,166.15,38.06666667,,0.73486667,3.527777778,6.64821667,192.8442498
OTTAWA INTL A,2024-07-07 19:00,2024,7,7,19:00,24.9,19.4,71,22,8,111.1987573,,,26.88751667,60.73138333,18.68203333,0.316666667,1.341666667,227.9833333,40.23333333,,1.98751667,1.905555555,10.26861667,70.96542397
OTTAWA INTL A,2024-07-07 20:00,2024,7,7,20:00,23.5,18.6,74,22,9,24.04683033,,,25.99068333,63.17293333,18.46585,0.016666667,0.325,203.8,12.83333333,,2.49068333,2.483333333,10.82706667,11.213497
OTTAWA INTL A,2024-07-07 21:00,2024,7,7,21:00,22,19.3,84,17,8,2.259346117,,,25.08378333,67.01415,18.55161667,0,0.066666667,210,1,,3.08378333,2.222222222,16.98585,1.259346117
OTTAWA INTL A,2024-07-07 22:00,2024,7,7,22:00,21.6,19.7,89,20,8,1.666648267,,,24.58975,68.11426667,18.34036667,0,0.191666667,213.4333333,1,,2.98975,2.222222222,20.88573333,0.666648267
OTTAWA INTL A,2024-07-07 23:00,2024,7,7,23:00,20.5,20.5,100,20,7,2.021926,,,23.68715,73.62318333,18.70943333,0.025,0.566666667,211.5166667,1,,3.18715,1.919444444,26.37681667,1.021926
OTTAWA INTL A,2024-07-08 0:00,2024,7,8,0:00,20.2,20.2,100,19,10,1.95034815,,,22.61396667,80.39581667,19.08763333,0,0.008333333,212.1166667,1,,2.41396667,2.777777778,19.60418333,0.95034815
OTTAWA INTL A,2024-07-08 1:00,2024,7,8,1:00,19.4,19.4,100,20,8,1.841934733,,,22.0235,83.64945,19.1509,0,0.241666667,215.05,1,,2.6235,2.222222222,16.35055,0.841934733
OTTAWA INTL A,2024-07-08 2:00,2024,7,8,2:00,18.6,18.6,100,24,5,1.848228083,,,21.3322,86.75381667,19.0578,0,0.2,213.35,1,,2.7322,1.388888889,13.24618333,0.848228083
OTTAWA INTL A,2024-07-08 3:00,2024,7,8,3:00,17.7,17.7,100,21,7,1.822606083,,,20.71871667,89.35431667,18.9273,0,0.008333333,213.3,1,,3.01871667,1.944444444,10.64568333,0.822606083
OTTAWA INTL A,2024-07-08 4:00,2024,7,8,4:00,18.2,18.2,100,21,7,1.929177367,,,20.18256667,91.73718333,18.8188,0,0,214.5666667,1,,1.98256667,1.944444444,8.26281667,0.929177367
OTTAWA INTL A,2024-07-08 5:00,2024,7,8,5:00,18.1,18.1,100,20,7,21.2047816,,,19.88801667,93.75145,18.87578333,0,0,215,5.333333333,,1.78801667,1.944444444,6.24855,15.87144827
OTTAWA INTL A,2024-07-08 6:00,2024,7,8,6:00,19.4,19.4,100,21,5,97.99688828,,,20.4382,91.5625,19.03948333,0,0.008333333,219.65,40.9,,1.0382,1.388888889,8.4375,57.09688828
OTTAWA INTL A,2024-07-08 7:00,2024,7,8,7:00,20.5,20.5,100,24,8,182.6069522,,,20.89823333,91.0392,19.40453333,0.008333333,0.066666667,279.3333333,51.96666667,,0.39823333,2.213888889,8.9608,130.6402855
OTTAWA INTL A,2024-07-08 8:00,2024,7,8,8:00,22,21.2,95,20,8,297.1117243,,,22.48101667,85.2473,19.90018333,0,0.15,247.1666667,73.7,,0.48101667,2.222222222,9.7527,223.4117243
OTTAWA INTL A,2024-07-08 9:00,2024,7,8,9:00,24.8,20.1,75,22,8,594.9513827,,,24.44746667,76.00551667,19.95765,0.083333333,0.8,189.4666667,124.2666667,,0.35253333,2.138888889,1.00551667,470.684716
OTTAWA INTL A,2024-07-08 10:00,2024,7,8,10:00,26.5,19.4,65,20,9,694.2368757,,,26.02648333,67.73076667,19.60633333,0.158333333,0.916666667,189.0166667,192.0833333,,0.47351667,2.341666667,2.73076667,502.1535424
OTTAWA INTL A,2024-07-08 11:00,2024,7,8,11:00,26.4,20.8,71,19,11,656.4086728,,,27.29328333,60.02666667,18.85771667,0.125,0.8,175.1,122.0666667,,0.89328333,2.930555556,10.97333333,534.3420061
OTTAWA INTL A,2024-07-08 12:00,2024,7,8,12:00,27.1,19.4,62,21,11,741.9725245,,,27.7408,56.89823333,18.42415,0.191666667,1.108333333,206.15,102.8,,0.6408,2.863888889,5.10176667,639.1725245
OTTAWA INTL A,2024-07-08 13:00,2024,7,8,13:00,27.3,18.6,58,20,13,652.4537065,,,28.09975,54.78438333,18.16086667,0.566666667,1.658333333,201.5333333,98.53333333,,0.79975,3.044444444,3.21561667,553.9203732
OTTAWA INTL A,2024-07-08 14:00,2024,7,8,14:00,28.4,17.4,51,17,12,739.7454403,,,28.25168333,50.76608333,17.0827,0.841666667,2.066666667,199.25,124.85,,0.14831667,2.491666666,0.23391667,614.8954403
OTTAWA INTL A,2024-07-08 15:00,2024,7,8,15:00,28.3,18.9,56,19,16,753.2279728,,,28.67055,47.47906667,16.41876667,0.725,1.891666667,192,79.85,,0.37055,3.719444444,8.52093333,673.3779728
OTTAWA INTL A,2024-07-08 16:00,2024,7,8,16:00,28.5,17.1,49,19,19,626.7354095,,,29.03808333,48.1581,16.98011667,0.508333333,1.725,168.1,105.45,,0.53808333,4.769444445,0.8419,521.2854095
OTTAWA INTL A,2024-07-08 17:00,2024,7,8,17:00,28.2,18,53,24,17,225.5554779,,,28.41321667,50.28338333,17.08761667,0.65,1.891666667,178.9833333,42.05,,0.21321667,4.072222222,2.71661667,183.5054779
OTTAWA INTL A,2024-07-08 18:00,2024,7,8,18:00,27.5,18.2,56,21,13,327.4570023,,,28.51181667,49.3592,16.88866667,0.766666667,2.058333333,200.7,54.31666667,,1.01181667,2.844444444,6.6408,273.1403356
OTTAWA INTL A,2024-07-08 19:00,2024,7,8,19:00,25.5,18.6,65,21,9,145.3674327,,,28.21308333,50.90085,17.1033,0.441666667,1.45,181.05,49.8,,2.71308333,2.058333333,14.09915,95.5674327
OTTAWA INTL A,2024-07-08 20:00,2024,7,8,20:00,24.2,19,72,21,7,15.11730765,,,27.08425,55.23858333,17.34471667,0.008333333,0.358333333,162.9666667,7.133333333,,2.88425,1.936111111,16.76141667,7.983974317
OTTAWA INTL A,2024-07-08 21:00,2024,7,8,21:00,23.2,19,77,20,9,2.2095459,,,26.17338333,60.31631667,17.89796667,0,0.191666667,209.55,1,,2.97338333,2.5,16.68368333,1.2095459
OTTAWA INTL A,2024-07-08 22:00,2024,7,8,22:00,22.7,19.4,81,20,9,1.863828433,,,25.48195,65.03273333,18.44575,0.108333333,0.875,210.15,1,,2.78195,2.391666667,15.96726667,0.863828433
OTTAWA INTL A,2024-07-08 23:00,2024,7,8,23:00,22,19.4,85,20,9,1.83672975,,,24.89328333,67.9072,18.58065,0.341666667,1.316666667,205.0166667,1,,2.89328333,2.158333333,17.0928,0.83672975
OTTAWA INTL A,2024-07-09 0:00,2024,7,9,0:00,21.5,19.3,87,19,8,1.907339617,,,23.91846667,71.55965,18.48468333,0.133333333,0.958333333,207.9333333,1,,2.41846667,2.088888889,15.44035,0.907339617
OTTAWA INTL A,2024-07-09 1:00,2024,7,9,1:00,20.2,20,99,20,9,1.859219667,,,22.95471667,75.71428333,18.45926667,0.008333333,0.333333333,208.8333333,1,,2.75471667,2.491666667,23.28571667,0.859219667
OTTAWA INTL A,2024-07-09 2:00,2024,7,9,2:00,19.7,19.7,100,21,6,1.68202635,,,22.14076667,79.27385,18.40501667,0,0.033333333,208.8,1,,2.44076667,1.666666667,20.72615,0.68202635
OTTAWA INTL A,2024-07-09 3:00,2024,7,9,3:00,19,19,100,18,8,1.846687067,,,21.8766,80.78523333,18.44908333,0,0.183333333,212.5333333,1,,2.8766,2.222222222,19.21476667,0.846687067
OTTAWA INTL A,2024-07-09 4:00,2024,7,9,4:00,19.2,19.2,100,19,9,1.823158633,,,21.31136667,82.96335,18.32305,0,0.25,208.9333333,1,,2.11136667,2.5,17.03665,0.823158633
OTTAWA INTL A,2024-07-09 5:00,2024,7,9,5:00,19.2,19.2,100,18,8,11.82024427,,,20.93183333,84.44928333,18.2341,0,0.183333333,198.5666667,2.1,,1.73183333,2.222222222,15.55071667,9.72024427
OTTAWA INTL A,2024-07-09 6:00,2024,7,9,6:00,19.9,19.9,100,18,8,66.4048642,,,21.23775,83.51555,18.35655,0.008333333,0.391666667,200.1166667,13.66666667,,1.33775,2.213888889,16.48445,52.73819753
OTTAWA INTL A,2024-07-09 7:00,2024,7,9,7:00,21.8,20.1,90,26,11,153.4914504,,,21.97346667,81.29316667,18.64346667,0.075,0.333333333,228.55,35.9,,0.17346667,2.980555556,8.70683333,117.5914504
OTTAWA INTL A,2024-07-09 8:00,2024,7,9,8:00,22.7,19.9,84,21,8,149.3330635,,,22.78275,77.41671667,18.64825,0,0.141666667,210.0166667,28.6,,0.08275,2.222222222,6.58328333,120.7330635
OTTAWA INTL A,2024-07-09 9:00,2024,7,9,9:00,23,19.4,80,22,7,152.3265818,,,23.23141667,76.0155,18.79106667,0,0.075,209.0333333,29.63333333,,0.23141667,1.944444444,3.9845,122.6932485
OTTAWA INTL A,2024-07-09 10:00,2024,7,9,10:00,23,20.6,86,19,7,151.0710402,,,23.7876,72.76418333,18.6221,0,0.158333333,176.3166667,31.43333333,,0.7876,1.944444444,13.23581667,119.6377069
OTTAWA INTL A,2024-07-09 11:00,2024,7,9,11:00,24.5,20,76,20,13,252.9136167,,,24.17901667,71.97815,18.8273,0.016666667,0.291666667,208.4333333,46.28333333,,0.32098333,3.594444444,4.02185,206.6302834
OTTAWA INTL A,2024-07-09 12:00,2024,7,9,12:00,26.2,19.6,66,21,17,787.598867,,,25.99601667,65.9927,19.15786667,0.408333333,1.533333333,195.45,103.8833333,,0.20398333,4.313888889,0.0073,683.7155337
OTTAWA INTL A,2024-07-09 13:00,2024,7,9,13:00,27.8,20.2,63,23,18,838.5942932,,,27.54671667,60.37436667,19.19226667,0.341666667,1.466666667,178.8666667,100.1333333,,0.25328333,4.658333333,2.62563333,738.4609599
OTTAWA INTL A,2024-07-09 14:00,2024,7,9,14:00,27.5,19.9,63,22,25,555.2805162,,,28.00605,59.10056667,19.27065,0.358333333,1.683333333,181.9666667,67.66666667,,0.50605,6.586111111,3.89943333,487.6138495
OTTAWA INTL A,2024-07-09 15:00,2024,7,9,15:00,25.5,21.3,77,30,13,616.9062988,,,25.76405,70.81055,20.07338333,0.416666667,1.458333333,177.9833333,79.1,,0.26405,3.194444444,6.18945,537.8062988
OTTAWA INTL A,2024-07-09 16:00,2024,7,9,16:00,25.3,22.3,83,24,9,577.377835,,,27.47696667,66.00596667,20.57746667,0.341666667,1.241666667,288.4666667,108.6333333,,2.17696667,2.158333333,16.99403333,468.7445017
OTTAWA INTL A,2024-07-09 17:00,2024,7,9,17:00,26.7,22.8,79,23,8,179.423865,,,27.33296667,65.92778333,20.36878333,0.158333333,1.016666667,218.85,34.05,,0.63296667,2.063888889,13.07221667,145.373865
OTTAWA INTL A,2024-07-09 18:00,2024,7,9,18:00,25.2,22.8,86,27,6,143.6242292,,,24.78215,81.77698333,21.47995,0,0.45,179.5333333,27.86666667,,0.41785,1.666666667,4.22301667,115.7575625
OTTAWA INTL A,2024-07-09 19:00,2024,7,9,19:00,25.3,22.1,82,22,7,74.7129447,,,25.30606667,81.12536667,21.85445,0.008333333,0.35,276.5166667,16.73333333,,0.00606667,1.936111111,0.87463333,57.97961137
OTTAWA INTL A,2024-07-09 20:00,2024,7,9,20:00,24.3,22.4,89,2,9,17.3551423,,,23.82943333,85.52398333,21.27543333,0.133333333,0.5,309.2166667,3.916666667,,0.47056667,2.366666667,3.47601667,13.43847563
OTTAWA INTL A,2024-07-09 21:00,2024,7,9,21:00,22.9,22.9,100,26,7,1.86384925,,,22.66011667,89.55805,20.87395,0,0,307.6666667,1,,0.23988333,1.944444444,10.44195,0.86384925
OTTAWA INTL A,2024-07-09 22:00,2024,7,9,22:00,21.9,20.7,93,20,9,1.78498335,,,22.12645,91.49916667,20.69856667,0,0,309,1,,0.22645,2.5,1.50083333,0.78498335
OTTAWA INTL A,2024-07-09 23:00,2024,7,9,23:00,21.1,20.7,98,20,8,1.631152217,,,21.68543333,94.92543333,20.8636,0,0,309,1,,0.58543333,2.222222222,3.07456667,0.631152217
OTTAWA INTL A,2024-07-10 0:00,2024,7,10,0:00,18.6,18.6,100,17,4,1.6731844,,,21.48725,96.18395,20.88126667,0,0.041666667,308.5666667,1,,2.88725,1.111111111,3.81605,0.6731844
OTTAWA INTL A,2024-07-10 1:00,2024,7,10,1:00,19,19,100,21,4,1.814377017,,,21.04045,97.68306667,20.6871,0,0,308.9,1,,2.04045,1.111111111,2.31693333,0.814377017
OTTAWA INTL A,2024-07-10 2:00,2024,7,10,2:00,19.2,19.2,100,28,6,1.75793255,,,20.51213333,97.82065,20.1825,0,0,266.2,1,,1.31213333,1.666666667,2.17935,0.75793255
OTTAWA INTL A,2024-07-10 3:00,2024,7,10,3:00,18,18,100,36,2,1.462954333,,,20.33438333,97.96761667,20.0293,0,0.05,76.43333333,1,,2.33438333,0.555555556,2.03238333,0.462954333
OTTAWA INTL A,2024-07-10 4:00,2024,7,10,4:00,19.3,19.3,100,35,5,1.6030463,,,20.23143333,97.58986667,19.86398333,0,0.166666667,308.5666667,1,,0.93143333,1.388888889,2.41013333,0.6030463
OTTAWA INTL A,2024-07-10 5:00,2024,7,10,5:00,19.5,19.5,100,5,5,7.746860517,,,19.92543333,97.03083333,19.4659,0.008333333,0.1,309,1.1,,0.42543333,1.380555556,2.96916667,6.646860517
OTTAWA INTL A,2024-07-10 6:00,2024,7,10,6:00,20.3,20.3,100,3,7,32.66718162,,,19.9248,97.03425,19.46578333,0,0.1,309,5.266666667,,0.3752,1.944444444,2.96575,27.40051495
OTTAWA INTL A,2024-07-10 7:00,2024,7,10,7:00,20.6,20.6,100,5,8,93.39257373,,,20.27048333,96.31985,19.69135,0,0.091666667,309,16.98333333,,0.32951667,2.222222222,3.68015,76.4092404
OTTAWA INTL A,2024-07-10 8:00,2024,7,10,8:00,20.9,20.9,100,9,4,64.29050433,,,20.61118333,95.87883333,19.9567,0,0.175,75.08333333,13.66666667,,0.28881667,1.111111111,4.12116667,50.62383766
OTTAWA INTL A,2024-07-10 9:00,2024,7,10,9:00,21.1,21.1,100,14,4,118.5387704,,,20.8982,93.63878333,19.85928333,0.008333333,0.191666667,30.85,22.95,,0.2018,1.102777778,6.36121667,95.5887704
OTTAWA INTL A,2024-07-10 10:00,2024,7,10,10:00,21.2,21.2,100,36,12,94.1229115,,,21.16058333,93.78815,20.1454,0.016666667,0.45,80.68333333,19.91666667,,0.03941667,3.316666666,6.21185,74.20624483
OTTAWA INTL A,2024-07-10 11:00,2024,7,10,11:00,20.8,20.8,100,4,14,73.59551455,,,20.7816,95.44878333,20.05303333,0.108333333,0.783333333,88.1,14.36666667,,0.0184,3.780555556,4.55121667,59.22884788
OTTAWA INTL A,2024-07-10 12:00,2024,7,10,12:00,20.9,20.9,100,7,10,76.59341172,,,20.29268333,97.36968333,19.88845,0.025,0.533333333,66.18333333,14.1,,0.60731667,2.752777778,2.63031667,62.49341172
OTTAWA INTL A,2024-07-10 13:00,2024,7,10,13:00,21,21,100,1,11,115.1522641,,,20.45708333,96.52041667,19.91061667,0.091666667,0.933333333,70.51666667,22.1,,0.54291667,2.963888889,3.47958333,93.0522641
OTTAWA INTL A,2024-07-10 14:00,2024,7,10,14:00,20.7,20.7,100,3,19,69.83415977,,,20.36806667,96.7489,19.86013333,0.166666667,1.15,31.56666667,10,,0.33193333,5.111111111,3.2511,59.83415977
OTTAWA INTL A,2024-07-10 15:00,2024,7,10,15:00,20.9,20.9,100,4,22,140.6528828,,,20.8693,96.20368333,20.26836667,0.125,0.991666667,45.06666667,25.23333333,,0.0307,5.986111111,3.79631667,115.4195495
OTTAWA INTL A,2024-07-10 16:00,2024,7,10,16:00,20.5,20.5,100,5,26,26.86092257,,,20.60435,96.29613333,20.02006667,0.066666667,0.883333333,76.3,3.45,,0.10435,7.155555555,3.70386667,23.41092257
OTTAWA INTL A,2024-07-10 17:00,2024,7,10,17:00,20.2,20.2,100,4,27,53.60727853,,,19.70651667,93.91648333,18.7232,0.266666667,1.475,44.73333333,9.516666667,,0.49348333,7.233333333,6.08351667,44.09061186
OTTAWA INTL A,2024-07-10 18:00,2024,7,10,18:00,19.5,19.5,100,5,20,59.87323042,,,19.40223333,92.85966667,18.24016667,0.033333333,0.758333333,56.13333333,8.433333333,,0.09776667,5.522222223,7.14033333,51.43989709
OTTAWA INTL A,2024-07-10 19:00,2024,7,10,19:00,19.4,19.4,100,4,20,15.61763922,,,19.59146667,93.31241667,18.50563333,0.008333333,0.416666667,84.8,2.566666667,,0.19146667,5.547222223,6.68758333,13.05097255
OTTAWA INTL A,2024-07-10 20:00,2024,7,10,20:00,19.6,19.6,100,2,22,3.840982133,,,19.67293333,93.72463333,18.65646667,0.275,1.291666667,44.03333333,1,,0.07293333,5.836111111,6.27536667,2.840982133
OTTAWA INTL A,2024-07-10 21:00,2024,7,10,21:00,19.2,19.2,100,6,19,1.57542635,,,19.57965,91.08036667,18.1078,0.141666667,1.25,53.01666667,1,,0.37965,5.136111111,8.91963333,0.57542635
OTTAWA INTL A,2024-07-10 22:00,2024,7,10,22:00,18.8,18.8,100,4,14,1.85746055,,,19.418,90.74625,17.88896667,0.191666667,1.383333333,50.18333333,1,,0.618,3.697222222,9.25375,0.85746055
OTTAWA INTL A,2024-07-10 23:00,2024,7,10,23:00,18.8,18.8,100,3,18,1.432800533,,,19.28373333,91.29335,17.85225,0.016666667,0.541666667,43.65,1,,0.48373333,4.983333333,8.70665,0.432800533
OTTAWA INTL A,2024-07-11 0:00,2024,7,11,0:00,18.7,18.7,100,2,18,1.703567,,,19.14553333,91.91656667,17.8231,0.05,0.725,65.71666667,1,,0.44553333,4.95,8.08343333,0.703567
OTTAWA INTL A,2024-07-11 1:00,2024,7,11,1:00,18.5,18.5,100,2,26,1.569251417,,,19.17088333,90.88675,17.66868333,0.141666667,1.083333333,46.48333333,1,,0.67088333,7.080555555,9.11325,0.569251417
OTTAWA INTL A,2024-07-11 2:00,2024,7,11,2:00,18.8,18.8,100,2,17,1.590787717,,,19.19851667,88.63276667,17.29786667,0.283333333,1.566666667,27.95,1,,0.39851667,4.438888889,11.36723333,0.590787717
OTTAWA INTL A,2024-07-11 3:00,2024,7,11,3:00,18.9,18.7,99,3,15,1.48399855,,,19.36623333,86.98935,17.1672,0.033333333,0.683333333,39.26666667,1,,0.46623333,4.133333334,12.01065,0.48399855
OTTAWA INTL A,2024-07-11 4:00,2024,7,11,4:00,18.9,18.7,99,6,12,1.693370933,,,19.35081667,87.17531667,17.18585,0.1,0.958333333,29.05,1,,0.45081667,3.233333333,11.82468333,0.693370933
OTTAWA INTL A,2024-07-11 5:00,2024,7,11,5:00,18.9,18.9,100,1,14,9.391502683,,,19.51781667,86.69076667,17.26145,0.075,0.85,103.9,1.466666667,,0.61781667,3.813888889,13.30923333,7.924836016
OTTAWA INTL A,2024-07-11 6:00,2024,7,11,6:00,18.6,18.6,100,2,9,32.56844335,,,19.54453333,88.05768333,17.53631667,0.075,0.908333333,75.16666667,6.633333333,,0.94453333,2.425,11.94231667,25.93511002
OTTAWA INTL A,2024-07-11 7:00,2024,7,11,7:00,18.7,18.7,100,35,10,29.781467,,,19.26923333,92.38285,18.02038333,0.008333333,0.483333333,99.43333333,4.766666667,,0.56923333,2.769444445,7.61715,25.01480033
OTTAWA INTL A,2024-07-11 8:00,2024,7,11,8:00,18.9,18.9,100,36,8,76.31575677,,,19.19238333,95.84861667,18.53813333,0.008333333,0.45,119.2333333,11.9,,0.29238333,2.213888889,4.15138333,64.41575677
OTTAWA INTL A,2024-07-11 9:00,2024,7,11,9:00,19.7,19.7,100,36,11,93.1068818,,,19.5213,96.14545,18.91516667,0,0.175,103.2666667,17.16666667,,0.1787,3.055555556,3.85455,75.94021513
OTTAWA INTL A,2024-07-11 10:00,2024,7,11,10:00,20.1,20.1,100,34,12,143.1017352,,,20.15643333,95.08036667,19.36868333,0.041666667,0.491666667,225.55,24.56666667,,0.05643333,3.291666666,4.91963333,118.5350685
OTTAWA INTL A,2024-07-11 11:00,2024,7,11,11:00,20.1,20.1,100,34,16,137.3843352,,,20.3244,95.12283333,19.54296667,0.275,1.308333333,200,24.13333333,,0.2244,4.169444444,4.87716667,113.2510019
OTTAWA INTL A,2024-07-11 12:00,2024,7,11,12:00,20.8,20.8,100,35,19,198.2788408,,,20.61436667,94.78201667,19.77373333,0.191666667,1.175,230.6833333,36.05,,0.18563333,5.086111111,5.21798333,162.2288408
OTTAWA INTL A,2024-07-11 13:00,2024,7,11,13:00,20.9,20.9,100,33,15,282.8389398,,,20.93068333,94.79523333,20.08863333,0.225,1.275,278.9166667,44.23333333,,0.03068333,3.941666667,5.20476667,238.6056065
OTTAWA INTL A,2024-07-11 14:00,2024,7,11,14:00,20.8,20.8,100,33,13,166.8090165,,,21.38786667,89.95005,19.6951,0.191666667,0.95,158.8833333,31.56666667,,0.58786667,3.419444444,10.04995,135.2423498
OTTAWA INTL A,2024-07-11 15:00,2024,7,11,15:00,21.1,21.1,100,33,13,141.0387453,,,21.4176,89.86426667,19.70895,0,0.25,207.0333333,26.01666667,,0.3176,3.611111111,10.13573333,115.0220786
OTTAWA INTL A,2024-07-11 16:00,2024,7,11,16:00,21.6,20.8,95,35,13,154.6127161,,,21.74333333,88.65416667,19.81055,0.008333333,0.541666667,203.2166667,26.6,,0.14333333,3.602777778,6.34583333,128.0127161
OTTAWA INTL A,2024-07-11 17:00,2024,7,11,17:00,21.4,21.4,100,5,8,146.4249003,,,22.08556667,87.04583333,19.85353333,0,0.425,163.5333333,26.8,,0.68556667,2.222222222,12.95416667,119.6249003
OTTAWA INTL A,2024-07-11 18:00,2024,7,11,18:00,21.1,21.1,100,36,2,78.4239304,,,21.59246667,89.29553333,19.77146667,0.075,0.575,223.3166667,14.26666667,,0.49246667,0.480555556,10.70446667,64.15726373
OTTAWA INTL A,2024-07-11 19:00,2024,7,11,19:00,20.5,20.5,100,36,2,18.81604168,,,20.83315,92.9222,19.67088333,0,0.016666667,257.25,3.3,,0.33315,0.555555556,7.0778,15.51604168
OTTAWA INTL A,2024-07-11 20:00,2024,7,11,20:00,19.8,19.8,100,22,4,6.998773267,,,20.95586667,93.1267,19.82813333,0,0,4,1,,1.15586667,1.111111111,6.8733,5.998773267
OTTAWA INTL A,2024-07-11 21:00,2024,7,11,21:00,19.4,19.4,100,24,3,1.8099571,,,20.999,93.69296667,19.96686667,0,0,90.93333333,1,,1.599,0.833333333,6.30703333,0.8099571
OTTAWA INTL A,2024-07-11 22:00,2024,7,11,22:00,19.4,19.4,100,22,6,1.527316567,,,20.9033,94.30236667,19.97923333,0,0,280.1333333,1,,1.5033,1.666666667,5.69763333,0.527316567
OTTAWA INTL A,2024-07-11 23:00,2024,7,11,23:00,19.6,19.6,100,19,5,1.821461767,,,20.98376667,95.03741667,20.18465,0,0,228.2333333,1,,1.38376667,1.388888889,4.96258333,0.821461767
OTTAWA INTL A,2024-07-12 0:00,2024,7,12,0:00,19.7,19.7,100,19,7,1.697767833,,,20.60005,94.05883333,19.63591667,0,0.083333333,191.3,1,,0.90005,1.944444444,5.94116667,0.697767833
OTTAWA INTL A,2024-07-12 1:00,2024,7,12,1:00,19.5,19.5,100,20,6,1.44188325,,,20.49925,92.92953333,19.34126667,0,0.05,200.35,1,,0.99925,1.666666667,7.07046667,0.44188325
OTTAWA INTL A,2024-07-12 2:00,2024,7,12,2:00,19.4,19.4,100,18,8,1.72675255,,,20.47141667,93.19366667,19.35936667,0,0.191666667,202.35,1,,1.07141667,2.222222222,6.80633333,0.72675255
OTTAWA INTL A,2024-07-12 3:00,2024,7,12,3:00,19.2,19.2,100,22,8,1.751626517,,,20.23866667,94.04618333,19.27468333,0,0.308333333,213.4,1,,1.03866667,2.222222222,5.95381667,0.751626517
OTTAWA INTL A,2024-07-12 4:00,2024,7,12,4:00,19,19,100,19,4,1.658423117,,,20.05023333,94.53456667,19.17075,0,0,211,1,,1.05023333,1.111111111,5.46543333,0.658423117
OTTAWA INTL A,2024-07-12 5:00,2024,7,12,5:00,18.9,18.9,100,16,7,8.162814717,,,20.00426667,95.13968333,19.22748333,0,0,211,1.25,,1.10426667,1.944444444,4.86031667,6.912814717
OTTAWA INTL A,2024-07-12 6:00,2024,7,12,6:00,19.4,19.4,100,16,10,62.15969668,,,20.18891667,95.36206667,19.44908333,0,0,211,13,,0.78891667,2.777777778,4.63793333,49.15969668
OTTAWA INTL A,2024-07-12 7:00,2024,7,12,7:00,21.2,21.2,100,20,8,143.352608,,,20.77485,93.61851667,19.73323333,0,0.058333333,198.4666667,42.18333333,,0.42515,2.222222222,6.38148333,101.1692747
OTTAWA INTL A,2024-07-12 8:00,2024,7,12,8:00,22,22,100,24,4,266.0592695,,,21.94846667,89.09491667,20.0937,0,0.066666667,194.4,94.95,,0.05153333,1.111111111,10.90508333,171.1092695
OTTAWA INTL A,2024-07-12 9:00,2024,7,12,9:00,24.2,20.9,81,19,5,596.474204,,,23.77838333,81.54866667,20.44601667,0,0.45,177.6166667,122.2,,0.42161667,1.388888889,0.54866667,474.274204
OTTAWA INTL A,2024-07-12 10:00,2024,7,12,10:00,24.1,20.6,81,18,8,803.8260062,,,25.37685,72.54618333,20.10001667,0.075,0.65,208.9666667,198.7666667,,1.27685,2.147222222,8.45381667,605.0593395
OTTAWA INTL A,2024-07-12 11:00,2024,7,12,11:00,25.7,20.1,70,23,7,277.2529205,,,24.61838333,76.36413333,20.20591667,0.033333333,0.275,126.4,41.46666667,,1.08161667,1.911111111,6.36413333,235.7862538
OTTAWA INTL A,2024-07-12 12:00,2024,7,12,12:00,26.5,20.1,68,21,5,478.9123522,,,26.1383,70.32173333,20.3266,0.041666667,0.433333333,162.8166667,77.06666667,,0.3617,1.347222222,2.32173333,401.8456855
OTTAWA INTL A,2024-07-12 13:00,2024,7,12,13:00,26.2,20.2,69,22,8,518.0741108,,,26.71305,68.21246667,20.38643333,0.116666667,0.966666667,171.5,82.55,,0.51305,2.105555555,0.78753333,435.5241108
OTTAWA INTL A,2024-07-12 14:00,2024,7,12,14:00,26.3,21.2,73,18,10,545.5843278,,,27.34833333,65.96461667,20.44545,0.25,1.391666667,159,82.06666667,,1.04833333,2.527777778,7.03538333,463.5176611
OTTAWA INTL A,2024-07-12 15:00,2024,7,12,15:00,26.8,20.5,68,17,11,233.07898,,,26.93438333,66.76685,20.2523,0.233333333,1.391666667,174.0833333,41.2,,0.13438333,2.822222223,1.23315,191.87898
OTTAWA INTL A,2024-07-12 16:00,2024,7,12,16:00,26.4,20.6,70,18,15,309.3366067,,,27.05913333,64.67791667,19.85566667,0.1,0.975,197.55,48.15,,0.65913333,4.066666667,5.32208333,261.1866067
OTTAWA INTL A,2024-07-12 17:00,2024,7,12,17:00,26.6,21.3,72,18,9,455.8569873,,,27.90955,61.81006667,19.92251667,0.1,0.983333333,195.0666667,52.11666667,,1.30955,2.4,10.18993333,403.7403206
OTTAWA INTL A,2024-07-12 18:00,2024,7,12,18:00,26.8,21.2,71,18,13,212.4312518,,,27.45308333,62.83465,19.76195,0.066666667,0.808333333,197.6166667,37.56666667,,0.65308333,3.544444444,8.16535,174.8645851
OTTAWA INTL A,2024-07-12 19:00,2024,7,12,19:00,25.5,21.2,77,19,14,109.9371352,,,26.80781667,68.78188333,20.5529,0.1,0.708333333,192.6666667,31.86666667,,1.30781667,3.788888889,8.21811667,78.07046853
OTTAWA INTL A,2024-07-12 20:00,2024,7,12,20:00,21.9,21.7,99,16,14,15.7939564,,,25.37863333,75.41691667,20.73811667,0.141666667,0.758333333,202.45,6.75,,3.47863333,3.747222222,23.58308333,9.0439564
OTTAWA INTL A,2024-07-12 21:00,2024,7,12,21:00,22.3,22.3,100,19,7,1.902317733,,,22.17186667,89.31643333,20.35131667,0.041666667,0.308333333,163.4833333,1,,0.12813333,1.902777777,10.68356667,0.902317733
OTTAWA INTL A,2024-07-12 22:00,2024,7,12,22:00,21.7,21.5,99,19,8,1.309524233,,,23.12913333,85.01178333,20.49548333,0,0.116666667,204.6,1,,1.42913333,2.222222222,13.98821667,0.309524233
OTTAWA INTL A,2024-07-12 23:00,2024,7,12,23:00,21.1,20.6,97,19,7,1.812466367,,,23.29961667,81.73543333,20.02588333,0,0.4,202.95,1,,2.19961667,1.944444444,15.26456667,0.812466367
OTTAWA INTL A,2024-07-13 0:00,2024,7,13,0:00,20.6,20,97,21,8,1.6886853,,,22.57981667,82.48865,19.47118333,0.008333333,0.55,203.6166667,1,,1.97981667,2.213888889,14.51135,0.6886853
OTTAWA INTL A,2024-07-13 1:00,2024,7,13,1:00,20.2,20.2,100,19,9,1.6901869,,,22.0424,83.81535,19.199,0,0.116666667,212.5166667,1,,1.8424,2.5,16.18465,0.6901869
OTTAWA INTL A,2024-07-13 2:00,2024,7,13,2:00,20,20,100,20,11,1.681158017,,,21.75611667,85.16425,19.17816667,0,0.125,197.2166667,1,,1.75611667,3.055555556,14.83575,0.681158017
OTTAWA INTL A,2024-07-13 3:00,2024,7,13,3:00,20,20,100,23,8,1.704470417,,,21.5313,85.85123333,19.08641667,0,0.333333333,201.4333333,1,,1.5313,2.222222222,14.14876667,0.704470417
OTTAWA INTL A,2024-07-13 4:00,2024,7,13,4:00,20.4,20.4,100,31,22,2.651525983,,,21.24741667,88.01151667,19.20113333,0.183333333,1.125,184.85,1,,0.84741667,5.927777778,11.98848333,1.651525983
OTTAWA INTL A,2024-07-13 5:00,2024,7,13,5:00,19.7,19.7,100,31,8,2.1722719,,,20.26761667,93.3971,19.19165,0.191666667,0.608333333,191.7,1,,0.56761667,2.030555555,6.6029,1.1722719
OTTAWA INTL A,2024-07-13 6:00,2024,7,13,6:00,19.6,19.6,100,19,4,19.36147012,,,20.42235,91.65416667,19.04125,0,0.116666667,147.9333333,2.433333333,,0.82235,1.111111111,8.34583333,16.92813679
OTTAWA INTL A,2024-07-13 7:00,2024,7,13,7:00,20.5,20.5,100,24,10,173.3137681,,,20.73736667,91.31606667,19.29108333,0.041666667,0.308333333,302.4333333,55.93333333,,0.23736667,2.736111111,8.68393333,117.3804348
OTTAWA INTL A,2024-07-13 8:00,2024,7,13,8:00,21.8,21,95,24,8,338.0205787,,,21.65215,87.1707,19.44911667,0.033333333,0.55,284.6666667,118.65,,0.14785,2.188888889,7.8293,219.3705787
OTTAWA INTL A,2024-07-13 9:00,2024,7,13,9:00,23.7,18.5,72,28,9,595.9469572,,,23.23786667,79.83628333,19.58225,0.058333333,0.633333333,247.15,120.7333333,,0.46213333,2.441666667,7.83628333,475.2136239
OTTAWA INTL A,2024-07-13 10:00,2024,7,13,10:00,25.3,19.2,68,25,10,733.9451728,,,24.44428333,73.23193333,19.35803333,0.133333333,0.891666667,267.9166667,216.1666667,,0.85571667,2.644444445,5.23193333,517.7785061
OTTAWA INTL A,2024-07-13 11:00,2024,7,13,11:00,26.1,18.1,61,26,9,824.9177917,,,25.82023333,66.46088333,19.10228333,0.091666667,0.766666667,238.4333333,96.76666667,,0.27976667,2.408333333,5.46088333,728.151125
OTTAWA INTL A,2024-07-13 12:00,2024,7,13,12:00,27.5,17.6,54,24,12,906.5950205,,,26.9337,59.60236667,18.3685,0.216666667,1.166666667,226.5666667,87.85,,0.5663,3.116666666,5.60236667,818.7450205
OTTAWA INTL A,2024-07-13 13:00,2024,7,13,13:00,28.1,17.8,53,25,16,882.9720782,,,27.6454,54.91828333,17.77836667,0.775,2.116666667,268.9833333,86.36666667,,0.4546,3.669444444,1.91828333,796.6054115
OTTAWA INTL A,2024-07-13 14:00,2024,7,13,14:00,28.5,16.6,48,26,9,846.4699103,,,28.0293,50.42731667,16.76475,0.808333333,2.258333333,307.3833333,95.06666667,,0.4707,1.691666667,2.42731667,751.4032436
OTTAWA INTL A,2024-07-13 15:00,2024,7,13,15:00,28.8,17.2,49,28,13,757.0548612,,,28.05681667,48.7945,16.27223333,1.083333333,2.558333333,299.6333333,77.48333333,,0.74318333,2.527777778,0.2055,679.5715279
OTTAWA INTL A,2024-07-13 16:00,2024,7,13,16:00,28.9,17.6,50,26,9,609.940095,,,28.24768333,48.97688333,16.52086667,1.241666667,2.841666667,323.1833333,117.9166667,,0.65231667,1.258333333,1.02311667,492.0234283
OTTAWA INTL A,2024-07-13 17:00,2024,7,13,17:00,28.6,18.5,53,25,6,461.3399443,,,28.41603333,49.64298333,16.89461667,0.7,2.075,330.1666667,55.66666667,,0.18396667,0.966666667,3.35701667,405.6732776
OTTAWA INTL A,2024-07-13 18:00,2024,7,13,18:00,27.8,19.1,59,26,9,291.447593,,,28.35676667,50.08231667,16.97955,0.625,1.883333333,326.5833333,48.06666667,,0.55676667,1.875,8.91768333,243.3809263
OTTAWA INTL A,2024-07-13 19:00,2024,7,13,19:00,25.9,18.8,64,22,7,120.9524814,,,28.11403333,51.73805,17.26705,0.108333333,0.575,309.7666667,39.16666667,,2.21403333,1.836111111,12.26195,81.78581473
OTTAWA INTL A,2024-07-13 20:00,2024,7,13,20:00,25.1,17.1,60,23,7,19.86087517,,,26.75065,54.1052,16.71418333,0,0.05,65.4,8.333333333,,1.65065,1.944444444,5.8948,11.52754184
OTTAWA INTL A,2024-07-13 21:00,2024,7,13,21:00,23.1,18.4,75,19,12,1.867168283,,,25.55426667,57.64005,16.601,0,0.008333333,58.6,1,,2.45426667,3.333333333,17.35995,0.867168283
OTTAWA INTL A,2024-07-13 22:00,2024,7,13,22:00,21.7,20.5,93,22,7,2.062340317,,,25.1145,60.90535,17.05365,0.008333333,0.266666667,171.1666667,1,,3.4145,1.936111111,32.09465,1.062340317
OTTAWA INTL A,2024-07-13 23:00,2024,7,13,23:00,20.8,20.7,99,21,7,2.2575725,,,23.96171667,69.40245,18.03135,0.025,0.625,211.2666667,1,,3.16171667,1.919444444,29.59755,1.2575725
OTTAWA INTL A,2024-07-14 0:00,2024,7,14,0:00,19.4,19.4,100,22,9,1.92371885,,,23.2693,72.3669,18.0403,0.025,0.175,175.4166667,1,,3.8693,2.475,27.6331,0.92371885
OTTAWA INTL A,2024-07-14 1:00,2024,7,14,1:00,19.5,19.5,100,23,11,1.634249033,,,22.2551,76.8324,18.01628333,0,0.116666667,180.7,1,,2.7551,3.055555556,23.1676,0.634249033
OTTAWA INTL A,2024-07-14 2:00,2024,7,14,2:00,19.2,19.2,100,22,10,1.7634012,,,21.88345,79.11223333,18.12176667,0,0.116666667,201.4666667,1,,2.68345,2.777777778,20.88776667,0.7634012
OTTAWA INTL A,2024-07-14 3:00,2024,7,14,3:00,18.3,18.3,100,19,11,1.737110433,,,21.39471667,81.18238333,18.05765,0,0.05,141.2833333,1,,3.09471667,3.055555556,18.81761667,0.737110433
OTTAWA INTL A,2024-07-14 4:00,2024,7,14,4:00,18,18,100,21,7,1.7906703,,,20.71546667,83.71415,17.88231667,0,0.058333333,154.5166667,1,,2.71546667,1.944444444,16.28585,0.7906703
OTTAWA INTL A,2024-07-14 5:00,2024,7,14,5:00,17.6,17.6,100,22,8,10.80879782,,,20.23291667,85.5721,17.75888333,0,0.033333333,175.2333333,2.816666667,,2.63291667,2.222222222,14.4279,7.992131153
OTTAWA INTL A,2024-07-14 6:00,2024,7,14,6:00,18.6,18.6,100,20,9,93.4216601,,,20.49891667,84.00046667,17.72046667,0,0.108333333,194.6,42.36666667,,1.89891667,2.5,15.99953333,51.05499343
OTTAWA INTL A,2024-07-14 7:00,2024,7,14,7:00,20.9,19.9,94,23,8,254.6332975,,,21.8015,78.28611667,17.87251667,0.008333333,0.6,207.6666667,110.2666667,,0.9015,2.213888889,15.71388333,144.3666308
OTTAWA INTL A,2024-07-14 8:00,2024,7,14,8:00,23.7,18.7,73,24,10,422.7675352,,,23.0466,73.20768333,18.00526667,0.175,1.091666667,203.2,110.6,,0.6534,2.602777778,0.20768333,312.1675352
OTTAWA INTL A,2024-07-14 9:00,2024,7,14,9:00,25.5,19.6,69,25,9,581.9043345,,,25.12915,64.21891667,17.9044,0.158333333,1.008333333,228.7,130.65,,0.37085,2.341666667,4.78108333,451.2543345
OTTAWA INTL A,2024-07-14 10:00,2024,7,14,10:00,27,20,65,22,10,735.8699455,,,26.16861667,61.95036667,18.31985,0.166666667,1.016666667,220.2,218.6,,0.83138333,2.611111111,3.04963333,517.2699455
OTTAWA INTL A,2024-07-14 11:00,2024,7,14,11:00,27.9,18.9,58,22,14,822.4370948,,,27.37613333,56.40176667,17.94035,0.25,1.366666667,161.2666667,105.8333333,,0.52386667,3.638888889,1.59823333,716.6037615
OTTAWA INTL A,2024-07-14 12:00,2024,7,14,12:00,28.5,17.1,50,25,17,869.6762675,,,28.15333333,52.281,17.4631,0.325,1.508333333,167.75,94.41666667,,0.34666667,4.397222222,2.281,775.2596008
OTTAWA INTL A,2024-07-14 13:00,2024,7,14,13:00,29,18.3,52,21,17,886.2164632,,,28.83288333,49.79091667,17.31906667,0.633333333,1.866666667,223.4666667,87.55,,0.16711667,4.088888889,2.20908333,798.6664632
OTTAWA INTL A,2024-07-14 14:00,2024,7,14,14:00,29.7,19.9,55,24,14,591.1605352,,,29.14026667,51.08248333,18.00783333,0.233333333,1.1,187.3666667,72.7,,0.55973333,3.655555556,3.91751667,518.4605352
OTTAWA INTL A,2024-07-14 15:00,2024,7,14,15:00,29.7,19.7,55,17,13,498.2081833,,,28.92048333,51.39186667,17.9046,0.35,1.258333333,193,57.38333333,,0.77951667,3.261111111,3.60813333,440.82485
OTTAWA INTL A,2024-07-14 16:00,2024,7,14,16:00,29.2,19.8,56,20,17,404.9048143,,,29.26111667,49.78058333,17.7103,0.766666667,2.008333333,199.4,68.76666667,,0.06111667,3.955555555,6.21941667,336.1381476
OTTAWA INTL A,2024-07-14 17:00,2024,7,14,17:00,28.1,19.4,59,22,23,413.6878097,,,29.28578333,51.25975,18.1995,1.016666667,2.416666667,198.3833333,53.76666667,,1.18578333,5.372222222,7.74025,359.921143
OTTAWA INTL A,2024-07-14 18:00,2024,7,14,18:00,26.8,19,62,19,15,194.5818795,,,28.39358333,56.4741,18.92565,1.2,2.608333333,200.8666667,32.46666667,,1.59358333,2.966666667,5.5259,162.1152128
OTTAWA INTL A,2024-07-14 19:00,2024,7,14,19:00,25.4,17.6,61,19,15,67.78759977,,,27.55356667,57.99006667,18.56693333,0.958333333,2.25,204.0833333,13.48333333,,2.15356667,3.208333334,3.00993333,54.30426644
OTTAWA INTL A,2024-07-14 20:00,2024,7,14,20:00,24,17.1,65,18,12,11.94877047,,,26.52368333,57.19226667,17.38155,0.675,1.766666667,201.0166667,2.033333333,,2.52368333,2.658333333,7.80773333,9.915437137
OTTAWA INTL A,2024-07-14 21:00,2024,7,14,21:00,23.4,17.5,69,20,8,2.099616367,,,25.60895,56.21998333,16.2618,0.191666667,1.175,202.75,1,,2.20895,2.030555555,12.78001667,1.099616367
OTTAWA INTL A,2024-07-14 22:00,2024,7,14,22:00,23.4,17.6,70,19,9,1.653535967,,,25.14241667,57.96151667,16.30226667,0.5,1.525,206.3333333,1,,1.74241667,2,12.03848333,0.653535967
OTTAWA INTL A,2024-07-14 23:00,2024,7,14,23:00,22.9,19.1,79,21,14,1.778877033,,,24.67438333,64.18018333,17.4683,0.608333333,1.808333333,205.9833333,1,,1.77438333,3.280555556,14.81981667,0.778877033
OTTAWA INTL A,2024-07-15 0:00,2024,7,15,0:00,22.2,20.2,89,21,10,1.957256317,,,23.95558333,71.0595,18.40465,0.466666667,1.45,206.6666667,1,,1.75558333,2.311111111,17.9405,0.957256317
OTTAWA INTL A,2024-07-15 1:00,2024,7,15,1:00,21.9,21.6,98,23,11,1.740134533,,,23.35931667,77.119,19.14455,0.133333333,1,197.1666667,1,,1.45931667,2.922222223,20.881,0.740134533
OTTAWA INTL A,2024-07-15 2:00,2024,7,15,2:00,22.2,21.8,98,23,13,1.655343083,,,23.16746667,81.18818333,19.78761667,0.083333333,0.858333333,132.3,1,,0.96746667,3.527777778,16.81181667,0.655343083
OTTAWA INTL A,2024-07-15 3:00,2024,7,15,3:00,21.3,21.3,100,25,6,1.8258755,,,22.56295,84.62908333,19.86676667,0.033333333,0.516666667,224.1833333,1,,1.26295,1.633333334,15.37091667,0.8258755
OTTAWA INTL A,2024-07-15 4:00,2024,7,15,4:00,20.7,20.7,100,21,11,1.655920433,,,22.29616667,86.53781667,19.96686667,0.016666667,0.541666667,172.1166667,1,,1.59616667,3.038888889,13.46218333,0.655920433
OTTAWA INTL A,2024-07-15 5:00,2024,7,15,5:00,20.3,20.3,100,21,6,11.49430167,,,22.05135,87.9715,19.9916,0.083333333,0.583333333,196.2,2.716666667,,1.75135,1.583333334,12.0285,8.777635003
OTTAWA INTL A,2024-07-15 6:00,2024,7,15,6:00,21.4,21.4,100,24,6,111.98698,,,22.6369,86.16655,20.22751667,0.041666667,0.6,226.9,55.4,,1.2369,1.625,13.83345,56.58698
OTTAWA INTL A,2024-07-15 7:00,2024,7,15,7:00,23.1,22.3,95,25,8,264.6892093,,,24.49035,78.77883333,20.58526667,0.058333333,0.883333333,224.5833333,126.6333333,,1.39035,2.163888889,16.22116667,138.055876
OTTAWA INTL A,2024-07-15 8:00,2024,7,15,8:00,24.9,22,84,24,9,404.8172772,,,24.81778333,77.45928333,20.63145,0.308333333,1.316666667,207.6,108.85,,0.08221667,2.191666667,6.54071667,295.9672772
OTTAWA INTL A,2024-07-15 9:00,2024,7,15,9:00,25.5,21.4,78,25,10,519.9075752,,,25.56743333,74.70796667,20.76598333,0.416666667,1.541666667,268.3166667,130.5,,0.06743333,2.361111111,3.29203333,389.4075752
OTTAWA INTL A,2024-07-15 10:00,2024,7,15,10:00,26.8,21.5,72,24,14,517.6294088,,,26.72456667,69.81543333,20.76921667,0.358333333,1.558333333,192.5,187.9,,0.07543333,3.530555556,2.18456667,329.7294088
OTTAWA INTL A,2024-07-15 11:00,2024,7,15,11:00,28,22.2,70,20,18,655.9294113,,,27.79698333,65.44691667,20.74688333,0.533333333,1.8,249.9166667,98.65,,0.20301667,4.466666667,4.55308333,557.2794113
OTTAWA INTL A,2024-07-15 12:00,2024,7,15,12:00,28.2,22.2,69,20,12,758.3406173,,,28.38715,64.65853333,21.10783333,0.508333333,1.6,197.3166667,79.15,,0.18715,2.825,4.34146667,679.1906173
OTTAWA INTL A,2024-07-15 13:00,2024,7,15,13:00,29.6,22.2,64,22,16,616.4347253,,,29.18708333,61.7336,21.1023,0.541666667,1.791666667,213.1833333,81.1,,0.41291667,3.902777777,2.2664,535.3347253
OTTAWA INTL A,2024-07-15 14:00,2024,7,15,14:00,30.2,22.2,62,23,17,569.5448988,,,29.70438333,60.76466667,21.33725,0.35,1.491666667,183.3,70.7,,0.49561667,4.372222222,1.23533333,498.8448988
OTTAWA INTL A,2024-07-15 15:00,2024,7,15,15:00,29.8,22.2,63,21,13,409.9549143,,,29.96138333,59.99306667,21.36835,0.575,1.783333333,200.3,65.26666667,,0.16138333,3.036111111,3.00693333,344.6882476
OTTAWA INTL A,2024-07-15 16:00,2024,7,15,16:00,28.5,23.8,75,15,16,265.468843,,,29.82988333,60.29853333,21.32871667,0.341666667,1.341666667,197.3333333,45.95,,1.32988333,4.102777777,14.70146667,219.518843
OTTAWA INTL A,2024-07-15 17:00,2024,7,15,17:00,23.4,19.9,80,30,43,46.74945852,,,27.0484,71.17503333,21.19718333,0.966666667,2.145,198.8833333,8.75,,3.6484,10.97777778,8.82496667,37.99945852
OTTAWA INTL A,2024-07-15 18:00,2024,7,15,18:00,21.1,21.1,100,31,9,15.04457768,,,20.67335,93.78203333,19.6597,0.35,1.075,198.6666667,2.366666667,,0.42665,2.15,6.21796667,12.67791101
OTTAWA INTL A,2024-07-15 19:00,2024,7,15,19:00,21.1,21.1,100,13,9,34.72631038,,,20.79231667,96.07548333,20.17025,0.008333333,0.258333333,123.55,5.2,,0.30768333,2.491666667,3.92451667,29.52631038
OTTAWA INTL A,2024-07-15 20:00,2024,7,15,20:00,20.6,20.6,100,11,8,11.0345026,,,21.1717,95.63716667,20.47408333,0.058333333,0.658333333,165.3666667,2.283333333,,0.5717,2.163888889,4.36283333,8.751169267
OTTAWA INTL A,2024-07-15 21:00,2024,7,15,21:00,20.6,20.6,100,26,5,1.63228825,,,20.7694,95.95606667,20.12748333,0,0.025,190.6666667,1,,0.1694,1.388888889,4.04393333,0.63228825
OTTAWA INTL A,2024-07-15 22:00,2024,7,15,22:00,20.1,20.1,100,12,10,1.8044053,,,20.64151667,96.3123,20.05978333,0,0.083333333,271.9833333,1,,0.54151667,2.777777778,3.6877,0.8044053
OTTAWA INTL A,2024-07-15 23:00,2024,7,15,23:00,20.1,20.1,100,16,12,1.542262917,,,20.4722,97.61896667,20.10903333,0,0.083333333,92.08333333,1,,0.3722,3.333333333,2.38103333,0.542262917
OTTAWA INTL A,2024-07-16 0:00,2024,7,16,0:00,19.5,19.5,100,18,4,1.664915983,,,20.40031667,97.32336667,19.98825,0.025,0.391666667,195.25,1,,0.90031667,1.086111111,2.67663333,0.664915983
OTTAWA INTL A,2024-07-16 1:00,2024,7,16,1:00,19.4,19.4,100,19,8,1.6770975,,,20.28611667,97.12871667,19.8421,0,0.1,208.4,1,,0.88611667,2.222222222,2.87128333,0.6770975
OTTAWA INTL A,2024-07-16 2:00,2024,7,16,2:00,19.5,19.5,100,23,5,1.454012933,,,20.18258333,97.27506667,19.76295,0,0.025,212.6833333,1,,0.68258333,1.388888889,2.72493333,0.454012933
OTTAWA INTL A,2024-07-16 3:00,2024,7,16,3:00,19.8,19.8,100,22,8,1.370681633,,,20.2976,96.27883333,19.71135,0,0.075,205.4,1,,0.4976,2.222222222,3.72116667,0.370681633
OTTAWA INTL A,2024-07-16 4:00,2024,7,16,4:00,19.3,19.3,100,21,10,1.561713917,,,20.34558333,95.67646667,19.65773333,0,0.075,203.7166667,1,,1.04558333,2.777777778,4.32353333,0.561713917
OTTAWA INTL A,2024-07-16 5:00,2024,7,16,5:00,19.3,19.3,100,22,9,9.819263567,,,20.35906667,95.29031667,19.60623333,0.008333333,0.316666667,207.2833333,2.083333333,,1.05906667,2.491666667,4.70968333,7.735930234
OTTAWA INTL A,2024-07-16 6:00,2024,7,16,6:00,20.1,20.1,100,19,9,105.8228483,,,20.9346,93.29876667,19.83548333,0.008333333,0.316666667,206.65,38.85,,0.8346,2.491666667,6.70123333,66.9728483
OTTAWA INTL A,2024-07-16 7:00,2024,7,16,7:00,21.7,21.7,100,19,13,239.1132137,,,21.9309,89.65838333,20.17831667,0.05,0.783333333,196.4,95.7,,0.2309,3.561111111,10.34161667,143.4132137
OTTAWA INTL A,2024-07-16 8:00,2024,7,16,8:00,22.4,22.4,100,18,11,308.0757287,,,22.93183333,86.69083333,20.62028333,0.025,0.708333333,201.1333333,69.9,,0.53183333,3.030555556,13.30916667,238.1757287
OTTAWA INTL A,2024-07-16 9:00,2024,7,16,9:00,24.1,23.9,98,19,10,363.9513703,,,23.7565,84.77573333,21.0664,0.075,0.766666667,193.5166667,65.5,,0.3435,2.702777778,13.22426667,298.4513703
OTTAWA INTL A,2024-07-16 10:00,2024,7,16,10:00,24,23.9,99,21,9,340.3511335,,,24.60586667,83.13621667,21.5792,0.233333333,1.266666667,194.7166667,77.01666667,,0.60586667,2.266666667,15.86378333,263.3344668
OTTAWA INTL A,2024-07-16 11:00,2024,7,16,11:00,24.7,24,95,16,6,210.3782768,,,24.74171667,83.0651,21.69818333,0.025,0.616666667,197.4,44.73333333,,0.04171667,1.641666667,11.9349,165.6449435
OTTAWA INTL A,2024-07-16 12:00,2024,7,16,12:00,25.3,23.4,89,20,8,120.769223,,,24.86253333,83.92681667,21.98473333,0.091666667,0.6,188.5666667,26.55,,0.43746667,2.130555555,5.07318333,94.219223
OTTAWA INTL A,2024-07-16 13:00,2024,7,16,13:00,24.7,23.9,95,19,4,98.92657005,,,25.1074,83.1965,22.08156667,0.058333333,0.758333333,202.1833333,20.53333333,,0.4074,1.052777778,11.8035,78.39323672
OTTAWA INTL A,2024-07-16 14:00,2024,7,16,14:00,24.9,24.6,98,24,8,187.6943186,,,25.5409,82.61373333,22.3888,0,0.283333333,204.8666667,35.68333333,,0.6409,2.222222222,15.38626667,152.0109853
OTTAWA INTL A,2024-07-16 15:00,2024,7,16,15:00,24.6,23.9,96,21,6,133.2222686,,,24.81388333,88.13925,22.74175,0.125,0.441666667,142.4166667,25.73333333,,0.21388333,1.541666667,7.86075,107.4889353
OTTAWA INTL A,2024-07-16 16:00,2024,7,16,16:00,25.1,22.9,87,27,9,102.415659,,,24.3879,90.82963333,22.8152,0.075,0.491666667,105.0666667,19.05,,0.7121,2.425,3.82963333,83.365659
OTTAWA INTL A,2024-07-16 17:00,2024,7,16,17:00,25.6,23.6,89,22,8,143.0455971,,,23.8691,92.79651667,22.66145,0.008333333,0.233333333,101.1,22.7,,1.7309,2.213888889,3.79651667,120.3455971
OTTAWA INTL A,2024-07-16 18:00,2024,7,16,18:00,25.7,22.7,83,26,10,259.1764833,,,25.32651667,85.81228333,22.79873333,0.183333333,0.716666667,250.55,43.56666667,,0.37348333,2.594444445,2.81228333,215.6098166
OTTAWA INTL A,2024-07-16 19:00,2024,7,16,19:00,24.8,23.4,92,24,8,102.7067878,,,25.30826667,84.8587,22.60346667,0,0.15,202.55,30.78333333,,0.50826667,2.222222222,7.1413,71.92345447
OTTAWA INTL A,2024-07-16 20:00,2024,7,16,20:00,23.7,20.9,84,21,10,15.27459598,,,24.77311667,84.55038333,22.01738333,0,0.116666667,155.85,6.733333333,,1.07311667,2.777777778,0.55038333,8.541262647
OTTAWA INTL A,2024-07-16 21:00,2024,7,16,21:00,23.1,21.5,90,21,10,1.671776267,,,24.6505,80.5351,21.09711667,0,0.575,204.9166667,1,,1.5505,2.777777778,9.4649,0.671776267
OTTAWA INTL A,2024-07-16 22:00,2024,7,16,22:00,23.2,22.1,94,21,18,1.622356083,,,24.42136667,77.83516667,20.32515,0.4,1.375,203.4166667,1,,1.22136667,4.6,16.16483333,0.622356083
OTTAWA INTL A,2024-07-16 23:00,2024,7,16,23:00,22.7,22.7,100,20,17,1.941433683,,,23.8942,83.0508,20.8635,0.841666667,2.341666667,203.2,1,,1.1942,3.880555555,16.9492,0.941433683
OTTAWA INTL A,2024-07-17 0:00,2024,7,17,0:00,21.9,21.9,100,21,13,1.786395617,,,23.29536667,86.54136667,20.95005,0.958333333,2.541666667,200.7833333,1,,1.39536667,2.652777778,13.45863333,0.786395617
OTTAWA INTL A,2024-07-17 1:00,2024,7,17,1:00,21.5,21.5,100,22,18,1.755712267,,,22.74123333,88.38381667,20.74741667,0.483333333,1.658333333,198.5333333,1,,1.24123333,4.516666667,11.61618333,0.755712267
OTTAWA INTL A,2024-07-17 2:00,2024,7,17,2:00,21.2,21.2,100,22,14,1.719908733,,,22.4281,88.97236667,20.54643333,0.058333333,0.8,187.7,1,,1.2281,3.830555556,11.02763333,0.719908733
OTTAWA INTL A,2024-07-17 3:00,2024,7,17,3:00,20.4,20.4,100,25,6,1.62578315,,,22.08498333,88.76613333,20.17035,0.016666667,0.283333333,164.0833333,1,,1.68498333,1.65,11.23386667,0.62578315
OTTAWA INTL A,2024-07-17 4:00,2024,7,17,4:00,19.9,19.9,100,24,5,1.8796989,,,21.7247,89.28538333,19.90865,0,0.233333333,145.85,1,,1.8247,1.388888889,10.71461667,0.8796989
OTTAWA INTL A,2024-07-17 5:00,2024,7,17,5:00,20.1,20.1,100,21,7,9.0346193,,,20.90073333,92.07563333,19.58991667,0,0.1,91.31666667,1.433333333,,0.80073333,1.944444444,7.92436667,7.601285967
OTTAWA INTL A,2024-07-17 6:00,2024,7,17,6:00,20.8,20.8,100,21,8,55.9510166,,,21.47621667,89.6056,19.72091667,0,0.15,175.9666667,12.26666667,,0.67621667,2.222222222,10.3944,43.68434993
OTTAWA INTL A,2024-07-17 7:00,2024,7,17,7:00,21.4,21.4,100,23,13,140.6353188,,,21.80185,87.47676667,19.6537,0.233333333,1.25,202.7166667,29.91666667,,0.40185,3.377777778,12.52323333,110.7186521
OTTAWA INTL A,2024-07-17 8:00,2024,7,17,8:00,22.8,20,84,26,18,304.7446275,,,22.61081667,79.66313333,18.93296667,0.233333333,1.391666667,160.5666667,66.11666667,,0.18918333,4.766666667,4.33686667,238.6279608
OTTAWA INTL A,2024-07-17 9:00,2024,7,17,9:00,23.9,19.6,77,25,17,542.994283,,,23.41365,75.00595,18.75108333,0.375,1.658333333,204.3166667,105.5166667,,0.48635,4.347222222,1.99405,437.4776163
OTTAWA INTL A,2024-07-17 10:00,2024,7,17,10:00,23.9,18.9,73,27,18,452.7143555,,,23.75795,74.32595,18.93811667,0.508333333,1.816666667,233.9666667,133.9666667,,0.14205,4.491666667,1.32595,318.7476888
OTTAWA INTL A,2024-07-17 11:00,2024,7,17,11:00,24.2,19.7,75,28,16,362.1658037,,,23.33181667,76.01226667,18.88656667,0.791666667,2.316666667,327.5333333,59.86666667,,0.86818333,3.652777777,1.01226667,302.299137
OTTAWA INTL A,2024-07-17 12:00,2024,7,17,12:00,23.9,19.3,75,29,16,563.6036243,,,24.46825,72.1398,19.13535,0.216666667,1.283333333,250.85,88.18333333,,0.56825,4.227777777,2.8602,475.420291
OTTAWA INTL A,2024-07-17 13:00,2024,7,17,13:00,25.1,19.4,70,25,10,690.7145908,,,25.32426667,68.31286667,19.08163333,0.316666667,1.366666667,232.5,89.13333333,,0.22426667,2.461111111,1.68713333,601.5812575
OTTAWA INTL A,2024-07-17 14:00,2024,7,17,14:00,26.7,18.5,60,25,11,788.058814,,,26.00283333,65.19405,18.97531667,0.3,1.358333333,193.4166667,84.98333333,,0.69716667,2.755555556,5.19405,703.0754807
OTTAWA INTL A,2024-07-17 15:00,2024,7,17,15:00,27.1,16.3,51,25,14,743.5559885,,,26.83005,58.07223333,17.9086,0.466666667,1.666666667,212.3333333,76.98333333,,0.26995,3.422222222,7.07223333,666.5726552
OTTAWA INTL A,2024-07-17 16:00,2024,7,17,16:00,26.2,18.8,63,24,4,577.479717,,,27.41796667,55.23201667,17.65943333,0.433333333,1.508333333,256.1833333,135,,1.21796667,0.677777778,7.76798333,442.479717
OTTAWA INTL A,2024-07-17 17:00,2024,7,17,17:00,18.9,17.5,91,30,16,108.7984927,,,26.3624,56.8587,17.10078333,0.316666667,1.083333333,170.8833333,23.75,,7.4624,4.127777777,34.1413,85.0484927
OTTAWA INTL A,2024-07-17 18:00,2024,7,17,18:00,21.6,18.4,81,13,6,113.1877523,,,21.79833333,76.59431667,17.50178333,1.016666667,2.241666667,199.2166667,25.11666667,,0.19833333,0.65,4.40568333,88.07108563
OTTAWA INTL A,2024-07-17 19:00,2024,7,17,19:00,20.6,20.6,100,16,9,65.1519487,,,21.65173333,79.48316667,17.97061667,0.125,0.85,197.8,18.16666667,,1.05173333,2.375,20.51683333,46.98528203
OTTAWA INTL A,2024-07-17 20:00,2024,7,17,20:00,20.2,20.2,100,17,7,17.20064563,,,22.2137,78.3634,18.29163333,0.008333333,0.466666667,211.8,6.45,,2.0137,1.936111111,21.6366,10.75064563
OTTAWA INTL A,2024-07-17 21:00,2024,7,17,21:00,20.1,19.3,95,19,9,1.571484,,,22.31733333,78.19495,18.35766667,0.116666667,0.783333333,207.4333333,1,,2.21733333,2.383333333,16.80505,0.571484
OTTAWA INTL A,2024-07-17 22:00,2024,7,17,22:00,20,17.9,88,28,14,2.0295319,,,22.35088333,76.09646667,17.94903333,0.533333333,1.641666667,285.3,1,,2.35088333,3.355555556,11.90353333,1.0295319
OTTAWA INTL A,2024-07-17 23:00,2024,7,17,23:00,17.9,15.7,86,27,11,2.159020717,,,21.4144,71.57796667,16.08576667,0.258333333,1.158333333,271.6333333,1,,3.5144,2.797222223,14.42203333,1.159020717
OTTAWA INTL A,2024-07-18 0:00,2024,7,18,0:00,16.7,15.8,94,26,10,1.9355122,,,20.297,72.33593333,15.1747,0.45,1.633333333,327.8,1,,3.597,2.327777778,21.66406667,0.9355122
OTTAWA INTL A,2024-07-18 1:00,2024,7,18,1:00,16.2,16.2,100,25,10,1.867467483,,,19.014,76.15856667,14.73906667,0.083333333,0.541666667,224.35,1,,2.814,2.694444445,23.84143333,0.867467483
OTTAWA INTL A,2024-07-18 2:00,2024,7,18,2:00,15.9,15.9,100,26,14,1.873723383,,,17.93908333,80.94371667,14.63508333,0,0.283333333,119.4,1,,2.03908333,3.888888889,19.05628333,0.873723383
OTTAWA INTL A,2024-07-18 3:00,2024,7,18,3:00,15.2,15.2,100,26,15,1.709959917,,,17.33351667,83.36246667,14.5046,0.008333333,0.283333333,148.3333333,1,,2.13351667,4.158333334,16.63753333,0.709959917
OTTAWA INTL A,2024-07-18 4:00,2024,7,18,4:00,14.7,14.7,100,25,14,1.59889865,,,16.67118333,85.71785,14.28563333,0.233333333,1.083333333,259.8666667,1,,1.97118333,3.655555556,14.28215,0.59889865
OTTAWA INTL A,2024-07-18 5:00,2024,7,18,5:00,14.7,14.7,100,27,11,7.10417565,,,16.48181667,85.6938,14.09541667,0.758333333,2.008333333,257.6166667,1.216666667,,1.78181667,2.297222223,14.3062,5.887508983
OTTAWA INTL A,2024-07-18 6:00,2024,7,18,6:00,16.5,15.8,96,30,18,66.51905058,,,16.65871667,84.16053333,13.99028333,0.666666667,1.991666667,263.2166667,18.7,,0.15871667,4.333333333,11.83946667,47.81905058
OTTAWA INTL A,2024-07-18 7:00,2024,7,18,7:00,16.7,15.9,95,30,22,211.1898227,,,17.41651667,80.22878333,13.99253333,0.916666667,2.433333333,302.7666667,75.5,,0.71651667,5.194444444,14.77121667,135.6898227
OTTAWA INTL A,2024-07-18 8:00,2024,7,18,8:00,18,13.1,72,30,27,231.8305547,,,17.86365,80.06403333,14.3965,0.65,2,229.6,56.88333333,,0.13635,6.85,8.06403333,174.9472214
OTTAWA INTL A,2024-07-18 9:00,2024,7,18,9:00,19,13.5,70,27,21,350.371333,,,18.10965,74.3441,13.48385,1.033333333,2.483333333,299.0833333,65.6,,0.89035,4.8,4.3441,284.771333
OTTAWA INTL A,2024-07-18 10:00,2024,7,18,10:00,19,13,68,27,22,443.6635235,,,18.71126667,67.70581667,12.63476667,1.391666667,3.058333333,326.85,83.38333333,,0.28873333,4.719444444,0.29418333,360.2801902
OTTAWA INTL A,2024-07-18 11:00,2024,7,18,11:00,18.6,13.1,70,28,18,327.4331538,,,18.33123333,68.13563333,12.36993333,1.166666667,2.675,342.85,60.36666667,,0.26876667,3.833333333,1.86436667,267.0664871
OTTAWA INTL A,2024-07-18 12:00,2024,7,18,12:00,19,13.6,70,26,23,419.8312083,,,18.74955,66.8254,12.47111667,1.041666667,2.458333333,311.8833333,64.31666667,,0.25045,5.347222222,3.1746,355.5145416
OTTAWA INTL A,2024-07-18 13:00,2024,7,18,13:00,18.9,12.5,66,28,24,445.9815923,,,19.27671667,66.31975,12.85763333,1.175,2.758333333,288.0333333,73.55,,0.37671667,5.491666667,0.31975,372.4315923
OTTAWA INTL A,2024-07-18 14:00,2024,7,18,14:00,18,13.3,74,26,22,319.0613675,,,19.01685,67.20866667,12.81521667,1.483333333,3.066666667,301.5833333,59.53333333,,1.01685,4.627777778,6.79133333,259.5280342
OTTAWA INTL A,2024-07-18 15:00,2024,7,18,15:00,18.3,13.1,71,27,18,178.4633445,,,18.94786667,68.67798333,13.0804,0.691666667,1.908333333,249.3833333,36.38333333,,0.64786667,4.308333333,2.32201667,142.0800112
OTTAWA INTL A,2024-07-18 16:00,2024,7,18,16:00,19.1,13.4,69,28,21,223.247766,,,19.27746667,68.84943333,13.43368333,0.308333333,1.433333333,214.0833333,40.31666667,,0.17746667,5.525,0.15056667,182.9310993
OTTAWA INTL A,2024-07-18 17:00,2024,7,18,17:00,19,13.8,71,28,18,167.960217,,,19.4065,68.50341667,13.48038333,0.533333333,1.883333333,272.9833333,29.86666667,,0.4065,4.466666667,2.49658333,138.0935503
OTTAWA INTL A,2024-07-18 18:00,2024,7,18,18:00,19.5,14.2,71,26,9,213.8858328,,,19.81935,67.67483333,13.68648333,0.825,2.166666667,285.3,38.3,,0.31935,1.675,3.32516667,175.5858328
OTTAWA INTL A,2024-07-18 19:00,2024,7,18,19:00,18.4,14.4,78,26,10,118.1630141,,,20.1282,67.27926667,13.89056667,0.433333333,1.658333333,281.8833333,37.96666667,,1.7282,2.344444445,10.72073333,80.19634743
OTTAWA INTL A,2024-07-18 20:00,2024,7,18,20:00,16.8,14.2,84,26,9,16.22766935,,,19.17056667,71.4931,13.9044,0.05,0.5,231.2,6.866666667,,2.37056667,2.45,12.5069,9.361002683
OTTAWA INTL A,2024-07-18 21:00,2024,7,18,21:00,16.3,14.1,86,25,9,1.782484817,,,18.37346667,74.536,13.78665,0,0.083333333,111.7666667,1,,2.07346667,2.5,11.464,0.782484817
OTTAWA INTL A,2024-07-18 22:00,2024,7,18,22:00,15.5,14.1,92,25,9,1.724968367,,,17.86013333,77.91321667,13.97116667,0,0.058333333,67.9,1,,2.36013333,2.5,14.08678333,0.724968367
OTTAWA INTL A,2024-07-18 23:00,2024,7,18,23:00,14.8,14.4,98,25,9,1.8603102,,,17.23568333,81.25095,14.01046667,0,0.108333333,320.5,1,,2.43568333,2.5,16.74905,0.8603102
OTTAWA INTL A,2024-07-19 0:00,2024,7,19,0:00,14.2,14.2,100,23,6,1.613875833,,,16.51345,83.38175,13.70521667,0,0,337.4166667,1,,2.31345,1.666666667,16.61825,0.613875833
OTTAWA INTL A,2024-07-19 1:00,2024,7,19,1:00,13.1,13.1,100,23,9,1.677589817,,,16.13356667,84.82678333,13.59586667,0,0,340,1,,3.03356667,2.5,15.17321667,0.677589817
OTTAWA INTL A,2024-07-19 2:00,2024,7,19,2:00,13.1,13.1,100,25,9,1.585476883,,,15.72681667,86.48678333,13.4951,0,0,339.9333333,1,,2.62681667,2.5,13.51321667,0.585476883
OTTAWA INTL A,2024-07-19 3:00,2024,7,19,3:00,12.8,12.8,100,24,9,1.601201733,,,15.81798333,88.85826667,14.00173333,0,0,339.4333333,1,,3.01798333,2.5,11.14173333,0.601201733
OTTAWA INTL A,2024-07-19 4:00,2024,7,19,4:00,12.3,12.3,100,24,9,1.778706733,,,15.68961667,89.37625,13.96488333,0.008333333,0.225,292.3,1,,3.38961667,2.491666667,10.62375,0.778706733
OTTAWA INTL A,2024-07-19 5:00,2024,7,19,5:00,13.1,13.1,100,28,9,7.069348367,,,15.01006667,90.7419,13.5257,0,0.116666667,107.5166667,1.933333333,,1.91006667,2.5,9.2581,5.136015034
OTTAWA INTL A,2024-07-19 6:00,2024,7,19,6:00,15.5,14.9,96,27,11,94.52038478,,,16.28153333,85.90896667,13.92351667,0,0.175,120.9,68,,0.78153333,3.055555556,10.09103333,26.52038478
OTTAWA INTL A,2024-07-19 7:00,2024,7,19,7:00,17.3,14.1,81,28,16,274.4928638,,,18.37986667,77.66236667,14.42193333,0,0.316666667,158.4,110.45,,1.07986667,4.444444444,3.33763333,164.0428638
OTTAWA INTL A,2024-07-19 8:00,2024,7,19,8:00,19.5,15,75,28,9,443.9439172,,,19.25961667,74.40068333,14.60541667,0.183333333,0.925,279.5,110.7,,0.24038333,2.316666667,0.59931667,333.2439172
OTTAWA INTL A,2024-07-19 9:00,2024,7,19,9:00,20.8,14.3,66,29,13,604.7484752,,,20.70553333,67.06708333,14.38005,0.258333333,1.133333333,266.5,131.2,,0.09446667,3.352777778,1.06708333,473.5484752
OTTAWA INTL A,2024-07-19 10:00,2024,7,19,10:00,22.4,13.7,57,26,12,745.4711915,,,22.25555,58.54035,13.74496667,0.3,1.166666667,290.2666667,232.5833333,,0.14445,3.033333333,1.54035,512.8878582
OTTAWA INTL A,2024-07-19 11:00,2024,7,19,11:00,23.8,10.5,43,25,15,853.9407578,,,23.68255,48.69891667,12.21831667,0.541666667,1.875,178,99.95,,0.11745,3.625,5.69891667,753.9907578
OTTAWA INTL A,2024-07-19 12:00,2024,7,19,12:00,24.5,12,45,27,8,853.2983055,,,24.05925,45.48441667,11.56036667,0.741666667,2.2,216.8833333,93.38333333,,0.44075,1.480555555,0.48441667,759.9149722
OTTAWA INTL A,2024-07-19 13:00,2024,7,19,13:00,24.1,12.1,47,23,16,906.5354253,,,24.50253333,45.36668333,11.91936667,0.708333333,1.975,197.3833333,89.01666667,,0.40253333,3.736111111,1.63331667,817.5187586
OTTAWA INTL A,2024-07-19 14:00,2024,7,19,14:00,24.3,12.3,47,23,15,840.0578882,,,25.07451667,44.02868333,11.98341667,0.625,2.075,237.2666667,80.63333333,,0.77451667,3.541666667,2.97131667,759.4245549
OTTAWA INTL A,2024-07-19 15:00,2024,7,19,15:00,24.7,11.8,44,23,15,805.3712948,,,25.50953333,41.80523333,11.59416667,0.675,2.075,189.3666667,85.7,,0.80953333,3.491666667,2.19476667,719.6712948
OTTAWA INTL A,2024-07-19 16:00,2024,7,19,16:00,24.7,13.2,48,23,16,589.6273223,,,25.67361667,40.89381667,11.40993333,0.666666667,1.991666667,188.5333333,128.0833333,,0.97361667,3.777777777,7.10618333,461.543989
OTTAWA INTL A,2024-07-19 17:00,2024,7,19,17:00,24.6,12.7,47,22,18,370.4006815,,,25.7476,41.23408333,11.60285,0.358333333,1.433333333,206.8,54.41666667,,1.1476,4.641666667,5.76591667,315.9840148
OTTAWA INTL A,2024-07-19 18:00,2024,7,19,18:00,23.6,12.2,48,22,15,273.6076905,,,25.46378333,42.42121667,11.77738333,0.125,0.966666667,126.3666667,47.31666667,,1.86378333,4.041666667,5.57878333,226.2910238
OTTAWA INTL A,2024-07-19 19:00,2024,7,19,19:00,22.3,13.2,56,20,12,105.1928876,,,24.77876667,44.61726667,11.92123333,0.558333333,1.691666667,183.0166667,27.98333333,,2.47876667,2.775,11.38273333,77.20955427
OTTAWA INTL A,2024-07-19 20:00,2024,7,19,20:00,20.5,14.3,67,19,11,16.02953143,,,23.66676667,49.2719,12.421,0.625,1.758333333,205.1,4.166666667,,3.16676667,2.430555556,17.7281,11.86286476
OTTAWA INTL A,2024-07-19 21:00,2024,7,19,21:00,19.4,14.8,74,20,15,2.2122855,,,22.30198333,58.03148333,13.62958333,0.808333333,2.016666667,202.6833333,1,,2.90198333,3.358333334,15.96851667,1.2122855
OTTAWA INTL A,2024-07-19 22:00,2024,7,19,22:00,18.4,14.7,79,20,13,1.89331575,,,21.05763333,65.54368333,14.37191667,0.941666667,2.166666667,203.8,1,,2.65763333,2.669444444,13.45631667,0.89331575
OTTAWA INTL A,2024-07-19 23:00,2024,7,19,23:00,18,14.4,79,22,14,2.02864925,,,20.1747,68.4301,14.19601667,1.008333333,2.408333333,203.8333333,1,,2.1747,2.880555556,10.5699,1.02864925
OTTAWA INTL A,2024-07-20 0:00,2024,7,20,0:00,16.8,14.4,86,22,11,1.67407755,,,19.38116667,71.25878333,14.06325,0.208333333,0.9,195.4,1,,2.58116667,2.847222223,14.74121667,0.67407755
OTTAWA INTL A,2024-07-20 1:00,2024,7,20,1:00,16.3,14.3,88,23,12,1.75301225,,,19.07871667,72.35738333,14.00831667,0.008333333,0.408333333,113.05,1,,2.77871667,3.325,15.64261667,0.75301225
OTTAWA INTL A,2024-07-20 2:00,2024,7,20,2:00,15.8,14.4,92,22,10,2.028910917,,,17.85546667,76.91865,13.76738333,0,0.033333333,129.4,1,,2.05546667,2.777777778,15.08135,1.028910917
OTTAWA INTL A,2024-07-20 3:00,2024,7,20,3:00,14.7,14.3,98,17,10,1.627611033,,,16.98755,79.90356667,13.51256667,0,0,112.15,1,,2.28755,2.777777778,18.09643333,0.627611033
OTTAWA INTL A,2024-07-20 4:00,2024,7,20,4:00,14.1,14.1,100,28,8,1.63881845,,,17.12948333,79.27455,13.5291,0,0.45,142.05,1,,3.02948333,2.222222222,20.72545,0.63881845
OTTAWA INTL A,2024-07-20 5:00,2024,7,20,5:00,13.6,13.6,100,20,8,6.7110754,,,16.79058333,80.4463,13.42106667,0.183333333,1,199.3333333,1.666666667,,3.19058333,2.038888889,19.5537,5.044408733
OTTAWA INTL A,2024-07-20 6:00,2024,7,20,6:00,15.3,15,98,20,8,90.06414813,,,17.32746667,78.51091667,13.56188333,0.008333333,0.558333333,199.6666667,60.58333333,,2.02746667,2.213888889,19.48908333,29.4808148
OTTAWA INTL A,2024-07-20 7:00,2024,7,20,7:00,18.2,14.8,80,22,12,264.3309868,,,18.42638333,74.59528333,13.84935,0.208333333,1.183333333,203.1,99.15,,0.22638333,3.125,5.40471667,165.1809868
OTTAWA INTL A,2024-07-20 8:00,2024,7,20,8:00,20.4,15,71,22,15,364.0816997,,,19.8523,69.48378333,14.11673333,0.35,1.408333333,159.1333333,86.21666667,,0.5477,3.816666667,1.51621667,277.865033
OTTAWA INTL A,2024-07-20 9:00,2024,7,20,9:00,22.5,14.8,61,23,17,598.4564557,,,21.93836667,62.69325,14.51278333,0.441666667,1.658333333,138.8833333,154.8166667,,0.56163333,4.280555555,1.69325,443.639789
OTTAWA INTL A,2024-07-20 10:00,2024,7,20,10:00,24.1,15.7,59,25,17,738.3995472,,,23.59391667,59.241,15.1898,0.416666667,1.675,165.5333333,197.3166667,,0.50608333,4.305555555,0.241,541.0828805
OTTAWA INTL A,2024-07-20 11:00,2024,7,20,11:00,25.6,15.7,54,23,18,845.7435033,,,24.89746667,53.8753,14.9232,0.675,2.025,181.75,97.56666667,,0.70253333,4.325,0.1247,748.1768366
OTTAWA INTL A,2024-07-20 12:00,2024,7,20,12:00,26.1,15.2,50,21,17,932.0732522,,,25.9749,49.04491667,14.46056667,0.933333333,2.341666667,169.3166667,95.93333333,,0.1251,3.788888889,0.95508333,836.1399189
OTTAWA INTL A,2024-07-20 13:00,2024,7,20,13:00,26.4,15.2,49,23,13,809.5316713,,,26.80173333,47.03336667,14.57015,0.525,1.875,173.55,96.38333333,,0.40173333,3.086111111,1.96663333,713.148338
OTTAWA INTL A,2024-07-20 14:00,2024,7,20,14:00,26.5,15.8,51,23,15,566.3906773,,,27.21326667,46.06511667,14.62165,0.6,1.916666667,193.0333333,81.93333333,,0.71326667,3.566666667,4.93488333,484.457344
OTTAWA INTL A,2024-07-20 15:00,2024,7,20,15:00,27.8,15,45,25,24,494.0164415,,,27.00658333,46.83916667,14.69688333,1.441666667,3.075,328.8333333,67.25,,0.79341667,5.225,1.83916667,426.7664415
OTTAWA INTL A,2024-07-20 16:00,2024,7,20,16:00,26.1,14.2,47,26,18,302.697422,,,26.95301667,46.35261667,14.48211667,1.516666667,3.208333333,311.4833333,53,,0.85301667,3.483333333,0.64738333,249.697422
OTTAWA INTL A,2024-07-20 17:00,2024,7,20,17:00,23.6,16.6,65,33,27,78.7363055,,,24.53253333,58.1871,15.6346,1.375,2.916666667,261.15,16.91666667,,0.93253333,6.125,6.8129,61.81963883
OTTAWA INTL A,2024-07-20 18:00,2024,7,20,18:00,22.7,17.1,70,35,17,78.4634948,,,22.48575,70.37571667,16.84751667,0.525,1.608333333,174.2166667,14.26666667,,0.21425,4.197222222,0.37571667,64.19682813
OTTAWA INTL A,2024-07-20 19:00,2024,7,20,19:00,21.2,17.5,79,29,26,16.2860261,,,22.17471667,70.37673333,16.54358333,0.866666667,1.9,332.8666667,2.733333333,,0.97471667,6.355555555,8.62326667,13.55269277
OTTAWA INTL A,2024-07-20 20:00,2024,7,20,20:00,18.9,18.9,100,30,8,3.63188835,,,19.42686667,89.58356667,17.67606667,0.516666667,1.341666667,308.6333333,1,,0.52686667,1.705555555,10.41643333,2.63188835
OTTAWA INTL A,2024-07-20 21:00,2024,7,20,21:00,18.5,18.5,100,23,8,1.501833833,,,19.42791667,91.5559,18.04018333,0.033333333,0.408333333,328.5666667,1,,0.92791667,2.188888889,8.4441,0.501833833
OTTAWA INTL A,2024-07-20 22:00,2024,7,20,22:00,18.7,18.7,100,30,8,1.708767717,,,19.42931667,91.88311667,18.0986,0.091666667,0.816666667,262.6833333,1,,0.72931667,2.130555555,8.11688333,0.708767717
OTTAWA INTL A,2024-07-20 23:00,2024,7,20,23:00,18.4,18.4,100,31,11,1.751495967,,,18.97295,93.2409,17.8797,0.025,0.283333333,331.3,1,,0.57295,3.030555556,6.7591,0.751495967
OTTAWA INTL A,2024-07-21 0:00,2024,7,21,0:00,18.7,18.7,100,29,7,1.657301767,,,18.49641667,94.469,17.6141,0,0.091666667,331.4333333,1,,0.20358333,1.944444444,5.531,0.657301767
OTTAWA INTL A,2024-07-21 1:00,2024,7,21,1:00,18.1,18.1,100,36,10,1.7928408,,,18.0674,95.3909,17.34125,0,0.2,335.6666667,1,,0.0326,2.777777778,4.6091,0.7928408
OTTAWA INTL A,2024-07-21 2:00,2024,7,21,2:00,16.4,16.4,100,3,11,1.850297017,,,17.4315,95.78035,16.77215,0,0.1,351.0166667,1,,1.0315,3.055555556,4.21965,0.850297017
OTTAWA INTL A,2024-07-21 3:00,2024,7,21,3:00,16,16,100,4,9,2.08604935,,,16.60973333,92.72736667,15.4457,0.008333333,0.325,6.066666667,1,,0.60973333,2.491666667,7.27263333,1.08604935
OTTAWA INTL A,2024-07-21 4:00,2024,7,21,4:00,15.6,15.6,100,2,13,1.916543,,,15.3278,89.72858333,13.66778333,0.016666667,0.45,13.61666667,1,,0.2722,3.594444444,10.27141667,0.916543
OTTAWA INTL A,2024-07-21 5:00,2024,7,21,5:00,15,14.1,94,3,12,7.3659446,,,14.40886667,89.69713333,12.75413333,0.008333333,0.216666667,16.03333333,1.7,,0.59113333,3.325,4.30286667,5.6659446
OTTAWA INTL A,2024-07-21 6:00,2024,7,21,6:00,15.1,13.6,91,2,13,81.32707475,,,14.82705,84.37756667,12.2242,0.091666667,0.783333333,8.333333333,42.73333333,,0.27295,3.519444444,6.62243333,38.59374142
OTTAWA INTL A,2024-07-21 7:00,2024,7,21,7:00,16.6,12.8,78,5,12,223.0438837,,,15.8551,81.8123,12.75995,0.05,0.491666667,19.25,77.15,,0.7449,3.283333333,3.8123,145.8938837
OTTAWA INTL A,2024-07-21 8:00,2024,7,21,8:00,18.3,13.3,72,6,9,421.8931847,,,17.78396667,72.81756667,12.84203333,0.066666667,0.725,27.38333333,97.88333333,,0.51603333,2.433333333,0.81756667,324.0098514
OTTAWA INTL A,2024-07-21 9:00,2024,7,21,9:00,19.7,11.6,59,8,13,628.6601567,,,19.41973333,61.30835,11.75316667,0.075,0.85,92,159.0666667,,0.28026667,3.536111111,2.30835,469.59349
OTTAWA INTL A,2024-07-21 10:00,2024,7,21,10:00,20.8,11.2,54,2,11,762.5280082,,,20.20365,51.66075,9.942783333,0.216666667,1.275,66.73333333,188.1333333,,0.59635,2.838888889,2.33925,574.3946749
OTTAWA INTL A,2024-07-21 11:00,2024,7,21,11:00,22.1,9.9,45,1,10,831.679583,,,20.71056667,51.8455,10.46618333,0.233333333,1.3,108.25,97.51666667,,1.38943333,2.544444445,6.8455,734.1629163
OTTAWA INTL A,2024-07-21 12:00,2024,7,21,12:00,23.2,12.4,50,32,7,935.4647473,,,21.4308,52.68033333,11.3721,0.266666667,1,181.0666667,88.81666667,,1.7692,1.677777777,2.68033333,846.6480806
OTTAWA INTL A,2024-07-21 13:00,2024,7,21,13:00,23.4,12.1,49,30,21,918.3666548,,,22.36448333,50.49721667,11.59563333,0.366666667,1.316666667,206.2333333,108.75,,1.03551667,5.466666666,1.49721667,809.6166548
OTTAWA INTL A,2024-07-21 14:00,2024,7,21,14:00,23.7,12.8,50,31,18,865.9552378,,,23.41903333,50.277,12.50276667,0.608333333,1.875,263.8833333,115.1333333,,0.28096667,4.391666667,0.277,750.8219045
OTTAWA INTL A,2024-07-21 15:00,2024,7,21,15:00,24.1,12.1,47,30,12,813.6582882,,,23.56676667,49.11635,12.27895,0.625,1.916666667,229.6166667,73.38333333,,0.53323333,2.708333333,2.11635,740.2749549
OTTAWA INTL A,2024-07-21 16:00,2024,7,21,16:00,24,10.8,43,30,16,529.8554862,,,23.50413333,47.6206,11.75103333,0.433333333,1.5,229.2166667,83.38333333,,0.49586667,4.011111111,4.6206,446.4721529
OTTAWA INTL A,2024-07-21 17:00,2024,7,21,17:00,23.8,10.7,43,29,16,471.5547518,,,24.25911667,46.11466667,11.95081667,0.691666667,1.808333333,259.65,54.18333333,,0.45911667,3.752777777,3.11466667,417.3714185
OTTAWA INTL A,2024-07-21 18:00,2024,7,21,18:00,23.1,10.6,45,29,17,316.7549662,,,24.115,46.02401667,11.7929,0.55,1.525,255.1,54.73333333,,1.015,4.172222222,1.02401667,262.0216329
OTTAWA INTL A,2024-07-21 19:00,2024,7,21,19:00,21.3,11.9,55,31,14,115.3341157,,,23.37123333,46.96865,11.42541667,0.883333333,2.05,329.3333333,33.2,,2.07123333,3.005555556,8.03135,82.1341157
OTTAWA INTL A,2024-07-21 20:00,2024,7,21,20:00,19.7,11.7,59,30,10,16.26944858,,,22.31731667,51.1619,11.749,0.3,1.125,229.9,5.266666667,,2.61731667,2.477777778,7.8381,11.00278191
OTTAWA INTL A,2024-07-21 21:00,2024,7,21,21:00,19.3,11.9,62,32,10,2.327983067,,,21.08131667,57.12825,12.27176667,0.083333333,0.358333333,201.0833333,1,,1.78131667,2.694444445,4.87175,1.327983067
OTTAWA INTL A,2024-07-21 22:00,2024,7,21,22:00,16,12.4,79,23,3,1.915882617,,,19.55731667,64.00943333,12.57116667,0,0.025,3.4,1,,3.55731667,0.833333333,14.99056667,0.915882617
OTTAWA INTL A,2024-07-21 23:00,2024,7,21,23:00,15.1,12.9,87,21,4,1.874855433,,,18.06061667,72.9714,13.14495,0,0,3,1,,2.96061667,1.111111111,14.0286,0.874855433
OTTAWA INTL A,2024-07-22 0:00,2024,7,22,0:00,13.7,13.7,100,23,5,1.870551817,,,16.90068333,81.44311667,13.71925,0,0,3,1,,3.20068333,1.388888889,18.55688333,0.870551817
OTTAWA INTL A,2024-07-22 1:00,2024,7,22,1:00,15.6,13.7,89,36,3,1.9054601,,,16.30056667,83.95635,13.59555,0,0,3,1,,0.70056667,0.833333333,5.04365,0.9054601
OTTAWA INTL A,2024-07-22 2:00,2024,7,22,2:00,13.4,13.4,100,32,5,1.780985117,,,15.52873333,87.82581667,13.53513333,0,0,2.966666667,1,,2.12873333,1.388888889,12.17418333,0.780985117
OTTAWA INTL A,2024-07-22 3:00,2024,7,22,3:00,12.9,12.9,100,36,1,1.822548133,,,14.7152,91.30518333,13.32913333,0,0.041666667,228.1,1,,1.8152,0.277777778,8.69481667,0.822548133
OTTAWA INTL A,2024-07-22 4:00,2024,7,22,4:00,12.3,12.3,100,0,1,1.746748067,,,14.24083333,92.95608333,13.13383333,0,0,1,1,,1.94083333,0.277777778,7.04391667,0.746748067
OTTAWA INTL A,2024-07-22 5:00,2024,7,22,5:00,11.9,11.9,100,33,4,5.986755917,,,13.9902,92.5072,12.81098333,0,0.008333333,1,1.416666667,,2.0902,1.111111111,7.4928,4.57008925
OTTAWA INTL A,2024-07-22 6:00,2024,7,22,6:00,14,14,100,27,3,78.75657258,,,14.34696667,90.72521667,12.8657,0,0.1,23.45,36.65,,0.34696667,0.833333333,9.27478333,42.10657258
OTTAWA INTL A,2024-07-22 7:00,2024,7,22,7:00,17.2,15.4,89,36,3,243.4631447,,,15.98165,83.62526667,13.22086667,0,0.058333333,157.7666667,89.8,,1.21835,0.833333333,5.37473333,153.6631447
OTTAWA INTL A,2024-07-22 8:00,2024,7,22,8:00,19.4,15.4,78,31,0,424.1288375,,,17.65708333,77.48173333,13.68525,0.008333333,0.441666667,267.2166667,104.7166667,,1.74291667,0.008333333,0.51826667,319.4121708
OTTAWA INTL A,2024-07-22 9:00,2024,7,22,9:00,21.8,14.1,61,26,8,597.8141572,,,19.60918333,71.9029,14.40763333,0.041666667,0.483333333,298.9666667,199.3666667,,2.19081667,2.180555555,10.9029,398.4474905
OTTAWA INTL A,2024-07-22 10:00,2024,7,22,10:00,23.4,11.1,45,28,8,750.9659245,,,22.2319,59.9729,14.0674,0.258333333,0.975,258.4333333,184.7,,1.1681,1.963888889,14.9729,566.2659245
OTTAWA INTL A,2024-07-22 11:00,2024,7,22,11:00,24.6,13,48,25,9,822.5608433,,,23.65748333,50.6821,12.82401667,0.591666667,1.758333333,255.5666667,95.5,,0.94251667,1.908333333,2.6821,727.0608433
OTTAWA INTL A,2024-07-22 12:00,2024,7,22,12:00,25.6,13,45,27,9,926.7011408,,,24.83576667,44.11943333,11.7994,0.716666667,1.991666667,257.5,88.38333333,,0.76423333,1.783333333,0.88056667,838.3178075
OTTAWA INTL A,2024-07-22 13:00,2024,7,22,13:00,25.9,12,41,28,13,928.1617645,,,25.34503333,41.97445,11.50475,0.475,1.608333333,232.7333333,136.6666667,,0.55496667,3.136111111,0.97445,791.4950978
OTTAWA INTL A,2024-07-22 14:00,2024,7,22,14:00,26.1,12.6,43,32,10,871.9038372,,,25.90065,36.9299,10.0464,0.583333333,1.716666667,284.4,117.2833333,,0.19935,2.194444445,6.0701,754.6205039
OTTAWA INTL A,2024-07-22 15:00,2024,7,22,15:00,26.2,12.8,43,23,5,782.963796,,,26.4636,33.79166667,9.238016667,0.483333333,1.65,259.4333333,68.25,,0.2636,0.905555556,9.20833333,714.713796
OTTAWA INTL A,2024-07-22 16:00,2024,7,22,16:00,26.7,12.1,40,27,8,640.980897,,,26.6831,33.68648333,9.394366667,0.4,1.458333333,283.8,140,,0.0169,1.822222222,6.31351667,500.980897
OTTAWA INTL A,2024-07-22 17:00,2024,7,22,17:00,26.5,12.5,41,31,0,455.967545,,,26.80393333,33.63918333,9.480116667,0.541666667,1.725,303.4333333,54.06666667,,0.30393333,0.541666667,7.36081667,401.9008783
OTTAWA INTL A,2024-07-22 18:00,2024,7,22,18:00,25.6,13.3,46,35,7,324.4250105,,,26.8678,35.8234,10.46901667,0.116666667,0.891666667,286.0166667,54.68333333,,1.2678,1.827777777,10.1766,269.7416772
OTTAWA INTL A,2024-07-22 19:00,2024,7,22,19:00,24.3,11,43,5,7,106.6004813,,,25.61096667,43.02926667,12.10233333,0,0.208333333,8.75,25.33333333,,1.31096667,1.944444444,0.02926667,81.26714797
OTTAWA INTL A,2024-07-22 20:00,2024,7,22,20:00,22.2,12.4,53,5,10,18.01207555,,,23.83623333,49.95911667,12.78663333,0,0.008333333,11.55,5.05,,1.63623333,2.777777778,3.04088333,12.96207555
OTTAWA INTL A,2024-07-22 21:00,2024,7,22,21:00,20.3,13.7,66,6,11,2.135980633,,,22.61976667,56.63313333,13.54655,0,0,19.63333333,1,,2.31976667,3.055555556,9.36686667,1.135980633
OTTAWA INTL A,2024-07-22 22:00,2024,7,22,22:00,20.1,14.3,69,5,12,2.08911925,,,21.3039,68.24521667,15.22581667,0,0.016666667,18.3,1,,1.2039,3.333333333,0.75478333,1.08911925
OTTAWA INTL A,2024-07-22 23:00,2024,7,22,23:00,19.4,14.1,71,5,10,1.778679667,,,20.3234,69.97311667,14.68541667,0,0.033333333,18.1,1,,0.9234,2.777777778,1.02688333,0.778679667
OTTAWA INTL A,2024-07-23 0:00,2024,7,23,0:00,18.5,14.3,76,4,12,1.832804417,,,19.25843333,72.88245,14.29081667,0,0,18,1,,0.75843333,3.333333333,3.11755,0.832804417
OTTAWA INTL A,2024-07-23 1:00,2024,7,23,1:00,18.1,14.7,80,5,8,1.857500083,,,18.81523333,75.5304,14.41623333,0,0.016666667,18,1,,0.71523333,2.222222222,4.4696,0.857500083
OTTAWA INTL A,2024-07-23 2:00,2024,7,23,2:00,17.9,15.3,84,4,10,1.599864167,,,18.42453333,76.49356667,14.23618333,0,0.108333333,18,1,,0.52453333,2.777777778,7.50643333,0.599864167
OTTAWA INTL A,2024-07-23 3:00,2024,7,23,3:00,18.3,15.4,83,3,11,1.4140577,,,18.49711667,74.90875,13.98056667,0,0.091666667,22.01666667,1,,0.19711667,3.055555556,8.09125,0.4140577
OTTAWA INTL A,2024-07-23 4:00,2024,7,23,4:00,17.3,14.8,85,5,13,1.774648233,,,18.50613333,76.0641,14.22805,0.008333333,0.341666667,17.71666667,1,,1.20613333,3.602777778,8.9359,0.774648233
OTTAWA INTL A,2024-07-23 5:00,2024,7,23,5:00,18,14,77,7,16,5.041066833,,,18.34088333,76.7142,14.19778333,0.008333333,0.166666667,30.66666667,1.116666667,,0.34088333,4.436111111,0.2858,3.924400166
OTTAWA INTL A,2024-07-23 6:00,2024,7,23,6:00,18.1,13.8,76,6,17,40.33241722,,,18.4057,76.77831667,14.27478333,0,0.3,36.4,6.05,,0.3057,4.722222222,0.77831667,34.28241722
OTTAWA INTL A,2024-07-23 7:00,2024,7,23,7:00,18.2,14.5,78,7,16,90.59719705,,,18.84168333,72.36476667,13.77733333,0.016666667,0.666666667,62.51666667,23.7,,0.64168333,4.427777777,5.63523333,66.89719705
OTTAWA INTL A,2024-07-23 8:00,2024,7,23,8:00,18.8,14.9,78,7,16,203.4021924,,,19.3114,69.53435,13.61861667,0.066666667,1,78.06666667,36.36666667,,0.5114,4.377777777,8.46565,167.0355257
OTTAWA INTL A,2024-07-23 9:00,2024,7,23,9:00,20.8,15.9,73,6,12,582.9173198,,,21.38218333,65.91301667,14.76493333,0.133333333,1.175,92.01666667,202.5166667,,0.58218333,3.2,7.08698333,380.4006531
OTTAWA INTL A,2024-07-23 10:00,2024,7,23,10:00,22.6,17.6,73,5,11,710.9768293,,,22.86461667,63.62668333,15.62303333,0.158333333,1.391666667,93.25,175.2833333,,0.26461667,2.897222223,9.37331667,535.693496
OTTAWA INTL A,2024-07-23 11:00,2024,7,23,11:00,24,17.3,66,6,7,823.9848762,,,23.95636667,62.56785,16.38956667,0.416666667,1.583333333,100.5,96.85,,0.04363333,1.527777777,3.43215,727.1348762
OTTAWA INTL A,2024-07-23 12:00,2024,7,23,12:00,25.4,16.4,57,6,12,886.0334567,,,24.47568333,60.60396667,16.3772,0.933333333,2.183333333,70.81666667,87.45,,0.92431667,2.4,3.60396667,798.5834567
OTTAWA INTL A,2024-07-23 13:00,2024,7,23,13:00,26.4,16.5,54,11,10,865.3692702,,,25.66003333,56.72668333,16.4362,0.358333333,1.25,118.65,147.2166667,,0.73996667,2.419444445,2.72668333,718.1526035
OTTAWA INTL A,2024-07-23 14:00,2024,7,23,14:00,26.5,15.1,49,8,13,852.790669,,,26.4443,49.61996667,15.05696667,0.3,1.441666667,97.3,126.3833333,,0.0557,3.311111111,0.61996667,726.4073357
OTTAWA INTL A,2024-07-23 15:00,2024,7,23,15:00,26.5,15.4,50,11,13,529.0085613,,,26.38705,49.93471667,15.12053333,0.291666667,1.35,79.75,55.96666667,,0.11295,3.319444444,0.06528333,473.0418946
OTTAWA INTL A,2024-07-23 16:00,2024,7,23,16:00,26.4,16,52,8,12,313.8890617,,,26.31055,50.57761667,15.24581667,0.016666667,0.575,106.65,70.03333333,,0.08945,3.316666666,1.42238333,243.8557284
OTTAWA INTL A,2024-07-23 17:00,2024,7,23,17:00,26.1,16.3,54,11,13,456.3305692,,,27.00408333,47.6745,14.96558333,0.133333333,0.983333333,103.3666667,53.93333333,,0.90408333,3.477777778,6.3255,402.3972359
OTTAWA INTL A,2024-07-23 18:00,2024,7,23,18:00,25,16.9,60,12,10,276.139674,,,26.5865,49.04008333,15.02655,0.158333333,1.266666667,135.35,45.33333333,,1.5865,2.619444445,10.95991667,230.8063407
OTTAWA INTL A,2024-07-23 19:00,2024,7,23,19:00,21.4,16.8,74,14,10,73.32159422,,,25.72825,51.46068333,14.97218333,0.116666667,0.908333333,152.4,18.45,,4.32825,2.661111111,22.53931667,54.87159422
OTTAWA INTL A,2024-07-23 20:00,2024,7,23,20:00,20.6,15.9,74,13,10,11.06633612,,,24.6151,55.67786667,15.18293333,0.025,0.675,131.4333333,2.05,,4.0151,2.752777778,18.32213333,9.01633612
OTTAWA INTL A,2024-07-23 21:00,2024,7,23,21:00,20.1,15.5,74,12,9,1.7930714,,,23.04833333,63.79651667,15.8313,0.008333333,0.558333333,189.65,1,,2.94833333,2.491666667,10.20348333,0.7930714
OTTAWA INTL A,2024-07-23 22:00,2024,7,23,22:00,19.7,15.5,76,10,9,1.719661617,,,22.80498333,63.74496667,15.59568333,0.008333333,0.6,162.3833333,1,,3.10498333,2.491666667,12.25503333,0.719661617
OTTAWA INTL A,2024-07-23 23:00,2024,7,23,23:00,19.4,16,80,7,9,1.773044817,,,22.30341667,65.09696667,15.44028333,0,0.316666667,145.8666667,1,,2.90341667,2.5,14.90303333,0.773044817
OTTAWA INTL A,2024-07-24 0:00,2024,7,24,0:00,19.3,16.4,83,8,10,1.689744467,,,21.20383333,70.11856667,15.56055,0,0.008333333,146,1,,1.90383333,2.777777778,12.88143333,0.689744467
OTTAWA INTL A,2024-07-24 1:00,2024,7,24,1:00,19.6,16.7,83,9,13,1.78434575,,,20.55461667,73.88146667,15.75076667,0,0.1,114.7,1,,0.95461667,3.611111111,9.11853333,0.78434575
OTTAWA INTL A,2024-07-24 2:00,2024,7,24,2:00,18.6,17.1,91,8,14,1.80863005,,,20.14106667,76.40951667,15.8819,0,0.458333333,70.88333333,1,,1.54106667,3.888888889,14.59048333,0.80863005
OTTAWA INTL A,2024-07-24 3:00,2024,7,24,3:00,17.9,17.6,98,9,17,2.150511383,,,19.45831667,75.59356667,15.05375,0.025,0.816666667,77.15,1,,1.55831667,4.697222222,22.40643333,1.150511383
OTTAWA INTL A,2024-07-24 4:00,2024,7,24,4:00,17.6,17.1,97,8,14,1.772853617,,,18.6219,77.33661667,14.5969,0.016666667,0.491666667,79.71666667,1,,1.0219,3.872222222,19.66338333,0.772853617
OTTAWA INTL A,2024-07-24 5:00,2024,7,24,5:00,17.2,17.1,99,8,14,7.210552217,,,18.10026667,79.42715,14.50385,0.008333333,0.425,95.58333333,1.45,,0.90026667,3.880555556,19.57285,5.760552217
OTTAWA INTL A,2024-07-24 6:00,2024,7,24,6:00,17.8,17.5,98,10,16,77.14471198,,,18.48461667,79.39255,14.87088333,0.033333333,0.816666667,110.1166667,27.33333333,,0.68461667,4.411111111,18.60745,49.81137865
OTTAWA INTL A,2024-07-24 7:00,2024,7,24,7:00,19.5,17.8,90,8,17,209.743892,,,19.59031667,77.87155,15.64426667,0.033333333,0.775,88.65,75.01666667,,0.09031667,4.688888889,12.12845,134.7272253
OTTAWA INTL A,2024-07-24 8:00,2024,7,24,8:00,20.6,18.5,88,7,18,366.976884,,,20.60903333,76.3882,16.33015,0.133333333,1.25,82.88333333,89.81666667,,0.00903333,4.866666667,11.6118,277.1602173
OTTAWA INTL A,2024-07-24 9:00,2024,7,24,9:00,21.3,19.2,88,10,13,316.3140102,,,21.47438333,75.80436667,17.0472,0.116666667,1.116666667,88.5,79.31666667,,0.17438333,3.494444444,12.19563333,236.9973435
OTTAWA INTL A,2024-07-24 10:00,2024,7,24,10:00,20.8,20.8,100,11,10,88.68063018,,,20.83458333,82.82995,17.79928333,0.016666667,0.491666667,98.93333333,19.31666667,,0.03458333,2.761111111,17.17005,69.36396351
OTTAWA INTL A,2024-07-24 11:00,2024,7,24,11:00,22.6,22.1,97,10,18,392.12296,,,20.6405,91.02448333,19.14578333,0.083333333,0.808333333,68.61666667,56.35,,1.9595,4.916666667,5.97551667,335.77296
OTTAWA INTL A,2024-07-24 12:00,2024,7,24,12:00,23.9,21.2,84,10,17,625.4254567,,,22.3409,86.57906667,20.01523333,0.5,1.916666667,82.81666667,84.31666667,,1.5591,4.222222222,2.57906667,541.10879
OTTAWA INTL A,2024-07-24 13:00,2024,7,24,13:00,23.9,22.6,92,7,16,428.2056607,,,23.37363333,83.56918333,20.45751667,0.233333333,1.308333333,75.35,72.7,,0.52636667,4.211111111,8.43081667,355.5056607
OTTAWA INTL A,2024-07-24 14:00,2024,7,24,14:00,22.8,22.8,100,5,17,62.08193288,,,22.60118333,89.25895,20.74173333,0.183333333,1.15,79.33333333,15.53333333,,0.19881667,4.538888889,10.74105,46.54859955
OTTAWA INTL A,2024-07-24 15:00,2024,7,24,15:00,22.6,22.6,100,34,19,56.02589147,,,21.61671667,95.80891667,20.94611667,0.275,1.408333333,118.7666667,9.9,,0.98328333,5.002777778,4.19108333,46.12589147
OTTAWA INTL A,2024-07-24 16:00,2024,7,24,16:00,18.8,18.8,100,31,21,12.64119403,,,20.33735,94.92885,19.51555,0.983333333,2.236666667,228.8,1.633333333,,1.53735,4.85,5.07115,11.0078607
OTTAWA INTL A,2024-07-24 17:00,2024,7,24,17:00,19.4,19.4,100,9,14,108.2937945,,,19.52098333,97.46378333,19.13326667,0.008333333,0.383333333,108.3666667,18.35,,0.12098333,3.880555556,2.53621667,89.9437945
OTTAWA INTL A,2024-07-24 18:00,2024,7,24,18:00,19.7,19.7,100,12,12,85.833472,,,20.21255,94.22111667,19.2779,0,0.575,139.1,14.91666667,,0.51255,3.333333333,5.77888333,70.91680533
OTTAWA INTL A,2024-07-24 19:00,2024,7,24,19:00,19.3,19.3,100,15,6,19.33615288,,,20.12028333,94.65315,19.2605,0.008333333,0.8,138.55,2.766666667,,0.82028333,1.658333334,5.34685,16.56948621
OTTAWA INTL A,2024-07-24 20:00,2024,7,24,20:00,18.6,18.6,100,15,14,2.71133935,,,19.8344,96.17063333,19.23148333,0.058333333,0.841666667,162.7833333,1,,1.2344,3.830555556,3.82936667,1.71133935
OTTAWA INTL A,2024-07-24 21:00,2024,7,24,21:00,18,18,100,14,5,1.7446086,,,19.32461667,97.13408333,18.88328333,0,0.275,175.75,1,,1.32461667,1.388888889,2.86591667,0.7446086
OTTAWA INTL A,2024-07-24 22:00,2024,7,24,22:00,17.5,17.5,100,17,0,1.749767883,,,18.70335,97.22445,18.27788333,0,0.041666667,201.8833333,1,,1.20335,0,2.77555,0.749767883
OTTAWA INTL A,2024-07-24 23:00,2024,7,24,23:00,17.5,17.5,100,20,6,1.56909765,,,18.49173333,96.54133333,17.95313333,0,0.283333333,204.6166667,1,,0.99173333,1.666666667,3.45866667,0.56909765
OTTAWA INTL A,2024-07-25 0:00,2024,7,25,0:00,17.6,17.6,100,21,8,1.431438,,,18.2948,96.25613333,17.71113333,0,0.2,195.0333333,1,,0.6948,2.222222222,3.74386667,0.431438
OTTAWA INTL A,2024-07-25 1:00,2024,7,25,1:00,17.7,17.7,100,23,10,1.571010633,,,18.28643333,97.28841667,17.87263333,0.008333333,0.25,199.2166667,1,,0.58643333,2.769444445,2.71158333,0.571010633
OTTAWA INTL A,2024-07-25 2:00,2024,7,25,2:00,17.6,17.6,100,24,9,1.574495783,,,18.33613333,97.4444,17.94765,0,0.233333333,195.7,1,,0.73613333,2.5,2.5556,0.574495783
OTTAWA INTL A,2024-07-25 3:00,2024,7,25,3:00,17.3,17.3,100,25,9,1.962671183,,,18.13725,94.8048,17.31215,0,0.291666667,118.6,1,,0.83725,2.5,5.1952,0.962671183
OTTAWA INTL A,2024-07-25 4:00,2024,7,25,4:00,17.1,17.1,100,24,9,1.492005383,,,17.6106,93.31023333,16.53821667,0,0.225,207.1166667,1,,0.5106,2.5,6.68976667,0.492005383
OTTAWA INTL A,2024-07-25 5:00,2024,7,25,5:00,16.8,16.8,100,24,7,5.762341833,,,17.52731667,93.61286667,16.50685,0.133333333,0.983333333,233.5166667,1.3,,0.72731667,1.811111111,6.38713333,4.462341833
OTTAWA INTL A,2024-07-25 6:00,2024,7,25,6:00,17.2,17.2,100,26,13,33.1338929,,,17.41225,93.47491667,16.3694,0,0.258333333,261.15,8.466666667,,0.21225,3.611111111,6.52508333,24.66722623
OTTAWA INTL A,2024-07-25 7:00,2024,7,25,7:00,17.1,17.1,100,27,20,60.39330038,,,17.53771667,91.64765,16.18236667,0.266666667,1.3,272.2333333,9.383333333,,0.43771667,5.288888889,8.35235,51.00996705
OTTAWA INTL A,2024-07-25 8:00,2024,7,25,8:00,17.9,15.6,86,28,24,239.0576121,,,17.91523333,86.17193333,15.58521667,0.983333333,2.591666667,305,44.91666667,,0.01523333,5.683333334,0.17193333,194.1409454
OTTAWA INTL A,2024-07-25 9:00,2024,7,25,9:00,18,15.7,86,28,21,237.637483,,,18.03808333,83.40401667,15.20098333,0.575,2.166666667,215.3,50.03333333,,0.03808333,5.258333333,2.59598333,187.6041497
OTTAWA INTL A,2024-07-25 10:00,2024,7,25,10:00,17.7,17.7,100,26,14,257.8953237,,,18.16386667,81.86051667,15.0335,0.925,2.633333333,240.95,50.5,,0.46386667,2.963888889,18.13948333,207.3953237
OTTAWA INTL A,2024-07-25 11:00,2024,7,25,11:00,18.9,16.3,85,26,29,497.4638918,,,19.13376667,79.57538333,15.52308333,0.975,2.716666667,251.5833333,82.86666667,,0.23376667,7.080555556,5.42461667,414.5972251
OTTAWA INTL A,2024-07-25 12:00,2024,7,25,12:00,18.9,14.4,75,28,34,548.6950112,,,19.2853,78.96776667,15.55263333,1.258333333,3.158333333,244.75,84.25,,0.3853,8.186111111,3.96776667,464.4450112
OTTAWA INTL A,2024-07-25 13:00,2024,7,25,13:00,19.6,14.3,71,29,32,347.2082983,,,19.40865,73.92241667,14.65488333,2.525,4.885,295.75,67.91666667,,0.19135,6.363888889,2.92241667,279.2916316
OTTAWA INTL A,2024-07-25 14:00,2024,7,25,14:00,19.6,14.7,73,29,29,351.5276591,,,19.40831667,73.34135,14.53278333,2.291666667,4.585,324.4333333,74.16666667,,0.19168333,5.763888889,0.34135,277.3609924
OTTAWA INTL A,2024-07-25 15:00,2024,7,25,15:00,19.6,14.7,73,30,23,129.0592097,,,19.11578333,71.44935,13.8496,2.333333333,4.441666667,329.6666667,26.65,,0.48421667,4.055555556,1.55065,102.4092097
OTTAWA INTL A,2024-07-25 16:00,2024,7,25,16:00,19.5,13.9,70,29,27,215.3123768,,,19.22706667,70.13046667,13.66911667,1.858333333,4.016666667,326.1833333,38.55,,0.27293333,5.641666667,0.13046667,176.7623768
OTTAWA INTL A,2024-07-25 17:00,2024,7,25,17:00,18.9,13,68,30,37,94.02274717,,,18.85638333,69.94505,13.25576667,2.316666667,4.51,325.7333333,21.08333333,,0.04361667,7.961111111,1.94505,72.93941384
OTTAWA INTL A,2024-07-25 18:00,2024,7,25,18:00,17.2,13.4,78,30,29,97.61179213,,,16.75975,80.57988333,13.4191,2.075,4.293333333,332.6,19.41666667,,0.44025,5.980555556,2.57988333,78.19512546
OTTAWA INTL A,2024-07-25 19:00,2024,7,25,19:00,16.5,13.7,83,28,24,38.83901762,,,16.97358333,79.19166667,13.36011667,2.291666667,4.208333333,333.1,8.233333333,,0.47358333,4.375,3.80833333,30.60568429
OTTAWA INTL A,2024-07-25 20:00,2024,7,25,20:00,16.8,14,84,31,29,3.860221567,,,17.2678,78.09341667,13.43171667,1.858333333,3.783333333,333.2333333,1,,0.4678,6.197222223,5.90658333,2.860221567
OTTAWA INTL A,2024-07-25 21:00,2024,7,25,21:00,17.1,13.2,78,30,18,1.840240083,,,16.62081667,83.3763,13.80865,1.083333333,2.683333333,335.7833333,1,,0.47918333,3.916666667,5.3763,0.840240083
OTTAWA INTL A,2024-07-25 22:00,2024,7,25,22:00,17.3,13.9,80,28,13,1.3582611,,,17.35296667,77.33693333,13.36003333,0.625,2.008333333,330.75,1,,0.05296667,2.986111111,2.66306667,0.3582611
OTTAWA INTL A,2024-07-25 23:00,2024,7,25,23:00,17.2,13.7,79,30,14,1.675143183,,,17.90383333,72.90588333,12.99398333,1.066666667,2.625,331.3333333,1,,0.70383333,2.822222222,6.09411667,0.675143183
OTTAWA INTL A,2024-07-26 0:00,2024,7,26,0:00,16.6,13.6,82,30,19,2.185151633,,,17.35753333,75.38018333,12.97618333,0.65,1.916666667,329.9833333,1,,0.75753333,4.627777778,6.61981667,1.185151633
OTTAWA INTL A,2024-07-26 1:00,2024,7,26,1:00,16.4,13.9,85,29,17,1.81927075,,,16.75403333,78.38405,12.99076667,0.658333333,1.908333333,328.4833333,1,,0.35403333,4.063888889,6.61595,0.81927075
OTTAWA INTL A,2024-07-26 2:00,2024,7,26,2:00,14.9,13.7,92,29,14,1.882417833,,,16.31946667,78.67085,12.62385,1.075,2.508333333,327.3166667,1,,1.41946667,2.813888889,13.32915,0.882417833
OTTAWA INTL A,2024-07-26 3:00,2024,7,26,3:00,15.2,13.5,89,28,12,1.661356167,,,16.03028333,78.57346667,12.32395,0.433333333,1.575,328.3833333,1,,0.83028333,2.9,10.42653333,0.661356167
OTTAWA INTL A,2024-07-26 4:00,2024,7,26,4:00,14.7,13.4,92,29,17,1.651041717,,,15.65103333,79.53188333,12.13881667,0.333333333,1.25,335.1166667,1,,0.95103333,4.388888889,12.46811667,0.651041717
OTTAWA INTL A,2024-07-26 5:00,2024,7,26,5:00,14.1,13.7,97,29,13,5.412059217,,,15.17943333,81.26416667,12.00593333,0.091666667,0.883333333,330.7,1.383333333,,1.07943333,3.519444444,15.73583333,4.028725884
OTTAWA INTL A,2024-07-26 6:00,2024,7,26,6:00,15.3,13.9,92,29,13,79.00388647,,,15.66128333,79.80161667,12.19763333,0.125,1.2,328.2333333,53.25,,0.36128333,3.486111111,12.19838333,25.75388647
OTTAWA INTL A,2024-07-26 7:00,2024,7,26,7:00,17.1,14,81,29,16,247.714468,,,16.99473333,74.97306667,12.54295,0.283333333,1.533333333,324.45,108.5833333,,0.10526667,4.161111111,6.02693333,139.1311347
OTTAWA INTL A,2024-07-26 8:00,2024,7,26,8:00,18.6,13.6,72,28,11,409.9475788,,,18.1843,70.36808333,12.71728333,0.741666667,1.983333333,326.8166667,102.2833333,,0.4157,2.313888889,1.63191667,307.6642455
OTTAWA INTL A,2024-07-26 9:00,2024,7,26,9:00,20.3,14.1,67,28,9,574.6938568,,,19.85261667,64.93916667,13.07828333,0.841666667,2.075,333.4,167.2,,0.44738333,1.658333333,2.06083333,407.4938568
OTTAWA INTL A,2024-07-26 10:00,2024,7,26,10:00,22.6,15.3,63,28,14,716.1025488,,,21.74066667,58.70585,13.31116667,0.891666667,2.358333333,309.05,112.55,,0.85933333,2.997222222,4.29415,603.5525488
OTTAWA INTL A,2024-07-26 11:00,2024,7,26,11:00,23.5,15.3,59,27,13,816.6066902,,,23.51666667,53.0228,13.39303333,1.141666667,2.616666667,330.3666667,104.55,,0.01666667,2.469444444,5.9772,712.0566902
OTTAWA INTL A,2024-07-26 12:00,2024,7,26,12:00,24.6,14,51,27,18,888.6479273,,,24.73165,48.00588333,12.99678333,1.033333333,2.641666667,326.7833333,95.46666667,,0.13165,3.966666667,2.99411667,793.1812606
OTTAWA INTL A,2024-07-26 13:00,2024,7,26,13:00,25.3,13.7,48,29,25,809.8947483,,,25.68895,52.36691667,15.21335,0.441666667,1.8,191.5666667,121.3333333,,0.38895,6.502777777,4.36691667,688.561415
OTTAWA INTL A,2024-07-26 14:00,2024,7,26,14:00,26,14.3,48,31,24,800.448373,,,26.12825,47.41211667,14.0827,0.941666667,2.508333333,226.0166667,97.21666667,,0.12825,5.725,0.58788333,703.2317063
OTTAWA INTL A,2024-07-26 15:00,2024,7,26,15:00,26.3,13.1,44,30,24,677.0452982,,,26.48781667,45.67713333,13.8349,0.775,2.425,211.9,76.73333333,,0.18781667,5.891666667,1.67713333,600.3119649
OTTAWA INTL A,2024-07-26 16:00,2024,7,26,16:00,26.6,13.8,45,28,22,549.6148677,,,26.40356667,45.08865,13.55976667,0.983333333,2.65,247.8,89.58333333,,0.19643333,5.127777778,0.08865,460.0315344
OTTAWA INTL A,2024-07-26 17:00,2024,7,26,17:00,26.1,13.5,45,29,21,435.513614,,,26.6327,44.78976667,13.666,1.35,3.041666667,276.8666667,57.13333333,,0.5327,4.483333333,0.21023333,378.3802807
OTTAWA INTL A,2024-07-26 18:00,2024,7,26,18:00,25,13.8,49,27,17,253.3327877,,,26.37271667,45.89026667,13.80458333,1.141666667,2.716666667,314.3166667,45.5,,1.37271667,3.580555555,3.10973333,207.8327877
OTTAWA INTL A,2024-07-26 19:00,2024,7,26,19:00,22,15.1,65,26,10,78.90452678,,,25.5077,48.48283333,13.85853333,0.541666667,1.841666667,306.85,21.33333333,,3.5077,2.236111111,16.51716667,57.57119345
OTTAWA INTL A,2024-07-26 20:00,2024,7,26,20:00,20.7,14.8,68,26,10,8.173031467,,,24.2881,52.60323333,13.99318333,0.1,0.916666667,319.65,1.816666667,,3.5881,2.677777778,15.39676667,6.3563648
OTTAWA INTL A,2024-07-26 21:00,2024,7,26,21:00,20.6,14.5,68,25,7,1.94569565,,,22.88858333,59.43895,14.58178333,0,0.033333333,188.8833333,1,,2.28858333,1.944444444,8.56105,0.94569565
OTTAWA INTL A,2024-07-26 22:00,2024,7,26,22:00,18.6,15,79,26,10,1.812794367,,,21.6124,63.84661667,14.49233333,0,0,4,1,,3.0124,2.777777778,15.15338333,0.812794367
OTTAWA INTL A,2024-07-26 23:00,2024,7,26,23:00,18.9,14.9,78,27,6,1.799485133,,,20.43285,68.08406667,14.36465,0,0,4,1,,1.53285,1.666666667,9.91593333,0.799485133
OTTAWA INTL A,2024-07-27 0:00,2024,7,27,0:00,17.8,14.7,82,23,7,1.88079155,,,20.54393333,67.66033333,14.37481667,0,0.158333333,4,1,,2.74393333,1.944444444,14.33966667,0.88079155
OTTAWA INTL A,2024-07-27 1:00,2024,7,27,1:00,16.6,15.6,94,23,9,1.830187417,,,20.04855,70.55185,14.53208333,0,0.591666667,3.666666667,1,,3.44855,2.5,23.44815,0.830187417
OTTAWA INTL A,2024-07-27 2:00,2024,7,27,2:00,16.4,16,98,25,4,1.5678307,,,18.55613333,79.20311667,14.89591667,0,0.033333333,3.033333333,1,,2.15613333,1.111111111,18.79688333,0.5678307
OTTAWA INTL A,2024-07-27 3:00,2024,7,27,3:00,15.9,15.3,97,25,7,1.838748617,,,18.24265,80.80695,14.90491667,0.008333333,0.291666667,3,1,,2.34265,1.936111111,16.19305,0.838748617
OTTAWA INTL A,2024-07-27 4:00,2024,7,27,4:00,16.3,16.3,100,29,10,1.555719567,,,17.8094,83.3307,14.96463333,0.016666667,0.066666667,3,1,,1.5094,2.761111111,16.6693,0.555719567
OTTAWA INTL A,2024-07-27 5:00,2024,7,27,5:00,15.8,15.8,100,27,9,6.7601601,,,17.88765,84.33495,15.2266,0,0.341666667,3,1.45,,2.08765,2.5,15.66505,5.3101601
OTTAWA INTL A,2024-07-27 6:00,2024,7,27,6:00,17.9,16.6,92,29,12,56.24490823,,,17.96491667,83.71331667,15.18573333,0.008333333,0.333333333,14.81666667,23.06666667,,0.06491667,3.325,8.28668333,33.17824156
OTTAWA INTL A,2024-07-27 7:00,2024,7,27,7:00,19.2,16.6,85,28,14,200.5925538,,,19.15371667,80.61666667,15.75635,0,0.2,109.2166667,64.93333333,,0.04628333,3.888888889,4.38333333,135.6592205
OTTAWA INTL A,2024-07-27 8:00,2024,7,27,8:00,21.3,16.6,74,29,9,392.2667337,,,21.24851667,73.06263333,16.2429,0.141666667,0.85,151.2166667,97.05,,0.05148333,2.358333333,0.93736667,295.2167337
OTTAWA INTL A,2024-07-27 9:00,2024,7,27,9:00,23.1,16.6,66,26,8,554.7213465,,,22.47,66.96831667,16.04046667,0.283333333,1.258333333,314.0333333,143.2166667,,0.63,1.938888889,0.96831667,411.5046798
OTTAWA INTL A,2024-07-27 10:00,2024,7,27,10:00,24.8,15.7,56,26,11,702.4897432,,,24.62765,55.35831667,15.07636667,0.525,1.7,295.85,109.9833333,,0.17235,2.530555556,0.64168333,592.5064099
OTTAWA INTL A,2024-07-27 11:00,2024,7,27,11:00,25.8,16.7,57,24,7,799.8157908,,,25.85336667,51.01661667,14.95678333,0.441666667,1.325,284.8166667,103.2,,0.05336667,1.502777777,5.98338333,696.6157908
OTTAWA INTL A,2024-07-27 12:00,2024,7,27,12:00,26.4,16.6,55,24,10,880.3417092,,,26.52111667,50.78988333,15.50511667,0.775,1.983333333,273.8666667,96.9,,0.12111667,2.002777778,4.21011667,783.4417092
OTTAWA INTL A,2024-07-27 13:00,2024,7,27,13:00,27.1,15.6,49,26,8,872.4306825,,,26.82533333,48.90233333,15.1977,0.9,2.4,269.65,115.65,,0.27466667,1.322222222,0.09766667,756.7806825
OTTAWA INTL A,2024-07-27 14:00,2024,7,27,14:00,27.3,15.5,48,23,9,812.7193868,,,27.10528333,47.19285,14.9003,0.65,1.958333333,209.0333333,106.45,,0.19471667,1.85,0.80715,706.2693868
OTTAWA INTL A,2024-07-27 15:00,2024,7,27,15:00,27.1,15,47,23,12,719.5393163,,,27.25573333,47.83871667,15.25088333,0.908333333,2.3,302.2833333,73.05,,0.15573333,2.425,0.83871667,646.4893163
OTTAWA INTL A,2024-07-27 16:00,2024,7,27,16:00,27.5,16.5,51,25,10,570.0129007,,,27.51096667,48.06406667,15.55728333,0.541666667,1.741666667,214.8166667,74.03333333,,0.01096667,2.236111111,2.93593333,495.9795674
OTTAWA INTL A,2024-07-27 17:00,2024,7,27,17:00,26.7,16.2,52,22,11,401.3979585,,,27.60313333,47.80256667,15.55456667,0.583333333,1.733333333,281.5333333,56.58333333,,0.90313333,2.472222223,4.19743333,344.8146252
OTTAWA INTL A,2024-07-27 18:00,2024,7,27,18:00,25.5,15.4,53,21,14,235.2507483,,,26.90075,51.04545,15.94173333,0.808333333,1.866666667,329.35,43.21666667,,1.40075,3.080555556,1.95455,192.0340816
OTTAWA INTL A,2024-07-27 19:00,2024,7,27,19:00,24,15.8,60,22,10,93.01079745,,,26.20763333,50.44125,15.11516667,0.291666667,0.966666667,326.95,22.88333333,,2.20763333,2.486111111,9.55875,70.12746412
OTTAWA INTL A,2024-07-27 20:00,2024,7,27,20:00,22.6,15.5,64,21,10,9.0074413,,,25.07703333,53.9562,15.1245,0,0.141666667,239.1333333,2,,2.47703333,2.777777778,10.0438,7.0074413
OTTAWA INTL A,2024-07-27 21:00,2024,7,27,21:00,21,17.1,78,20,9,1.821852183,,,24.61366667,54.68003333,14.90186667,0.066666667,0.7,212.1166667,1,,3.61366667,2.433333333,23.31996667,0.821852183
OTTAWA INTL A,2024-07-27 22:00,2024,7,27,22:00,19.9,16.9,82,19,8,2.072123017,,,23.36936667,61.6567,15.59143333,0.308333333,1.316666667,208.6,1,,3.46936667,1.913888889,20.3433,1.072123017
OTTAWA INTL A,2024-07-27 23:00,2024,7,27,23:00,19.2,16.7,85,20,8,1.964681733,,,22.34805,67.52443333,16.06273333,0.333333333,1.375,208.4833333,1,,3.14805,1.888888889,17.47556667,0.964681733
OTTAWA INTL A,2024-07-28 0:00,2024,7,28,0:00,18.8,17,89,22,10,1.9021078,,,21.0387,73.83678333,16.20636667,0,0.025,211,1,,2.2387,2.777777778,15.16321667,0.9021078
OTTAWA INTL A,2024-07-28 1:00,2024,7,28,1:00,17,17,100,22,7,1.708057367,,,20.73485,76.44726667,16.46441667,0,0.108333333,211,1,,3.73485,1.944444444,23.55273333,0.708057367
OTTAWA INTL A,2024-07-28 2:00,2024,7,28,2:00,16.7,16.7,100,22,9,1.784568,,,20.20501667,77.96595,16.2604,0,0.058333333,211,1,,3.50501667,2.5,22.03405,0.784568
OTTAWA INTL A,2024-07-28 3:00,2024,7,28,3:00,16.6,16.6,100,22,10,1.733579717,,,19.70251667,80.0615,16.18661667,0,0.008333333,211,1,,3.10251667,2.777777778,19.9385,0.733579717
OTTAWA INTL A,2024-07-28 4:00,2024,7,28,4:00,15.6,15.6,100,22.5,0,1.67947795,,,18.9718,82.98261667,16.0356,0,0,211.25,1,,3.3718,0,17.01738333,0.67947795
OTTAWA INTL A,2024-07-28 5:00,2024,7,28,5:00,15.5,15.5,100,23,6,4.8108662,,,18.48246667,85.7505,16.07061667,0,0,211,1.166666667,,2.98246667,1.666666667,14.2495,3.644199533
OTTAWA INTL A,2024-07-28 6:00,2024,7,28,6:00,16.7,16.7,100,23,3,65.93965975,,,19.23883333,82.25895,16.151,0,0.016666667,211.2166667,31.4,,2.53883333,0.833333333,17.74105,34.53965975
OTTAWA INTL A,2024-07-28 7:00,2024,7,28,7:00,18.8,18,95,23,5,213.9611743,,,20.58786667,77.52356667,16.54088333,0,0.158333333,223.6666667,103.9166667,,1.78786667,1.388888889,17.47643333,110.0445076
OTTAWA INTL A,2024-07-28 8:00,2024,7,28,8:00,21.5,17.2,76,21,5,387.0689868,,,22.73195,67.75841667,16.46301667,0.008333333,0.2,211.1,96.06666667,,1.23195,1.380555556,8.24158333,291.0023201
OTTAWA INTL A,2024-07-28 9:00,2024,7,28,9:00,23.7,18.2,71,21,8,553.6032158,,,24.23335,62.96781667,16.7473,0.008333333,0.416666667,206.8833333,143.4666667,,0.53335,2.213888889,8.03218333,410.1365491
OTTAWA INTL A,2024-07-28 10:00,2024,7,28,10:00,25.7,18.2,63,22,11,694.139714,,,25.59996667,55.1736,15.93913333,0.058333333,0.808333333,197.6666667,109.1,,0.10003333,2.997222223,7.8264,585.039714
OTTAWA INTL A,2024-07-28 11:00,2024,7,28,11:00,26.7,17.6,57,21,13,793.7746125,,,26.45926667,53.23485,16.18641667,0.283333333,1.125,236.4166667,100.0833333,,0.24073333,3.327777778,3.76515,693.6912792
OTTAWA INTL A,2024-07-28 12:00,2024,7,28,12:00,27.7,17.1,52,23,13,856.7104993,,,27.4427,52.1782,16.78318333,0.808333333,2.258333333,311.0333333,92.91666667,,0.2573,2.802777778,0.1782,763.7938326
OTTAWA INTL A,2024-07-28 13:00,2024,7,28,13:00,28.1,17.5,52,24,10,857.4883347,,,28.18871667,50.24115,16.86886667,0.858333333,2.083333333,261.7833333,118.1666667,,0.08871667,1.919444445,1.75885,739.321668
OTTAWA INTL A,2024-07-28 14:00,2024,7,28,14:00,28.6,16.1,46,22,13,797.0520395,,,28.73168333,47.99531667,16.64571667,0.808333333,2.066666667,270.9,90.56666667,,0.13168333,2.802777778,1.99531667,706.4853728
OTTAWA INTL A,2024-07-28 15:00,2024,7,28,15:00,28.7,16.6,47,26,9,703.042799,,,29.14065,47.71166667,16.92816667,0.425,1.541666667,246.7833333,73.83333333,,0.44065,2.075,0.71166667,629.2094657
OTTAWA INTL A,2024-07-28 16:00,2024,7,28,16:00,28.7,18.3,53,22,10,564.7120683,,,29.16388333,47.57715,16.9052,0.525,1.583333333,255.1166667,71.35,,0.46388333,2.252777778,5.42285,493.3620683
OTTAWA INTL A,2024-07-28 17:00,2024,7,28,17:00,28,17.6,53,22,7,402.5693547,,,28.97085,48.18543333,16.93033333,0.633333333,1.616666667,317.7,56.63333333,,0.97085,1.311111111,4.81456667,345.9360214
OTTAWA INTL A,2024-07-28 18:00,2024,7,28,18:00,26.9,18.8,61,18,8,240.5568922,,,28.72601667,49.1504,17.01953333,0.083333333,0.666666667,215.6,43.35,,1.82601667,2.138888889,11.8496,197.2068922
OTTAWA INTL A,2024-07-28 19:00,2024,7,28,19:00,25.7,18.8,65,18,3,84.54374452,,,27.85873333,49.99655,16.49545,0.016666667,0.508333333,212.0333333,21.88333333,,2.15873333,0.816666666,15.00345,62.66041119
OTTAWA INTL A,2024-07-28 20:00,2024,7,28,20:00,23.8,19.1,75,17,10,10.05783837,,,26.77493333,52.608,16.292,0,0.108333333,214.4333333,2.233333333,,2.97493333,2.777777778,22.392,7.824505037
OTTAWA INTL A,2024-07-28 21:00,2024,7,28,21:00,22.6,19.2,81,18,6,2.083737517,,,25.64435,59.46395,17.16608333,0,0.125,216,1,,3.04435,1.666666667,21.53605,1.083737517
OTTAWA INTL A,2024-07-28 22:00,2024,7,28,22:00,22,18.8,82,21,7,1.804363967,,,24.9537,62.81103333,17.3965,0.008333333,0.416666667,212.9833333,1,,2.9537,1.936111111,19.18896667,0.804363967
OTTAWA INTL A,2024-07-28 23:00,2024,7,28,23:00,20.5,17.8,84,19,6,1.9206574,,,23.90586667,64.86623333,16.91108333,0.008333333,0.15,212.85,1,,3.40586667,1.658333334,19.13376667,0.9206574
OTTAWA INTL A,2024-07-29 0:00,2024,7,29,0:00,17.8,17.1,96,19,5,2.280604333,,,22.19298333,72.4111,16.974,0,0,212,1,,4.39298333,1.388888889,23.5889,1.280604333
OTTAWA INTL A,2024-07-29 1:00,2024,7,29,1:00,18.6,17.2,91,26,5,1.947695783,,,20.65191667,87.5549,18.53368333,0,0,212,1,,2.05191667,1.388888889,3.4451,0.947695783
OTTAWA INTL A,2024-07-29 2:00,2024,7,29,2:00,16.2,16.2,100,26.66666667,0,1.899239417,,,19.97635,92.45261667,18.73836667,0,0.008333333,211.4833333,1,,3.77635,0,7.54738333,0.899239417
OTTAWA INTL A,2024-07-29 3:00,2024,7,29,3:00,16.8,16.8,100,27.33333333,0,1.945739417,,,19.36966667,94.39095,18.4691,0,0,211.9,1,,2.56966667,0,5.60905,0.945739417
OTTAWA INTL A,2024-07-29 4:00,2024,7,29,4:00,15.8,15.8,100,28,3,1.834000583,,,18.71775,95.43153333,17.99565,0,0,212,1,,2.91775,0.833333333,4.56846667,0.834000583
OTTAWA INTL A,2024-07-29 5:00,2024,7,29,5:00,16,16,100,17,0,4.047461583,,,18.2111,95.70201667,17.53608333,0,0,212,1.033333333,,2.2111,0,4.29798333,3.01412825
OTTAWA INTL A,2024-07-29 6:00,2024,7,29,6:00,17.4,17.4,100,6,5,62.68223383,,,18.87645,92.70738333,17.68551667,0,0.008333333,212,25.3,,1.47645,1.388888889,7.29261667,37.38223383
OTTAWA INTL A,2024-07-29 7:00,2024,7,29,7:00,20.5,20.5,100,10,5,208.9681355,,,20.37418333,88.72511667,18.47451667,0.025,0.216666667,166.4833333,95.73333333,,0.12581667,1.363888889,11.27488333,113.2348022
OTTAWA INTL A,2024-07-29 8:00,2024,7,29,8:00,22.6,20.2,86,7,5,368.4140152,,,21.73856667,84.11433333,18.94758333,0.025,0.466666667,146.4,94.95,,0.86143333,1.363888889,1.88566667,273.4640152
OTTAWA INTL A,2024-07-29 9:00,2024,7,29,9:00,24.5,19.6,74,9,5,534.7269133,,,23.44083333,77.24798333,19.24653333,0.1,0.7,58.08333333,121.65,,1.05916667,1.288888889,3.24798333,413.0769133
OTTAWA INTL A,2024-07-29 10:00,2024,7,29,10:00,25.1,19.9,72,13,5,624.0562098,,,25.7222,68.1732,19.42493333,0.025,0.641666667,108.8166667,109.3,,0.6222,1.363888889,3.8268,514.7562098
OTTAWA INTL A,2024-07-29 11:00,2024,7,29,11:00,25.2,19.4,70,14,8,502.7860988,,,26.49105,63.54306667,19.0304,0.066666667,0.858333333,145.1,86,,1.29105,2.155555555,6.45693333,416.7860988
OTTAWA INTL A,2024-07-29 12:00,2024,7,29,12:00,25.3,19.8,71,16,7,525.8302953,,,26.49326667,61.93071667,18.61698333,0.158333333,1.025,174.7166667,85.18333333,,1.19326667,1.786111111,9.06928333,440.646962
OTTAWA INTL A,2024-07-29 13:00,2024,7,29,13:00,24.8,19.7,73,21,6,354.7040458,,,26.68486667,59.22971667,18.08931667,0.041666667,0.425,179.5166667,66.91666667,,1.88486667,1.625,13.77028333,287.7873791
OTTAWA INTL A,2024-07-29 14:00,2024,7,29,14:00,24.3,20.4,79,17,8,173.4598633,,,26.00918333,64.28903333,18.75193333,0.083333333,0.558333333,128.7666667,39.46666667,,1.70918333,2.138888889,14.71096667,133.9931966
OTTAWA INTL A,2024-07-29 15:00,2024,7,29,15:00,25.1,20.7,76,17,7,190.214512,,,25.64436667,68.20465,19.36658333,0.233333333,1.208333333,191.7333333,38.28333333,,0.54436667,1.711111111,7.79535,151.9311787
OTTAWA INTL A,2024-07-29 16:00,2024,7,29,16:00,26.1,18.6,63,25,5,337.0226205,,,26.14155,63.71941667,18.7444,0.041666667,0.258333333,167.2,42.43333333,,0.04155,1.347222222,0.71941667,294.5892872
OTTAWA INTL A,2024-07-29 17:00,2024,7,29,17:00,26.4,18.9,63,21,3,397.1972857,,,26.82005,59.73068333,18.35241667,0.291666667,1.066666667,322.8166667,58.98333333,,0.42005,0.541666666,3.26931667,338.2139524
OTTAWA INTL A,2024-07-29 18:00,2024,7,29,18:00,25.4,20.5,74,16,5,228.2395815,,,26.755,59.7979,18.3076,0.141666667,0.816666667,320.7166667,41.65,,1.355,1.247222222,14.2021,186.5895815
OTTAWA INTL A,2024-07-29 19:00,2024,7,29,19:00,23.9,19.1,75,23,6,81.46170562,,,26.17683333,61.19296667,18.1218,0.05,0.55,157.2333333,20.78333333,,2.27683333,1.616666667,13.80703333,60.67837229
OTTAWA INTL A,2024-07-29 20:00,2024,7,29,20:00,19.6,18.5,94,19,5,8.42291765,,,23.90981667,70.57633333,18.25163333,0,0,6.416666667,1.55,,4.30981667,1.388888889,23.42366667,6.87291765
OTTAWA INTL A,2024-07-29 21:00,2024,7,29,21:00,21.1,20.1,94,21,6,1.858654783,,,22.97365,74.20555,18.15566667,0,0,6,1,,1.87365,1.666666667,19.79445,0.858654783
OTTAWA INTL A,2024-07-29 22:00,2024,7,29,22:00,20.2,20.2,100,22,5,1.710788733,,,22.93716667,77.4633,18.80561667,0,0.008333333,6,1,,2.73716667,1.388888889,22.5367,0.710788733
OTTAWA INTL A,2024-07-29 23:00,2024,7,29,23:00,19.2,19.2,100,21,5,1.94447645,,,22.2269,82.0631,19.0431,0,0,5.066666667,1,,3.0269,1.388888889,17.9369,0.94447645
OTTAWA INTL A,2024-07-30 0:00,2024,7,30,0:00,19.2,19.2,100,27,8,1.795341483,,,21.52476667,83.88078333,18.7075,0,0,4,1,,2.32476667,2.222222222,16.11921667,0.795341483
OTTAWA INTL A,2024-07-30 1:00,2024,7,30,1:00,17.1,17.1,100,23,7,1.682886267,,,21.28365,82.64601667,18.23398333,0,0.008333333,4,1,,4.18365,1.944444444,17.35398333,0.682886267
OTTAWA INTL A,2024-07-30 2:00,2024,7,30,2:00,15.6,15.6,100,19,5,2.028065617,,,20.21731667,85.92445,17.80848333,0.008333333,0.05,14.91666667,1,,4.61731667,1.380555556,14.07555,1.028065617
OTTAWA INTL A,2024-07-30 3:00,2024,7,30,3:00,15.7,15.7,100,17,7,2.0385711,,,19.40448333,92.76185,18.21555,0,0.05,46.66666667,1,,3.70448333,1.944444444,7.23815,1.0385711
OTTAWA INTL A,2024-07-30 4:00,2024,7,30,4:00,15.3,15.3,100,17,4,1.579297833,,,18.72025,95.45523333,18.00153333,0,0,3,1,,3.42025,1.111111111,4.54476667,0.579297833
OTTAWA INTL A,2024-07-30 5:00,2024,7,30,5:00,16,16,100,14.5,0,3.768735767,,,18.4213,96.6856,17.90788333,0,0.008333333,3,1.033333333,,2.4213,0,3.3144,2.735402434
OTTAWA INTL A,2024-07-30 6:00,2024,7,30,6:00,16.8,16.8,100,12,4,46.06237715,,,18.41673333,92.14245,17.13716667,0,0.008333333,9.066666667,16.25,,1.61673333,1.111111111,7.85755,29.81237715
OTTAWA INTL A,2024-07-30 7:00,2024,7,30,7:00,18.5,18.5,100,21,3,220.1832034,,,19.6092,90.32043333,18.00066667,0.075,0.333333333,18.05,81.73333333,,1.1092,0.758333333,9.67956667,138.4498701
OTTAWA INTL A,2024-07-30 8:00,2024,7,30,8:00,22.1,19.4,84,19,7,402.9669187,,,20.54611667,89.48135,18.77871667,0.333333333,1.283333333,38.36666667,99.73333333,,1.55388333,1.611111111,5.48135,303.2335854
OTTAWA INTL A,2024-07-30 9:00,2024,7,30,9:00,23.9,19.2,75,15,6,562.2977522,,,22.81105,81.82163333,19.53738333,0.158333333,1.025,105.8833333,148.1666667,,1.08895,1.508333334,6.82163333,414.1310855
OTTAWA INTL A,2024-07-30 10:00,2024,7,30,10:00,25.5,20.5,73,18,7,680.7154893,,,25.29791667,70.14098333,19.46981667,0.183333333,1.058333333,165.5333333,123,,0.20208333,1.761111111,2.85901667,557.7154893
OTTAWA INTL A,2024-07-30 11:00,2024,7,30,11:00,26.7,20.4,68,19,7,777.888284,,,26.84283333,63.45723333,19.33745,0.216666667,1.241666667,174.4666667,103.75,,0.14283333,1.727777777,4.54276667,674.138284
OTTAWA INTL A,2024-07-30 12:00,2024,7,30,12:00,28.6,20.3,60,21,11,848.6795863,,,27.92451667,58.84863333,19.14496667,0.308333333,1.316666667,201.6666667,92.18333333,,0.67548333,2.747222223,1.15136667,756.496253
OTTAWA INTL A,2024-07-30 13:00,2024,7,30,13:00,29.2,19.9,57,19,4,863.9892187,,,28.61015,56.228,19.04935,0.183333333,0.983333333,219.5833333,102.3666667,,0.58985,0.927777778,0.772,761.622552
OTTAWA INTL A,2024-07-30 14:00,2024,7,30,14:00,28.7,19.7,57,15,11,802.4611065,,,28.95805,55.96155,19.30233333,0.4,1.441666667,190.4666667,80.85,,0.25805,2.655555556,1.03845,721.6111065
OTTAWA INTL A,2024-07-30 15:00,2024,7,30,15:00,29.7,18.3,50,18,10,704.0902165,,,29.46455,55.8952,19.75396667,0.175,0.958333333,120.9833333,70.66666667,,0.23545,2.602777778,5.8952,633.4235498
OTTAWA INTL A,2024-07-30 16:00,2024,7,30,16:00,29.6,18.2,50,14,7,536.3716242,,,29.76155,53.17705,19.22748333,0.233333333,1.116666667,146.3666667,71.86666667,,0.16155,1.711111111,3.17705,464.5049575
OTTAWA INTL A,2024-07-30 17:00,2024,7,30,17:00,29.1,19.2,55,14,9,386.5503608,,,29.49781667,54.45811667,19.36498333,0.491666667,1.583333333,167.8666667,60.45,,0.39781667,2.008333333,0.54188333,326.1003608
OTTAWA INTL A,2024-07-30 18:00,2024,7,30,18:00,27,20.7,68,11,10,231.2361104,,,29.07126667,55.29358333,19.21213333,0.45,1.625,176.75,41.93333333,,2.07126667,2.327777778,12.70641667,189.3027771
OTTAWA INTL A,2024-07-30 19:00,2024,7,30,19:00,25.3,19.4,70,13,13,47.75197597,,,27.7822,58.27363333,18.85788333,0.233333333,1.375,134.7,9.416666667,,2.4822,3.377777778,11.72636667,38.3353093
OTTAWA INTL A,2024-07-30 20:00,2024,7,30,20:00,23.2,20.1,82,13,9,4.8483205,,,27.11741667,56.81166667,17.81361667,0.258333333,1.258333333,145.3,1.05,,3.91741667,2.241666667,25.18833333,3.7983205
OTTAWA INTL A,2024-07-30 21:00,2024,7,30,21:00,22.2,21.4,95,13,12,2.397286317,,,24.76526667,72.15928333,19.42025,0.691666667,1.85,190.4833333,1,,2.56526667,2.641666666,22.84071667,1.397286317
OTTAWA INTL A,2024-07-30 22:00,2024,7,30,22:00,21.3,21.3,100,14,13,2.216015867,,,23.31071667,81.56248333,19.99453333,0.566666667,1.708333333,188.1166667,1,,2.01071667,3.044444444,18.43751667,1.216015867
OTTAWA INTL A,2024-07-30 23:00,2024,7,30,23:00,21.2,21.2,100,13,7,1.724665,,,22.36165,87.9871,20.30008333,0.35,1.325,191.7166667,1,,1.16165,1.594444444,12.0129,0.724665
OTTAWA INTL A,2024-07-31 0:00,2024,7,31,0:00,21,21,100,11.5,0,1.728183633,,,22.26228333,88.41108333,20.2803,0,0.108333333,189.4666667,1,,1.26228333,0,11.58891667,0.728183633
OTTAWA INTL A,2024-07-31 1:00,2024,7,31,1:00,20.9,20.9,100,10,8,1.538291417,,,22.05566667,89.7946,20.3279,0.025,0.233333333,186.0166667,1,,1.15566667,2.197222222,10.2054,0.538291417
OTTAWA INTL A,2024-07-31 2:00,2024,7,31,2:00,21.2,21.2,100,11,6,1.501632383,,,21.93266667,90.05283333,20.2529,0.025,0.216666667,129.9666667,1,,0.73266667,1.641666667,9.94716667,0.501632383
OTTAWA INTL A,2024-07-31 3:00,2024,7,31,3:00,21,21,100,12,10,1.71318555,,,21.82128333,90.79233333,20.27551667,0,0,115,1,,0.82128333,2.777777778,9.20766667,0.71318555
OTTAWA INTL A,2024-07-31 4:00,2024,7,31,4:00,20.8,20.8,100,12,7,1.730952267,,,21.71396667,92.07926667,20.3972,0,0,115,1,,0.91396667,1.944444444,7.92073333,0.730952267
OTTAWA INTL A,2024-07-31 5:00,2024,7,31,5:00,21.1,21.1,100,6,3,2.472832983,,,21.52738333,95.29121667,20.7683,0,0.016666667,115,1,,0.42738333,0.833333333,4.70878333,1.472832983
OTTAWA INTL A,2024-07-31 6:00,2024,7,31,6:00,21.6,21.6,100,7,3,18.45326672,,,21.58951667,96.79521667,21.08658333,0,0.016666667,115,2.283333333,,0.01048333,0.833333333,3.20478333,16.16993339
OTTAWA INTL A,2024-07-31 7:00,2024,7,31,7:00,22.1,22.1,100,11,5,37.60932093,,,22.0592,95.69358333,21.3669,0,0.033333333,120.3333333,5.883333333,,0.0408,1.388888889,4.30641667,31.7259876
OTTAWA INTL A,2024-07-31 8:00,2024,7,31,8:00,22.9,22.9,100,14,9,98.17046327,,,22.49958333,93.6304,21.44806667,0,0.216666667,141.4333333,15.23333333,,0.40041667,2.5,6.3696,82.93712994
OTTAWA INTL A,2024-07-31 9:00,2024,7,31,9:00,24.6,23.7,94,22,9,187.6317663,,,23.20746667,91.06921667,21.69585,0.083333333,0.716666667,173.5166667,32.18333333,,1.39253333,2.416666667,2.93078333,155.448433
OTTAWA INTL A,2024-07-31 10:00,2024,7,31,10:00,25.1,24.4,96,19,5,370.768644,,,24.93786667,85.15071667,22.29511667,0.075,0.541666667,195.7166667,71.95,,0.16213333,1.313888889,10.84928333,298.818644
OTTAWA INTL A,2024-07-31 11:00,2024,7,31,11:00,25.9,22.9,83,26,7,320.877576,,,25.20101667,84.53893333,22.42751667,0.266666667,1.083333333,213.7666667,66.61666667,,0.69898333,1.677777777,1.53893333,254.2609093
OTTAWA INTL A,2024-07-31 12:00,2024,7,31,12:00,25.9,23.5,86,27,11,427.2276067,,,25.70501667,81.42706667,22.31106667,0.633333333,1.766666667,311.4666667,74.46666667,,0.19498333,2.422222223,4.57293333,352.76094
OTTAWA INTL A,2024-07-31 13:00,2024,7,31,13:00,26.1,23.5,85,29,13,473.1333742,,,26.35385,79.46951667,22.54303333,0.483333333,1.633333333,302.1333333,78.95,,0.25385,3.127777778,5.53048333,394.1833742
OTTAWA INTL A,2024-07-31 14:00,2024,7,31,14:00,27.3,23.1,77,26,9,686.1862858,,,27.3476,74.14335,22.3547,0.65,1.858333333,317.7166667,89.61666667,,0.0476,1.85,2.85665,596.5696191
OTTAWA INTL A,2024-07-31 15:00,2024,7,31,15:00,27.6,21.4,69,29,12,453.6786755,,,28.10966667,70.70326667,22.31025,0.325,1.183333333,295.1666667,66.73333333,,0.50966667,3.008333333,1.70326667,386.9453422
OTTAWA INTL A,2024-07-31 16:00,2024,7,31,16:00,27.9,22.7,73,23,11,326.4480486,,,28.3793,69.76808333,22.34396667,0.325,1.125,234.65,47.88333333,,0.4793,2.730555556,3.23191667,278.5647153
OTTAWA INTL A,2024-07-31 17:00,2024,7,31,17:00,27.1,22,73,36,16,323.9242931,,,24.75705,80.97801667,21.27916667,0.791666667,1.858333333,267.3166667,44.51666667,,2.34295,3.652777777,7.97801667,279.4076264
OTTAWA INTL A,2024-07-31 18:00,2024,7,31,18:00,27.5,22.3,73,26,8,266.8568655,,,26.06966667,76.75406667,21.6939,0.2,0.866666667,265.3166667,49.65,,1.43033333,2.022222222,3.75406667,217.2068655
OTTAWA INTL A,2024-07-31 19:00,2024,7,31,19:00,25.8,22.9,84,12,4,74.40075283,,,26.34458333,76.42346667,21.88665,0,0.016666667,8.9,20.11666667,,0.54458333,1.111111111,7.57653333,54.28408616
OTTAWA INTL A,2024-07-31 20:00,2024,7,31,20:00,24,22.9,94,12,7,8.404386883,,,25.34183333,81.93631667,22.06005,0,0,7.183333333,1.933333333,,1.34183333,1.944444444,12.06368333,6.47105355
OTTAWA INTL A,2024-07-31 21:00,2024,7,31,21:00,23.3,23.3,100,20,10,1.555162917,,,24.95493333,83.34268333,21.9618,0,0.066666667,163.4333333,1,,1.65493333,2.777777778,16.65731667,0.555162917
OTTAWA INTL A,2024-07-31 22:00,2024,7,31,22:00,23.2,23.2,100,24,7,1.787484117,,,24.751,81.75901667,21.44375,0,0.033333333,208,1,,1.551,1.944444444,18.24098333,0.787484117
OTTAWA INTL A,2024-07-31 23:00,2024,7,31,23:00,22.1,22.1,100,25,9,1.821484567,,,24.10575,87.6853,21.96145,0,0.1,195.65,1,,2.00575,2.5,12.3147,0.821484567
OTTAWA INTL A,2024-08-01 0:00,2024,8,1,0:00,21.3,21.3,100,24,7,2.201271217,,,23.62676667,89.948,21.90766667,0.008333333,0.408333333,208.6,1,,2.32676667,1.936111111,10.052,1.201271217
OTTAWA INTL A,2024-08-01 1:00,2024,8,1,1:00,21.6,21.6,100,25,7,1.542227417,,,22.63111667,92.19041667,21.32635,0,0.008333333,6,1,,1.03111667,1.944444444,7.80958333,0.542227417
OTTAWA INTL A,2024-08-01 2:00,2024,8,1,2:00,20.4,20.4,100,26,8,1.65079245,,,22.77138333,91.08471667,21.26811667,0,0.033333333,21.95,1,,2.37138333,2.222222222,8.91528333,0.65079245
OTTAWA INTL A,2024-08-01 3:00,2024,8,1,3:00,21.1,21.1,100,28,9,1.826914,,,22.44125,92.25386667,21.1489,0.008333333,0.2,113.7833333,1,,1.34125,2.491666667,7.74613333,0.826914
OTTAWA INTL A,2024-08-01 4:00,2024,8,1,4:00,20.8,20.8,100,26,12,1.77165515,,,21.882,92.94018333,20.71473333,0.075,0.6,260.9333333,1,,1.082,3.258333333,7.05981667,0.77165515
OTTAWA INTL A,2024-08-01 5:00,2024,8,1,5:00,20.4,20.4,100,28,10,4.005659667,,,21.90121667,90.48263333,20.29883333,0.108333333,0.8,313.35,1.1,,1.50121667,2.669444445,9.51736667,2.905659667
OTTAWA INTL A,2024-08-01 6:00,2024,8,1,6:00,21.2,21.2,100,27,13,57.93724183,,,22.37351667,87.9527,20.30256667,0,0.425,269.4666667,33.5,,1.17351667,3.611111111,12.0473,24.43724183
OTTAWA INTL A,2024-08-01 7:00,2024,8,1,7:00,22.6,22,96,31,16,206.0907483,,,23.47481667,84.63338333,20.76258333,0.075,0.683333333,237.6833333,107.2333333,,0.87481667,4.369444444,11.36661667,98.857415
OTTAWA INTL A,2024-08-01 8:00,2024,8,1,8:00,24.6,21.8,84,28,13,377.2816802,,,24.13691667,82.64768333,21.02303333,0.425,1.375,315.1,93.6,,0.46308333,3.186111111,1.35231667,283.6816802
OTTAWA INTL A,2024-08-01 9:00,2024,8,1,9:00,26.5,22.7,79,31,7,400.6397967,,,25.1034,79.60023333,21.35331667,0.741666667,1.958333333,306.35,126.4333333,,1.3966,1.202777777,0.60023333,274.2064634
OTTAWA INTL A,2024-08-01 10:00,2024,8,1,10:00,27.6,21.6,69,28,5,534.7712992,,,26.18881667,76.81206667,21.81896667,0.383333333,1.333333333,327.3,83.8,,1.41118333,1.005555556,7.81206667,450.9712992
OTTAWA INTL A,2024-08-01 11:00,2024,8,1,11:00,29.5,21.7,62,26,4,780.06598,,,28.0643,70.35576667,22.1787,0.15,0.758333333,238.2166667,120.0833333,,1.4357,0.961111111,8.35576667,659.9826467
OTTAWA INTL A,2024-08-01 12:00,2024,8,1,12:00,30.1,22.9,65,35,7,838.5779223,,,29.23256667,64.78008333,21.9358,0.3,1.258333333,151.65,96.21666667,,0.86743333,1.644444444,0.21991667,742.3612556
OTTAWA INTL A,2024-08-01 13:00,2024,8,1,13:00,30.5,21.6,59,25,9,273.916053,,,26.52511667,75.30436667,21.58456667,0.4,1.283333333,163.2833333,42.83333333,,3.97488333,2.1,16.30436667,231.0827197
OTTAWA INTL A,2024-08-01 14:00,2024,8,1,14:00,29.7,23,67,8,12,796.8458463,,,27.41301667,77.21915,23.06501667,0.016666667,0.55,128.6,82.48333333,,2.28698333,3.316666666,10.21915,714.362513
OTTAWA INTL A,2024-08-01 15:00,2024,8,1,15:00,31.5,19.6,48,28,12,629.570461,,,29.67045,61.53431667,21.47743333,0,0.275,122.6,66.38333333,,1.82955,3.333333333,13.53431667,563.1871277
OTTAWA INTL A,2024-08-01 16:00,2024,8,1,16:00,31.5,20,50,27,12,584.0632525,,,30.8683,52.57811667,20.05851667,0.416666667,1.416666667,295.8666667,86.41666667,,0.6317,2.916666666,2.57811667,497.6465858
OTTAWA INTL A,2024-08-01 17:00,2024,8,1,17:00,30.4,19.8,52,25,14,415.0864698,,,30.91083333,52.29451667,20.01271667,0.558333333,1.591666667,320.0666667,60.75,,0.51083333,3.330555556,0.29451667,354.3364698
OTTAWA INTL A,2024-08-01 18:00,2024,8,1,18:00,29.8,18.5,50,30,14,240.5885252,,,30.64731667,53.49488333,20.14436667,0.625,1.758333333,318.1333333,43.63333333,,0.84731667,3.263888889,3.49488333,196.9551919
OTTAWA INTL A,2024-08-01 19:00,2024,8,1,19:00,27.2,19.4,62,28,9,76.84032673,,,29.97893333,54.33528333,19.77708333,0.141666667,0.891666667,277.05,20.68333333,,2.77893333,2.358333333,7.66471667,56.1569934
OTTAWA INTL A,2024-08-01 20:00,2024,8,1,20:00,27.1,18.9,60,24,6,7.44490445,,,28.43928333,57.43238333,19.23703333,0,0,339.7166667,1.75,,1.33928333,1.666666667,2.56761667,5.69490445
OTTAWA INTL A,2024-08-01 21:00,2024,8,1,21:00,23.8,20,79,18,12,2.02247225,,,27.27315,60.83465,19.07208333,0,0,337.0166667,1,,3.47315,3.333333333,18.16535,1.02247225
OTTAWA INTL A,2024-08-01 22:00,2024,8,1,22:00,23.7,22.2,91,20,8,2.204351467,,,26.26441667,67.08221667,19.67278333,0,0.008333333,210.5166667,1,,2.56441667,2.222222222,23.91778333,1.204351467
OTTAWA INTL A,2024-08-01 23:00,2024,8,1,23:00,23.4,22.8,96,21,10,1.78161655,,,25.33903333,72.41285,20.03966667,0,0,268.25,1,,1.93903333,2.777777778,23.58715,0.78161655
OTTAWA INTL A,2024-08-02 0:00,2024,8,2,0:00,22.8,22.8,100,20,8,1.7838452,,,24.48185,79.36256667,20.69413333,0,0,263,1,,1.68185,2.222222222,20.63743333,0.7838452
OTTAWA INTL A,2024-08-02 1:00,2024,8,2,1:00,21.8,21.8,100,24,3,1.786592983,,,23.74046667,85.40111667,21.16958333,0,0,263,1,,1.94046667,0.833333333,14.59888333,0.786592983
OTTAWA INTL A,2024-08-02 2:00,2024,8,2,2:00,20.3,20.3,100,23,5,2.180897817,,,23.00935,90.00565,21.30298333,0,0,263.4166667,1,,2.70935,1.388888889,9.99435,1.180897817
OTTAWA INTL A,2024-08-02 3:00,2024,8,2,3:00,20.2,20.2,100,19,8,1.844578867,,,22.03315,93.27773333,20.92435,0,0,264,1,,1.83315,2.222222222,6.72226667,0.844578867
OTTAWA INTL A,2024-08-02 4:00,2024,8,2,4:00,20.2,20.2,100,18,9,1.7922964,,,21.45798333,94.28865,20.5277,0,0,264,1,,1.25798333,2.5,5.71135,0.7922964
OTTAWA INTL A,2024-08-02 5:00,2024,8,2,5:00,19.7,19.7,100,19,5,4.871101517,,,20.97716667,95.70616667,20.29218333,0,0,264,1.15,,1.27716667,1.388888889,4.29383333,3.721101517
OTTAWA INTL A,2024-08-02 6:00,2024,8,2,6:00,21.3,21.3,100,20,5,72.03338867,,,21.72968333,93.85105,20.7192,0,0,264.35,30.38333333,,0.42968333,1.388888889,6.14895,41.65005534
OTTAWA INTL A,2024-08-02 7:00,2024,8,2,7:00,23.1,23.1,100,20,8,222.8364492,,,23.24136667,89.6218,21.46446667,0,0.033333333,266.1666667,95.61666667,,0.14136667,2.222222222,10.3782,127.2197825
OTTAWA INTL A,2024-08-02 8:00,2024,8,2,8:00,24.3,23.4,95,23,5,328.3135952,,,24.12688333,87.36815,21.9228,0.05,0.625,237.35,82.08333333,,0.17311667,1.338888889,7.63185,246.2302619
OTTAWA INTL A,2024-08-02 9:00,2024,8,2,9:00,25.6,23.1,86,21,3,339.8629645,,,24.93796667,84.98455,22.26555,0.008333333,0.233333333,223.1666667,76.61666667,,0.66203333,0.825,1.01545,263.2462978
OTTAWA INTL A,2024-08-02 10:00,2024,8,2,10:00,26.9,22.6,77,19,6,393.7075837,,,26.48721667,80.62805,22.90908333,0.008333333,0.375,117.6166667,71.61666667,,0.41278333,1.658333334,3.62805,322.090917
OTTAWA INTL A,2024-08-02 11:00,2024,8,2,11:00,28,22.4,71,21,9,494.929563,,,27.46561667,78.80253333,23.48131667,0.158333333,0.941666667,175.85,85.46666667,,0.53438333,2.341666667,7.80253333,409.4628963
OTTAWA INTL A,2024-08-02 12:00,2024,8,2,12:00,30.3,21.6,59,23,9,625.5878275,,,28.86783333,70.05798333,22.84163333,0.025,0.516666667,195.35,92.36666667,,1.43216667,2.475,11.05798333,533.2211608
OTTAWA INTL A,2024-08-02 13:00,2024,8,2,13:00,30.1,21.5,60,26,12,582.0872798,,,30.08976667,60.02746667,21.4772,0.575,1.558333333,258.6833333,89.38333333,,0.01023333,2.758333333,0.02746667,492.7039465
OTTAWA INTL A,2024-08-02 14:00,2024,8,2,14:00,30.7,22,59,19,9,543.171968,,,30.25488333,58.47365,21.22533333,0.858333333,1.991666667,323.8833333,83.03333333,,0.44511667,1.641666667,0.52635,460.1386347
OTTAWA INTL A,2024-08-02 15:00,2024,8,2,15:00,30.1,20.8,57,23,16,528.6881848,,,30.78858333,54.12293333,20.45498333,0.758333333,2,301.6666667,71.85,,0.68858333,3.686111111,2.87706667,456.8381848
OTTAWA INTL A,2024-08-02 16:00,2024,8,2,16:00,29.9,20.9,58,23,10,504.9157775,,,30.95408333,52.97991667,20.2646,0.508333333,1.525,268.55,81.13333333,,1.05408333,2.269444445,5.02008333,423.7824442
OTTAWA INTL A,2024-08-02 17:00,2024,8,2,17:00,29.9,20.8,58,22,8,361.7357045,,,30.59475,56.95016667,21.10665,0.783333333,1.9,327.2833333,61.2,,0.69475,1.438888889,1.04983333,300.5357045
OTTAWA INTL A,2024-08-02 18:00,2024,8,2,18:00,27.8,23.1,75,17,6,174.1847318,,,29.84205,55.06386667,19.85155,0.716666667,1.841666667,326.95,32.11666667,,2.04205,0.95,19.93613333,142.0680651
OTTAWA INTL A,2024-08-02 19:00,2024,8,2,19:00,27.3,22,72,20,7,66.46136603,,,29.2665,58.03555,20.17883333,0.3,1.116666667,323.55,14.26666667,,1.9665,1.644444444,13.96445,52.19469936
OTTAWA INTL A,2024-08-02 20:00,2024,8,2,20:00,26.1,22.1,78,20,7,7.83442585,,,28.46541667,61.88463333,20.46276667,0,0.175,287.8666667,1.566666667,,2.36541667,1.944444444,16.11536667,6.267759183
OTTAWA INTL A,2024-08-02 21:00,2024,8,2,21:00,25.2,21.1,78,20,9,1.861888583,,,27.50386667,65.21706667,20.41151667,0,0.075,235.6833333,1,,2.30386667,2.5,12.78293333,0.861888583
OTTAWA INTL A,2024-08-02 22:00,2024,8,2,22:00,24.2,21.3,83,19,9,1.90646725,,,27.0316,67.58273333,20.54223333,0.008333333,0.608333333,207.4333333,1,,2.8316,2.491666667,15.41726667,0.90646725
OTTAWA INTL A,2024-08-02 23:00,2024,8,2,23:00,23.1,21.6,91,20,8,1.9539538,,,26.18795,70.97295,20.52915,0,0.375,211.6833333,1,,3.08795,2.222222222,20.02705,0.9539538
OTTAWA INTL A,2024-08-03 0:00,2024,8,3,0:00,23,22,94,26,8,1.962849717,,,25.61095,76.21521667,21.13023333,0.091666667,0.5,285.0666667,1,,2.61095,2.130555555,17.78478333,0.962849717
OTTAWA INTL A,2024-08-03 1:00,2024,8,3,1:00,22.1,22.1,100,19,9,1.9352485,,,24.7524,80.61358333,21.2166,0.008333333,0.133333333,317.7,1,,2.6524,2.491666667,19.38641667,0.9352485
OTTAWA INTL A,2024-08-03 2:00,2024,8,3,2:00,21.7,21.7,100,19,9,1.493500833,,,24.29803333,81.21483333,20.89675,0,0.15,243.6833333,1,,2.59803333,2.5,18.78516667,0.493500833
OTTAWA INTL A,2024-08-03 3:00,2024,8,3,3:00,21.2,21.2,100,22,7,1.8895876,,,23.83013333,82.2407,20.64405,0,0.033333333,216.5,1,,2.63013333,1.944444444,17.7593,0.8895876
OTTAWA INTL A,2024-08-03 4:00,2024,8,3,4:00,21.4,21.4,100,21,9,1.757618817,,,23.28328333,84.58066667,20.56505,0,0.016666667,215.7833333,1,,1.88328333,2.5,15.41933333,0.757618817
OTTAWA INTL A,2024-08-03 5:00,2024,8,3,5:00,21,21,100,21,12,3.422858483,,,22.76816667,86.80091667,20.4798,0,0.025,215,1,,1.76816667,3.333333333,13.19908333,2.422858483
OTTAWA INTL A,2024-08-03 6:00,2024,8,3,6:00,21.2,21.2,100,22,9,50.0976738,,,22.99766667,86.95441667,20.73253333,0,0,215.15,18.7,,1.79766667,2.5,13.04558333,31.3976738
OTTAWA INTL A,2024-08-03 7:00,2024,8,3,7:00,23.3,23.3,100,23,7,226.744656,,,24.60048333,80.3349,21.00891667,0.008333333,0.458333333,191.9,95.38333333,,1.30048333,1.936111111,19.6651,131.3613227
OTTAWA INTL A,2024-08-03 8:00,2024,8,3,8:00,24.8,23.1,90,22,10,344.6580417,,,25.55133333,76.44948333,21.12635,0.016666667,0.541666667,166.2666667,82.03333333,,0.75133333,2.761111111,13.55051667,262.6247084
OTTAWA INTL A,2024-08-03 9:00,2024,8,3,9:00,26.9,23.3,81,26,10,542.4917875,,,26.99838333,72.92226667,21.74763333,0.016666667,0.625,176.5333333,137.9166667,,0.09838333,2.761111111,8.07773333,404.5751208
OTTAWA INTL A,2024-08-03 10:00,2024,8,3,10:00,28.7,21.9,66,25,7,663.782231,,,28.3639,68.14683333,21.94361667,0.15,0.883333333,228.1666667,104.2333333,,0.3361,1.794444444,2.14683333,559.5488977
OTTAWA INTL A,2024-08-03 11:00,2024,8,3,11:00,29.7,22.9,66,26,7,775.5368757,,,29.79981667,60.31046667,21.28678333,0.108333333,0.941666667,220,177.7,,0.09981667,1.836111111,5.68953333,597.8368757
OTTAWA INTL A,2024-08-03 12:00,2024,8,3,12:00,30.6,21.2,57,30,10,758.8507543,,,30.49553333,57.29888333,21.11573333,0.275,1.291666667,198.9333333,104.6,,0.10446667,2.502777778,0.29888333,654.2507543
OTTAWA INTL A,2024-08-03 13:00,2024,8,3,13:00,30.2,21.6,60,21,14,737.1804452,,,31.06776667,56.26828333,21.34961667,0.233333333,1.216666667,154.2333333,105.1833333,,0.86776667,3.655555556,3.73171667,631.9971119
OTTAWA INTL A,2024-08-03 14:00,2024,8,3,14:00,31.3,21.9,57,22,16,583.2266785,,,31.19638333,54.9471,21.08176667,0.291666667,1.291666667,181.0166667,79.73333333,,0.10361667,4.152777777,2.0529,503.4933452
OTTAWA INTL A,2024-08-03 15:00,2024,8,3,15:00,30.9,22.2,59,23,21,478.9118937,,,31.25903333,55.77448333,21.3861,0.516666667,1.683333333,179.1833333,69.58333333,,0.35903333,5.316666666,3.22551667,409.3285604
OTTAWA INTL A,2024-08-03 16:00,2024,8,3,16:00,29.4,23.7,71,20,21,431.1908733,,,31.45951667,55.54701667,21.50786667,0.55,1.866666667,141.2833333,73.36666667,,2.05951667,5.283333333,15.45298333,357.8242066
OTTAWA INTL A,2024-08-03 17:00,2024,8,3,17:00,28.2,24.4,80,20,20,255.2027093,,,30.37601667,62.09768333,22.27875,0.9,2.25,180.0333333,46.18333333,,2.17601667,4.655555556,17.90231667,209.019376
OTTAWA INTL A,2024-08-03 18:00,2024,8,3,18:00,27.7,24.2,81,22,18,154.9336828,,,29.05271667,71.1833,23.32403333,1,2.316666667,200.95,26.56666667,,1.35271667,4,9.8167,128.3670161
OTTAWA INTL A,2024-08-03 19:00,2024,8,3,19:00,25.7,20.4,72,35,18,16.35732027,,,24.3274,83.00391667,21.22708333,0.966666667,2.283333333,181.0333333,2.116666667,,1.3726,4.033333333,11.00391667,14.2406536
OTTAWA INTL A,2024-08-03 20:00,2024,8,3,20:00,21.4,21.4,100,16,8,16.79113862,,,21.51948333,87.4169,19.36298333,0.075,0.525,184.45,3.933333333,,0.11948333,2.147222222,12.5831,12.85780529
OTTAWA INTL A,2024-08-03 21:00,2024,8,3,21:00,21.8,21.8,100,16,13,1.762279733,,,21.31971667,92.82998333,20.1354,0.033333333,0.166666667,245.65,1,,0.48028333,3.577777778,7.17001667,0.762279733
OTTAWA INTL A,2024-08-03 22:00,2024,8,3,22:00,21.2,21.2,100,23,10,1.680811383,,,21.28073333,95.709,20.5949,0.016666667,0.175,356.9333333,1,,0.08073333,2.761111111,4.291,0.680811383
OTTAWA INTL A,2024-08-03 23:00,2024,8,3,23:00,22.1,22.1,100,22,7,1.481427217,,,21.3844,95.18468333,20.6075,0.025,0.266666667,321.7166667,1,,0.7156,1.919444444,4.81531667,0.481427217
OTTAWA INTL A,2024-08-04 0:00,2024,8,4,0:00,21.8,21.8,100,30,8,1.668773083,,,21.3097,95.30896667,20.55453333,0,0,316,1,,0.4903,2.222222222,4.69103333,0.668773083
OTTAWA INTL A,2024-08-04 1:00,2024,8,4,1:00,19.9,19.9,100,5,8,1.808976933,,,20.80703333,96.61438333,20.27565,0,0.008333333,41.3,1,,0.90703333,2.222222222,3.38561667,0.808976933
OTTAWA INTL A,2024-08-04 2:00,2024,8,4,2:00,19.5,19.5,100,3,6,1.6690077,,,20.37481667,96.89671667,19.89191667,0,0,42,1,,0.87481667,1.666666667,3.10328333,0.6690077
OTTAWA INTL A,2024-08-04 3:00,2024,8,4,3:00,19.2,19.2,100,2.5,0,1.697277533,,,20.1533,97.92766667,19.84153333,0,0.008333333,39.53333333,1,,0.9533,0,2.07233333,0.697277533
OTTAWA INTL A,2024-08-04 4:00,2024,8,4,4:00,19,19,100,2,6,1.736661933,,,19.86161667,98.17936667,19.5916,0.008333333,0.083333333,9.45,1,,0.86161667,1.658333334,1.82063333,0.736661933
OTTAWA INTL A,2024-08-04 5:00,2024,8,4,5:00,18.8,18.8,100,6.333333333,0,3.514984117,,,19.58563333,98.26406667,19.32975,0,0,8,1.033333333,,0.78563333,0,1.73593333,2.481650784
OTTAWA INTL A,2024-08-04 6:00,2024,8,4,6:00,18.5,18.5,100,10.66666667,0,65.44349937,,,20.23905,96.25636667,19.64686667,0,0.008333333,18.46666667,33.28333333,,1.73905,0,3.74363333,32.16016604
OTTAWA INTL A,2024-08-04 7:00,2024,8,4,7:00,20.6,20.6,100,15,6,198.8588768,,,21.18278333,94.14938333,20.22788333,0.008333333,0.15,69.05,91.5,,0.58278333,1.658333334,5.85061667,107.3588768
OTTAWA INTL A,2024-08-04 8:00,2024,8,4,8:00,21.4,21.4,100,25,3,387.6810492,,,21.81088333,92.00136667,20.47048333,0,0.075,144.3666667,69.8,,0.41088333,0.833333333,7.99863333,317.8810492
OTTAWA INTL A,2024-08-04 9:00,2024,8,4,9:00,23.7,23.7,100,19,5,522.1471145,,,23.25466667,87.74821667,21.132,0.083333333,0.716666667,207.55,132.7166667,,0.44533333,1.305555556,12.25178333,389.4304478
OTTAWA INTL A,2024-08-04 10:00,2024,8,4,10:00,26.4,21.9,76,15,4,684.6189165,,,25.06453333,82.45066667,21.88396667,0.066666667,0.575,180.6166667,102.85,,1.33546667,1.044444444,6.45066667,581.7689165
OTTAWA INTL A,2024-08-04 11:00,2024,8,4,11:00,28,21.5,67,22,11,707.345925,,,26.3649,78.88526667,22.42916667,0.291666667,1.166666667,146.1166667,123.2166667,,1.6351,2.763888889,11.88526667,584.1292583
OTTAWA INTL A,2024-08-04 12:00,2024,8,4,12:00,29.7,21.6,61,24,10,818.467865,,,27.85488333,69.37205,21.6505,0.258333333,1.291666667,203.9166667,103.75,,1.84511667,2.519444445,8.37205,714.717865
OTTAWA INTL A,2024-08-04 13:00,2024,8,4,13:00,29.8,20.7,57,27,10,824.0887672,,,29.99538333,51.95356667,19.0586,0.4,1.483333333,228.3666667,95.55,,0.19538333,2.377777778,5.04643333,728.5387672
OTTAWA INTL A,2024-08-04 14:00,2024,8,4,14:00,31.6,17.4,42,24,20,774.9047135,,,30.47283333,49.2517,18.64695,0.85,2.35,248.1,92.75,,1.12716667,4.705555556,7.2517,682.1547135
OTTAWA INTL A,2024-08-04 15:00,2024,8,4,15:00,31.3,16.7,41,26,26,620.349146,,,30.11943333,48.33728333,18.02448333,1.258333333,2.891666667,322.35,61.11666667,,1.18056667,5.963888889,7.33728333,559.2324793
OTTAWA INTL A,2024-08-04 16:00,2024,8,4,16:00,30.8,15.5,39,30,29,549.9831823,,,30.1716,45.08905,16.94891667,1.883333333,3.941666667,316.5833333,77.06666667,,0.6284,6.172222223,6.08905,472.9165156
OTTAWA INTL A,2024-08-04 17:00,2024,8,4,17:00,29.9,16.7,44,29,27,348.6733825,,,29.79268333,44.46863333,16.3896,1.575,3.5,324.95,47.8,,0.10731667,5.925,0.46863333,300.8733825
OTTAWA INTL A,2024-08-04 18:00,2024,8,4,18:00,28.1,16.8,50,32,30,196.1465219,,,28.37496667,51.73778333,17.5078,0.925,2.583333333,323.6333333,35.28333333,,0.27496667,7.408333333,1.73778333,160.8631886
OTTAWA INTL A,2024-08-04 19:00,2024,8,4,19:00,26.5,17.2,56,33,21,63.94044075,,,26.95761667,57.04945,17.74686667,0.308333333,1.708333333,317.9833333,16.65,,0.45761667,5.525,1.04945,47.29044075
OTTAWA INTL A,2024-08-04 20:00,2024,8,4,20:00,25.3,17.3,61,34,21,5.69238835,,,25.66393333,60.29908333,17.41631667,0.258333333,1.425,291.65,1.35,,0.36393333,5.575,0.70091667,4.34238835
OTTAWA INTL A,2024-08-04 21:00,2024,8,4,21:00,23.9,17,65,35,20,2.21298335,,,24.39491667,63.81198333,17.11808333,0.275,1.258333333,153.35,1,,0.49491667,5.280555556,1.18801667,1.21298335
OTTAWA INTL A,2024-08-04 22:00,2024,8,4,22:00,22.7,15.8,65,35,15,2.206654767,,,23.05875,65.39233333,16.23773333,0.241666667,1.1,206.4333333,1,,0.35875,3.925,0.39233333,1.206654767
OTTAWA INTL A,2024-08-04 23:00,2024,8,4,23:00,21,15.5,70,1,12,2.04649705,,,21.98598333,66.79063333,15.54635,0.041666667,0.3,186.5666667,1,,0.98598333,3.291666666,3.20936667,1.04649705
OTTAWA INTL A,2024-08-05 0:00,2024,8,5,0:00,19.9,15.4,75,4,7,1.804388933,,,20.48855,73.00263333,15.49748333,0,0,343.3,1,,0.58855,1.944444444,1.99736667,0.804388933
OTTAWA INTL A,2024-08-05 1:00,2024,8,5,1:00,17.8,15.6,87,7,4,1.82445275,,,19.66963333,77.56936667,15.6595,0,0,343.7333333,1,,1.86963333,1.111111111,9.43063333,0.82445275
OTTAWA INTL A,2024-08-05 2:00,2024,8,5,2:00,17.8,15.3,85,2,7,1.780133617,,,19.12875,82.15148333,16.03081667,0,0,343.5666667,1,,1.32875,1.944444444,2.84851667,0.780133617
OTTAWA INTL A,2024-08-05 3:00,2024,8,5,3:00,15.8,15.8,100,24,5,1.677216167,,,18.52036667,86.3427,16.2169,0,0.025,280.3666667,1,,2.72036667,1.388888889,13.6573,0.677216167
OTTAWA INTL A,2024-08-05 4:00,2024,8,5,4:00,16.8,16.8,100,27,5,1.685204133,,,18.16251667,84.92481667,15.60605,0,0.025,8.466666667,1,,1.36251667,1.388888889,15.07518333,0.685204133
OTTAWA INTL A,2024-08-05 5:00,2024,8,5,5:00,17.1,17.1,100,28,4,2.096847567,,,17.8773,85.4326,15.41845,0,0.066666667,3,1,,0.7773,1.111111111,14.5674,1.096847567
OTTAWA INTL A,2024-08-05 6:00,2024,8,5,6:00,17.8,17.8,100,19,6,35.23727768,,,18.02708333,86.26008333,15.71703333,0,0.008333333,101.2833333,9.566666667,,0.22708333,1.666666667,13.73991667,25.67061101
OTTAWA INTL A,2024-08-05 7:00,2024,8,5,7:00,19.1,18.7,98,29,6,45.66514323,,,18.30471667,86.49768333,16.03281667,0.008333333,0.283333333,147.65,8.683333333,,0.79528333,1.658333334,11.50231667,36.9818099
OTTAWA INTL A,2024-08-05 8:00,2024,8,5,8:00,18.9,18.9,100,19,5,89.30634232,,,19.07876667,85.91881667,16.6885,0,0.025,261.9333333,14.55,,0.17876667,1.388888889,14.08118333,74.75634232
OTTAWA INTL A,2024-08-05 9:00,2024,8,5,9:00,18.5,18.5,100,15,9,146.732558,,,19.68421667,86.71918333,17.4301,0,0.016666667,230.1166667,27.45,,1.18421667,2.5,13.28081667,119.282558
OTTAWA INTL A,2024-08-05 10:00,2024,8,5,10:00,18.5,17.9,96,14,10,79.086827,,,19.9409,84.21193333,17.21611667,0.008333333,0.225,118.8833333,16.55,,1.4409,2.769444445,11.78806667,62.536827
OTTAWA INTL A,2024-08-05 11:00,2024,8,5,11:00,18.6,18.5,99,7,6,75.40690788,,,19.5981,84.23205,16.88056667,0,0.083333333,154.8666667,16.43333333,,0.9981,1.666666667,14.76795,58.97357455
OTTAWA INTL A,2024-08-05 12:00,2024,8,5,12:00,18.8,18.4,97,13,7,52.1140804,,,17.88445,90.58898333,16.3415,0,0.15,170.2333333,9.3,,0.91555,1.944444444,6.41101667,42.8140804
OTTAWA INTL A,2024-08-05 13:00,2024,8,5,13:00,18.9,18.9,100,11,5,125.0757138,,,18.10243333,92.31266667,16.85693333,0,0.1,97.16666667,20.6,,0.79756667,1.388888889,7.68733333,104.4757138
OTTAWA INTL A,2024-08-05 14:00,2024,8,5,14:00,19.1,18.9,99,7,12,81.87350063,,,18.00096667,92.46618333,16.78255,0.058333333,0.591666667,52.61666667,15.18333333,,1.09903333,3.275,6.53381667,66.6901673
OTTAWA INTL A,2024-08-05 15:00,2024,8,5,15:00,17.2,17.2,100,3,22,57.49248928,,,16.92205,93.8441,15.94368333,0.141666667,1.166666667,42.31666667,9.166666667,,0.27795,5.969444444,6.1559,48.32582261
OTTAWA INTL A,2024-08-05 16:00,2024,8,5,16:00,16,16,100,4,22,50.22979855,,,16.43203333,94.1947,15.51456667,0.35,1.675,43.48333333,9.5,,0.43203333,5.761111111,5.8053,40.72979855
OTTAWA INTL A,2024-08-05 17:00,2024,8,5,17:00,15.4,15.4,100,3,19,67.03327183,,,15.4437,94.31993333,14.55268333,0.158333333,1.325,40.1,11.1,,0.0437,5.119444445,5.68006667,55.93327183
OTTAWA INTL A,2024-08-05 18:00,2024,8,5,18:00,15.4,15.4,100,6,12,95.82787342,,,15.37326667,94.72428333,14.54936667,0.008333333,0.35,54.73333333,17.56666667,,0.02673333,3.325,5.27571667,78.26120675
OTTAWA INTL A,2024-08-05 19:00,2024,8,5,19:00,15.1,15.1,100,5,15,59.17695017,,,15.6378,92.9738,14.52326667,0,0.1,51.9,10.53333333,,0.5378,4.166666667,7.0262,48.64361684
OTTAWA INTL A,2024-08-05 20:00,2024,8,5,20:00,14.3,14.3,100,4,8,6.890957267,,,15.32603333,93.76133333,14.34455,0,0.141666667,19.76666667,1.616666667,,1.02603333,2.222222222,6.23866667,5.2742906
OTTAWA INTL A,2024-08-05 21:00,2024,8,5,21:00,14.4,14.4,100,1,8,1.715698733,,,15.04871667,96.25145,14.47408333,0,0.008333333,22.21666667,1,,0.64871667,2.222222222,3.74855,0.715698733
OTTAWA INTL A,2024-08-05 22:00,2024,8,5,22:00,14.5,14.5,100,33,7,1.575459467,,,15.29711667,95.08115,14.53198333,0,0.125,71.48333333,1,,0.79711667,1.944444444,4.91885,0.575459467
OTTAWA INTL A,2024-08-05 23:00,2024,8,5,23:00,14,14,100,32,8,1.509198883,,,15.15091667,95.79365,14.50233333,0.041666667,0.483333333,46.43333333,1,,1.15091667,2.180555555,4.20635,0.509198883
OTTAWA INTL A,2024-08-06 0:00,2024,8,6,0:00,13,13,100,31,7,1.74506755,,,14.91391667,97.07166667,14.47125,0,0.308333333,28.26666667,1,,1.91391667,1.944444444,2.92833333,0.74506755
OTTAWA INTL A,2024-08-06 1:00,2024,8,6,1:00,14.2,14.2,100,34,9,1.6424013,,,14.28825,98.02766667,13.99825,0,0.191666667,188.15,1,,0.08825,2.5,1.97233333,0.6424013
OTTAWA INTL A,2024-08-06 2:00,2024,8,6,2:00,13.9,13.9,100,35,9,1.57913815,,,13.8404,99.36871667,13.75983333,0.016666667,0.541666667,124.4666667,1,,0.0596,2.483333333,0.63128333,0.57913815
OTTAWA INTL A,2024-08-06 3:00,2024,8,6,3:00,13.8,13.8,100,1,6,1.5968632,,,14.04123333,99.64058333,14.00318333,0,0.241666667,17.03333333,1,,0.24123333,1.666666667,0.35941667,0.5968632
OTTAWA INTL A,2024-08-06 4:00,2024,8,6,4:00,14,14,100,35,11,1.572121983,,,14.05131667,99.08836667,13.92746667,0,0.008333333,6,1,,0.05131667,3.055555556,0.91163333,0.572121983
OTTAWA INTL A,2024-08-06 5:00,2024,8,6,5:00,13.3,13.3,100,25.5,0,2.476368083,,,14.21251667,98.63008333,14.01716667,0,0,6.45,1,,0.91251667,0,1.36991667,1.476368083
OTTAWA INTL A,2024-08-06 6:00,2024,8,6,6:00,13.4,13.4,100,16,7,43.31399833,,,14.40543333,97.36583333,14.01088333,0,0,6,7.1,,1.00543333,1.944444444,2.63416667,36.21399833
OTTAWA INTL A,2024-08-06 7:00,2024,8,6,7:00,14,14,100,22,5,128.5966896,,,15.06503333,95.12186667,14.30665,0,0.125,121.7166667,36.08333333,,1.06503333,1.388888889,4.87813333,92.51335627
OTTAWA INTL A,2024-08-06 8:00,2024,8,6,8:00,15,15,100,23,5,238.3867465,,,15.77645,91.46655,14.40651667,0,0.341666667,174.0666667,46.9,,0.77645,1.388888889,8.53345,191.4867465
OTTAWA INTL A,2024-08-06 9:00,2024,8,6,9:00,17,15.6,91,36,7,412.7113385,,,16.75955,86.70081667,14.54485,0,0.3,151.4333333,85.75,,0.24045,1.944444444,4.29918333,326.9613385
OTTAWA INTL A,2024-08-06 10:00,2024,8,6,10:00,19,15.5,80,33,8,468.6029635,,,17.92056667,80.15091667,14.45713333,0.033333333,0.416666667,139.2166667,89.33333333,,1.07943333,2.188888889,0.15091667,379.2696302
OTTAWA INTL A,2024-08-06 11:00,2024,8,6,11:00,20.4,14.2,67,13,8,604.3720305,,,19.13843333,73.09005,14.21506667,0.016666667,0.275,143.6833333,98.45,,1.26156667,2.205555555,6.09005,505.9220305
OTTAWA INTL A,2024-08-06 12:00,2024,8,6,12:00,21.5,12.4,56,6,7,685.3755597,,,20.57036667,66.62265,14.1595,0.025,0.691666667,157.15,100.7833333,,0.92963333,1.919444444,10.62265,584.5922264
OTTAWA INTL A,2024-08-06 13:00,2024,8,6,13:00,22.6,10.3,45,34,9,783.091731,,,21.74536667,54.26153333,12.00858333,0.075,0.766666667,140.6833333,103.3833333,,0.85463333,2.425,9.26153333,679.7083977
OTTAWA INTL A,2024-08-06 14:00,2024,8,6,14:00,23.4,11.3,46,35,6,673.823254,,,22.41348333,51.24203333,11.86296667,0.058333333,0.558333333,191.05,95.35,,0.98651667,1.608333334,5.24203333,578.473254
OTTAWA INTL A,2024-08-06 15:00,2024,8,6,15:00,23.4,8.5,38,35,7,446.9490903,,,22.71585,51.27486667,12.15281667,0.025,0.591666667,172.55,69.43333333,,0.68415,1.919444444,13.27486667,377.515757
OTTAWA INTL A,2024-08-06 16:00,2024,8,6,16:00,22.8,11.3,48,35,12,401.2270712,,,23.03658333,48.86538333,11.71331667,0.133333333,0.891666667,202.7333333,67.51666667,,0.23658333,3.2,0.86538333,333.7104045
OTTAWA INTL A,2024-08-06 17:00,2024,8,6,17:00,22.3,7.8,39,34,14,276.4424925,,,22.70735,44.4222,9.977833333,0.016666667,0.666666667,199.6666667,51.53333333,,0.40735,3.872222222,5.4222,224.9091592
OTTAWA INTL A,2024-08-06 18:00,2024,8,6,18:00,21.2,9.9,48,33,9,126.3924904,,,22.22188333,47.37381667,10.49918333,0,0.066666667,292.2833333,25.58333333,,1.02188333,2.5,0.62618333,100.8091571
OTTAWA INTL A,2024-08-06 19:00,2024,8,6,19:00,21.1,9.9,48,30,8,48.40323228,,,21.28998333,53.62596667,11.50183333,0,0,338,9.933333333,,0.18998333,2.222222222,5.62596667,38.46989895
OTTAWA INTL A,2024-08-06 20:00,2024,8,6,20:00,17.6,13.1,75,25,5,9.18879245,,,20.31376667,56.32335,11.34755,0,0,338,2.2,,2.71376667,1.388888889,18.67665,6.98879245
OTTAWA INTL A,2024-08-06 21:00,2024,8,6,21:00,15.7,13.8,88,21,4,2.380641383,,,19.68636667,62.60933333,12.34101667,0,0,338,1,,3.98636667,1.111111111,25.39066667,1.380641383
OTTAWA INTL A,2024-08-06 22:00,2024,8,6,22:00,15.2,13.9,92,22,4,2.079091417,,,18.57218333,69.84576667,12.95191667,0,0.016666667,20.08333333,1,,3.37218333,1.111111111,22.15423333,1.079091417
OTTAWA INTL A,2024-08-06 23:00,2024,8,6,23:00,16.4,13.6,83,20,0,1.876758033,,,17.48695,78.77275,13.77458333,0,0.066666667,3,1,,1.08695,0,4.22725,0.876758033
OTTAWA INTL A,2024-08-07 0:00,2024,8,7,0:00,12.5,12.5,100,18,3,1.808900167,,,16.76408333,86.65221667,14.5434,0,0.016666667,93.4,1,,4.26408333,0.833333333,13.34778333,0.808900167
OTTAWA INTL A,2024-08-07 1:00,2024,8,7,1:00,14.8,14.4,98,31,8,1.916295933,,,16.35943333,86.70171667,14.14486667,0,0.058333333,3,1,,1.55943333,2.222222222,11.29828333,0.916295933
OTTAWA INTL A,2024-08-07 2:00,2024,8,7,2:00,14.9,13.5,91,34,12,1.796556567,,,16.1035,80.8612,12.83135,0.008333333,0.308333333,79.35,1,,1.2035,3.325,10.1388,0.796556567
OTTAWA INTL A,2024-08-07 3:00,2024,8,7,3:00,14.8,13.8,94,36,15,1.48488135,,,15.58841667,81.93536667,12.53176667,0.116666667,0.9,212.2166667,1,,0.78841667,4.05,12.06463333,0.48488135
OTTAWA INTL A,2024-08-07 4:00,2024,8,7,4:00,14.2,13,92,1,15,1.662502567,,,15.3675,82.83365,12.48188333,0.108333333,0.741666667,77,1,,1.1675,4.058333334,9.16635,0.662502567
OTTAWA INTL A,2024-08-07 5:00,2024,8,7,5:00,13.7,12.1,90,36,14,3.821932,,,15.03363333,81.85868333,11.97533333,0.008333333,0.325,204.7833333,1.066666667,,1.33363333,3.880555556,8.14131667,2.755265333
OTTAWA INTL A,2024-08-07 6:00,2024,8,7,6:00,14.8,12.3,85,1,9,66.13694282,,,15.30206667,80.6073,12.00306667,0.016666667,0.475,247.9333333,64.73333333,,0.50206667,2.483333333,4.3927,1.40360949
OTTAWA INTL A,2024-08-07 7:00,2024,8,7,7:00,17.2,12,71,34,13,199.3036215,,,16.18035,76.62513333,12.08476667,0.075,0.808333333,272.3833333,126.9166667,,1.01965,3.536111111,5.62513333,72.3869548
OTTAWA INTL A,2024-08-07 8:00,2024,8,7,8:00,19,10.9,59,35,10,409.6091405,,,18.04386667,68.63808333,12.19588333,0.083333333,0.691666667,231.8166667,112.05,,0.95613333,2.694444445,9.63808333,297.5591405
OTTAWA INTL A,2024-08-07 9:00,2024,8,7,9:00,20.8,10.9,53,4,12,581.2178053,,,19.42288333,63.4903,12.32786667,0.041666667,0.791666667,138.9666667,159.2166667,,1.37711667,3.291666666,10.4903,422.0011386
OTTAWA INTL A,2024-08-07 10:00,2024,8,7,10:00,22,9.9,46,3,11,728.4695843,,,20.94505,56.1288,11.86705,0.241666667,1.225,151.0333333,172.8166667,,1.05495,2.813888889,10.1288,555.6529176
OTTAWA INTL A,2024-08-07 11:00,2024,8,7,11:00,22.4,7.6,38,7,9,831.9282352,,,22.1446,45.90953333,9.93655,0.166666667,1.058333333,203.2333333,109.05,,0.2554,2.333333333,7.90953333,722.8782352
OTTAWA INTL A,2024-08-07 12:00,2024,8,7,12:00,23.5,9.6,41,7,9,899.528149,,,22.95935,39.69371667,8.532783333,0.458333333,1.675,165.5666667,82.95,,0.54065,2.041666667,1.30628333,816.578149
OTTAWA INTL A,2024-08-07 13:00,2024,8,7,13:00,23.9,7.2,34,34,5,898.399551,,,23.31465,40.46513333,9.13755,0.341666667,1.433333333,192.2833333,76.8,,0.58535,1.047222222,6.46513333,821.599551
OTTAWA INTL A,2024-08-07 14:00,2024,8,7,14:00,24.6,8.7,36,6,12,832.5111558,,,23.67211667,39.3723,9.047333333,0.391666667,1.35,215.65,78.08333333,,0.92788333,2.941666666,3.3723,754.4278225
OTTAWA INTL A,2024-08-07 15:00,2024,8,7,15:00,24.8,9.5,37,7.5,0,738.0622497,,,24.16935,37.6934,8.844716667,0.3,1.316666667,166.5666667,67.73333333,,0.63065,0.3,0.6934,670.3289164
OTTAWA INTL A,2024-08-07 16:00,2024,8,7,16:00,24.4,9.1,37,9,5,592.1474962,,,24.46531667,36.8969,8.793466667,0.208333333,0.916666667,159.7333333,54.6,,0.06531667,1.180555556,0.1031,537.5474962
OTTAWA INTL A,2024-08-07 17:00,2024,8,7,17:00,24.3,10.7,42,11,10,423.5507167,,,24.81355,37.49335,9.338266667,0.166666667,0.958333333,82.33333333,63.65,,0.51355,2.611111111,4.50665,359.9007167
OTTAWA INTL A,2024-08-07 18:00,2024,8,7,18:00,23,11.6,48,12,12,246.8772348,,,24.51861667,37.4352,9.055966667,0.033333333,0.558333333,55.06666667,44.46666667,,1.51861667,3.3,10.5648,202.4105681
OTTAWA INTL A,2024-08-07 19:00,2024,8,7,19:00,20.7,11.7,56,10,7,75.26491017,,,23.4405,39.02285,8.709883333,0,0.1,40.66666667,21.81666667,,2.7405,1.944444444,16.97715,53.4482435
OTTAWA INTL A,2024-08-07 20:00,2024,8,7,20:00,18.7,11.2,61,11,8,6.54682,,,21.78935,48.37535,10.4079,0,0.025,77.81666667,1.316666667,,3.08935,2.222222222,12.62465,5.230153333
OTTAWA INTL A,2024-08-07 21:00,2024,8,7,21:00,16.2,11.4,73,12,6,1.93197105,,,20.21616667,57.33293333,11.51268333,0,0.041666667,104.9333333,1,,4.01616667,1.666666667,15.66706667,0.93197105
OTTAWA INTL A,2024-08-07 22:00,2024,8,7,22:00,14.3,11.6,84,6,8,2.28368045,,,18.52115,69.94936667,12.94508333,0,0.008333333,10.31666667,1,,4.22115,2.222222222,14.05063333,1.28368045
OTTAWA INTL A,2024-08-07 23:00,2024,8,7,23:00,15.1,11.3,78,6,7,2.177304867,,,17.21813333,74.21726667,12.6047,0,0.008333333,10.63333333,1,,2.11813333,1.944444444,3.78273333,1.177304867
OTTAWA INTL A,2024-08-08 0:00,2024,8,8,0:00,14.6,11.1,79,6,8,1.942073433,,,15.97593333,79.98391667,12.53866667,0,0,10.41666667,1,,1.37593333,2.222222222,0.98391667,0.942073433
OTTAWA INTL A,2024-08-08 1:00,2024,8,8,1:00,13.2,11,86,7,9,1.627631817,,,15.02441667,83.1961,12.21043333,0,0,10,1,,1.82441667,2.5,2.8039,0.627631817
OTTAWA INTL A,2024-08-08 2:00,2024,8,8,2:00,12.9,11.4,90,4,9,1.7714768,,,14.60926667,88.22408333,12.69716667,0,0,10.31666667,1,,1.70926667,2.5,1.77591667,0.7714768
OTTAWA INTL A,2024-08-08 3:00,2024,8,8,3:00,12.1,12.1,100,4,15,1.616571883,,,14.06921667,89.16303333,12.32756667,0,0.091666667,10.7,1,,1.96921667,4.166666667,10.83696667,0.616571883
OTTAWA INTL A,2024-08-08 4:00,2024,8,8,4:00,12.2,12.2,100,5,15,1.3907828,,,13.96688333,89.39715,12.26658333,0,0.008333333,12.93333333,1,,1.76688333,4.166666667,10.60285,0.3907828
OTTAWA INTL A,2024-08-08 5:00,2024,8,8,5:00,12.3,12.3,100,5,11,2.59741165,,,14.13498333,88.63078333,12.29806667,0.008333333,0.408333333,47.68333333,1,,1.83498333,3.047222223,11.36921667,1.59741165
OTTAWA INTL A,2024-08-08 6:00,2024,8,8,6:00,14.1,13.8,98,7,10,54.96239543,,,15.36935,83.5365,12.60361667,0.008333333,0.458333333,63.53333333,52.25,,1.26935,2.769444445,14.4635,2.71239543
OTTAWA INTL A,2024-08-08 7:00,2024,8,8,7:00,15.6,14.5,93,6,12,183.5659375,,,16.6329,79.7682,13.14075,0.008333333,0.725,69.65,95.58333333,,1.0329,3.325,13.2318,87.98260417
OTTAWA INTL A,2024-08-08 8:00,2024,8,8,8:00,17.9,14.1,78,6,10,333.7003707,,,18.21258333,73.33731667,13.35331667,0.05,0.875,78.91666667,88.53333333,,0.31258333,2.727777778,4.66268333,245.1670374
OTTAWA INTL A,2024-08-08 9:00,2024,8,8,9:00,19.2,14.4,73,9,10,393.0313427,,,19.59996667,68.21831667,13.59845,0.016666667,0.875,100.4166667,78.7,,0.39996667,2.761111111,4.78168333,314.3313427
OTTAWA INTL A,2024-08-08 10:00,2024,8,8,10:00,21.7,14.3,62,7,12,624.5662107,,,21.45513333,61.32715,13.70755,0.175,1.183333333,103.6,113.2833333,,0.24486667,3.158333333,0.67285,511.2828774
OTTAWA INTL A,2024-08-08 11:00,2024,8,8,11:00,22.9,15.5,63,8,15,634.3591578,,,22.89388333,58.2816,14.28063333,0.258333333,1.383333333,91.75,124.1333333,,0.00611667,3.908333334,4.7184,510.2258245
OTTAWA INTL A,2024-08-08 12:00,2024,8,8,12:00,24.2,14.9,56,9,22,522.7893147,,,23.33036667,59.67966667,15.06195,0.225,1.375,94.28333333,85.8,,0.86963333,5.886111111,3.67966667,436.9893147
OTTAWA INTL A,2024-08-08 13:00,2024,8,8,13:00,25.5,15.8,54,9,21,736.9639477,,,24.31518333,58.37963333,15.64145,0.433333333,1.791666667,86.48333333,96.81666667,,1.18481667,5.4,4.37963333,640.147281
OTTAWA INTL A,2024-08-08 14:00,2024,8,8,14:00,25.2,15.5,55,9,20,586.8488552,,,24.64516667,58.41035,15.95908333,0.583333333,2.066666667,100.7833333,83.15,,0.55483333,4.972222223,3.41035,503.6988552
OTTAWA INTL A,2024-08-08 15:00,2024,8,8,15:00,24.6,16.2,59,11,19,324.5284342,,,24.8528,59.13443333,16.34655,0.558333333,2.05,122.5,60.08333333,,0.2528,4.719444445,0.13443333,264.4451009
OTTAWA INTL A,2024-08-08 16:00,2024,8,8,16:00,24.3,17.1,64,10,17,148.4226588,,,24.3133,62.21248333,16.64051667,0.333333333,1.533333333,122.3666667,24.88333333,,0.0133,4.388888889,1.78751667,123.5393255
OTTAWA INTL A,2024-08-08 17:00,2024,8,8,17:00,21.9,17.6,77,17,19,159.9030706,,,24.40636667,61.33003333,16.5026,0.391666667,1.866666667,126.0666667,29.06666667,,2.50636667,4.886111111,15.66996667,130.8364039
OTTAWA INTL A,2024-08-08 18:00,2024,8,8,18:00,21,17.6,81,16,14,58.33086852,,,22.7771,69.09801667,16.81575,0.9,2.241666667,168.0833333,10.23333333,,1.7771,2.988888889,11.90198333,48.09753519
OTTAWA INTL A,2024-08-08 19:00,2024,8,8,19:00,20.2,19.3,95,14,18,14.3615371,,,21.46125,76.44485,17.1621,0.516666667,1.675,177.9833333,2.033333333,,1.26125,4.483333333,18.55515,12.32820377
OTTAWA INTL A,2024-08-08 20:00,2024,8,8,20:00,18.8,18.8,100,14,17,3.391875883,,,20.0121,88.68331667,18.08953333,0.3,1.366666667,160.85,1,,1.2121,4.422222222,11.31668333,2.391875883
OTTAWA INTL A,2024-08-08 21:00,2024,8,8,21:00,18.8,18.8,100,10,12,1.690479633,,,18.82913333,95.22893333,18.07245,0.258333333,1.375,140,1,,0.02913333,3.075,4.77106667,0.690479633
OTTAWA INTL A,2024-08-08 22:00,2024,8,8,22:00,19,19,100,12,14,1.37744635,,,18.7506,95.70545,18.07363333,0.058333333,0.883333333,107.5833333,1,,0.2494,3.830555556,4.29455,0.37744635
OTTAWA INTL A,2024-08-08 23:00,2024,8,8,23:00,19,19,100,12,11,1.560700117,,,18.91891667,94.4213,18.02645,0,0.45,131.9333333,1,,0.08108333,3.055555556,5.5787,0.560700117
OTTAWA INTL A,2024-08-09 0:00,2024,8,9,0:00,19.1,19.1,100,12,17,1.575129183,,,18.87668333,94.44878333,17.98906667,0,0.408333333,121.4333333,1,,0.22331667,4.722222222,5.55121667,0.575129183
OTTAWA INTL A,2024-08-09 1:00,2024,8,9,1:00,19,19,100,11,13,1.607958317,,,18.90175,94.73043333,18.06138333,0,0.233333333,114.6166667,1,,0.09825,3.611111111,5.26956667,0.607958317
OTTAWA INTL A,2024-08-09 2:00,2024,8,9,2:00,18.9,18.9,100,11,11,1.518591,,,18.86913333,95.2043,18.10858333,0,0.325,101.4333333,1,,0.03086667,3.055555556,4.7957,0.518591
OTTAWA INTL A,2024-08-09 3:00,2024,8,9,3:00,18.9,18.9,100,10,12,1.816801067,,,18.78525,95.93605,18.14675,0,0.141666667,114.5166667,1,,0.11475,3.333333333,4.06395,0.816801067
OTTAWA INTL A,2024-08-09 4:00,2024,8,9,4:00,18.9,18.9,100,9,10,1.515114183,,,18.66291667,97.61323333,18.30156667,0,0.2,101.45,1,,0.23708333,2.777777778,2.38676667,0.515114183
OTTAWA INTL A,2024-08-09 5:00,2024,8,9,5:00,18.9,18.9,100,9,12,1.613886133,,,18.47846667,98.5064,18.26255,0,0.391666667,64.21666667,1,,0.42153333,3.333333333,1.4936,0.613886133
OTTAWA INTL A,2024-08-09 6:00,2024,8,9,6:00,19,19,100,9,12,3.295783417,,,18.4645,99.17553333,18.35681667,0,0.333333333,81.76666667,1,,0.5355,3.333333333,0.82446667,2.295783417
OTTAWA INTL A,2024-08-09 7:00,2024,8,9,7:00,19.4,19.4,100,12,12,13.67179328,,,18.58391667,99.47686667,18.5248,0,0.433333333,69.61666667,1.466666667,,0.81608333,3.333333333,0.52313333,12.20512661
OTTAWA INTL A,2024-08-09 8:00,2024,8,9,8:00,20,20,100,13,16,22.13372185,,,18.76193333,99.6094,18.72431667,0,0.408333333,87.2,2.716666667,,1.23806667,4.444444444,0.3906,19.41705518
OTTAWA INTL A,2024-08-09 9:00,2024,8,9,9:00,20.7,20.7,100,13,17,61.19010977,,,19.5663,99.53283333,19.51711667,0.008333333,0.491666667,112.5666667,10.45,,1.1337,4.713888889,0.46716667,50.74010977
OTTAWA INTL A,2024-08-09 10:00,2024,8,9,10:00,20.4,20.4,100,9,20,38.83713648,,,20.18465,98.88065,20.02968333,0.066666667,1.008333333,142.2666667,5.933333333,,0.21535,5.488888889,1.11935,32.90380315
OTTAWA INTL A,2024-08-09 11:00,2024,8,9,11:00,20.9,20.9,100,9,12,56.06342205,,,20.31431667,98.65463333,20.12245,0.066666667,1.025,141.9333333,9.566666667,,0.58568333,3.266666666,1.34536667,46.49675538
OTTAWA INTL A,2024-08-09 12:00,2024,8,9,12:00,20.7,20.7,100,8,16,41.55144392,,,20.4518,98.97198333,20.31171667,0.058333333,0.858333333,132.8166667,7.416666667,,0.2482,4.386111111,1.02801667,34.13477725
OTTAWA INTL A,2024-08-09 13:00,2024,8,9,13:00,20.7,20.7,100,6,18,39.061537,,,20.18071667,99.47811667,20.12331667,0.033333333,0.691666667,67.85,5.466666667,,0.51928333,4.966666667,0.52188333,33.59487033
OTTAWA INTL A,2024-08-09 14:00,2024,8,9,14:00,21.4,21.4,100,8,12,26.74930617,,,20.05028333,99.62956667,20.0173,0.125,1.05,54.08333333,3.333333333,,1.34971667,3.208333333,0.37043333,23.41597284
OTTAWA INTL A,2024-08-09 15:00,2024,8,9,15:00,19.8,19.8,100,1,30,28.0704396,,,19.5216,98.60461667,19.32136667,0.825,2.275,67.33333333,3.516666667,,0.2784,7.508333333,1.39538333,24.55377293
OTTAWA INTL A,2024-08-09 16:00,2024,8,9,16:00,18.5,18.5,100,2,26,9.512479483,,,18.48921667,97.9614,18.18493333,0.441666667,1.833333333,25.81666667,1.133333333,,0.01078333,6.780555555,2.0386,8.37914615
OTTAWA INTL A,2024-08-09 17:00,2024,8,9,17:00,18.8,18.8,100,4,16,36.22722663,,,18.39741667,98.51886667,18.18355,0.05,1.016666667,51.6,4.966666667,,0.40258333,4.394444444,1.48113333,31.26055996
OTTAWA INTL A,2024-08-09 18:00,2024,8,9,18:00,19.3,19.3,100,3,6,126.3902522,,,19.039,97.53353333,18.66308333,0.033333333,0.516666667,292.9166667,21.05,,0.261,1.633333334,2.46646667,105.3402522
OTTAWA INTL A,2024-08-09 19:00,2024,8,9,19:00,19.2,19.2,100,23,6,35.91373577,,,19.54633333,97.01246667,19.08428333,0.016666667,0.4,284.1333333,7.033333333,,0.34633333,1.65,2.98753333,28.88040244
OTTAWA INTL A,2024-08-09 20:00,2024,8,9,20:00,19,19,100,26,14,2.397576883,,,19.47501667,98.30711667,19.22603333,0,0.033333333,108.6,1,,0.47501667,3.888888889,1.69288333,1.397576883
OTTAWA INTL A,2024-08-09 21:00,2024,8,9,21:00,19,19,100,25,11,1.555202317,,,19.46011667,99.2006,19.35701667,0,0.258333333,105.5166667,1,,0.46011667,3.055555556,0.7994,0.555202317
OTTAWA INTL A,2024-08-09 22:00,2024,8,9,22:00,19.1,19.1,100,25,16,1.513249067,,,19.36231667,98.65238333,19.16983333,0,0.125,94.41666667,1,,0.26231667,4.444444444,1.34761667,0.513249067
OTTAWA INTL A,2024-08-09 23:00,2024,8,9,23:00,19,19,100,27,17,1.808218867,,,19.3537,97.50783333,18.9738,0.008333333,0.491666667,180.0666667,1,,0.3537,4.713888889,2.49216667,0.808218867
OTTAWA INTL A,2024-08-10 0:00,2024,8,10,0:00,18.1,18.1,100,24,8,1.708379383,,,19.02195,96.47098333,18.4715,0.075,0.7,230.3166667,1,,0.92195,2.147222222,3.52901667,0.708379383
OTTAWA INTL A,2024-08-10 1:00,2024,8,10,1:00,17.8,17.8,100,23,4,1.82853615,,,18.4896,97.4922,18.10838333,0,0.3,202.5333333,1,,0.6896,1.111111111,2.5078,0.82853615
OTTAWA INTL A,2024-08-10 2:00,2024,8,10,2:00,17.4,17.4,100,24,13,1.531815433,,,18.35306667,96.74753333,17.85008333,0.016666667,0.733333333,162.0166667,1,,0.95306667,3.594444444,3.25246667,0.531815433
OTTAWA INTL A,2024-08-10 3:00,2024,8,10,3:00,16.5,16.5,100,23,13,1.825898417,,,18.09925,95.77868333,17.43615,0,0.5,120.4333333,1,,1.59925,3.611111111,4.22131667,0.825898417
OTTAWA INTL A,2024-08-10 4:00,2024,8,10,4:00,15.4,15.4,100,21,12,1.887275817,,,17.15201667,92.88386667,16.01163333,0,0.25,132.45,1,,1.75201667,3.333333333,7.11613333,0.887275817
OTTAWA INTL A,2024-08-10 5:00,2024,8,10,5:00,14.9,14.9,100,22,14,2.69603,,,16.34626667,94.04673333,15.40581667,0,0.758333333,206.7,1,,1.44626667,3.888888889,5.95326667,1.69603
OTTAWA INTL A,2024-08-10 6:00,2024,8,10,6:00,15.1,15.1,100,22,15,48.3331337,,,16.32445,91.98241667,15.0354,0.05,0.733333333,183.0166667,49.98333333,,1.22445,4.116666667,8.01758333,1.65019963
OTTAWA INTL A,2024-08-10 7:00,2024,8,10,7:00,16.4,16.4,100,24,16,209.6334844,,,17.39435,87.47376667,15.3099,0.016666667,0.741666667,174.4833333,145.5166667,,0.99435,4.427777777,12.52623333,64.1168177
OTTAWA INTL A,2024-08-10 8:00,2024,8,10,8:00,18.5,16.8,90,25,22,374.1022403,,,18.54283333,82.5967,15.53933333,0.216666667,1.333333333,232.6666667,120.8166667,,0.04283333,5.894444444,7.4033,253.2855736
OTTAWA INTL A,2024-08-10 9:00,2024,8,10,9:00,19.8,15.8,78,27,22,555.9528632,,,19.37718333,78.84323333,15.6292,0.766666667,2.241666667,260.9666667,121.3,,0.42281667,5.344444444,0.84323333,434.6528632
OTTAWA INTL A,2024-08-10 10:00,2024,8,10,10:00,22,15.9,68,26,17,682.9027505,,,20.77558333,72.79056667,15.72485,0.716666667,2.291666667,290.7833333,107.05,,1.22441667,4.005555555,4.79056667,575.8527505
OTTAWA INTL A,2024-08-10 11:00,2024,8,10,11:00,22,15.5,66,26,12,821.4803405,,,22.42563333,64.70683333,15.4585,0.35,1.783333333,189.2666667,123.2333333,,0.42563333,2.983333333,1.29316667,698.2470072
OTTAWA INTL A,2024-08-10 12:00,2024,8,10,12:00,24,14.2,54,25,21,715.9820203,,,23.19676667,59.34908333,14.84726667,0.625,2.108333333,250.9166667,83.05,,0.80323333,5.208333333,5.34908333,632.9320203
OTTAWA INTL A,2024-08-10 13:00,2024,8,10,13:00,25,13.4,48,23,27,802.431702,,,24.0218,56.69936667,14.8994,0.241666667,1.341666667,191.2166667,84.05,,0.9782,7.258333333,8.69936667,718.381702
OTTAWA INTL A,2024-08-10 14:00,2024,8,10,14:00,24.3,14.8,55,29,23,412.7774938,,,23.48236667,56.66426667,14.32456667,0.675,2.216666667,225.4333333,53,,0.81763333,5.713888889,1.66426667,359.7774938
OTTAWA INTL A,2024-08-10 15:00,2024,8,10,15:00,21.1,15.5,70,29,18,221.7519192,,,21.70883333,66.06298333,15.10298333,0.708333333,2.058333333,276.05,46.51666667,,0.60883333,4.291666667,3.93701667,175.2352525
OTTAWA INTL A,2024-08-10 16:00,2024,8,10,16:00,23.4,13.7,54,28,17,308.4007955,,,21.33253333,66.44096667,14.81263333,0.133333333,1.025,130.1333333,47.16666667,,2.06746667,4.588888889,12.44096667,261.2341288
OTTAWA INTL A,2024-08-10 17:00,2024,8,10,17:00,23.2,15.3,60,24,12,341.7756747,,,22.96863333,58.00165,14.28036667,0.225,1.333333333,180.1,62.36666667,,0.23136667,3.108333333,1.99835,279.409008
OTTAWA INTL A,2024-08-10 18:00,2024,8,10,18:00,20.6,15.6,73,28,17,162.9122205,,,23.08335,58.02631667,14.38965,0.458333333,1.658333333,315.7166667,28.61666667,,2.48335,4.263888889,14.97368333,134.2955538
OTTAWA INTL A,2024-08-10 19:00,2024,8,10,19:00,20.4,16,76,22,10,47.08479875,,,22.14466667,63.25698333,14.84506667,0.091666667,0.616666667,289.5333333,9.833333333,,1.74466667,2.686111111,12.74301667,37.25146542
OTTAWA INTL A,2024-08-10 20:00,2024,8,10,20:00,18.1,17.4,96,24,15,4.71385985,,,19.35433333,77.79038333,15.30178333,0.091666667,0.55,206.7833333,1,,1.25433333,4.075,18.20961667,3.71385985
OTTAWA INTL A,2024-08-10 21:00,2024,8,10,21:00,16.3,16.3,100,22,8,1.888933483,,,17.91876667,87.61978333,15.85313333,0.116666667,0.675,118.5,1,,1.61876667,2.105555555,12.38021667,0.888933483
OTTAWA INTL A,2024-08-10 22:00,2024,8,10,22:00,16.5,14.9,90,24,14,1.325087167,,,17.52098333,86.28006667,15.22283333,0,0.233333333,172.1666667,1,,1.02098333,3.888888889,3.71993333,0.325087167
OTTAWA INTL A,2024-08-10 23:00,2024,8,10,23:00,15,14.6,98,24,9,1.652530817,,,17.41398333,85.00481667,14.88625,0.008333333,0.708333333,178.2333333,1,,2.41398333,2.491666667,12.99518333,0.652530817
OTTAWA INTL A,2024-08-11 0:00,2024,8,11,0:00,14.3,14.3,100,21.5,0,1.8103541,,,16.895,85.25488333,14.41746667,0,0.233333333,265.7166667,1,,2.595,0,14.74511667,0.8103541
OTTAWA INTL A,2024-08-11 1:00,2024,8,11,1:00,14.9,14.9,100,19,8,1.5806834,,,15.64275,90.40015,14.08718333,0,0.016666667,308.9833333,1,,0.74275,2.222222222,9.59985,0.5806834
OTTAWA INTL A,2024-08-11 2:00,2024,8,11,2:00,14,14,100,20,9,1.655324483,,,16.2976,83.47111667,13.50953333,0,0.266666667,211.4,1,,2.2976,2.5,16.52888333,0.655324483
OTTAWA INTL A,2024-08-11 3:00,2024,8,11,3:00,14.1,14.1,100,20,9,1.757847517,,,15.58481667,85.60706667,13.1978,0,0.008333333,213.1666667,1,,1.48481667,2.5,14.39293333,0.757847517
OTTAWA INTL A,2024-08-11 4:00,2024,8,11,4:00,14,14,100,20,11,1.769943983,,,15.38646667,86.17485,13.1045,0,0.033333333,183.8,1,,1.38646667,3.055555556,13.82515,0.769943983
OTTAWA INTL A,2024-08-11 5:00,2024,8,11,5:00,14.3,14.3,100,21,8,2.106329267,,,14.99763333,87.6943,12.98995,0,0.308333333,209.0166667,1,,0.69763333,2.222222222,12.3057,1.106329267
OTTAWA INTL A,2024-08-11 6:00,2024,8,11,6:00,15,15,100,21,10,30.47269702,,,15.35528333,87.03576667,13.22651667,0.008333333,0.341666667,212.7833333,10.56666667,,0.35528333,2.769444445,12.96423333,19.90603035
OTTAWA INTL A,2024-08-11 7:00,2024,8,11,7:00,15.8,15.7,99,21,8,113.0861013,,,15.98165,85.31838333,13.53571667,0,0.075,208.8833333,34.33333333,,0.18165,2.222222222,13.68161667,78.75276797
OTTAWA INTL A,2024-08-11 8:00,2024,8,11,8:00,17.6,15.1,85,23,15,247.2863242,,,16.98791667,83.38558333,14.16785,0,0.058333333,208.1666667,50.88333333,,0.61208333,4.166666667,1.61441667,196.4029909
OTTAWA INTL A,2024-08-11 9:00,2024,8,11,9:00,18.5,15.1,80,19,11,518.2942313,,,19.0966,76.11433333,14.80506667,0.091666667,0.85,191.1,122.95,,0.5966,2.963888889,3.88566667,395.3442313
OTTAWA INTL A,2024-08-11 10:00,2024,8,11,10:00,20.9,15.3,70,22,17,258.1272427,,,19.20923333,73.47678333,14.36955,0.033333333,0.391666667,183.3666667,51.21666667,,1.69076667,4.688888889,3.47678333,206.910576
OTTAWA INTL A,2024-08-11 11:00,2024,8,11,11:00,19.6,15,74,23,22,147.2749954,,,18.93795,77.72441667,14.94173333,0.116666667,0.4,199.6166667,38.2,,0.66205,5.994444444,3.72441667,109.0749954
OTTAWA INTL A,2024-08-11 12:00,2024,8,11,12:00,19.3,15.8,80,27,13,406.4688595,,,19.06833333,81.61303333,15.8566,0.066666667,0.716666667,215.25,67.53333333,,0.23166667,3.544444444,1.61303333,338.9355262
OTTAWA INTL A,2024-08-11 13:00,2024,8,11,13:00,20.6,16.8,78,15,5,643.5354402,,,21.06686667,69.95268333,15.38496667,0.158333333,1.158333333,190.8333333,78.96666667,,0.46686667,1.230555556,8.04731667,564.5687735
OTTAWA INTL A,2024-08-11 14:00,2024,8,11,14:00,20.6,14.9,69,25,11,333.5465722,,,21.15135,69.14848333,15.27148333,0.3,1.275,190.8333333,55,,0.55135,2.755555556,0.14848333,278.5465722
OTTAWA INTL A,2024-08-11 15:00,2024,8,11,15:00,18.2,16,87,24,20,289.3799572,,,18.95683333,82.0633,15.84176667,0.55,1.725,305.4833333,40.81666667,,0.75683333,5.005555556,4.9367,248.5632905
OTTAWA INTL A,2024-08-11 16:00,2024,8,11,16:00,18.4,15.2,81,24,20,260.3088327,,,19.57421667,76.05883333,15.25905,0.3,1.35,183.4666667,47.25,,1.17421667,5.255555556,4.94116667,213.0588327
OTTAWA INTL A,2024-08-11 17:00,2024,8,11,17:00,18.3,14.7,79,25,13,264.2587549,,,19.30603333,77.61006667,15.31333333,0.141666667,1.1,193.1166667,47.25,,1.00603333,3.469444444,1.38993333,217.0087549
OTTAWA INTL A,2024-08-11 18:00,2024,8,11,18:00,17.9,14.9,82,24,9,153.1260475,,,19.21996667,75.67226667,14.8332,0.075,0.825,180.0833333,28.68333333,,1.31996667,2.425,6.32773333,124.4427142
OTTAWA INTL A,2024-08-11 19:00,2024,8,11,19:00,16.8,14.4,85,22,11,39.33942622,,,18.63788333,75.2383,14.18543333,0.225,1.183333333,201.5333333,8.533333333,,1.83788333,2.830555556,9.7617,30.80609289
OTTAWA INTL A,2024-08-11 20:00,2024,8,11,20:00,17,15,88,21,13,4.612423667,,,18.1117,76.48475,13.93108333,0.233333333,1.191666667,207.0166667,1.183333333,,1.1117,3.377777778,11.51525,3.429090334
OTTAWA INTL A,2024-08-11 21:00,2024,8,11,21:00,16.1,14.9,92,24,12,1.7896215,,,17.64251667,77.94793333,13.76355,0.358333333,1.475,164.1333333,1,,1.54251667,2.975,14.05206667,0.7896215
OTTAWA INTL A,2024-08-11 22:00,2024,8,11,22:00,14.6,14.4,99,21,9,2.1293737,,,16.81956667,78.99713333,13.17285,0.008333333,0.725,123.8166667,1,,2.21956667,2.491666667,20.00286667,1.1293737
OTTAWA INTL A,2024-08-11 23:00,2024,8,11,23:00,14.1,14.1,100,21,8,1.46585815,,,16.53131667,83.12613333,13.67475,0.016666667,0.666666667,110.25,1,,2.43131667,2.205555555,16.87386667,0.46585815
OTTAWA INTL A,2024-08-12 0:00,2024,8,12,0:00,13.9,13.9,100,24,13,2.103261467,,,16.18473333,85.0099,13.67925,0.025,0.508333333,117.75,1,,2.28473333,3.586111111,14.9901,1.103261467
OTTAWA INTL A,2024-08-12 1:00,2024,8,12,1:00,13.1,13.1,100,23,11,1.866439533,,,15.26345,88.78641667,13.44106667,0,0.233333333,47.58333333,1,,2.16345,3.055555556,11.21358333,0.866439533
OTTAWA INTL A,2024-08-12 2:00,2024,8,12,2:00,12.4,12.4,100,24,10,1.597567017,,,14.5703,91.9687,13.29676667,0,0.233333333,89.36666667,1,,2.1703,2.777777778,8.0313,0.597567017
OTTAWA INTL A,2024-08-12 3:00,2024,8,12,3:00,13.3,13.3,100,24,8,1.571426033,,,14.52281667,92.50621667,13.3394,0,0.4,125.1,1,,1.22281667,2.222222222,7.49378333,0.571426033
OTTAWA INTL A,2024-08-12 4:00,2024,8,12,4:00,13.2,13.2,100,23,6,1.285800767,,,14.6873,92.39613333,13.48421667,0,0.133333333,57.06666667,1,,1.4873,1.666666667,7.60386667,0.285800767
OTTAWA INTL A,2024-08-12 5:00,2024,8,12,5:00,13.7,13.7,100,23,9,1.595342683,,,15.00208333,91.04231667,13.56898333,0.15,0.883333333,233.7,1,,1.30208333,2.35,8.95768333,0.595342683
OTTAWA INTL A,2024-08-12 6:00,2024,8,12,6:00,14.4,14.4,100,23,9,20.01794762,,,15.17008333,91.643,13.83713333,0.008333333,0.466666667,285.3,2.3,,0.77008333,2.491666667,8.357,17.71794762
OTTAWA INTL A,2024-08-12 7:00,2024,8,12,7:00,15.4,15.4,100,27,13,92.80479993,,,15.54883333,89.11516667,13.77883333,0.533333333,1.775,305.9833333,16.41666667,,0.14883333,3.077777778,10.88483333,76.38813326
OTTAWA INTL A,2024-08-12 8:00,2024,8,12,8:00,15.8,15.5,98,30,14,94.38059857,,,15.76525,85.85088333,13.41955,0.3,1.425,226.9666667,15.03333333,,0.03475,3.588888889,12.14911667,79.34726524
OTTAWA INTL A,2024-08-12 9:00,2024,8,12,9:00,17,14,82,31,17,216.224717,,,16.42556667,82.955,13.53896667,0.316666667,1.333333333,179.6333333,36.76666667,,0.57443333,4.405555555,0.955,179.4580503
OTTAWA INTL A,2024-08-12 10:00,2024,8,12,10:00,18.1,15.2,83,26,16,392.7758228,,,17.61878333,78.75675,13.89998333,0.575,1.7,239.0833333,63.15,,0.48121667,3.869444444,4.24325,329.6258228
OTTAWA INTL A,2024-08-12 11:00,2024,8,12,11:00,19.5,15.1,76,26,15,764.6361788,,,19.35396667,73.59783333,14.53195,0.583333333,1.933333333,266.3666667,104.9833333,,0.14603333,3.583333334,2.40216667,659.6528455
OTTAWA INTL A,2024-08-12 12:00,2024,8,12,12:00,19.8,14.1,69,29,14,675.100403,,,20.53041667,68.54021667,14.5491,0.9,2.316666667,278.2166667,94.81666667,,0.73041667,2.988888889,0.45978333,580.2837363
OTTAWA INTL A,2024-08-12 13:00,2024,8,12,13:00,21,14.3,65,30,26,631.943532,,,20.88321667,67.1844,14.5824,0.991666667,2.416666667,273.7166667,79.2,,0.11678333,6.230555555,2.1844,552.743532
OTTAWA INTL A,2024-08-12 14:00,2024,8,12,14:00,21.8,14.6,63,29,23,455.7224273,,,20.61046667,67.37098333,14.36828333,1.391666667,2.875,322.7,65.78333333,,1.18953333,4.997222222,4.37098333,389.939094
OTTAWA INTL A,2024-08-12 15:00,2024,8,12,15:00,21.9,13.6,59,29,21,631.5954602,,,20.95716667,67.61251667,14.75395,1.358333333,2.9,294.55,62.65,,0.94283333,4.475,8.61251667,568.9454602
OTTAWA INTL A,2024-08-12 16:00,2024,8,12,16:00,22,13.5,58,28,23,533.6316173,,,21.97495,61.2386,14.18771667,1.083333333,2.658333333,239.6833333,64.76666667,,0.02505,5.305555556,3.2386,468.8649506
OTTAWA INTL A,2024-08-12 17:00,2024,8,12,17:00,21.1,13.6,61,28,24,370.9491693,,,21.7243,60.17161667,13.68061667,1.866666667,3.816666667,326.7,115.1333333,,0.6243,4.8,0.82838333,255.815836
OTTAWA INTL A,2024-08-12 18:00,2024,8,12,18:00,20,13,63,27,24,215.691865,,,21.10908333,60.70486667,13.23378333,2.025,3.908333333,336.7166667,53.48333333,,1.10908333,4.641666667,2.29513333,162.2085317
OTTAWA INTL A,2024-08-12 19:00,2024,8,12,19:00,18.5,13.2,71,28,14,59.21798028,,,19.94023333,65.71111667,13.34845,1.408333333,2.858333333,334.6666667,15.76666667,,1.44023333,2.480555556,5.28888333,43.45131361
OTTAWA INTL A,2024-08-12 20:00,2024,8,12,20:00,16.2,13.9,86,29,9,4.01199455,,,18.84641667,70.71265,13.42506667,0.608333333,1.741666667,334.9,1.05,,2.64641667,1.891666667,15.28735,2.96199455
OTTAWA INTL A,2024-08-12 21:00,2024,8,12,21:00,15.1,14.1,94,26,9,1.902375833,,,17.88188333,75.85038333,13.5767,0.208333333,1.133333333,327.5833333,1,,2.78188333,2.291666667,18.14961667,0.902375833
OTTAWA INTL A,2024-08-12 22:00,2024,8,12,22:00,14.1,14.1,100,27,12,1.54255135,,,17.33998333,78.81105,13.64361667,0.5,1.608333333,326.2833333,1,,3.23998333,2.833333333,21.18895,0.54255135
OTTAWA INTL A,2024-08-12 23:00,2024,8,12,23:00,13.8,13.8,100,26,8,1.614899767,,,16.91105,81.46143333,13.73273333,0.141666667,0.941666667,306.9,1,,3.11105,2.080555555,18.53856667,0.614899767
OTTAWA INTL A,2024-08-13 0:00,2024,8,13,0:00,13.8,13.8,100,25,10,1.6777768,,,16.50176667,83.886,13.78566667,0,0.108333333,331,1,,2.70176667,2.777777778,16.114,0.6777768
OTTAWA INTL A,2024-08-13 1:00,2024,8,13,1:00,14.1,14.1,100,24,7,1.452590317,,,16.26796667,86.37763333,14.0084,0,0.15,267.5,1,,2.16796667,1.944444444,13.62236667,0.452590317
OTTAWA INTL A,2024-08-13 2:00,2024,8,13,2:00,13.3,13.3,100,24,10,1.949505167,,,16.10676667,88.65153333,14.25006667,0,0.108333333,31.56666667,1,,2.80676667,2.777777778,11.34846667,0.949505167
OTTAWA INTL A,2024-08-13 3:00,2024,8,13,3:00,13.1,13.1,100,26,9,1.641622517,,,15.64956667,90.93411667,14.1912,0,0.108333333,58.61666667,1,,2.54956667,2.5,9.06588333,0.641622517
OTTAWA INTL A,2024-08-13 4:00,2024,8,13,4:00,12.7,12.7,100,24,9,1.508251833,,,15.2464,92.47476667,14.05183333,0.008333333,0.183333333,238.9666667,1,,2.5464,2.491666667,7.52523333,0.508251833
OTTAWA INTL A,2024-08-13 5:00,2024,8,13,5:00,13.3,13.3,100,25,7,2.007862583,,,15.59596667,91.25423333,14.19265,0.616666667,1.65,332.85,1,,2.29596667,1.327777777,8.74576667,1.007862583
OTTAWA INTL A,2024-08-13 6:00,2024,8,13,6:00,14.4,14.4,100,28,9,38.81909122,,,15.65671667,91.0018,14.2106,0.716666667,1.816666667,331.3833333,10.26666667,,1.25671667,1.783333333,8.9982,28.55242455
OTTAWA INTL A,2024-08-13 7:00,2024,8,13,7:00,16.4,16.4,100,29,11,153.2495548,,,16.49671667,88.36698333,14.58491667,0.658333333,1.741666667,325.8333333,54.63333333,,0.09671667,2.397222223,11.63301667,98.61622147
OTTAWA INTL A,2024-08-13 8:00,2024,8,13,8:00,18.4,17.4,94,29,9,319.658598,,,17.77108333,84.41705,15.12493333,0.966666667,2.133333333,330.3166667,84.9,,0.62891667,1.533333333,9.58295,234.758598
OTTAWA INTL A,2024-08-13 9:00,2024,8,13,9:00,20.1,17,82,29,8,520.3843552,,,19.59885,78.37565,15.74613333,0.991666667,2.283333333,331.6833333,114.6166667,,0.50115,1.230555555,3.62435,405.7676885
OTTAWA INTL A,2024-08-13 10:00,2024,8,13,10:00,22.3,17.5,74,27,13,663.7854747,,,21.75321667,70.9863,16.27323333,0.991666667,2.183333333,314.7833333,102.8166667,,0.54678333,2.619444444,3.0137,560.968808
OTTAWA INTL A,2024-08-13 11:00,2024,8,13,11:00,24.1,17.4,66,27,13,778.2836885,,,23.54673333,63.04498333,16.11008333,1.133333333,2.725,308.3666667,99.13333333,,0.55326667,2.477777778,2.95501667,679.1503552
OTTAWA INTL A,2024-08-13 12:00,2024,8,13,12:00,24.9,17.3,63,30,10,842.3305588,,,24.57186667,57.76668333,15.71465,1.483333333,3.041666667,329.7333333,92.71666667,,0.32813333,1.294444445,5.23331667,749.6138921
OTTAWA INTL A,2024-08-13 13:00,2024,8,13,13:00,25.9,17.5,59,29,19,848.3882387,,,25.40981667,51.50725,14.70293333,1.283333333,2.733333333,317.0833333,78.53333333,,0.49018333,3.994444445,7.49275,769.8549054
OTTAWA INTL A,2024-08-13 14:00,2024,8,13,14:00,26.7,16,51,30,14,781.1031395,,,26.17405,50.17761667,15.00248333,0.991666667,2.35,277.75,99.78333333,,0.52595,2.897222222,0.82238333,681.3198062
OTTAWA INTL A,2024-08-13 15:00,2024,8,13,15:00,27.6,14.2,43,35,18,683.2044355,,,26.63946667,47.74715,14.65973333,1.058333333,2.4,284.5333333,70.8,,0.96053333,3.941666667,4.74715,612.4044355
OTTAWA INTL A,2024-08-13 16:00,2024,8,13,16:00,26.1,14.2,47,32,14,548.2750217,,,27.05731667,47.68503333,15.01988333,0.908333333,2.166666667,247.7666667,61.36666667,,0.95731667,2.980555556,0.68503333,486.908355
OTTAWA INTL A,2024-08-13 17:00,2024,8,13,17:00,26.4,14.6,48,32,16,377.574982,,,27.1711,47.22121667,14.97218333,0.583333333,1.641666667,246.5833333,150.6333333,,0.7711,3.861111111,0.77878333,226.9416487
OTTAWA INTL A,2024-08-13 18:00,2024,8,13,18:00,24.7,17.8,65,26,13,203.5270078,,,26.91438333,46.81265,14.60408333,0.425,1.35,310.0333333,59.13333333,,2.21438333,3.186111111,18.18735,144.3936745
OTTAWA INTL A,2024-08-13 19:00,2024,8,13,19:00,22.1,17.7,76,25,9,51.83745178,,,25.89415,52.62901667,15.47335,0.258333333,1.075,285.2166667,12.73333333,,3.79415,2.241666667,23.37098333,39.10411845
OTTAWA INTL A,2024-08-13 20:00,2024,8,13,20:00,20.2,17,81,25,10,3.6342519,,,24.4167,59.55926667,16.04363333,0.075,0.75,299.0166667,1.033333333,,4.2167,2.702777778,21.44073333,2.600918567
OTTAWA INTL A,2024-08-13 21:00,2024,8,13,21:00,19.6,16.5,82,26,10,1.789282783,,,23.01686667,65.84641667,16.30173333,0,0.1,332.05,1,,3.41686667,2.777777778,16.15358333,0.789282783
OTTAWA INTL A,2024-08-13 22:00,2024,8,13,22:00,18.3,16.4,88,26,10,1.8666055,,,22.4028,67.54496667,16.12101667,0.008333333,0.408333333,325.9333333,1,,4.1028,2.769444445,20.45503333,0.8666055
OTTAWA INTL A,2024-08-13 23:00,2024,8,13,23:00,18.1,16.5,90,24,8,1.907645,,,21.7501,68.45388333,15.7031,0.008333333,0.208333333,175.55,1,,3.6501,2.213888889,21.54611667,0.907645
OTTAWA INTL A,2024-08-14 0:00,2024,8,14,0:00,16.8,16,95,28,8,1.617138683,,,20.8803,72.57405,15.78891667,0.008333333,0.383333333,136.1833333,1,,4.0803,2.213888889,22.42595,0.617138683
OTTAWA INTL A,2024-08-14 1:00,2024,8,14,1:00,16.9,16.5,98,27,9,1.9183977,,,20.50428333,73.3106,15.5828,0.075,0.608333333,236.0666667,1,,3.60428333,2.425,24.6894,0.9183977
OTTAWA INTL A,2024-08-14 2:00,2024,8,14,2:00,17.9,17.1,96,29,8,1.563232033,,,19.7683,76.88773333,15.61853333,0.016666667,0.583333333,326.0333333,1,,1.8683,2.205555555,19.11226667,0.563232033
OTTAWA INTL A,2024-08-14 3:00,2024,8,14,3:00,17.2,17.2,100,29,9,1.83539635,,,19.59245,77.72066667,15.61593333,0,0.316666667,225.5,1,,2.39245,2.5,22.27933333,0.83539635
OTTAWA INTL A,2024-08-14 4:00,2024,8,14,4:00,17.3,17,98,29,10,1.7812594,,,19.16961667,79.3186,15.5232,0.016666667,0.541666667,101.6166667,1,,1.86961667,2.761111111,18.6814,0.7812594
OTTAWA INTL A,2024-08-14 5:00,2024,8,14,5:00,16.5,16.5,100,27,13,2.021826317,,,18.74123333,80.2327,15.2849,0.066666667,0.883333333,167.35,1,,2.24123333,3.544444444,19.7673,1.021826317
OTTAWA INTL A,2024-08-14 6:00,2024,8,14,6:00,17.1,17.1,100,28,12,33.23750442,,,18.33868333,82.3349,15.29536667,0.008333333,0.433333333,42.65,8.4,,1.23868333,3.325,17.6651,24.83750442
OTTAWA INTL A,2024-08-14 7:00,2024,8,14,7:00,18.9,17.2,90,29,10,142.3559626,,,19.20495,79.40481667,15.5732,0.008333333,0.625,82.3,53.56666667,,0.30495,2.769444445,10.59518333,88.78929593
OTTAWA INTL A,2024-08-14 8:00,2024,8,14,8:00,20.3,16.7,79,28,14,320.492093,,,20.82458333,74.4271,16.12336667,0.075,0.675,272.1333333,94.03333333,,0.52458333,3.813888889,4.5729,226.4587597
OTTAWA INTL A,2024-08-14 9:00,2024,8,14,9:00,22.4,17.1,71,29,12,490.0513392,,,22.37848333,70.08123333,16.67591667,0.325,1.275,292.2666667,107.2666667,,0.02151667,3.008333333,0.91876667,382.7846725
OTTAWA INTL A,2024-08-14 10:00,2024,8,14,10:00,24.3,18.6,70,26,8,649.4888723,,,24.0857,65.6772,17.27385,0.508333333,1.441666667,292.2333333,111.9,,0.2143,1.713888889,4.3228,537.5888723
OTTAWA INTL A,2024-08-14 11:00,2024,8,14,11:00,25.9,17.9,60,29,9,755.8926505,,,26.01465,62.31563333,18.26541667,0.233333333,1.166666667,213.6666667,98.61666667,,0.11465,2.266666667,2.31563333,657.2759838
OTTAWA INTL A,2024-08-14 12:00,2024,8,14,12:00,27.2,19,60,27,11,816.3065303,,,27.2564,57.88123333,18.24966667,0.533333333,1.533333333,240.65,99.73333333,,0.0564,2.522222223,2.11876667,716.573197
OTTAWA INTL A,2024-08-14 13:00,2024,8,14,13:00,28.5,14.6,42,29,21,838.5526718,,,28.39635,52.95068333,17.8738,0.783333333,1.958333333,225.05,84.61666667,,0.10365,5.05,10.95068333,753.9360051
OTTAWA INTL A,2024-08-14 14:00,2024,8,14,14:00,28.6,16.5,47,29,16,764.5042912,,,28.98118333,50.02245,17.53303333,0.775,2.15,239.2,118.9666667,,0.38118333,3.669444444,3.02245,645.5376245
OTTAWA INTL A,2024-08-14 15:00,2024,8,14,15:00,29.1,13.2,37,28,18,625.549041,,,28.83246667,51.13163333,17.7421,0.908333333,2.258333333,290.7666667,75.46666667,,0.26753333,4.091666667,14.13163333,550.0823743
OTTAWA INTL A,2024-08-14 16:00,2024,8,14,16:00,28.4,15.6,45,28,16,492.246449,,,28.80965,48.79123333,16.98116667,0.783333333,2.025,269.25,60.78333333,,0.40965,3.661111111,3.79123333,431.4631157
OTTAWA INTL A,2024-08-14 17:00,2024,8,14,17:00,27.7,15.2,46,29,18,338.7441108,,,28.38641667,49.38581667,16.78123333,1.1,2.391666667,325.7333333,123.7833333,,0.68641667,3.9,3.38581667,214.9607775
OTTAWA INTL A,2024-08-14 18:00,2024,8,14,18:00,25.2,18.8,67,26,9,158.8094543,,,27.67043333,52.55066667,17.10728333,0.708333333,1.825,339.5666667,41.25,,2.47043333,1.791666667,14.44933333,117.5594543
OTTAWA INTL A,2024-08-14 19:00,2024,8,14,19:00,22.9,18.1,74,25,9,22.04120068,,,26.53108333,56.0608,17.07056667,0.075,0.641666667,124.75,3.916666667,,3.63108333,2.425,17.9392,18.12453401
OTTAWA INTL A,2024-08-14 20:00,2024,8,14,20:00,22.9,17,69,25,9,3.064596267,,,25.26185,61.71256667,17.39711667,0.141666667,0.483333333,223.0166667,1,,2.36185,2.358333333,7.28743333,2.064596267
OTTAWA INTL A,2024-08-14 21:00,2024,8,14,21:00,20.8,17.4,81,25,0,1.88050685,,,24.09573333,66.63301667,17.51981667,0.016666667,0.241666667,221.5,1,,3.29573333,0.016666667,14.36698333,0.88050685
OTTAWA INTL A,2024-08-14 22:00,2024,8,14,22:00,20.2,17.6,85,25,7,1.837309317,,,23.18348333,70.87405,17.62028333,0,0.191666667,97.56666667,1,,2.98348333,1.944444444,14.12595,0.837309317
OTTAWA INTL A,2024-08-14 23:00,2024,8,14,23:00,20.3,18.1,87,21,6,1.69605455,,,22.36268333,74.92931667,17.7187,0.041666667,0.225,215.95,1,,2.06268333,1.625,12.07068333,0.69605455
OTTAWA INTL A,2024-08-15 0:00,2024,8,15,0:00,19.1,17.2,89,26,9,2.163062683,,,21.74716667,78.13351667,17.78895,0,0.275,334.05,1,,2.64716667,2.5,10.86648333,1.163062683
OTTAWA INTL A,2024-08-15 1:00,2024,8,15,1:00,17.9,17.9,100,28,10,1.8171625,,,21.0656,81.1651,17.73173333,0,0.133333333,97.61666667,1,,3.1656,2.777777778,18.8349,0.8171625
OTTAWA INTL A,2024-08-15 2:00,2024,8,15,2:00,19.7,19.3,98,29,11,1.791733583,,,20.57076667,83.73995,17.7462,0.066666667,0.541666667,127.2666667,1,,0.87076667,2.988888889,14.26005,0.791733583
OTTAWA INTL A,2024-08-15 3:00,2024,8,15,3:00,19.5,19.3,99,29,12,1.48608815,,,20.37868333,83.71321667,17.55323333,0.058333333,0.433333333,3.933333333,1,,0.87868333,3.275,15.28678333,0.48608815
OTTAWA INTL A,2024-08-15 4:00,2024,8,15,4:00,18.4,18.4,100,28,12,1.813195233,,,20.20153333,83.75421667,17.38715,0.283333333,1.183333333,183.9666667,1,,1.80153333,3.05,16.24578333,0.813195233
OTTAWA INTL A,2024-08-15 5:00,2024,8,15,5:00,17.6,17.6,100,29,6,1.926763917,,,19.6245,85.25735,17.10058333,0.025,0.291666667,64.15,1,,2.0245,1.641666667,14.74265,0.926763917
OTTAWA INTL A,2024-08-15 6:00,2024,8,15,6:00,17.8,17.8,100,27,9,28.6403919,,,19.49905,85.8695,17.09298333,0.033333333,0.391666667,88.2,5.383333333,,1.69905,2.466666667,14.1305,23.25705857
OTTAWA INTL A,2024-08-15 7:00,2024,8,15,7:00,19.8,19.5,98,28,12,140.9718297,,,20.2637,83.39848333,17.37903333,0.058333333,0.666666667,148.1666667,40.83333333,,0.4637,3.275,14.60151667,100.1384964
OTTAWA INTL A,2024-08-15 8:00,2024,8,15,8:00,21.4,18.4,83,28,13,292.4806792,,,21.42545,78.80958333,17.61443333,0.758333333,1.941666667,332,70.36666667,,0.02545,2.852777778,4.19041667,222.1140125
OTTAWA INTL A,2024-08-15 9:00,2024,8,15,9:00,23.4,19.6,79,30,11,455.1784183,,,22.85891667,74.11016667,18.02091667,0.833333333,1.941666667,306.75,96.3,,0.54108333,2.222222223,4.88983333,358.8784183
OTTAWA INTL A,2024-08-15 10:00,2024,8,15,10:00,24.9,19.3,71,27,13,591.3799683,,,24.50576667,67.66346667,18.15025,0.725,1.791666667,324.4666667,99.15,,0.39423333,2.886111111,3.33653333,492.2299683
OTTAWA INTL A,2024-08-15 11:00,2024,8,15,11:00,26.3,19.8,67,26,13,707.2779555,,,26.00818333,63.62193333,18.5961,0.741666667,1.925,317.35,97.83333333,,0.29181667,2.869444444,3.37806667,609.4446222
OTTAWA INTL A,2024-08-15 12:00,2024,8,15,12:00,27.9,18.3,55,27,12,775.0277722,,,27.53883333,60.22745,19.13046667,0.433333333,1.475,301.4833333,96.65,,0.36116667,2.9,5.22745,678.3777722
OTTAWA INTL A,2024-08-15 13:00,2024,8,15,13:00,28.8,19,55,26,16,785.4240455,,,28.86105,50.89321667,17.67755,0.45,1.475,276.8,85.56666667,,0.06105,3.994444444,4.10678333,699.8573788
OTTAWA INTL A,2024-08-15 14:00,2024,8,15,14:00,29.5,15.8,43,29,14,721.0973602,,,29.35581667,48.56808333,17.38948333,0.758333333,1.908333333,315.6166667,102.4833333,,0.14418333,3.130555556,5.56808333,618.6140269
OTTAWA INTL A,2024-08-15 15:00,2024,8,15,15:00,29.8,17.2,46,28,17,503.6501597,,,29.61638333,48.23105,17.50303333,0.583333333,1.658333333,290.0833333,63.9,,0.18361667,4.138888889,2.23105,439.7501597
OTTAWA INTL A,2024-08-15 16:00,2024,8,15,16:00,29.3,18.7,52,31,19,364.3621432,,,29.01298333,55.19893333,19.1296,0.641666667,1.7,322.6166667,48.93333333,,0.28701667,4.636111111,3.19893333,315.4288099
OTTAWA INTL A,2024-08-15 17:00,2024,8,15,17:00,28.8,17.6,50,28,18,355.0876385,,,29.34793333,52.08986667,18.51245,0.491666667,1.425,291.5333333,136.2833333,,0.54793333,4.508333333,2.08986667,218.8043052
OTTAWA INTL A,2024-08-15 18:00,2024,8,15,18:00,27.7,16.9,51,29,14,186.7174714,,,28.87253333,52.00688333,18.05165,0.691666667,1.708333333,264.8666667,46.18333333,,1.17253333,3.197222222,1.00688333,140.5341381
OTTAWA INTL A,2024-08-15 19:00,2024,8,15,19:00,25.4,18.5,65,26,8,42.34818152,,,27.89245,55.0302,18.04613333,0.241666667,1.083333333,289.1166667,9.35,,2.49245,1.980555555,9.9698,32.99818152
OTTAWA INTL A,2024-08-15 20:00,2024,8,15,20:00,22.7,18.5,77,27,7,2.85264835,,,26.2763,60.71578333,18.09866667,0,0.041666667,247.4166667,1,,3.5763,1.944444444,16.28421667,1.85264835
OTTAWA INTL A,2024-08-15 21:00,2024,8,15,21:00,22,17.9,77,26,8,2.168452417,,,25.66828333,63.10843333,18.14538333,0,0.216666667,106.4833333,1,,3.66828333,2.222222222,13.89156667,1.168452417
OTTAWA INTL A,2024-08-15 22:00,2024,8,15,22:00,20.4,18.1,86,21,3,1.865243067,,,24.69918333,65.89996667,17.90863333,0.008333333,0.275,243.35,1,,4.29918333,0.825,20.10003333,0.865243067
OTTAWA INTL A,2024-08-15 23:00,2024,8,15,23:00,19.5,18.9,96,22,3,1.998339417,,,22.8292,73.63315,17.89116667,0,0,305,1,,3.3292,0.833333333,22.36685,0.998339417
OTTAWA INTL A,2024-08-16 0:00,2024,8,16,0:00,18.3,18.3,100,19,7,1.931920983,,,21.76113333,81.24488333,18.42538333,0,0,305,1,,3.46113333,1.944444444,18.75511667,0.931920983
OTTAWA INTL A,2024-08-16 1:00,2024,8,16,1:00,18.3,18.3,100,25,7,1.808372633,,,20.86716667,87.24238333,18.68896667,0,0.008333333,305.2666667,1,,2.56716667,1.944444444,12.75761667,0.808372633
OTTAWA INTL A,2024-08-16 2:00,2024,8,16,2:00,16.9,16.9,100,24,7,1.825754733,,,20.50033333,88.86791667,18.62251667,0,0.133333333,115.8666667,1,,3.60033333,1.944444444,11.13208333,0.825754733
OTTAWA INTL A,2024-08-16 3:00,2024,8,16,3:00,17.6,17.6,100,23,7,1.795723717,,,19.8758,92.08855,18.57656667,0,0.016666667,105.5833333,1,,2.2758,1.944444444,7.91145,0.795723717
OTTAWA INTL A,2024-08-16 4:00,2024,8,16,4:00,18.2,18.2,100,26,5,1.532185133,,,19.31585,92.13215,18.02946667,0,0,284.9333333,1,,1.11585,1.388888889,7.86785,0.532185133
OTTAWA INTL A,2024-08-16 5:00,2024,8,16,5:00,17.1,17.1,100,23,8,1.961910783,,,19.0641,93.30966667,17.97958333,0,0,294.3666667,1,,1.9641,2.222222222,6.69033333,0.961910783
OTTAWA INTL A,2024-08-16 6:00,2024,8,16,6:00,18,18,100,24,7,35.3481213,,,18.63118333,94.68966667,17.78508333,0,0,296,9.95,,0.63118333,1.944444444,5.31033333,25.3981213
OTTAWA INTL A,2024-08-16 7:00,2024,8,16,7:00,19.2,19.2,100,23,8,150.8208548,,,19.61565,90.51135,18.04196667,0,0.141666667,314.8166667,57.6,,0.41565,2.222222222,9.48865,93.2208548
OTTAWA INTL A,2024-08-16 8:00,2024,8,16,8:00,21.3,19.3,88,22,5,322.0669683,,,21.2335,84.47363333,18.5302,0.066666667,0.483333333,316.5333333,84.78333333,,0.0665,1.322222222,3.52636667,237.283635
OTTAWA INTL A,2024-08-16 9:00,2024,8,16,9:00,23.7,20.3,81,21,0,483.44343,,,22.9197,79.58205,19.22235,0.066666667,0.541666667,177.3,110.0333333,,0.7803,0.066666667,1.41795,373.4100967
OTTAWA INTL A,2024-08-16 10:00,2024,8,16,10:00,25.6,20.4,72,20,4,627.4376498,,,24.49321667,76.1845,20.04728333,0.2,0.95,151.3166667,98.46666667,,1.10678333,0.911111111,4.1845,528.9709831
OTTAWA INTL A,2024-08-16 11:00,2024,8,16,11:00,27.4,20.2,64,20,8,734.4341395,,,26.30266667,71.60603333,20.7787,0.266666667,1.066666667,170.25,96.05,,1.09733333,1.955555555,7.60603333,638.3841395
OTTAWA INTL A,2024-08-16 12:00,2024,8,16,12:00,28.8,19.2,56,22,10,799.1709203,,,28.15228333,62.52768333,20.30165,0.25,1.058333333,203.4,88,,0.64771667,2.527777778,6.52768333,711.1709203
OTTAWA INTL A,2024-08-16 13:00,2024,8,16,13:00,29.7,18.8,51,23,11,779.2037353,,,29.28651667,52.41773333,18.54258333,0.45,1.4,246.4166667,78.83333333,,0.41348333,2.605555556,1.41773333,700.370402
OTTAWA INTL A,2024-08-16 14:00,2024,8,16,14:00,29.1,17.9,50,22,7,791.6106608,,,29.83916667,48.36858333,17.73395,0.325,1.358333333,232.2666667,92.81666667,,0.73916667,1.619444444,1.63141667,698.7939941
OTTAWA INTL A,2024-08-16 15:00,2024,8,16,15:00,29.2,18,50,22,14,651.3668953,,,30.0215,45.10371667,16.80983333,0.433333333,1.525,201.9,78.26666667,,0.8215,3.455555556,4.89628333,573.1002286
OTTAWA INTL A,2024-08-16 16:00,2024,8,16,16:00,28.7,18.4,53,17,12,470.7620165,,,29.68475,47.73036667,17.43023333,0.55,1.708333333,196.65,64.68333333,,0.98475,2.783333333,5.26963333,406.0786832
OTTAWA INTL A,2024-08-16 17:00,2024,8,16,17:00,27.9,17.9,54,19,11,341.6005698,,,29.16316667,45.91315,16.33356667,0.483333333,1.533333333,195.1166667,140.4833333,,1.26316667,2.572222223,8.08685,201.1172365
OTTAWA INTL A,2024-08-16 18:00,2024,8,16,18:00,25.9,17.6,60,20,11,176.2424641,,,28.46036667,47.38815,16.17956667,0.233333333,1.166666667,196.1166667,40.28333333,,2.56036667,2.822222223,12.61185,135.9591308
OTTAWA INTL A,2024-08-16 19:00,2024,8,16,19:00,22.5,18,75,16,5,26.92202902,,,27.16523333,53.73195,16.98948333,0.05,0.6,211.35,5.566666667,,4.66523333,1.338888889,21.26805,21.35536235
OTTAWA INTL A,2024-08-16 20:00,2024,8,16,20:00,22.2,17.6,75,15,4,2.31915545,,,25.7773,55.8668,16.31888333,0,0.1,205.8666667,1,,3.5773,1.111111111,19.1332,1.31915545
OTTAWA INTL A,2024-08-16 21:00,2024,8,16,21:00,20,17.5,85,16,7,2.204382467,,,24.20545,62.03395,16.4793,0,0,205,1,,4.20545,1.944444444,22.96605,1.204382467
OTTAWA INTL A,2024-08-16 22:00,2024,8,16,22:00,20.2,17.2,82,14,8,2.136512117,,,23.47485,68.96335,17.47071667,0,0.041666667,205,1,,3.27485,2.222222222,13.03665,1.136512117
OTTAWA INTL A,2024-08-16 23:00,2024,8,16,23:00,19.6,17.8,89,10,13,1.93875225,,,22.45281667,74.35706667,17.67761667,0,0.033333333,205,1,,2.85281667,3.611111111,14.64293333,0.93875225
OTTAWA INTL A,2024-08-17 0:00,2024,8,17,0:00,19.7,18.6,93,11,12,1.80116955,,,21.1148,86.84423333,18.85318333,0,0.091666667,136.7833333,1,,1.4148,3.333333333,6.15576667,0.80116955
OTTAWA INTL A,2024-08-17 1:00,2024,8,17,1:00,21.1,18.9,87,18,11,1.419358267,,,21.08591667,87.4466,18.94388333,0,0.025,66.8,1,,0.01408333,3.055555556,0.4466,0.419358267
OTTAWA INTL A,2024-08-17 2:00,2024,8,17,2:00,20.5,19.9,97,14,10,2.1158129,,,21.3344,85.38573333,18.80188333,0,0.05,144.35,1,,0.8344,2.777777778,11.61426667,1.1158129
OTTAWA INTL A,2024-08-17 3:00,2024,8,17,3:00,19.9,19.9,100,10,15,2.01973685,,,20.94363333,86.78073333,18.67165,0.008333333,0.208333333,138.4,1,,1.04363333,4.158333334,13.21926667,1.01973685
OTTAWA INTL A,2024-08-17 4:00,2024,8,17,4:00,19.9,19.9,100,13,13,1.413181167,,,20.11425,92.62428333,18.90621667,0,0.125,75.78333333,1,,0.21425,3.611111111,7.37571667,0.413181167
OTTAWA INTL A,2024-08-17 5:00,2024,8,17,5:00,19.4,19.4,100,16,9,2.027810033,,,20.33308333,90.22103333,18.69948333,0.091666667,0.858333333,183.4833333,1,,0.93308333,2.408333333,9.77896667,1.027810033
OTTAWA INTL A,2024-08-17 6:00,2024,8,17,6:00,19,19,100,12,7,3.58362675,,,20.10923333,91.27176667,18.6652,0.108333333,0.616666667,204.5166667,1,,1.10923333,1.836111111,8.72823333,2.58362675
OTTAWA INTL A,2024-08-17 7:00,2024,8,17,7:00,19,19,100,14,13,12.78590852,,,19.56743333,95.58041667,18.86531667,0,0.041666667,204.8666667,1.5,,0.56743333,3.611111111,4.41958333,11.28590852
OTTAWA INTL A,2024-08-17 8:00,2024,8,17,8:00,19.3,19.3,100,15,15,32.79727735,,,19.30901667,97.50465,18.92875,0,0.158333333,137.9333333,4.55,,0.00901667,4.166666667,2.49535,28.24727735
OTTAWA INTL A,2024-08-17 9:00,2024,8,17,9:00,19.5,19.5,100,13,13,95.09413668,,,19.521,96.71966667,19.01046667,0.05,0.716666667,141.95,15.43333333,,0.021,3.561111111,3.28033333,79.66080335
OTTAWA INTL A,2024-08-17 10:00,2024,8,17,10:00,20.1,20.1,100,14,16,70.23845963,,,19.79046667,96.32015,19.21275,0.141666667,0.908333333,134.65,13.81666667,,0.30953333,4.302777777,3.67985,56.42179296
OTTAWA INTL A,2024-08-17 11:00,2024,8,17,11:00,21.1,21.1,100,14,16,71.13634762,,,20.3649,95.67595,19.67673333,0.058333333,0.825,150.8333333,12.35,,0.7351,4.386111111,4.32405,58.78634762
OTTAWA INTL A,2024-08-17 12:00,2024,8,17,12:00,21.8,21.8,100,13,14,89.05018627,,,20.83385,93.77603333,19.81941667,0.091666667,0.758333333,158.4166667,16.65,,0.96615,3.797222222,6.22396667,72.40018627
OTTAWA INTL A,2024-08-17 13:00,2024,8,17,13:00,22.5,22.5,100,15,10,144.7254137,,,21.53766667,91.51118333,20.12166667,0.116666667,0.991666667,145.3666667,27.13333333,,0.96233333,2.661111111,8.48881667,117.5920804
OTTAWA INTL A,2024-08-17 14:00,2024,8,17,14:00,24,22.6,91,11,12,125.5842238,,,22.26051667,89.99888333,20.56741667,0.033333333,0.691666667,144.5666667,23.18333333,,1.73948333,3.3,1.00111667,102.4008905
OTTAWA INTL A,2024-08-17 15:00,2024,8,17,15:00,25,22.2,84,12,11,208.5875502,,,23.15383333,88.12591667,21.10571667,0.016666667,0.433333333,98.7,34.11666667,,1.84616667,3.038888889,4.12591667,174.4708835
OTTAWA INTL A,2024-08-17 16:00,2024,8,17,16:00,23.6,23.6,100,12,9,242.3852001,,,24.35873333,84.68796667,21.63946667,0.058333333,0.816666667,93.2,40.7,,0.75873333,2.441666667,15.31203333,201.6852001
OTTAWA INTL A,2024-08-17 17:00,2024,8,17,17:00,22.3,22.3,100,12,17,36.21417147,,,23.2124,91.6468,21.78845,0.116666667,0.683333333,115.05,6.366666667,,0.9124,4.605555555,8.3532,29.8475048
OTTAWA INTL A,2024-08-17 18:00,2024,8,17,18:00,22.8,22.8,100,14,13,24.61515043,,,22.28093333,97.45581667,21.8878,0,0.283333333,118.4333333,3.116666667,,0.51906667,3.611111111,2.54418333,21.49848376
OTTAWA INTL A,2024-08-17 19:00,2024,8,17,19:00,21.8,21.6,99,14,13,7.1570204,,,22.30583333,96.69978333,21.78486667,0,0.125,142.9666667,1,,0.50583333,3.611111111,2.30021667,6.1570204
OTTAWA INTL A,2024-08-17 20:00,2024,8,17,20:00,21.9,21.1,95,15,14,1.77595675,,,22.38916667,91.34635,20.92823333,0.241666667,1,176.6833333,1,,0.48916667,3.647222222,3.65365,0.77595675
OTTAWA INTL A,2024-08-17 21:00,2024,8,17,21:00,21.8,21.1,96,15,12,1.669200783,,,22.06601667,90.02478333,20.37963333,0.041666667,0.825,187.3166667,1,,0.26601667,3.291666666,5.97521667,0.669200783
OTTAWA INTL A,2024-08-17 22:00,2024,8,17,22:00,21.8,20.9,95,15,13,1.591317417,,,21.91278333,89.68006667,20.16591667,0.083333333,0.866666667,178.4166667,1,,0.11278333,3.527777778,5.31993333,0.591317417
OTTAWA INTL A,2024-08-17 23:00,2024,8,17,23:00,21.6,20.8,95,14,13,1.523116883,,,22.04998333,87.49821667,19.90238333,0.466666667,1.466666667,192.0333333,1,,0.44998333,3.144444444,7.50178333,0.523116883
OTTAWA INTL A,2024-08-18 0:00,2024,8,18,0:00,21.4,20.2,93,15,16,1.721381367,,,22.0557,86.08526667,19.64558333,0.666666667,1.675,192.95,1,,0.6557,3.777777777,6.91473333,0.721381367
OTTAWA INTL A,2024-08-18 1:00,2024,8,18,1:00,21.2,20,93,15,14,1.657606983,,,21.95701667,85.17563333,19.37745,0.466666667,1.45,195.0833333,1,,0.75701667,3.422222222,7.82436667,0.657606983
OTTAWA INTL A,2024-08-18 2:00,2024,8,18,2:00,20.7,19.7,94,14,13,1.780852217,,,21.83695,84.20331667,19.07516667,0.508333333,1.55,190.8,1,,1.13695,3.102777778,9.79668333,0.780852217
OTTAWA INTL A,2024-08-18 3:00,2024,8,18,3:00,20.5,19.8,96,14,13,1.81315375,,,21.50481667,84.71865,18.84755,0.416666667,1.441666667,186,1,,1.00481667,3.194444444,11.28135,0.81315375
OTTAWA INTL A,2024-08-18 4:00,2024,8,18,4:00,19.3,19.3,100,15,14,2.35580835,,,21.34708333,84.33808333,18.62071667,0.675,1.825,192.1166667,1,,2.04708333,3.213888889,15.66191667,1.35580835
OTTAWA INTL A,2024-08-18 5:00,2024,8,18,5:00,19.2,19.2,100,14,10,1.885903,,,20.07175,92.54941667,18.8422,0.308333333,1.108333333,193.8333333,1,,0.87175,2.469444445,7.45058333,0.885903
OTTAWA INTL A,2024-08-18 6:00,2024,8,18,6:00,19.4,19.4,100,13,11,8.756665833,,,19.69715,94.75428333,18.8566,0,0.141666667,131.4333333,1.15,,0.29715,3.055555556,5.24571667,7.606665833
OTTAWA INTL A,2024-08-18 7:00,2024,8,18,7:00,19.7,19.7,100,14,15,58.65497598,,,19.94016667,93.84198333,18.94298333,0,0.216666667,130.1666667,9,,0.24016667,4.166666667,6.15801667,49.65497598
OTTAWA INTL A,2024-08-18 8:00,2024,8,18,8:00,19.9,19.9,100,17,12,150.0578734,,,20.72383333,90.89706667,19.2059,0.216666667,1.2,181.5666667,29.96666667,,0.82383333,3.116666666,9.10293333,120.0912067
OTTAWA INTL A,2024-08-18 9:00,2024,8,18,9:00,20.7,20.7,100,14,13,151.5253285,,,21.10985,89.56088333,19.35146667,0.283333333,1.325,192.5833333,27.41666667,,0.40985,3.327777778,10.43911667,124.1086618
OTTAWA INTL A,2024-08-18 10:00,2024,8,18,10:00,21.4,21.3,99,18,8,163.0199179,,,21.40041667,89.56808333,19.6398,0.091666667,0.766666667,172.4333333,29.91666667,,0.00041667,2.130555555,9.43191667,133.1032512
OTTAWA INTL A,2024-08-18 11:00,2024,8,18,11:00,22.6,21.8,95,16,13,241.8502413,,,22.15578333,87.66848333,20.03693333,0.183333333,1.05,158.0333333,43.83333333,,0.44421667,3.427777778,7.33151667,198.016908
OTTAWA INTL A,2024-08-18 12:00,2024,8,18,12:00,24.5,22.1,86,15,16,513.2464818,,,23.49768333,82.42505,20.35008333,0.716666667,1.816666667,191.4666667,76.68333333,,1.00231667,3.727777777,3.57495,436.5631485
OTTAWA INTL A,2024-08-18 13:00,2024,8,18,13:00,25.5,22,81,18,9,403.6124305,,,24.6401,78.24225,20.62223333,0.508333333,1.616666667,182.2333333,71.95,,0.8599,1.991666667,2.75775,331.6624305
OTTAWA INTL A,2024-08-18 14:00,2024,8,18,14:00,25.3,20.7,75,17,16,426.0414622,,,25.3158,75.25373333,20.63768333,0.658333333,1.75,184.2833333,68.55,,0.0158,3.786111111,0.25373333,357.4914622
OTTAWA INTL A,2024-08-18 15:00,2024,8,18,15:00,25.7,21.2,76,16,18,500.4641258,,,26.17625,71.84671667,20.71178333,0.491666667,1.591666667,179.2333333,73.11666667,,0.47625,4.508333333,4.15328333,427.3474591
OTTAWA INTL A,2024-08-18 16:00,2024,8,18,16:00,24.9,21.5,81,17,21,310.5370703,,,26.19728333,71.70088333,20.70395,0.275,1.4,151.6166667,50.28333333,,1.29728333,5.558333333,9.29911667,260.253737
OTTAWA INTL A,2024-08-18 17:00,2024,8,18,17:00,23.4,23.4,100,15,10,133.521633,,,25.21925,77.59195,21.01736667,0.258333333,1.233333333,176.3166667,24.16666667,,1.81925,2.519444445,22.40805,109.3549663
OTTAWA INTL A,2024-08-18 18:00,2024,8,18,18:00,22.5,22.5,100,18,12,78.12940283,,,24.20115,83.96223333,21.3448,0.225,1.1,192.3833333,14.15,,1.70115,3.108333333,16.03776667,63.97940283
OTTAWA INTL A,2024-08-18 19:00,2024,8,18,19:00,21.6,21.6,100,15,6,13.55669853,,,23.50378333,85.23685,20.89975,0.266666667,1.25,200.0166667,2.733333333,,1.90378333,1.4,14.76315,10.8233652
OTTAWA INTL A,2024-08-18 20:00,2024,8,18,20:00,21,21,100,19,4,1.720423967,,,22.48996667,90.32993333,20.85373333,0,0.316666667,157.8333333,1,,1.48996667,1.111111111,9.67006667,0.720423967
OTTAWA INTL A,2024-08-18 21:00,2024,8,18,21:00,21,21,100,28,5,1.854604483,,,22.05318333,91.03193333,20.54668333,0.191666667,0.508333333,193.05,1,,1.05318333,1.197222222,8.96806667,0.854604483
OTTAWA INTL A,2024-08-18 22:00,2024,8,18,22:00,20.4,20.4,100,25,7,2.33266445,,,20.92248333,96.32245,20.34123333,0.308333333,1.025,103.5333333,1,,0.52248333,1.636111111,3.67755,1.33266445
OTTAWA INTL A,2024-08-18 23:00,2024,8,18,23:00,19.4,19.4,100,28,8,1.65208625,,,20.66685,97.16786667,20.22843333,0.008333333,0.283333333,102.9166667,1,,1.26685,2.213888889,2.83213333,0.65208625
OTTAWA INTL A,2024-08-19 0:00,2024,8,19,0:00,20,20,100,30,9,1.601920417,,,20.39126667,97.31626667,19.9781,0,0.108333333,216,1,,0.39126667,2.5,2.68373333,0.601920417
OTTAWA INTL A,2024-08-19 1:00,2024,8,19,1:00,20.1,20.1,100,30,13,1.6399609,,,20.19083333,97.38525,19.78946667,0.375,1.283333333,94.98333333,1,,0.09083333,3.236111111,2.61475,0.6399609
OTTAWA INTL A,2024-08-19 2:00,2024,8,19,2:00,18.6,18.6,100,32,27,1.869054333,,,19.69783333,96.07498333,19.07933333,0.658333333,1.933333333,297.7333333,1,,1.09783333,6.841666667,3.92501667,0.869054333
OTTAWA INTL A,2024-08-19 3:00,2024,8,19,3:00,17.3,17.3,100,32,21,2.1041547,,,18.37915,94.92526667,17.5738,0.766666667,2.025,289.95,1,,1.07915,5.066666666,5.07473333,1.1041547
OTTAWA INTL A,2024-08-19 4:00,2024,8,19,4:00,17.3,17.3,100,32,17,1.7647453,,,17.67111667,93.02701667,16.55078333,0.708333333,1.825,256.5666667,1,,0.37111667,4.013888889,6.97298333,0.7647453
OTTAWA INTL A,2024-08-19 5:00,2024,8,19,5:00,16.9,16.9,100,32,21,1.6781528,,,17.42258333,91.45088333,16.03591667,0.741666667,2.008333333,201.6166667,1,,0.52258333,5.091666666,8.54911667,0.6781528
OTTAWA INTL A,2024-08-19 6:00,2024,8,19,6:00,16.8,16.8,100,33,20,19.09923593,,,17.1774,90.62113333,15.65038333,0.958333333,2.241666667,270.5,2.566666667,,0.3774,4.597222223,9.37886667,16.53256926
OTTAWA INTL A,2024-08-19 7:00,2024,8,19,7:00,17,16.3,95,32,25,65.1805205,,,17.01721667,88.27361667,15.08226667,1.408333333,2.95,196.1833333,11.2,,0.01721667,5.536111111,6.72638333,53.9805205
OTTAWA INTL A,2024-08-19 8:00,2024,8,19,8:00,15.9,15.5,97,32,25,86.81334292,,,16.6883,86.54455,14.45158333,1.6,3.233333333,245.1833333,16.05,,0.7883,5.344444444,10.45545,70.76334292
OTTAWA INTL A,2024-08-19 9:00,2024,8,19,9:00,16.2,14.3,89,35,23,90.8302166,,,16.12605,86.25945,13.84751667,1.591666667,3.05,289.2833333,16.95,,0.07395,4.797222222,2.74055,73.8802166
OTTAWA INTL A,2024-08-19 10:00,2024,8,19,10:00,15.6,13.3,86,33,33,98.6604821,,,15.67201667,86.59966667,13.45595,1.566666667,3.066666667,244.2333333,17.56666667,,0.07201667,7.6,0.59966667,81.09381543
OTTAWA INTL A,2024-08-19 11:00,2024,8,19,11:00,14.9,14.4,97,34,30,178.476138,,,14.87808333,92.53088333,13.69585,1.35,2.775,259.4166667,31.53333333,,0.02191667,6.983333333,4.46911667,146.9428047
OTTAWA INTL A,2024-08-19 12:00,2024,8,19,12:00,15.1,13.9,93,34,26,175.8332203,,,14.82633333,90.50908333,13.30368333,1.566666667,3.183333333,268.6666667,32.5,,0.27366667,5.655555555,2.49091667,143.3332203
OTTAWA INTL A,2024-08-19 13:00,2024,8,19,13:00,14.6,13.3,92,33,31,121.8541911,,,14.81625,89.12035,13.05775,1.375,2.95,279.75,23.85,,0.21625,7.236111111,2.87965,98.0041911
OTTAWA INTL A,2024-08-19 14:00,2024,8,19,14:00,14.7,13,90,34,27,111.9135131,,,14.7384,86.04175,12.44336667,2.033333333,3.866666667,236,23.26666667,,0.0384,5.466666667,3.95825,88.64684643
OTTAWA INTL A,2024-08-19 15:00,2024,8,19,15:00,14.8,11.4,80,35,30,61.37923013,,,14.90463333,81.55823333,11.79001667,1.775,3.475,206.5833333,13.25,,0.10463333,6.558333333,1.55823333,48.12923013
OTTAWA INTL A,2024-08-19 16:00,2024,8,19,16:00,14.6,12,84,34,21,82.99054815,,,14.4545,83.4543,11.69868333,1.166666667,2.6,301.9333333,15.2,,0.1455,4.666666666,0.5457,67.79054815
OTTAWA INTL A,2024-08-19 17:00,2024,8,19,17:00,15.6,9.5,67,34,35,157.6561108,,,15.4433,74.81861667,10.99968333,1.541666667,3.258333333,206.75,32.38333333,,0.1567,8.180555555,7.81861667,125.2727775
OTTAWA INTL A,2024-08-19 18:00,2024,8,19,18:00,15.6,8.6,63,34,30,225.4733629,,,16.01806667,65.58695,9.587166667,2.291666667,4.385,139.1333333,46.86666667,,0.41806667,6.041666666,2.58695,178.6066962
OTTAWA INTL A,2024-08-19 19:00,2024,8,19,19:00,13.8,9.8,77,31,14,34.07529607,,,15.08401667,70.65786667,9.804733333,0.258333333,1.183333333,288.9333333,6.933333333,,1.28401667,3.630555556,6.34213333,27.14196274
OTTAWA INTL A,2024-08-19 20:00,2024,8,19,20:00,13.2,10.6,84,31,10,2.359567967,,,14.51668333,74.7938,10.11218333,0.141666667,0.841666667,272.75,1,,1.31668333,2.636111111,9.2062,1.359567967
OTTAWA INTL A,2024-08-19 21:00,2024,8,19,21:00,14.5,8.4,66,35,28,1.60473505,,,14.52601667,74.43531667,10.04298333,0.483333333,1.408333333,314.0833333,1,,0.02601667,7.294444445,8.43531667,0.60473505
OTTAWA INTL A,2024-08-19 22:00,2024,8,19,22:00,12.8,7,67,34,23,2.362102033,,,13.74533333,68.08713333,7.977083333,1.316666667,2.85,275.15,1,,0.94533333,5.072222222,1.08713333,1.362102033
OTTAWA INTL A,2024-08-19 23:00,2024,8,19,23:00,11.8,7.1,73,32,18,1.9153343,,,12.75976667,69.83203333,7.403166667,0.591666667,1.716666667,329.3833333,1,,0.95976667,4.408333333,3.16796667,0.9153343
OTTAWA INTL A,2024-08-20 0:00,2024,8,20,0:00,9.8,7.9,88,31,13,1.64846835,,,12.01625,74.81253333,7.694683333,0.85,2.025,338.95,1,,2.21625,2.761111111,13.18746667,0.64846835
OTTAWA INTL A,2024-08-20 1:00,2024,8,20,1:00,10.9,8.7,86,32,19,1.533437783,,,11.83818333,79.26601667,8.374916667,0.791666667,2.066666667,330.8666667,1,,0.93818333,4.486111111,6.73398333,0.533437783
OTTAWA INTL A,2024-08-20 2:00,2024,8,20,2:00,10.8,9.1,90,31,18,1.668044167,,,11.6706,82.70423333,8.8399,0.6,1.758333333,333.7166667,1,,0.8706,4.4,7.29576667,0.668044167
OTTAWA INTL A,2024-08-20 3:00,2024,8,20,3:00,10.7,9.8,95,31,17,1.42365775,,,11.95418333,83.07123333,9.18305,0.741666667,1.975,332.3833333,1,,1.25418333,3.980555555,11.92876667,0.42365775
OTTAWA INTL A,2024-08-20 4:00,2024,8,20,4:00,11.7,10,89,31,23,1.307646867,,,12.14463333,83.76503333,9.49325,1.066666667,2.533333333,331.7833333,1,,0.44463333,5.322222222,5.23496667,0.307646867
OTTAWA INTL A,2024-08-20 5:00,2024,8,20,5:00,12.1,9.9,86,33,26,1.5432016,,,12.32833333,83.80188333,9.680316667,0.891666667,2.258333333,332.1166667,1,,0.22833333,6.330555555,2.19811667,0.5432016
OTTAWA INTL A,2024-08-20 6:00,2024,8,20,6:00,12.5,10.2,86,32,24,11.4170751,,,12.52678333,83.73753333,9.86335,0.933333333,2.35,325.2833333,1.7,,0.02678333,5.733333334,2.26246667,9.7170751
OTTAWA INTL A,2024-08-20 7:00,2024,8,20,7:00,13,10.6,85,32,24,72.40991387,,,12.85841667,83.9918,10.23368333,0.783333333,2.075,329.2333333,12.5,,0.14158333,5.883333334,1.0082,59.90991387
OTTAWA INTL A,2024-08-20 8:00,2024,8,20,8:00,13.5,10.6,82,33,27,160.3057984,,,13.62518333,82.33173333,10.6849,1.033333333,2.491666667,326.1166667,31.71666667,,0.12518333,6.466666667,0.33173333,128.5891317
OTTAWA INTL A,2024-08-20 9:00,2024,8,20,9:00,15.5,10.7,73,32,34,363.1413577,,,14.5432,78.61691667,10.88315,1.166666667,2.758333333,324.3833333,68.05,,0.9568,8.277777777,5.61691667,295.0913577
OTTAWA INTL A,2024-08-20 10:00,2024,8,20,10:00,16.1,10.8,71,35,24,539.0543208,,,15.57985,72.72481667,10.7124,1.558333333,3.175,305,87.03333333,,0.52015,5.108333334,1.72481667,452.0209875
OTTAWA INTL A,2024-08-20 11:00,2024,8,20,11:00,16.9,11,68,33,27,503.2416402,,,16.22071667,69.47946667,10.64665,1.558333333,3.266666667,280.9833333,89.28333333,,0.67928333,5.941666667,1.47946667,413.9583069
OTTAWA INTL A,2024-08-20 12:00,2024,8,20,12:00,17.1,10.8,66,33,27,485.5031392,,,16.75955,67.85645,10.80453333,1.425,3.058333333,237.0166667,89.13333333,,0.34045,6.075,1.85645,396.3698059
OTTAWA INTL A,2024-08-20 13:00,2024,8,20,13:00,17.7,11.1,65,32,26,651.2652163,,,17.22846667,66.74735,11.00266667,1.641666667,3.233333333,287.6333333,96.08333333,,0.47153333,5.580555555,1.74735,555.181883
OTTAWA INTL A,2024-08-20 14:00,2024,8,20,14:00,18.4,11.5,64,35,25,500.9700367,,,17.63346667,66.28426667,11.28205,1.283333333,2.816666667,290.15,79.95,,0.76653333,5.661111111,2.28426667,421.0200367
OTTAWA INTL A,2024-08-20 15:00,2024,8,20,15:00,18.7,9.4,54,36,27,714.0519263,,,19.07521667,58.43615,10.7243,1.225,2.741666667,263.75,86.88333333,,0.37521667,6.275,4.43615,627.168593
OTTAWA INTL A,2024-08-20 16:00,2024,8,20,16:00,18.2,8.9,54,34,28,278.9230209,,,18.44851667,55.66168333,9.428116667,1.483333333,3.208333333,171.95,50.1,,0.24851667,6.294444445,1.66168333,228.8230209
OTTAWA INTL A,2024-08-20 17:00,2024,8,20,17:00,16.6,10.4,67,33,17,121.2300961,,,16.87346667,60.69225,9.241316667,1.166666667,2.616666667,136.8833333,26.28333333,,0.27346667,3.555555555,6.30775,94.94676277
OTTAWA INTL A,2024-08-20 18:00,2024,8,20,18:00,16.1,9.9,67,32,18,111.6474719,,,16.9036,63.82648333,10.02448333,0.533333333,1.625,271.85,20.96666667,,0.8036,4.466666667,3.17351667,90.68080523
OTTAWA INTL A,2024-08-20 19:00,2024,8,20,19:00,15.5,9.9,69,32,17,21.50062492,,,16.23891667,68.86883333,10.5275,0.633333333,1.716666667,320.9666667,3.883333333,,0.73891667,4.088888889,0.13116667,17.61729159
OTTAWA INTL A,2024-08-20 20:00,2024,8,20,20:00,15.4,10.3,71,32,15,1.890117283,,,15.66108333,73.02598333,10.8577,0.425,1.491666667,271.6,1,,0.26108333,3.741666667,2.02598333,0.890117283
OTTAWA INTL A,2024-08-20 21:00,2024,8,20,21:00,15.1,10.3,73,31,14,1.80632475,,,15.42863333,73.38025,10.7059,0.391666667,1.391666667,281.3333333,1,,0.32863333,3.497222222,0.38025,0.80632475
OTTAWA INTL A,2024-08-20 22:00,2024,8,20,22:00,14.8,10.1,73,32,14,1.8528932,,,15.05325,74.75868333,10.62408333,0.666666667,1.8,296.7666667,1,,0.25325,3.222222222,1.75868333,0.8528932
OTTAWA INTL A,2024-08-20 23:00,2024,8,20,23:00,14.2,10.3,77,33,16,1.949694183,,,14.71186667,76.20901667,10.58245,0.333333333,1.425,256.6,1,,0.51186667,4.111111111,0.79098333,0.949694183
OTTAWA INTL A,2024-08-21 0:00,2024,8,21,0:00,13.6,10.7,83,33,16,1.689875483,,,14.45635,76.71095,10.43285,0.208333333,0.991666667,207.8666667,1,,0.85635,4.236111111,6.28905,0.689875483
OTTAWA INTL A,2024-08-21 1:00,2024,8,21,1:00,13.3,10.6,84,34,16,1.670557167,,,14.19066667,77.94238333,10.41391667,0.175,0.941666667,206.8833333,1,,0.89066667,4.269444444,6.05761667,0.670557167
OTTAWA INTL A,2024-08-21 2:00,2024,8,21,2:00,12.6,11.3,92,30,11,1.353060383,,,13.86145,80.7799,10.62863333,0.275,1.15,198.4,1,,1.26145,2.780555556,11.2201,0.353060383
OTTAWA INTL A,2024-08-21 3:00,2024,8,21,3:00,13.9,11.2,84,33,14,1.500807917,,,13.72143333,82.6211,10.83216667,0.575,1.483333333,246.7833333,1,,0.17856667,3.313888889,1.3789,0.500807917
OTTAWA INTL A,2024-08-21 4:00,2024,8,21,4:00,14,11.3,84,33,18,1.734425133,,,13.90143333,83.27305,11.12698333,0.458333333,1.441666667,263.1333333,1,,0.09856667,4.541666667,0.72695,0.734425133
OTTAWA INTL A,2024-08-21 5:00,2024,8,21,5:00,13.4,12.6,95,31,15,1.927526183,,,13.76995,86.25218333,11.527,0.05,0.625,270.0166667,1,,0.36995,4.116666667,8.74781667,0.927526183
OTTAWA INTL A,2024-08-21 6:00,2024,8,21,6:00,13.2,13.2,100,32,13,3.672078333,,,13.32356667,90.06995,11.74285,0.225,1.116666667,196.55,1,,0.12356667,3.386111111,9.93005,2.672078333
OTTAWA INTL A,2024-08-21 7:00,2024,8,21,7:00,12.8,12.8,100,31,19,31.42103875,,,13.03186667,92.77706667,11.90423333,0.516666667,1.633333333,265.4833333,5.366666667,,0.23186667,4.761111111,7.22293333,26.05437208
OTTAWA INTL A,2024-08-21 8:00,2024,8,21,8:00,12.9,12.9,100,30,19,34.99674988,,,13.03361667,92.98171667,11.93901667,0.7,1.983333333,240.4333333,5.766666667,,0.13361667,4.577777778,7.01828333,29.23008321
OTTAWA INTL A,2024-08-21 9:00,2024,8,21,9:00,13,13,100,30,13,94.70873287,,,13.23163333,91.80268333,11.94253333,0.325,1.391666667,250.7,14.78333333,,0.23163333,3.286111111,8.19731667,79.92539954
OTTAWA INTL A,2024-08-21 10:00,2024,8,21,10:00,14.7,13.3,91,30,17,367.8128293,,,14.5225,87.4756,12.47756667,0.816666667,1.991666667,300.4833333,58.23333333,,0.1775,3.905555555,3.5244,309.579496
OTTAWA INTL A,2024-08-21 11:00,2024,8,21,11:00,17.1,13,77,29,19,533.426401,,,16.9386,76.25026667,12.73113333,0.558333333,1.633333333,243.3166667,82.3,,0.1614,4.719444445,0.74973333,451.126401
OTTAWA INTL A,2024-08-21 12:00,2024,8,21,12:00,18,11.9,67,31,19,412.7141928,,,18.07848333,68.35436667,12.1653,0.35,1.4,212.2666667,70.03333333,,0.07848333,4.927777778,1.35436667,342.6808595
OTTAWA INTL A,2024-08-21 13:00,2024,8,21,13:00,18.7,11.5,62,32,24,333.1472787,,,19.0784,58.68226667,10.81271667,1.333333333,2.976666667,137.2,60.86666667,,0.3784,5.333333334,3.31773333,272.280612
OTTAWA INTL A,2024-08-21 14:00,2024,8,21,14:00,18.1,10.4,60,1,24,96.12964955,,,18.11793333,61.9952,10.71795,1.141666667,2.625,98.03333333,19.6,,0.01793333,5.525,1.9952,76.52964955
OTTAWA INTL A,2024-08-21 15:00,2024,8,21,15:00,16.8,12.1,74,1,17,98.91278428,,,17.14696667,71.85886667,12.02591667,0.116666667,0.791666667,97.18333333,21.35,,0.34696667,4.605555555,2.14113333,77.56278428
OTTAWA INTL A,2024-08-21 16:00,2024,8,21,16:00,13.7,13.2,97,6,13,77.96400097,,,14.84303333,89.05515,13.06676667,0,0.25,89.06666667,14.91666667,,1.14303333,3.611111111,7.94485,63.0473343
OTTAWA INTL A,2024-08-21 17:00,2024,8,21,17:00,14.2,14.2,100,27,10,68.17243302,,,14.71095,90.2988,13.15386667,0.108333333,0.45,98.25,12.9,,0.51095,2.669444445,9.7012,55.27243302
OTTAWA INTL A,2024-08-21 18:00,2024,8,21,18:00,14.2,14.2,100,27,15,33.10899498,,,15.01711667,89.32503333,13.28851667,0.75,1.925,222.8,5.85,,0.81711667,3.416666667,10.67496667,27.25899498
OTTAWA INTL A,2024-08-21 19:00,2024,8,21,19:00,15,12.4,84,35,20,10.3038375,,,14.84918333,87.37243333,12.78436667,0.366666667,1.275,224.4,1.566666667,,0.15081667,5.188888889,3.37243333,8.737170833
OTTAWA INTL A,2024-08-21 20:00,2024,8,21,20:00,13.8,12.9,94,31,15,1.773026183,,,14.25076667,86.54836667,12.04716667,0.2,0.808333333,212.2166667,1,,0.45076667,3.966666667,7.45163333,0.773026183
OTTAWA INTL A,2024-08-21 21:00,2024,8,21,21:00,13.5,13.5,100,28,8,1.4809455,,,14.04705,87.66933333,12.04841667,0.275,1.191666667,147.1833333,1,,0.54705,1.947222222,12.33066667,0.4809455
OTTAWA INTL A,2024-08-21 22:00,2024,8,21,22:00,13.6,13.6,100,30,10,1.340909917,,,14.2634,87.13883333,12.16928333,0.441666667,1.525,154.55,1,,0.6634,2.336111111,12.86116667,0.340909917
OTTAWA INTL A,2024-08-21 23:00,2024,8,21,23:00,13.9,13.9,100,29,10,1.520421,,,14.31201667,88.63951667,12.47668333,0.508333333,1.575,180.9666667,1,,0.41201667,2.269444445,11.36048333,0.520421
OTTAWA INTL A,2024-08-22 0:00,2024,8,22,0:00,13.9,13.9,100,30,12,1.587504083,,,14.39553333,86.81133333,12.24206667,0.325,1.3,134,1,,0.49553333,3.008333333,13.18866667,0.587504083
OTTAWA INTL A,2024-08-22 1:00,2024,8,22,1:00,13.8,13.8,100,30,10,1.494595483,,,14.31903333,88.27456667,12.42125,0.525,1.583333333,171.85,1,,0.51903333,2.252777778,11.72543333,0.494595483
OTTAWA INTL A,2024-08-22 2:00,2024,8,22,2:00,14.1,14.1,100,28,8,1.523333083,,,14.46668333,85.5592,12.09125,0.708333333,1.916666667,214.85,1,,0.36668333,1.513888889,14.4408,0.523333083
OTTAWA INTL A,2024-08-22 3:00,2024,8,22,3:00,14.3,14.3,100,29,11,1.662888933,,,14.1746,87.02588333,12.0622,0.475,1.491666667,259.15,1,,0.1254,2.580555556,12.97411667,0.662888933
OTTAWA INTL A,2024-08-22 4:00,2024,8,22,4:00,13.4,13.4,100,25,5,1.72462585,,,14.16113333,86.60851667,11.97525,0.25,1.133333333,228.3,1,,0.76113333,1.138888889,13.39148333,0.72462585
OTTAWA INTL A,2024-08-22 5:00,2024,8,22,5:00,12.3,12.3,100,27,11,1.65496945,,,14.1986,86.05273333,11.91463333,0.3,1.1,190.7166667,1,,1.8986,2.755555556,13.94726667,0.65496945
OTTAWA INTL A,2024-08-22 6:00,2024,8,22,6:00,13.3,13.3,100,27,4,19.69287057,,,13.75745,87.52543333,11.73858333,0.241666667,0.958333333,167.8166667,3.933333333,,0.45745,0.869444444,12.47456667,15.75953724
OTTAWA INTL A,2024-08-22 7:00,2024,8,22,7:00,14.5,14.5,100,27,12,91.2175302,,,14.03196667,87.25436667,11.96173333,0.791666667,1.966666667,315.85,17.41666667,,0.46803333,2.541666666,12.74563333,73.80086353
OTTAWA INTL A,2024-08-22 8:00,2024,8,22,8:00,15,15,100,27,14,138.4000405,,,14.84956667,85.45805,12.44863333,0.841666667,2.008333333,322.2,26,,0.15043333,3.047222222,14.54195,112.4000405
OTTAWA INTL A,2024-08-22 9:00,2024,8,22,9:00,16,14.7,91,28,13,296.5333227,,,15.71496667,81.69258333,12.6064,0.95,2.25,313.1666667,50.33333333,,0.28503333,2.661111111,9.30741667,246.1999894
OTTAWA INTL A,2024-08-22 10:00,2024,8,22,10:00,17.5,14.8,84,27,12,467.3883173,,,17.52483333,75.06693333,13.07223333,0.908333333,2.283333333,307.2666667,85.45,,0.02483333,2.425,8.93306667,381.9383173
OTTAWA INTL A,2024-08-22 11:00,2024,8,22,11:00,18.8,14.7,77,29,13,636.8887968,,,19.3697,69.53993333,13.6661,0.5,1.75,268.05,81.88333333,,0.5697,3.111111111,7.46006667,555.0054635
OTTAWA INTL A,2024-08-22 12:00,2024,8,22,12:00,21.1,12.2,56,27,16,801.2840217,,,21.46161667,61.2074,13.67555,0.375,1.525,230.95,84.05,,0.36161667,4.069444444,5.2074,717.2340217
OTTAWA INTL A,2024-08-22 13:00,2024,8,22,13:00,22.9,12.1,50,27,16,648.108054,,,22.33308333,52.72668333,12.22295,0.775,2.108333333,301.4166667,83.56666667,,0.56691667,3.669444444,2.72668333,564.5413873
OTTAWA INTL A,2024-08-22 14:00,2024,8,22,14:00,21.8,13.6,59,28,12,683.7827122,,,23.06335,48.38311667,11.57683333,0.65,1.883333333,271.55,75.81666667,,1.26335,2.683333333,10.61688333,607.9660455
OTTAWA INTL A,2024-08-22 15:00,2024,8,22,15:00,23.7,14.3,55,27,14,461.2108495,,,23.0369,46.92771667,11.1044,0.875,2.191666667,318.9166667,57.96666667,,0.6631,3.013888889,8.07228333,403.2441828
OTTAWA INTL A,2024-08-22 16:00,2024,8,22,16:00,20.1,14.4,69,24,13,371.7766172,,,22.84103333,50.83995,12.14023333,1,2.208333333,339.4333333,61.75,,2.74103333,2.611111111,18.16005,310.0266172
OTTAWA INTL A,2024-08-22 17:00,2024,8,22,17:00,22.3,14.3,60,24,9,281.6278368,,,23.17093333,52.03893333,12.7975,0.5,1.408333333,242.6333333,73.68333333,,0.87093333,2,7.96106667,207.9445035
OTTAWA INTL A,2024-08-22 18:00,2024,8,22,18:00,21.4,13,58,27,10,149.8388688,,,22.24016667,53.86741667,12.46758333,0.166666667,0.933333333,195.0666667,39.76666667,,0.84016667,2.611111111,4.13258333,110.0722021
OTTAWA INTL A,2024-08-22 19:00,2024,8,22,19:00,18.4,13.5,73,25,8,34.13791938,,,21.43735,55.69176667,12.22253333,0.016666667,0.75,263.0833333,8.366666667,,3.03735,2.205555555,17.30823333,25.77125271
OTTAWA INTL A,2024-08-22 20:00,2024,8,22,20:00,17.9,13.1,73,26,9,2.363453933,,,19.58946667,64.8403,12.78405,0.016666667,0.175,323.4666667,1,,1.68946667,2.483333333,8.1597,1.363453933
OTTAWA INTL A,2024-08-22 21:00,2024,8,22,21:00,15.8,13,83,25,10,1.512023533,,,18.7019,66.78431667,12.41585,0,0.058333333,323.0166667,1,,2.9019,2.777777778,16.21568333,0.512023533
OTTAWA INTL A,2024-08-22 22:00,2024,8,22,22:00,17.1,12.6,75,25,4,1.77498695,,,18.65763333,65.73226667,12.13378333,0.008333333,0.1,323.4333333,1,,1.55763333,1.102777778,9.26773333,0.77498695
OTTAWA INTL A,2024-08-22 23:00,2024,8,22,23:00,14.4,12.6,89,25,13,1.799090633,,,17.87161667,70.06896667,12.35118333,0,0.041666667,242.5,1,,3.47161667,3.611111111,18.93103333,0.799090633
OTTAWA INTL A,2024-08-23 0:00,2024,8,23,0:00,14.2,11.8,85,26,9,1.711301817,,,17.82616667,70.26193333,12.35495,0,0.216666667,314.6666667,1,,3.62616667,2.5,14.73806667,0.711301817
OTTAWA INTL A,2024-08-23 1:00,2024,8,23,1:00,14.6,12.5,87,26,3,1.508455433,,,17.26673333,76.72948333,13.1598,0,0.025,314.0166667,1,,2.66673333,0.833333333,10.27051667,0.508455433
OTTAWA INTL A,2024-08-23 2:00,2024,8,23,2:00,13.5,12.6,94,25,4,2.202424,,,16.8517,78.06351667,13.02175,0,0.083333333,254.25,1,,3.3517,1.111111111,15.93648333,1.202424
OTTAWA INTL A,2024-08-23 3:00,2024,8,23,3:00,11.5,11.5,100,26,3,2.09741685,,,15.46931667,83.37096667,12.67131667,0,0.016666667,182.7333333,1,,3.96931667,0.833333333,16.62903333,1.09741685
OTTAWA INTL A,2024-08-23 4:00,2024,8,23,4:00,12.9,12.9,100,30,3,1.857439667,,,14.40845,89.0662,12.6442,0,0.016666667,211.1166667,1,,1.50845,0.833333333,10.9338,0.857439667
OTTAWA INTL A,2024-08-23 5:00,2024,8,23,5:00,11.1,11.1,100,26,5,1.7122739,,,13.96051667,90.94863333,12.52146667,0,0.033333333,253.8166667,1,,2.86051667,1.388888889,9.05136667,0.7122739
OTTAWA INTL A,2024-08-23 6:00,2024,8,23,6:00,12,12,100,22,7,27.17899237,,,13.80213333,90.30241667,12.25671667,0,0,270,5.75,,1.80213333,1.944444444,9.69758333,21.42899237
OTTAWA INTL A,2024-08-23 7:00,2024,8,23,7:00,14.2,14.2,100,24,9,165.9599145,,,15.34426667,86.80466667,13.17165,0,0.266666667,210.4,65.43333333,,1.14426667,2.5,13.19533333,100.5265812
OTTAWA INTL A,2024-08-23 8:00,2024,8,23,8:00,16.9,14.2,84,27,20,307.4894142,,,17.17845,78.3791,13.3963,0.208333333,0.991666667,308.8166667,123.05,,0.27845,5.347222223,5.6209,184.4394142
OTTAWA INTL A,2024-08-23 9:00,2024,8,23,9:00,19.8,15,73,27,7,484.5717318,,,18.93713333,73.66253333,14.14531667,0.191666667,0.883333333,235.6,93.68333333,,0.86286667,1.752777777,0.66253333,390.8883985
OTTAWA INTL A,2024-08-23 10:00,2024,8,23,10:00,21.5,15.1,66,26,12,656.4655008,,,20.9093,68.8819,14.99061667,0.125,0.791666667,218.0166667,92.7,,0.5907,3.208333333,2.8819,563.7655008
OTTAWA INTL A,2024-08-23 11:00,2024,8,23,11:00,22.8,15.3,62,23,5,763.7605975,,,22.65261667,61.2835,14.81393333,0.316666667,1.308333333,245.2166667,101.7666667,,0.14738333,1.072222222,0.7165,661.9939308
OTTAWA INTL A,2024-08-23 12:00,2024,8,23,12:00,24.1,14.6,55,19,14,822.29,,,23.95311667,54.33331667,14.17371667,0.358333333,1.416666667,193.8166667,81.13333333,,0.14688333,3.530555556,0.66668333,741.1566667
OTTAWA INTL A,2024-08-23 13:00,2024,8,23,13:00,23.3,13.5,54,24,10,763.8571768,,,24.71306667,50.31876667,13.6959,0.508333333,1.766666667,217.0166667,87.05,,1.41306667,2.269444445,3.68123333,676.8071768
OTTAWA INTL A,2024-08-23 14:00,2024,8,23,14:00,24.9,14.3,51,21,15,716.7628965,,,25.29996667,47.5718,13.35215,0.666666667,1.975,209.85,74.41666667,,0.39996667,3.5,3.4282,642.3462298
OTTAWA INTL A,2024-08-23 15:00,2024,8,23,15:00,25.1,13.1,47,23,16,654.9302343,,,25.61388333,44.40236667,12.60276667,0.9,2.433333333,232.8333333,80.91666667,,0.51388333,3.544444444,2.59763333,574.0135676
OTTAWA INTL A,2024-08-23 16:00,2024,8,23,16:00,24.9,14.2,51,22,14,406.294677,,,25.57851667,47.0184,13.44753333,0.333333333,1.4,168.1833333,90.43333333,,0.67851667,3.555555556,3.9816,315.8613437
OTTAWA INTL A,2024-08-23 17:00,2024,8,23,17:00,23.8,14.1,54,23,13,272.3540817,,,25.15785,47.0607,13.08528333,0.291666667,1.333333333,153.1333333,68.43333333,,1.35785,3.319444444,6.9393,203.9207484
OTTAWA INTL A,2024-08-23 18:00,2024,8,23,18:00,22.7,15.7,64,21,12,178.8717758,,,24.6595,47.85831667,12.88823333,0.083333333,1,109.6166667,36.8,,1.9595,3.25,16.14168333,142.0717758
OTTAWA INTL A,2024-08-23 19:00,2024,8,23,19:00,20.5,16.8,79,18,9,43.29669093,,,23.60465,56.58465,14.45645,0.341666667,1.3,204.5333333,9.766666667,,3.10465,2.158333333,22.41535,33.53002426
OTTAWA INTL A,2024-08-23 20:00,2024,8,23,20:00,18.7,16.7,88,17,9,2.4806302,,,22.04211667,69.48356667,16.21485,0.483333333,1.491666667,198.45,1,,3.34211667,2.016666667,18.51643333,1.4806302
OTTAWA INTL A,2024-08-23 21:00,2024,8,23,21:00,17.8,16.6,93,18,8,1.861978067,,,21.03405,73.34225,16.10158333,0.533333333,1.625,201,1,,3.23405,1.688888889,19.65775,0.861978067
OTTAWA INTL A,2024-08-23 22:00,2024,8,23,22:00,17.6,16.5,94,21,12,1.924659883,,,20.27448333,75.8027,15.88551667,0.45,1.516666667,206.4833333,1,,2.67448333,2.883333333,18.1973,0.924659883
OTTAWA INTL A,2024-08-23 23:00,2024,8,23,23:00,16.8,16.6,98,23,8,1.846541583,,,19.35116667,79.86483333,15.80546667,0,0.441666667,199.2,1,,2.55116667,2.222222222,18.13516667,0.846541583
OTTAWA INTL A,2024-08-24 0:00,2024,8,24,0:00,15.3,15.3,100,24,9,1.5430893,,,19.06013333,79.80408333,15.51188333,0,0.25,185.6333333,1,,3.76013333,2.5,20.19591667,0.5430893
OTTAWA INTL A,2024-08-24 1:00,2024,8,24,1:00,14.8,14.8,100,25,9,1.679413483,,,18.61366667,79.87186667,15.09058333,0,0.45,153.45,1,,3.81366667,2.5,20.12813333,0.679413483
OTTAWA INTL A,2024-08-24 2:00,2024,8,24,2:00,15.4,15.4,100,24,6,1.626877767,,,17.86403333,80.27941667,14.4388,0,0.358333333,135.7,1,,2.46403333,1.666666667,19.72058333,0.626877767
OTTAWA INTL A,2024-08-24 3:00,2024,8,24,3:00,13.7,13.7,100,25,5,1.644063033,,,17.57665,79.58053333,14.02411667,0,0.458333333,132.7,1,,3.87665,1.388888889,20.41946667,0.644063033
OTTAWA INTL A,2024-08-24 4:00,2024,8,24,4:00,13.9,13.9,100,19,8,1.770976217,,,16.96791667,80.42113333,13.59255,0,0.166666667,131.8333333,1,,3.06791667,2.222222222,19.57886667,0.770976217
OTTAWA INTL A,2024-08-24 5:00,2024,8,24,5:00,12.7,12.7,100,18,8,1.835880583,,,16.57641667,82.36016667,13.5719,0.041666667,0.216666667,132.5166667,1,,3.87641667,2.180555555,17.63983333,0.835880583
OTTAWA INTL A,2024-08-24 6:00,2024,8,24,6:00,13.6,13.6,100,20,10,24.78861187,,,15.29138333,91.9147,13.99878333,0.008333333,0.05,357.9833333,5.1,,1.69138333,2.769444445,8.0853,19.68861187
OTTAWA INTL A,2024-08-24 7:00,2024,8,24,7:00,15.8,15.8,100,18,4,154.6229042,,,16.49993333,84.50253333,13.88758333,0,0.283333333,211.3,67.48333333,,0.69993333,1.111111111,15.49746667,87.13957087
OTTAWA INTL A,2024-08-24 8:00,2024,8,24,8:00,18.5,15.7,84,23,7,359.955663,,,18.88888333,75.99283333,14.5696,0.025,0.525,197.8166667,106.7,,0.38888333,1.919444444,8.00716667,253.255663
OTTAWA INTL A,2024-08-24 9:00,2024,8,24,9:00,19.5,16.4,82,22,7,343.0483868,,,19.62708333,72.83165,14.63721667,0.05,0.7,212.1166667,65.88333333,,0.12708333,1.894444444,9.16835,277.1650535
OTTAWA INTL A,2024-08-24 10:00,2024,8,24,10:00,22,16.5,71,21,10,609.25897,,,21.20455,66.0893,14.62151667,0.041666667,0.75,198,102.6833333,,0.79545,2.736111111,4.9107,506.5756367
OTTAWA INTL A,2024-08-24 11:00,2024,8,24,11:00,23.5,13.3,52,21,11,766.6416633,,,23.17058333,59.27971667,14.79571667,0.208333333,1.025,193.7666667,96.75,,0.32941667,2.847222223,7.27971667,669.8916633
OTTAWA INTL A,2024-08-24 12:00,2024,8,24,12:00,24.5,14.2,52,25,10,720.1015338,,,24.4032,54.5129,14.64018333,0.358333333,1.483333333,215.95,81.13333333,,0.0968,2.419444445,2.5129,638.9682005
OTTAWA INTL A,2024-08-24 13:00,2024,8,24,13:00,24.9,14.6,52,23,16,734.3633372,,,25.14105,51.50463333,14.45781667,0.858333333,2.333333333,251.1166667,100.4833333,,0.24105,3.586111111,0.49536667,633.8800039
OTTAWA INTL A,2024-08-24 14:00,2024,8,24,14:00,25.1,15.3,54,22,11,628.4923513,,,25.63213333,50.89743333,14.72701667,0.658333333,1.825,230.2666667,74.8,,0.53213333,2.397222223,3.10256667,553.6923513
OTTAWA INTL A,2024-08-24 15:00,2024,8,24,15:00,25.2,15.3,54,21,14,339.1420402,,,25.48981667,52.80798333,15.16986667,0.391666667,1.458333333,243.7666667,57.63333333,,0.28981667,3.497222222,1.19201667,281.5087069
OTTAWA INTL A,2024-08-24 16:00,2024,8,24,16:00,24.2,15.8,59,25,13,326.4933028,,,25.56068333,53.3499,15.39368333,0.183333333,1.133333333,186.8666667,78.26666667,,1.36068333,3.427777778,5.6501,248.2266361
OTTAWA INTL A,2024-08-24 17:00,2024,8,24,17:00,23.7,15.6,60,22,11,111.3880548,,,24.79246667,55.31363333,15.24283333,0.058333333,0.766666667,159.4166667,22.4,,1.09246667,2.997222223,4.68636667,88.9880548
OTTAWA INTL A,2024-08-24 18:00,2024,8,24,18:00,23.1,15.6,62,20,8,87.23302502,,,24.53645,55.03308333,14.92993333,0.333333333,1.25,205.2833333,16.75,,1.43645,1.888888889,6.96691667,70.48302502
OTTAWA INTL A,2024-08-24 19:00,2024,8,24,19:00,20.6,15.3,71,17,6,21.08824153,,,23.79516667,56.8285,14.73791667,0.091666667,0.933333333,209.1166667,4.166666667,,3.19516667,1.575,14.1715,16.92157486
OTTAWA INTL A,2024-08-24 20:00,2024,8,24,20:00,20.7,16.2,75,20,11,1.818020383,,,23.0752,59.05201667,14.65993333,0.175,1,207.0333333,1,,2.3752,2.880555556,15.94798333,0.818020383
OTTAWA INTL A,2024-08-24 21:00,2024,8,24,21:00,20.8,16.9,78,21,10,1.739625783,,,22.73531667,64.9536,15.818,0.366666667,1.366666667,208,1,,1.93531667,2.411111111,13.0464,0.739625783
OTTAWA INTL A,2024-08-24 22:00,2024,8,24,22:00,19.9,17.6,86,20,6,1.76890335,,,22.22401667,68.85066667,16.25065,0.1,0.95,209.6,1,,2.32401667,1.566666667,17.14933333,0.76890335
OTTAWA INTL A,2024-08-24 23:00,2024,8,24,23:00,19.4,17.7,90,19,8,1.6917218,,,21.66428333,72.38241667,16.50111667,0,0.133333333,210.8833333,1,,2.26428333,2.222222222,17.61758333,0.6917218
OTTAWA INTL A,2024-08-25 0:00,2024,8,25,0:00,18.9,17.8,93,18,8,1.779516583,,,21.28315,75.06578333,16.70645,0,0,213,1,,2.38315,2.222222222,17.93421667,0.779516583
OTTAWA INTL A,2024-08-25 1:00,2024,8,25,1:00,18.2,18,99,19,7,1.846232283,,,20.72911667,78.77906667,16.93195,0,0.05,213,1,,2.52911667,1.944444444,20.22093333,0.846232283
OTTAWA INTL A,2024-08-25 2:00,2024,8,25,2:00,17.8,17.8,100,19,6,1.601251767,,,20.27013333,80.6157,16.84976667,0,0,213,1,,2.47013333,1.666666667,19.3843,0.601251767
OTTAWA INTL A,2024-08-25 3:00,2024,8,25,3:00,17.8,17.8,100,22,8,1.954525317,,,19.69353333,84.96561667,17.11201667,0.008333333,0.083333333,272.55,1,,1.89353333,2.213888889,15.03438333,0.954525317
OTTAWA INTL A,2024-08-25 4:00,2024,8,25,4:00,17.4,17.4,100,24,5,1.6884194,,,18.79131667,92.53093333,17.57743333,0.033333333,0.166666667,323,1,,1.39131667,1.355555556,7.46906667,0.6884194
OTTAWA INTL A,2024-08-25 5:00,2024,8,25,5:00,16.9,16.9,100,24.5,0,1.880004333,,,18.40881667,92.95125,17.27036667,0,0.05,323,1,,1.50881667,0,7.04875,0.880004333
OTTAWA INTL A,2024-08-25 6:00,2024,8,25,6:00,17.5,17.5,100,25,6,18.70219395,,,18.32381667,93.49123333,17.27751667,0,0.083333333,322.75,3.566666667,,0.82381667,1.666666667,6.50876667,15.13552728
OTTAWA INTL A,2024-08-25 7:00,2024,8,25,7:00,19.1,18.5,96,30,5,31.67601865,,,18.38985,95.56465,17.68818333,0.041666667,0.3,219.2333333,6.25,,0.71015,1.347222222,0.43535,25.42601865
OTTAWA INTL A,2024-08-25 8:00,2024,8,25,8:00,20.9,18.9,88,21,4,272.2061938,,,19.2556,95.0579,18.46655,0.016666667,0.191666667,276.9666667,46.35,,1.6444,1.094444444,7.0579,225.8561938
OTTAWA INTL A,2024-08-25 9:00,2024,8,25,9:00,23,18.8,77,24,0,428.8767173,,,20.38068333,89.73843333,18.65798333,0.008333333,0.3,120.9166667,74.93333333,,2.61931667,0.008333333,12.73843333,353.943384
OTTAWA INTL A,2024-08-25 10:00,2024,8,25,10:00,23.9,18.7,73,27,6,637.8586297,,,22.05925,82.4828,18.95193333,0,0.233333333,142.4166667,105.9,,1.84075,1.666666667,9.4828,531.9586297
OTTAWA INTL A,2024-08-25 11:00,2024,8,25,11:00,25.4,18,63,29,7,712.8228853,,,24.13256667,72.68031667,18.92481667,0.025,0.5,140.0333333,90.5,,1.26743333,1.919444444,9.68031667,622.3228853
OTTAWA INTL A,2024-08-25 12:00,2024,8,25,12:00,26.2,16.9,56,23,14,731.317724,,,25.1975,64.62518333,17.9838,0.258333333,1.091666667,233.1666667,76.63333333,,1.0025,3.630555556,8.62518333,654.6843907
OTTAWA INTL A,2024-08-25 13:00,2024,8,25,13:00,26.2,16.9,56,24,8,807.5849795,,,26.38136667,53.08291667,16.06006667,0.425,1.716666667,176.75,98.18333333,,0.18136667,1.797222222,2.91708333,709.4016462
OTTAWA INTL A,2024-08-25 14:00,2024,8,25,14:00,26.1,17.4,58,26,9,739.2409803,,,26.96435,48.37911667,15.14078333,0.391666667,1.533333333,189.3833333,86.63333333,,0.86435,2.108333333,9.62088333,652.607647
OTTAWA INTL A,2024-08-25 15:00,2024,8,25,15:00,27.1,16.4,51,31,11,445.921843,,,26.27978333,50.31605,15.12061667,0.933333333,2.183333333,317.7333333,64.46666667,,0.82021667,2.122222223,0.68395,381.4551763
OTTAWA INTL A,2024-08-25 16:00,2024,8,25,16:00,27.2,15,47,31,12,492.5904755,,,25.78118333,59.90243333,17.42166667,0.441666667,1.491666667,222.9333333,91.28333333,,1.41881667,2.891666666,12.90243333,401.3071422
OTTAWA INTL A,2024-08-25 17:00,2024,8,25,17:00,25.5,17.1,59,33,11,332.6507925,,,26.2637,56.63573333,16.97791667,0.216666667,1.091666667,182.3833333,56.46666667,,0.7637,2.838888889,2.36426667,276.1841258
OTTAWA INTL A,2024-08-25 18:00,2024,8,25,18:00,24.4,17.1,63,35,8,143.6341869,,,25.81685,56.92576667,16.65115,0.025,0.466666667,143.85,34.35,,1.41685,2.197222222,6.07423333,109.2841869
OTTAWA INTL A,2024-08-25 19:00,2024,8,25,19:00,24,16.8,64,4,7,27.28861748,,,24.36883333,65.08291667,17.376,0,0.066666667,235.2333333,5.066666667,,0.36883333,1.944444444,1.08291667,22.22195081
OTTAWA INTL A,2024-08-25 20:00,2024,8,25,20:00,19.3,17.3,88,13,7,2.506563667,,,22.57725,72.76905,17.463,0,0,37.38333333,1,,3.27725,1.944444444,15.23095,1.506563667
OTTAWA INTL A,2024-08-25 21:00,2024,8,25,21:00,19.8,18.8,94,19,10,2.017495867,,,21.96915,79.54031667,18.28646667,0,0,26.18333333,1,,2.16915,2.777777778,14.45968333,1.017495867
OTTAWA INTL A,2024-08-25 22:00,2024,8,25,22:00,19.1,18.4,96,21,4,1.84029835,,,20.6648,87.73168333,18.57866667,0,0,4,1,,1.5648,1.111111111,8.26831667,0.84029835
OTTAWA INTL A,2024-08-25 23:00,2024,8,25,23:00,18.9,18.9,100,27,4,1.686134683,,,20.33948333,90.0914,18.68496667,0,0.083333333,42.58333333,1,,1.43948333,1.111111111,9.9086,0.686134683
OTTAWA INTL A,2024-08-26 0:00,2024,8,26,0:00,18.3,18.3,100,21,6,1.635553367,,,19.94561667,92.63025,18.73898333,0.025,0.108333333,162.05,1,,1.64561667,1.641666667,7.36975,0.635553367
OTTAWA INTL A,2024-08-26 1:00,2024,8,26,1:00,18.4,18.4,100,1,3,1.794487733,,,19.37683333,95.41145,18.6486,0,0.008333333,357,1,,0.97683333,0.833333333,4.58855,0.794487733
OTTAWA INTL A,2024-08-26 2:00,2024,8,26,2:00,17.2,17.2,100,5,5,1.5736006,,,18.96078333,96.39458333,18.39786667,0,0.041666667,357,1,,1.76078333,1.388888889,3.60541667,0.5736006
OTTAWA INTL A,2024-08-26 3:00,2024,8,26,3:00,17.3,17.3,100,3,4,1.7468518,,,18.80738333,96.20786667,18.21413333,0,0,357,1,,1.50738333,1.111111111,3.79213333,0.7468518
OTTAWA INTL A,2024-08-26 4:00,2024,8,26,4:00,16.8,16.8,100,36,3,1.649897333,,,18.30515,97.11376667,17.8622,0,0.025,351.7666667,1,,1.50515,0.833333333,2.88623333,0.649897333
OTTAWA INTL A,2024-08-26 5:00,2024,8,26,5:00,16.6,16.6,100,9,5,1.765474317,,,18.12388333,98.46366667,17.90123333,0,0,352.3333333,1,,1.52388333,1.388888889,1.53633333,0.765474317
OTTAWA INTL A,2024-08-26 6:00,2024,8,26,6:00,16.2,16.2,100,5,8,13.85911103,,,17.92523333,99.12478333,17.80905,0,0.008333333,352,1.783333333,,1.72523333,2.222222222,0.87521667,12.0757777
OTTAWA INTL A,2024-08-26 7:00,2024,8,26,7:00,18.2,18.2,100,32,4,97.27085848,,,18.19651667,99.20851667,18.09391667,0.008333333,0.283333333,236.0833333,16.86666667,,0.00348333,1.102777778,0.79148333,80.40419181
OTTAWA INTL A,2024-08-26 8:00,2024,8,26,8:00,21.4,20.4,94,3,4,292.7162908,,,19.66671667,94.12688333,18.6969,0,0.05,322.9666667,108.1166667,,1.73328333,1.111111111,0.12688333,184.5996241
OTTAWA INTL A,2024-08-26 9:00,2024,8,26,9:00,23,20.7,87,15,0,479.4435682,,,22.13685,84.01013333,19.32768333,0.033333333,0.35,137.3833333,113.45,,0.86315,0.033333333,2.98986667,365.9935682
OTTAWA INTL A,2024-08-26 10:00,2024,8,26,10:00,24.9,20.1,74,27,5,625.5810047,,,23.94131667,76.90281667,19.65548333,0.058333333,0.666666667,165.5666667,98.28333333,,0.95868333,1.330555556,2.90281667,527.2976714
OTTAWA INTL A,2024-08-26 11:00,2024,8,26,11:00,25.9,19.4,67,8,4,740.9289532,,,25.36576667,70.58955,19.64948333,0.141666667,0.775,127.4833333,90.03333333,,0.53423333,0.969444444,3.58955,650.8956199
OTTAWA INTL A,2024-08-26 12:00,2024,8,26,12:00,27.3,19.1,61,14,6,691.2416067,,,26.12503333,64.49176667,18.923,0.208333333,1.033333333,136.1166667,78.98333333,,1.17496667,1.458333334,3.49176667,612.2582734
OTTAWA INTL A,2024-08-26 13:00,2024,8,26,13:00,28,17,51,28,9,668.8757927,,,27.15563333,58.68975,18.37718333,0.208333333,0.983333333,218.2166667,93.46666667,,0.84436667,2.291666667,7.68975,575.409126
OTTAWA INTL A,2024-08-26 14:00,2024,8,26,14:00,28,16.9,50,22,8,514.3856032,,,27.51741667,54.02645,17.40241667,0.4,1.233333333,299.1166667,79.03333333,,0.48258333,1.822222222,4.02645,435.3522699
OTTAWA INTL A,2024-08-26 15:00,2024,8,26,15:00,28.4,16.8,49,20,10,602.9665402,,,28.08755,51.23255,17.08333333,0.366666667,1.341666667,299.1166667,101.4833333,,0.31245,2.411111111,2.23255,501.4832069
OTTAWA INTL A,2024-08-26 16:00,2024,8,26,16:00,28.4,19.7,58,24,11,466.686892,,,28.23403333,51.58471667,17.33128333,0.366666667,1.241666667,254.3,78.9,,0.16596667,2.688888889,6.41528333,387.786892
OTTAWA INTL A,2024-08-26 17:00,2024,8,26,17:00,28,15.7,47,27,9,320.3992365,,,28.41748333,49.05341667,16.7051,0.541666667,1.6,327.2,70.76666667,,0.41748333,1.958333333,2.05341667,249.6325698
OTTAWA INTL A,2024-08-26 18:00,2024,8,26,18:00,25.7,18.1,63,28,9,146.0273212,,,27.76583333,50.79228333,16.65621667,0.541666667,1.533333333,328.8666667,32.56666667,,2.06583333,1.958333333,12.20771667,113.4606545
OTTAWA INTL A,2024-08-26 19:00,2024,8,26,19:00,23.2,17.9,72,19,6,24.78372647,,,26.8311,53.778,16.69316667,0.075,0.708333333,148.0166667,5.316666667,,3.6311,1.591666667,18.222,19.4670598
OTTAWA INTL A,2024-08-26 20:00,2024,8,26,20:00,20.6,18.4,87,18,7,2.337441367,,,25.26963333,59.05916667,16.71161667,0,0.05,12.81666667,1,,4.66963333,1.944444444,27.94083333,1.337441367
OTTAWA INTL A,2024-08-26 21:00,2024,8,26,21:00,21.8,18.8,83,18,9,2.258654583,,,23.41363333,68.54453333,17.28186667,0,0,6.016666667,1,,1.61363333,2.5,14.45546667,1.258654583
OTTAWA INTL A,2024-08-26 22:00,2024,8,26,22:00,20.6,19.2,91,18,10,2.027662833,,,22.3191,80.74741667,18.87228333,0,0,4.766666667,1,,1.7191,2.777777778,10.25258333,1.027662833
OTTAWA INTL A,2024-08-26 23:00,2024,8,26,23:00,19.4,19.4,100,18,10,1.830885267,,,21.3019,84.18516667,18.54441667,0,0,4,1,,1.9019,2.777777778,15.81483333,0.830885267
OTTAWA INTL A,2024-08-27 0:00,2024,8,27,0:00,19.4,19.4,100,19,9,1.696602617,,,20.22151667,89.97395,18.54618333,0,0,4,1,,0.82151667,2.5,10.02605,0.696602617
OTTAWA INTL A,2024-08-27 1:00,2024,8,27,1:00,18,18,100,18,7,1.818329767,,,19.62211667,93.39143333,18.54935,0,0,3.35,1,,1.62211667,1.944444444,6.60856667,0.818329767
OTTAWA INTL A,2024-08-27 2:00,2024,8,27,2:00,18,18,100,20,7,1.877767383,,,18.9862,95.61551667,18.29361667,0,0,3,1,,0.9862,1.944444444,4.38448333,0.877767383
OTTAWA INTL A,2024-08-27 3:00,2024,8,27,3:00,17.1,17.1,100,19,8,1.619884433,,,18.56406667,96.51923333,18.02296667,0,0,3,1,,1.46406667,2.222222222,3.48076667,0.619884433
OTTAWA INTL A,2024-08-27 4:00,2024,8,27,4:00,17.8,17.8,100,19,10,1.663912833,,,18.29726667,97.01576667,17.8387,0,0,3,1,,0.49726667,2.777777778,2.98423333,0.663912833
OTTAWA INTL A,2024-08-27 5:00,2024,8,27,5:00,16.9,16.9,100,21,11,1.740701717,,,17.95591667,97.75771667,17.61885,0,0,3,1,,1.05591667,3.055555556,2.24228333,0.740701717
OTTAWA INTL A,2024-08-27 6:00,2024,8,27,6:00,17.2,17.2,100,20,9,21.03313245,,,17.67426667,98.62681667,17.47793333,0,0,3,3.883333333,,0.47426667,2.5,1.37318333,17.14979912
OTTAWA INTL A,2024-08-27 7:00,2024,8,27,7:00,18.8,18.8,100,20,8,137.1222524,,,18.14216667,97.27015,17.72188333,0,0,30.58333333,49.28333333,,0.65783333,2.222222222,2.72985,87.83891907
OTTAWA INTL A,2024-08-27 8:00,2024,8,27,8:00,21.6,19.6,88,20,10,319.9387202,,,21.29426667,85.51255,18.77435,0.008333333,0.45,127.05,109.3,,0.30573333,2.769444445,2.48745,210.6387202
OTTAWA INTL A,2024-08-27 9:00,2024,8,27,9:00,24.2,18.9,72,22,12,475.0659898,,,23.24603333,74.3196,18.4305,0.116666667,0.883333333,197.15,107.0666667,,0.95396667,3.216666666,2.3196,367.9993231
OTTAWA INTL A,2024-08-27 10:00,2024,8,27,10:00,25.9,18.4,63,21,17,545.4830577,,,24.73778333,68.3698,18.53266667,0.291666667,1.283333333,198.3833333,89.71666667,,1.16221667,4.430555555,5.3698,455.766391
OTTAWA INTL A,2024-08-27 11:00,2024,8,27,11:00,27.4,18.8,59,21,14,700.61325,,,26.59478333,59.76223333,18.14076667,0.75,2.1,183.2,107.4833333,,0.80521667,3.138888889,0.76223333,593.1299167
OTTAWA INTL A,2024-08-27 12:00,2024,8,27,12:00,28.3,18,53,22,17,712.4348677,,,27.52993333,55.39108333,17.80843333,0.85,2.208333333,198.5,113.6,,0.77006667,3.872222222,2.39108333,598.8348677
OTTAWA INTL A,2024-08-27 13:00,2024,8,27,13:00,27.5,16.8,52,20,23,726.2761453,,,28.3685,52.10175,17.61101667,0.875,2.316666667,198.6166667,104.9666667,,0.8685,5.513888889,0.10175,621.3094786
OTTAWA INTL A,2024-08-27 14:00,2024,8,27,14:00,28.8,18.3,52,19,20,708.7554,,,28.73315,50.97421667,17.60015,0.95,2.366666667,195.3833333,88.03333333,,0.06685,4.605555556,1.02578333,620.7220667
OTTAWA INTL A,2024-08-27 15:00,2024,8,27,15:00,28.1,16.6,49,19,25,454.3003932,,,28.68168333,50.92281667,17.5405,1.041666667,2.441666667,198.7,88.36666667,,0.58168333,5.902777777,1.92281667,365.9337265
OTTAWA INTL A,2024-08-27 16:00,2024,8,27,16:00,27.4,18.5,58,19,20,311.3164102,,,28.50828333,49.99055,17.08721667,1.025,2.425,199.5166667,58.16666667,,1.10828333,4.530555556,8.00945,253.1497435
OTTAWA INTL A,2024-08-27 17:00,2024,8,27,17:00,26.2,18.2,61,17,11,95.69582838,,,27.62931667,51.17358333,16.64935,0.983333333,2.358333333,201.7833333,18.78333333,,1.42931667,2.072222223,9.82641667,76.91249505
OTTAWA INTL A,2024-08-27 18:00,2024,8,27,18:00,24.7,18.6,68,18,12,92.39258332,,,26.6505,57.386,17.5409,0.925,2.241666667,196.8,19.08333333,,1.9505,2.408333333,10.614,73.30924999
OTTAWA INTL A,2024-08-27 19:00,2024,8,27,19:00,24.8,16.8,61,18,18,7.389990467,,,25.98636667,59.24761667,17.43745,0.758333333,2.05,200.35,1.583333333,,1.18636667,4.241666667,1.75238333,5.806657134
OTTAWA INTL A,2024-08-27 20:00,2024,8,27,20:00,22.4,19.4,83,21,14,5.679497183,,,22.76346667,75.63433333,17.90738333,0.316666667,1.025,165,1,,0.36346667,3.572222222,7.36566667,4.679497183
OTTAWA INTL A,2024-08-27 21:00,2024,8,27,21:00,22.1,19.8,86,21,16,1.215105917,,,20.8642,91.48585,19.43403333,0,0.083333333,118.5666667,1,,1.2358,4.444444444,5.48585,0.215105917
OTTAWA INTL A,2024-08-27 22:00,2024,8,27,22:00,21.6,20.8,95,26,13,1.8201411,,,21.04981667,92.6874,19.83888333,0.083333333,0.4,107.6833333,1,,0.55018333,3.527777778,2.3126,0.8201411
OTTAWA INTL A,2024-08-27 23:00,2024,8,27,23:00,21.5,21.5,100,25,16,1.268746467,,,21.92158333,91.25091667,20.45638333,0.141666667,1.025,138.7166667,1,,0.42158333,4.302777777,8.74908333,0.268746467
OTTAWA INTL A,2024-08-28 0:00,2024,8,28,0:00,22.1,22.1,100,27,23,1.507375333,,,22.25293333,90.9828,20.73676667,0.5,1.883333333,170.7,1,,0.15293333,5.888888889,9.0172,0.507375333
OTTAWA INTL A,2024-08-28 1:00,2024,8,28,1:00,21.2,21.2,100,29,29,1.832048367,,,22.224,88.92748333,20.3363,1.716666667,3.591666667,332.8833333,1,,1.024,6.338888889,11.07251667,0.832048367
OTTAWA INTL A,2024-08-28 2:00,2024,8,28,2:00,19.4,19.4,100,31,34,2.655478433,,,21.08263333,88.49656667,19.13185,1.633333333,3.575,331.3666667,1,,1.68263333,7.811111111,11.50343333,1.655478433
OTTAWA INTL A,2024-08-28 3:00,2024,8,28,3:00,18.1,17.6,97,32,26,2.0932295,,,18.83423333,86.76801667,16.60278333,1.408333333,3.208333333,330.3166667,1,,0.73423333,5.813888889,10.23198333,1.0932295
OTTAWA INTL A,2024-08-28 4:00,2024,8,28,4:00,16.9,14.5,85,33,33,1.971062217,,,17.55773333,84.1808,14.87593333,1.041666667,2.616666667,335.8666667,1,,0.65773333,8.125,0.8192,0.971062217
OTTAWA INTL A,2024-08-28 5:00,2024,8,28,5:00,16.6,14.2,86,33,28,1.694527917,,,16.7888,83.45158333,13.98766667,0.833333333,2.316666667,330.8166667,1,,0.1888,6.944444445,2.54841667,0.694527917
OTTAWA INTL A,2024-08-28 6:00,2024,8,28,6:00,15.9,12.7,81,33,27,6.106043883,,,16.30083333,82.86898333,13.40165,0.65,2.1,336.2666667,1,,0.40083333,6.85,1.86898333,5.106043883
OTTAWA INTL A,2024-08-28 7:00,2024,8,28,7:00,15.5,12.8,84,33,21,28.00688292,,,15.8776,81.80998333,12.79066667,0.766666667,2.175,310.7,3.983333333,,0.3776,5.066666666,2.19001667,24.02354959
OTTAWA INTL A,2024-08-28 8:00,2024,8,28,8:00,15.3,11.7,79,34,25,88.13053403,,,15.33645,78.98326667,11.71676667,1.108333333,2.741666667,177.6666667,14.38333333,,0.03645,5.836111111,0.01673333,73.7472007
OTTAWA INTL A,2024-08-28 9:00,2024,8,28,9:00,15.8,10.7,71,35,26,307.5828768,,,15.18868333,72.28936667,10.25005,1.658333333,3.516666667,128,57.98333333,,0.61131667,5.563888889,1.28936667,249.5995435
OTTAWA INTL A,2024-08-28 10:00,2024,8,28,10:00,16.4,10.8,69,36,18,647.8658473,,,16.0846,68.22941667,10.24015,1.216666667,2.966666667,98.68333333,112.9,,0.3154,3.783333333,0.77058333,534.9658473
OTTAWA INTL A,2024-08-28 11:00,2024,8,28,11:00,18.1,11.3,64,1,13,481.5969685,,,16.65975,66.285,10.35885,0.95,2.366666667,102.0166667,77.73333333,,1.44025,2.661111111,2.285,403.8636352
OTTAWA INTL A,2024-08-28 12:00,2024,8,28,12:00,18.7,10.9,60,3,13,780.765247,,,17.4569,62.79331667,10.29296667,0.983333333,2.508333333,187.0333333,83.61666667,,1.2431,2.627777778,2.79331667,697.1485803
OTTAWA INTL A,2024-08-28 13:00,2024,8,28,13:00,18.9,10.9,59,1,20,493.8712852,,,18.1415,60.10881667,10.29235,0.958333333,2.391666667,203.05,80.76666667,,0.7585,4.597222223,1.10881667,413.1046185
OTTAWA INTL A,2024-08-28 14:00,2024,8,28,14:00,19.6,11,57,36,16,441.8136618,,,17.78618333,61.37791667,10.27411667,1.183333333,2.65,246.8333333,76.91666667,,1.81381667,3.261111111,4.37791667,364.8969951
OTTAWA INTL A,2024-08-28 15:00,2024,8,28,15:00,19.6,11.4,59,1,11,631.7997788,,,18.11353333,60.5934,10.3896,1.091666667,2.666666667,141.15,98.5,,1.48646667,1.963888889,1.5934,533.2997788
OTTAWA INTL A,2024-08-28 16:00,2024,8,28,16:00,18.5,11.1,62,1,14,452.1686732,,,18.31236667,60.11743333,10.45815,1.091666667,2.525,194.2666667,78.18333333,,0.18763333,2.797222222,1.88256667,373.9853399
OTTAWA INTL A,2024-08-28 17:00,2024,8,28,17:00,18.6,10.6,60,35,22,321.576784,,,18.71655,60.18175,10.85245,0.85,2.108333333,187.8,77.78333333,,0.11655,5.261111111,0.18175,243.7934507
OTTAWA INTL A,2024-08-28 18:00,2024,8,28,18:00,17.8,10.3,61,36,17,164.7960444,,,18.47103333,61.21376667,10.88056667,0.858333333,2.233333333,140.05,34.38333333,,0.67103333,3.863888889,0.21376667,130.4127111
OTTAWA INTL A,2024-08-28 19:00,2024,8,28,19:00,16.5,10.4,67,36,17,22.24422403,,,17.47373333,65.68096667,10.99156667,0.141666667,1.091666667,68.63333333,4.766666667,,0.97373333,4.580555555,1.31903333,17.47755736
OTTAWA INTL A,2024-08-28 20:00,2024,8,28,20:00,15.8,10.7,71,1,14,2.114103633,,,16.34976667,70.39855,10.9675,0.075,0.85,39.98333333,1,,0.54976667,3.813888889,0.60145,1.114103633
OTTAWA INTL A,2024-08-28 21:00,2024,8,28,21:00,14.6,10.6,77,1,12,1.852633617,,,15.41796667,73.65815,10.75253333,0,0.325,1.016666667,1,,0.81796667,3.333333333,3.34185,0.852633617
OTTAWA INTL A,2024-08-28 22:00,2024,8,28,22:00,14.1,10.7,80,2,13,1.56456155,,,14.90026667,75.70073333,10.66361667,0.008333333,0.3,5.65,1,,0.80026667,3.602777778,4.29926667,0.56456155
OTTAWA INTL A,2024-08-28 23:00,2024,8,28,23:00,13.9,10.9,82,3,18,1.603590433,,,14.42775,78.29346667,10.71165,0.008333333,0.6,1.366666667,1,,0.52775,4.991666667,3.70653333,0.603590433
OTTAWA INTL A,2024-08-29 0:00,2024,8,29,0:00,13.2,11,87,3,19,1.532627717,,,14.23573333,78.90595,10.64183333,0.016666667,0.508333333,28.55,1,,1.03573333,5.261111111,8.09405,0.532627717
OTTAWA INTL A,2024-08-29 1:00,2024,8,29,1:00,11.4,11.2,99,4,15,1.807872367,,,13.81756667,77.77356667,10.0189,0.116666667,1.125,26.76666667,1,,2.41756667,4.05,21.22643333,0.807872367
OTTAWA INTL A,2024-08-29 2:00,2024,8,29,2:00,12,10.3,89,3,18,1.690008367,,,13.19698333,78.59895,9.573416667,0.041666667,0.833333333,15.13333333,1,,1.19698333,4.958333333,10.40105,0.690008367
OTTAWA INTL A,2024-08-29 3:00,2024,8,29,3:00,10.1,9.7,97,4,12,1.706167467,,,12.71871667,80.559,9.4729,0.016666667,0.583333333,36.06666667,1,,2.61871667,3.316666666,16.441,0.706167467
OTTAWA INTL A,2024-08-29 4:00,2024,8,29,4:00,9.8,9.4,98,4,13,1.743212917,,,11.9462,84.99875,9.515166667,0,0.175,6,1,,2.1462,3.611111111,13.00125,0.743212917
OTTAWA INTL A,2024-08-29 5:00,2024,8,29,5:00,9.6,9.3,98,3,17,1.632953083,,,11.49253333,86.35463333,9.306066667,0,0.1,5.1,1,,1.89253333,4.722222222,11.64536667,0.632953083
OTTAWA INTL A,2024-08-29 6:00,2024,8,29,6:00,10.2,9.6,96,3,12,20.90929153,,,11.25726667,86.11433333,9.033266667,0,0.316666667,5.3,3.883333333,,1.05726667,3.333333333,9.88566667,17.0259582
OTTAWA INTL A,2024-08-29 7:00,2024,8,29,7:00,12.8,9.7,81,4,16,155.3139225,,,12.7406,79.30691667,9.242616667,0.033333333,0.65,14.13333333,103.2166667,,0.0594,4.411111111,1.69308333,52.0972558
OTTAWA INTL A,2024-08-29 8:00,2024,8,29,8:00,14.3,10.2,76,5,16,347.3278313,,,14.80018333,70.95733333,9.594683333,0.15,1.016666667,61.53333333,141.7333333,,0.50018333,4.294444444,5.04266667,205.594498
OTTAWA INTL A,2024-08-29 9:00,2024,8,29,9:00,15.4,10,70,8,12,521.3771022,,,15.61381667,68.01073333,9.74455,0.216666667,1.325,67.43333333,98.96666667,,0.21381667,3.116666666,1.98926667,422.4104355
OTTAWA INTL A,2024-08-29 10:00,2024,8,29,10:00,16.8,10.9,68,5,15,675.2822053,,,16.53576667,64.39656667,9.807216667,0.316666667,1.566666667,99.66666667,104.9333333,,0.26423333,3.85,3.60343333,570.348872
OTTAWA INTL A,2024-08-29 11:00,2024,8,29,11:00,17.8,10.3,61,4,16,779.6598303,,,17.069,62.42745,9.8486,0.816666667,2.325,68.55,95.45,,0.731,3.627777777,1.42745,684.2098303
OTTAWA INTL A,2024-08-29 12:00,2024,8,29,12:00,19.4,11.1,58,5,18,838.9207685,,,17.86978333,61.04595,10.26891667,0.733333333,2.35,63.31666667,109.4,,1.53021667,4.266666667,3.04595,729.5207685
OTTAWA INTL A,2024-08-29 13:00,2024,8,29,13:00,20,11.7,58,8,13,833.476868,,,19.01476667,59.83995,11.04753333,0.658333333,2.291666667,52,81.05,,0.98523333,2.952777778,1.83995,752.426868
OTTAWA INTL A,2024-08-29 14:00,2024,8,29,14:00,20.8,12.1,57,8,12,754.7716153,,,19.98956667,56.8953,11.20121667,0.833333333,2.491666667,52.93333333,63.96666667,,0.81043333,2.5,0.1047,690.8049486
OTTAWA INTL A,2024-08-29 15:00,2024,8,29,15:00,21,12,56,6,13,654.5529288,,,20.71518333,53.7792,11.02336667,0.75,2.366666667,59.48333333,84.26666667,,0.28481667,2.861111111,2.2208,570.2862621
OTTAWA INTL A,2024-08-29 16:00,2024,8,29,16:00,21.1,11.5,54,6,22,509.143324,,,21.38791667,49.81998333,10.49591667,0.183333333,1.275,83.63333333,75.21666667,,0.28791667,5.927777778,4.18001667,433.9266573
OTTAWA INTL A,2024-08-29 17:00,2024,8,29,17:00,20.7,11.2,54,4,18,329.9777187,,,21.55163333,49.10176667,10.42965,0.166666667,1.275,67.73333333,123.3,,0.85163333,4.833333333,4.89823333,206.6777187
OTTAWA INTL A,2024-08-29 18:00,2024,8,29,18:00,18.6,10.6,59,6,14,131.320116,,,20.48998333,51.62755,10.20358333,0.066666667,0.691666667,82.16666667,26.81666667,,1.88998333,3.822222222,7.37245,104.5034493
OTTAWA INTL A,2024-08-29 19:00,2024,8,29,19:00,15.8,10.4,70,8,10,18.8968673,,,18.91746667,58.67476667,10.63746667,0.008333333,0.1,78.18333333,3.866666667,,3.11746667,2.769444445,11.32523333,15.03020063
OTTAWA INTL A,2024-08-29 20:00,2024,8,29,20:00,15.8,10.4,70,7,10,1.94798885,,,17.7804,62.50265,10.53938333,0,0.05,85.33333333,1,,1.9804,2.777777778,7.49735,0.94798885
OTTAWA INTL A,2024-08-29 21:00,2024,8,29,21:00,14.8,10.2,74,7,13,1.8613031,,,16.88848333,67.7517,10.88816667,0,0,87,1,,2.08848333,3.611111111,6.2483,0.8613031
OTTAWA INTL A,2024-08-29 22:00,2024,8,29,22:00,13.8,10.5,80,7,13,1.932255517,,,15.59048333,80.11851667,12.18448333,0,0,87,1,,1.79048333,3.611111111,0.11851667,0.932255517
OTTAWA INTL A,2024-08-29 23:00,2024,8,29,23:00,13.8,11,83,6,13,1.569681267,,,14.87888333,82.963,12.02713333,0,0.041666667,92.16666667,1,,1.07888333,3.611111111,0.037,0.569681267
OTTAWA INTL A,2024-08-30 0:00,2024,8,30,0:00,13.3,11.7,90,6,17,1.541465133,,,14.80766667,81.89388333,11.76093333,0,0.258333333,66.65,1,,1.50766667,4.722222222,8.10611667,0.541465133
OTTAWA INTL A,2024-08-30 1:00,2024,8,30,1:00,12.5,12.2,98,7,15,1.742492217,,,14.30333333,83.39183333,11.54178333,0,0.091666667,68.45,1,,1.80333333,4.166666667,14.60816667,0.742492217
OTTAWA INTL A,2024-08-30 2:00,2024,8,30,2:00,11,11,100,5,8,1.516526783,,,13.96006667,83.87081667,11.2924,0,0.141666667,54.81666667,1,,2.96006667,2.222222222,16.12918333,0.516526783
OTTAWA INTL A,2024-08-30 3:00,2024,8,30,3:00,10.6,10.6,100,5,12,1.635088217,,,13.7653,83.94845,11.11531667,0,0.1,52.75,1,,3.1653,3.333333333,16.05155,0.635088217
OTTAWA INTL A,2024-08-30 4:00,2024,8,30,4:00,11.4,11.4,100,6,14,1.67441405,,,13.26958333,84.94625,10.80621667,0,0.375,88.08333333,1,,1.86958333,3.888888889,15.05375,0.67441405
OTTAWA INTL A,2024-08-30 5:00,2024,8,30,5:00,10.6,10.6,100,5,11,1.540341483,,,13.10645,85.36275,10.72038333,0,0.075,91,1,,2.50645,3.055555556,14.63725,0.540341483
OTTAWA INTL A,2024-08-30 6:00,2024,8,30,6:00,11.4,11.4,100,6,13,17.26109487,,,13.02661667,86.53335,10.84645,0,0.325,76.76666667,3.466666667,,1.62661667,3.611111111,13.46665,13.7944282
OTTAWA INTL A,2024-08-30 7:00,2024,8,30,7:00,13.4,13.4,100,8,13,114.7743251,,,14.17321667,83.57845,11.44271667,0.016666667,0.641666667,83.95,63.66666667,,0.77321667,3.594444444,16.42155,51.10765843
OTTAWA INTL A,2024-08-30 8:00,2024,8,30,8:00,15.4,14.6,95,8,13,193.780409,,,15.3189,82.49023333,12.36941667,0,0.558333333,90.01666667,42.1,,0.0811,3.611111111,12.50976667,151.680409
OTTAWA INTL A,2024-08-30 9:00,2024,8,30,9:00,18.3,16.1,87,9,11,386.9809988,,,17.33033333,77.70016667,13.41306667,0.133333333,1.225,89.73333333,85.51666667,,0.96966667,2.922222223,9.29983333,301.4643321
OTTAWA INTL A,2024-08-30 10:00,2024,8,30,10:00,19.4,16.1,81,11,11,268.879786,,,18.36516667,77.09506667,14.29985,0.083333333,1.108333333,125.4333333,48.41666667,,1.03483333,2.972222223,3.90493333,220.4631193
OTTAWA INTL A,2024-08-30 11:00,2024,8,30,11:00,19.6,16.6,82,12,10,252.555824,,,19.64456667,76.19151667,15.35635,0.033333333,0.875,143.4666667,48.65,,0.04456667,2.744444445,5.80848333,203.905824
OTTAWA INTL A,2024-08-30 12:00,2024,8,30,12:00,21.3,18.4,83,12,14,234.2496235,,,20.16938333,76.98516667,16.02698333,0.033333333,0.7,142.3666667,42.88333333,,1.13061667,3.855555556,6.01483333,191.3662902
OTTAWA INTL A,2024-08-30 13:00,2024,8,30,13:00,21.8,18.8,83,13,10,153.6080862,,,20.58041667,78.02998333,16.6377,0.05,0.808333333,139.5666667,31.3,,1.21958333,2.727777778,4.97001667,122.3080862
OTTAWA INTL A,2024-08-30 14:00,2024,8,30,14:00,22.1,19.4,85,11,14,204.0894987,,,21.33643333,77.79071667,17.32298333,0,0.55,123.2166667,37.3,,0.76356667,3.888888889,7.20928333,166.7894987
OTTAWA INTL A,2024-08-30 15:00,2024,8,30,15:00,22.1,19.5,85,11,15,184.176779,,,22.12935,77.3225,17.99651667,0.016666667,0.791666667,152.4,30.55,,0.02935,4.15,7.6775,153.626779
OTTAWA INTL A,2024-08-30 16:00,2024,8,30,16:00,22.8,19.9,84,14,11,203.7549905,,,22.672,77.05843333,18.46785,0.158333333,1.091666667,152.7833333,38.43333333,,0.128,2.897222223,6.94156667,165.3216572
OTTAWA INTL A,2024-08-30 17:00,2024,8,30,17:00,22.4,20,86,16,10,126.4484127,,,22.82503333,78.52665,18.91823333,0.1,0.991666667,170.9166667,22.95,,0.42503333,2.677777778,7.47335,103.4984127
OTTAWA INTL A,2024-08-30 18:00,2024,8,30,18:00,21.8,19.4,86,16,11,49.45428273,,,22.93683333,79.26853333,19.17823333,0.108333333,0.941666667,190.4666667,9.85,,1.13683333,2.947222223,6.73146667,39.60428273
OTTAWA INTL A,2024-08-30 19:00,2024,8,30,19:00,21.3,18.7,85,16,16,5.5717805,,,22.50711667,77.67608333,18.43603333,0.6,1.825,195.1833333,1.016666667,,1.20711667,3.844444444,7.32391667,4.555113833
OTTAWA INTL A,2024-08-30 20:00,2024,8,30,20:00,20.9,18.4,85,17,12,1.884010767,,,22.05641667,78.10165,18.0858,0.3,1.4,193.7666667,1,,1.15641667,3.033333333,6.89835,0.884010767
OTTAWA INTL A,2024-08-30 21:00,2024,8,30,21:00,20.4,18.2,87,16,15,1.924786533,,,21.66883333,78.17306667,17.72381667,0.441666667,1.558333333,192.7,1,,1.26883333,3.725,8.82693333,0.924786533
OTTAWA INTL A,2024-08-30 22:00,2024,8,30,22:00,19.9,17.9,88,17,14,1.710420967,,,21.17493333,79.03696667,17.41835,0.45,1.7,192.35,1,,1.27493333,3.438888889,8.96303333,0.710420967
OTTAWA INTL A,2024-08-30 23:00,2024,8,30,23:00,18.9,17.6,93,16,13,1.936131317,,,20.87385,79.53285,17.2247,0.383333333,1.591666667,193.0333333,1,,1.97385,3.227777778,13.46715,0.936131317
OTTAWA INTL A,2024-08-31 0:00,2024,8,31,0:00,18.5,17.8,95,16,15,1.9912215,,,20.02318333,81.34995,16.75165,0.666666667,1.883333333,194.2,1,,1.52318333,3.5,13.65005,0.9912215
OTTAWA INTL A,2024-08-31 1:00,2024,8,31,1:00,18.5,17.9,96,21,6,2.419275417,,,19.43945,83.7108,16.63211667,0.1,0.775,193.9666667,1,,0.93945,1.566666667,12.2892,1.419275417
OTTAWA INTL A,2024-08-31 2:00,2024,8,31,2:00,17.8,17.8,100,18,12,1.7258367,,,18.3967,91.53486667,17.0147,0.05,0.816666667,202.1333333,1,,0.5967,3.283333333,8.46513333,0.7258367
OTTAWA INTL A,2024-08-31 3:00,2024,8,31,3:00,17.7,17.7,100,18,12,1.86120325,,,18.19935,93.07768333,17.08286667,0.408333333,1.608333333,194.9833333,1,,0.49935,2.925,6.92231667,0.86120325
OTTAWA INTL A,2024-08-31 4:00,2024,8,31,4:00,17.6,17.6,100,18,14,1.536114767,,,17.93601667,95.87586667,17.2907,0.425,1.5,197.6333333,1,,0.33601667,3.463888889,4.12413333,0.536114767
OTTAWA INTL A,2024-08-31 5:00,2024,8,31,5:00,18,18,100,20,20,1.535091,,,18.0092,96.08578333,17.39836667,0.216666667,1.2,193.2,1,,0.0092,5.338888889,3.91421667,0.535091
OTTAWA INTL A,2024-08-31 6:00,2024,8,31,6:00,18.2,18.2,100,19,13,4.59171775,,,18.47175,96.00585,17.8461,0.566666667,1.791666667,203.3666667,1,,0.27175,3.044444444,3.99415,3.59171775
OTTAWA INTL A,2024-08-31 7:00,2024,8,31,7:00,18.7,18.7,100,20,20,16.50463488,,,18.96576667,95.55511667,18.2633,0.1,0.925,202.1666667,2.433333333,,0.26576667,5.455555556,4.44488333,14.07130155
OTTAWA INTL A,2024-08-31 8:00,2024,8,31,8:00,19.4,19.4,100,21,19,27.15705023,,,19.3151,94.08706667,18.3634,0.625,2.1,205.95,4.233333333,,0.0849,4.652777778,5.91293333,22.9237169
OTTAWA INTL A,2024-08-31 9:00,2024,8,31,9:00,20,20,100,21,18,69.5267754,,,19.89808333,92.5343,18.67631667,0.741666667,2.175,202.9666667,14.6,,0.10191667,4.258333333,7.4657,54.9267754
OTTAWA INTL A,2024-08-31 10:00,2024,8,31,10:00,20.8,20.8,100,22,16,44.95068925,,,20.3456,92.26291667,19.0731,0.125,1.108333333,202.2,6.766666667,,0.4544,4.319444444,7.73708333,38.18402258
OTTAWA INTL A,2024-08-31 11:00,2024,8,31,11:00,20.9,20.9,100,22,16,75.88269705,,,21.06156667,90.5097,19.47335,0.25,1.275,206.6166667,15.25,,0.16156667,4.194444444,9.4903,60.63269705
OTTAWA INTL A,2024-08-31 12:00,2024,8,31,12:00,21.1,21.1,100,21,18,186.07129,,,21.85725,88.43193333,19.88386667,0.633333333,1.908333333,203.4,41.18333333,,0.75725,4.366666667,11.56806667,144.8879567
OTTAWA INTL A,2024-08-31 13:00,2024,8,31,13:00,22.4,21.9,97,21,17,312.7978615,,,22.49468333,86.752,20.19973333,0.533333333,1.65,201.5666667,52.2,,0.09468333,4.188888889,10.248,260.5978615
OTTAWA INTL A,2024-08-31 14:00,2024,8,31,14:00,22.6,22.2,98,20,22,294.5054167,,,23.3923,84.047,20.5689,0.491666667,1.666666667,202.9,54.03333333,,0.7923,5.619444444,13.953,240.4720834
OTTAWA INTL A,2024-08-31 15:00,2024,8,31,15:00,23.9,23,95,21,16,212.7352348,,,23.51913333,84.51895,20.7837,0.525,1.558333333,198.8666667,41.7,,0.38086667,3.919444444,10.48105,171.0352348
OTTAWA INTL A,2024-08-31 16:00,2024,8,31,16:00,22.9,22.6,98,23,13,266.8176647,,,22.9,86.30886667,20.50936667,0.175,0.983333333,203.7666667,38.23333333,,0,3.436111111,11.69113333,228.5843314
OTTAWA INTL A,2024-08-31 17:00,2024,8,31,17:00,22.6,22.6,100,20,6,285.2212028,,,23.8663,81.06275,20.44073333,0.05,0.841666667,202.4,60.51666667,,1.2663,1.616666667,18.93725,224.7045361
OTTAWA INTL A,2024-08-31 18:00,2024,8,31,18:00,22.6,21.1,91,27,9,133.3486809,,,24.11358333,73.26733333,18.95908333,0.2,0.916666667,262.1,27.68333333,,1.51358333,2.3,17.73266667,105.6653476
OTTAWA INTL A,2024-08-31 19:00,2024,8,31,19:00,21.5,20,91,23,6,18.10653498,,,22.81563333,65.84626667,16.07985,0,0.208333333,324.15,3.566666667,,1.31563333,1.666666667,25.15373333,14.53986831
OTTAWA INTL A,2024-08-31 20:00,2024,8,31,20:00,19.8,19.8,100,18,10,2.299519517,,,21.0027,70.28063333,15.40348333,0,0,329,1,,1.2027,2.777777778,29.71936667,1.299519517
OTTAWA INTL A,2024-08-31 21:00,2024,8,31,21:00,19.1,19.1,100,20,8,1.88440575,,,19.90806667,74.54158333,15.26236667,0,0.016666667,329,1,,0.80806667,2.222222222,25.45841667,0.88440575
OTTAWA INTL A,2024-08-31 22:00,2024,8,31,22:00,18.2,18.2,100,20,8,1.69109465,,,19.50275,84.29028333,16.79738333,0,0,263.6666667,1,,1.30275,2.222222222,15.70971667,0.69109465
OTTAWA INTL A,2024-08-31 23:00,2024,8,31,23:00,17.8,17.8,100,20,10,2.12357885,,,18.5493,89.60626667,16.82403333,0,0,236,1,,0.7493,2.777777778,10.39373333,1.12357885
OTTAWA INTL A,2024-09-01 0:00,2024,9,1,0:00,17.4,17.4,100,20,7,1.553948183,,,17.63133333,90.60408333,16.08815,0,0,234.9666667,1,,0.23133333,1.944444444,9.39591667,0.553948183
OTTAWA INTL A,2024-09-01 1:00,2024,9,1,1:00,16.5,16.5,100,24,7,1.76398295,,,18.08496667,84.75281667,15.4981,0,0.225,212.2666667,1,,1.58496667,1.944444444,15.24718333,0.76398295
OTTAWA INTL A,2024-09-01 2:00,2024,9,1,2:00,15.8,15.8,100,20,9,1.648561667,,,17.5884,85.77903333,15.19748333,0,0.083333333,212.0833333,1,,1.7884,2.5,14.22096667,0.648561667
OTTAWA INTL A,2024-09-01 3:00,2024,9,1,3:00,15.3,15.3,100,19,10,1.769613767,,,17.17336667,87.08053333,15.0246,0,0.008333333,214.2666667,1,,1.87336667,2.777777778,12.91946667,0.769613767
OTTAWA INTL A,2024-09-01 4:00,2024,9,1,4:00,14.4,14.4,100,18,8,2.080015767,,,16.50563333,88.65523333,14.64426667,0.008333333,0.175,211.6666667,1,,2.10563333,2.213888889,11.34476667,1.080015767
OTTAWA INTL A,2024-09-01 5:00,2024,9,1,5:00,14,14,100,17,8,1.60378985,,,16.01845,89.79941667,14.35981667,0,0.191666667,204.4,1,,2.01845,2.222222222,10.20058333,0.60378985
OTTAWA INTL A,2024-09-01 6:00,2024,9,1,6:00,14.1,14.1,100,18,7,14.69282743,,,15.59781667,90.83525,14.12378333,0.191666667,1.008333333,199.8666667,2.6,,1.49781667,1.752777777,9.16475,12.09282743
OTTAWA INTL A,2024-09-01 7:00,2024,9,1,7:00,16.2,16.2,100,20,19,126.528634,,,16.40993333,87.61688333,14.3599,0.133333333,0.825,205.2,79.7,,0.20993333,5.144444445,12.38311667,46.828634
OTTAWA INTL A,2024-09-01 8:00,2024,9,1,8:00,18.5,18.5,100,19,16,181.744571,,,17.4265,92.3384,16.18605,0.575,1.891666667,206.0666667,42.4,,1.0735,3.869444444,7.6616,139.344571
OTTAWA INTL A,2024-09-01 9:00,2024,9,1,9:00,21.3,19.3,88,19,24,483.2125362,,,20.12571667,84.15055,17.37696667,0.758333333,2.15,204,100.9666667,,1.17428333,5.908333334,3.84945,382.2458695
OTTAWA INTL A,2024-09-01 10:00,2024,9,1,10:00,22.6,19.1,80,21,21,541.3669972,,,22.35523333,77.99036667,18.34805,0.716666667,2.075,198.5333333,98.18333333,,0.24476667,5.116666666,2.00963333,443.1836639
OTTAWA INTL A,2024-09-01 11:00,2024,9,1,11:00,23.1,18.4,74,23,30,269.4031905,,,23.41485,72.67568333,18.24673333,0.616666667,1.9,181.1166667,49.5,,0.31485,7.716666666,1.32431667,219.9031905
OTTAWA INTL A,2024-09-01 12:00,2024,9,1,12:00,22.6,17.4,72,25,29,116.1744975,,,22.79031667,71.6674,17.42616667,0.241666667,1.55,130.3333333,24.65,,0.19031667,7.813888889,0.3326,91.5244975
OTTAWA INTL A,2024-09-01 13:00,2024,9,1,13:00,24,17.6,67,26,24,475.5865352,,,23.63356667,68.43131667,17.47135,0.675,2.15,168.1333333,67.65,,0.36643333,5.991666667,1.43131667,407.9365352
OTTAWA INTL A,2024-09-01 14:00,2024,9,1,14:00,22.9,15.7,63,29,30,646.1570018,,,22.75913333,62.94496667,15.35051667,1.783333333,3.808333333,326.5,65.65,,0.14086667,6.55,0.05503333,580.5070018
OTTAWA INTL A,2024-09-01 15:00,2024,9,1,15:00,23.5,12.6,50,29,32,562.8889328,,,23.08198333,55.55131667,13.7192,2.083333333,4.266666667,326.6,142.5,,0.41801667,6.805555556,5.55131667,420.3889328
OTTAWA INTL A,2024-09-01 16:00,2024,9,1,16:00,23.1,11.6,48,30,29,454.5450317,,,23.19456667,51.55931667,12.68143333,2.025,4.066666667,327.35,85.98333333,,0.09456667,6.030555556,3.55931667,368.5616984
OTTAWA INTL A,2024-09-01 17:00,2024,9,1,17:00,21.6,11.9,53,32,30,224.3710149,,,21.7147,55.09288333,12.31008333,1.533333333,3.525,335.1833333,74.28333333,,0.1147,6.8,2.09288333,150.0876816
OTTAWA INTL A,2024-09-01 18:00,2024,9,1,18:00,19.6,10.4,55,31,19,127.5971743,,,20.5251,57.11155,11.75768333,1,2.491666667,265.3166667,28.21666667,,0.9251,4.277777778,2.11155,99.38050763
OTTAWA INTL A,2024-09-01 19:00,2024,9,1,19:00,18.1,10.2,60,32,19,16.30583173,,,19.0684,58.60753333,10.78678333,0.241666667,1.116666667,284.9666667,3.166666667,,0.9684,5.036111111,1.39246667,13.13916506
OTTAWA INTL A,2024-09-01 20:00,2024,9,1,20:00,16.6,10.5,67,33,9,2.099107417,,,17.94805,61.4891,10.45418333,0.025,0.45,293.75,1,,1.34805,2.475,5.5109,1.099107417
OTTAWA INTL A,2024-09-01 21:00,2024,9,1,21:00,15.6,10.2,70,34,8,1.898038933,,,17.10903333,65.67096667,10.6443,0,0.066666667,333.4333333,1,,1.50903333,2.222222222,4.32903333,0.898038933
OTTAWA INTL A,2024-09-01 22:00,2024,9,1,22:00,14.1,10.8,80,31,9,1.93844085,,,15.75531667,73.76161667,11.0855,0,0.008333333,331,1,,1.65531667,2.5,6.23838333,0.93844085
OTTAWA INTL A,2024-09-01 23:00,2024,9,1,23:00,12.8,11.7,93,26,9,1.748870617,,,14.99003333,76.65931667,10.92666667,0,0.191666667,320.3666667,1,,2.19003333,2.5,16.34068333,0.748870617
OTTAWA INTL A,2024-09-02 0:00,2024,9,2,0:00,11.2,11.2,100,26,7,1.6534345,,,14.41763333,80.3022,11.08043333,0.066666667,1.041666667,291.9833333,1,,3.21763333,1.877777777,19.6978,0.6534345
OTTAWA INTL A,2024-09-02 1:00,2024,9,2,1:00,10.2,10.2,100,26,8,1.608537967,,,13.73888333,84.24985,11.14095,0.025,0.541666667,303.8,1,,3.53888333,2.197222222,15.75015,0.608537967
OTTAWA INTL A,2024-09-02 2:00,2024,9,2,2:00,9.3,9.3,100,27,10,1.664024983,,,13.30026667,85.09008333,10.86048333,0.033333333,0.616666667,256.4333333,1,,4.00026667,2.744444445,14.90991667,0.664024983
OTTAWA INTL A,2024-09-02 3:00,2024,9,2,3:00,9.9,9.9,100,28,10,1.69129195,,,12.64936667,86.45235,10.46111667,0,0.541666667,281.0333333,1,,2.74936667,2.777777778,13.54765,0.69129195
OTTAWA INTL A,2024-09-02 4:00,2024,9,2,4:00,11.2,11.2,100,29,11,1.727564833,,,12.26195,85.30228333,9.87955,0.108333333,0.933333333,297.95,1,,1.06195,2.947222223,14.69771667,0.727564833
OTTAWA INTL A,2024-09-02 5:00,2024,9,2,5:00,10.7,10.7,100,30,16,1.618802417,,,11.72316667,84.2867,9.172566667,0.658333333,2.108333333,338.5166667,1,,1.02316667,3.786111111,15.7133,0.618802417
OTTAWA INTL A,2024-09-02 6:00,2024,9,2,6:00,10.2,10.2,100,28,12,14.51959125,,,11.20553333,84.52526667,8.706383333,0.833333333,2.2,336.3833333,2.166666667,,1.00553333,2.5,15.47473333,12.35292458
OTTAWA INTL A,2024-09-02 7:00,2024,9,2,7:00,11.6,9.2,85,31,23,137.2661626,,,11.67926667,81.77601667,8.6768,0.933333333,2.483333333,332.5166667,92.36666667,,0.07926667,5.455555556,3.22398333,44.89949593
OTTAWA INTL A,2024-09-02 8:00,2024,9,2,8:00,12.7,7.5,70,30,26,331.3200042,,,12.4474,76.1372,8.367533333,1.241666667,2.891666667,338.3833333,175.45,,0.2526,5.980555555,6.1372,155.8700042
OTTAWA INTL A,2024-09-02 9:00,2024,9,2,9:00,13.3,6.6,64,30,29,404.8809566,,,12.79985,68.6384,7.186766667,1.558333333,3.333333333,333.2833333,84.86666667,,0.50015,6.497222223,4.6384,320.0142899
OTTAWA INTL A,2024-09-02 10:00,2024,9,2,10:00,13.5,5.9,60,31,26,569.222914,,,13.40963333,61.92763333,6.265566667,1.866666667,3.843333333,293.4666667,104.1666667,,0.09036667,5.355555555,1.92763333,465.0562473
OTTAWA INTL A,2024-09-02 11:00,2024,9,2,11:00,14.5,6.7,59,31,21,504.2711373,,,13.62736667,60.25761667,6.0818,1.483333333,3.258333333,331.9333333,90.25,,0.87263333,4.35,1.25761667,414.0211373
OTTAWA INTL A,2024-09-02 12:00,2024,9,2,12:00,14.8,6.1,56,31,26,657.1480602,,,14.20183333,58.65893333,6.229233333,1.625,3.425,322.6333333,124.5166667,,0.59816667,5.597222222,2.65893333,532.6313935
OTTAWA INTL A,2024-09-02 13:00,2024,9,2,13:00,16.8,6.2,49,27,18,735.5785845,,,15.59768333,54.90678333,6.575916667,1.008333333,2.708333333,301.4833333,80.11666667,,1.20231667,3.991666667,5.90678333,655.4619178
OTTAWA INTL A,2024-09-02 14:00,2024,9,2,14:00,17.9,5.5,44,28,20,774.9541818,,,17.02831667,49.47226667,6.374416667,1.316666667,3.058333333,315.9166667,77.56666667,,0.87168333,4.238888889,5.47226667,697.3875151
OTTAWA INTL A,2024-09-02 15:00,2024,9,2,15:00,18.4,4.8,40,28,21,660.3936203,,,17.85083333,44.29518333,5.5376,1.375,3.091666667,326.2333333,119.2833333,,0.54916667,4.458333333,4.29518333,541.110287
OTTAWA INTL A,2024-09-02 16:00,2024,9,2,16:00,18.8,4.6,39,30,21,465.5323967,,,18.23045,42.39315,5.246616667,1.483333333,3.208333333,329.7166667,69.71666667,,0.56955,4.35,3.39315,395.81573
OTTAWA INTL A,2024-09-02 17:00,2024,9,2,17:00,17.7,3.7,39,29,19,313.0188998,,,18.56181667,39.40481667,4.499783333,1.25,2.891666667,333.1833333,131.05,,0.86181667,4.027777778,0.40481667,181.9688998
OTTAWA INTL A,2024-09-02 18:00,2024,9,2,18:00,16.6,3.4,41,31,22,124.9164352,,,18.01276667,39.52871667,4.054883333,1.516666667,3.266666667,336.7333333,28.66666667,,1.41276667,4.594444444,1.47128333,96.24976853
OTTAWA INTL A,2024-09-02 19:00,2024,9,2,19:00,14.8,3.2,45,29,12,14.8382427,,,16.91895,43.74415,4.5015,0.666666667,1.958333333,334.9333333,3.066666667,,2.11895,2.666666666,1.25585,11.77157603
OTTAWA INTL A,2024-09-02 20:00,2024,9,2,20:00,12.3,4,57,27,11,1.8801312,,,15.7221,47.58795,4.62915,0.091666667,1.175,335.7,1,,3.4221,2.963888889,9.41205,0.8801312
OTTAWA INTL A,2024-09-02 21:00,2024,9,2,21:00,9.9,5,71,26,14,1.734092767,,,14.86956667,50.71785,4.7573,0.25,1.308333333,333.1833333,1,,4.96956667,3.638888889,20.28215,0.734092767
OTTAWA INTL A,2024-09-02 22:00,2024,9,2,22:00,9.3,5.4,77,26,12,1.79270785,,,14.0341,55.32083333,5.22695,0.141666667,1.175,325.1166667,1,,4.7341,3.191666666,21.67916667,0.79270785
OTTAWA INTL A,2024-09-02 23:00,2024,9,2,23:00,8.2,5.3,82,26,10,1.618241667,,,13.47406667,58.60153333,5.53075,0.2,1.158333333,334.55,1,,5.27406667,2.577777778,23.39846667,0.618241667
OTTAWA INTL A,2024-09-03 0:00,2024,9,3,0:00,8.4,5.8,84,26,16,1.6385735,,,12.17893333,66.14261667,6.053366667,0,0.033333333,340.55,1,,3.77893333,4.444444444,17.85738333,0.6385735
OTTAWA INTL A,2024-09-03 1:00,2024,9,3,1:00,8.7,5.5,81,26,14,1.604263483,,,11.64315,70.30118333,6.426266667,0,0.058333333,291.0333333,1,,2.94315,3.888888889,10.69881667,0.604263483
OTTAWA INTL A,2024-09-03 2:00,2024,9,3,2:00,8.1,5.6,84,29,11,1.751348533,,,11.12018333,76.30145,7.116766667,0,0.016666667,74.71666667,1,,3.02018333,3.055555556,7.69855,0.751348533
OTTAWA INTL A,2024-09-03 3:00,2024,9,3,3:00,7.3,5.6,89,24,7,1.585906783,,,10.44768333,79.52046667,7.067916667,0,0.008333333,309.2,1,,3.14768333,1.944444444,9.47953333,0.585906783
OTTAWA INTL A,2024-09-03 4:00,2024,9,3,4:00,6,5.7,98,22,8,1.26707245,,,10.69078333,78.3113,7.080766667,0,0.041666667,142.1,1,,4.69078333,2.222222222,19.6887,0.26707245
OTTAWA INTL A,2024-09-03 5:00,2024,9,3,5:00,6.6,5.6,93,23,9,1.681702433,,,10.77835,77.8081,7.071866667,0,0.033333333,140.3333333,1,,4.17835,2.5,15.1919,0.681702433
OTTAWA INTL A,2024-09-03 6:00,2024,9,3,6:00,7,6.6,97,20,7,12.31329233,,,10.43986667,79.58268333,7.071716667,0,0.066666667,211.0333333,2.05,,3.43986667,1.944444444,17.41731667,10.26329233
OTTAWA INTL A,2024-09-03 7:00,2024,9,3,7:00,9.5,8,90,23,8,148.9548997,,,12.23611667,74.40396667,7.807566667,0,0.108333333,132.3333333,102.55,,2.73611667,2.222222222,15.59603333,46.4048997
OTTAWA INTL A,2024-09-03 8:00,2024,9,3,8:00,13.6,8.3,70,28,16,328.1872344,,,14.3073,69.39895,8.79215,0.108333333,0.775,120.7333333,150.5333333,,0.7073,4.336111111,0.60105,177.6539011
OTTAWA INTL A,2024-09-03 9:00,2024,9,3,9:00,15.8,9.2,64,28,18,491.8168923,,,15.27753333,66.65611667,9.122633333,0.3,1.233333333,229.7666667,94.7,,0.52246667,4.7,2.65611667,397.1168923
OTTAWA INTL A,2024-09-03 10:00,2024,9,3,10:00,17.2,10.2,63,28,13,626.8481813,,,17.01083333,61.60935,9.59405,0.358333333,1.341666667,262.25,95.58333333,,0.18916667,3.252777778,1.39065,531.264848
OTTAWA INTL A,2024-09-03 11:00,2024,9,3,11:00,19.4,12.1,62,26,12,726.3905632,,,18.65583333,59.2775,10.56701667,0.283333333,1.233333333,196.8666667,111.6666667,,0.74416667,3.05,2.7225,614.7238965
OTTAWA INTL A,2024-09-03 12:00,2024,9,3,12:00,21.1,10,48,29,20,776.817228,,,19.90698333,56.0492,10.88971667,0.625,1.875,253.3166667,91.98333333,,1.19301667,4.930555556,8.0492,684.8338947
OTTAWA INTL A,2024-09-03 13:00,2024,9,3,13:00,22,10,46,30,20,782.9833138,,,21.17555,52.39223333,11.05923333,0.55,1.958333333,195.6333333,72.43333333,,0.82445,5.005555556,6.39223333,710.5499805
OTTAWA INTL A,2024-09-03 14:00,2024,9,3,14:00,22.6,9.8,44,27,15,710.7910115,,,22.0867,47.91206667,10.52963333,0.775,2.266666667,191.8166667,65.06666667,,0.5133,3.391666667,3.91206667,645.7243448
OTTAWA INTL A,2024-09-03 15:00,2024,9,3,15:00,22.6,9.1,42,27,18,610.735788,,,22.62696667,45.10103333,10.13611667,1.141666667,2.775,296.9166667,95.16666667,,0.02696667,3.858333333,3.10103333,515.5691213
OTTAWA INTL A,2024-09-03 16:00,2024,9,3,16:00,21.9,8.9,43,27,16,405.9954547,,,22.8939,43.96116667,9.998783333,1.091666667,2.6,316.4666667,66.86666667,,0.9939,3.352777777,0.96116667,339.128788
OTTAWA INTL A,2024-09-03 17:00,2024,9,3,17:00,22.5,9,42,27,17,291.2343873,,,23.0562,41.4409,9.2634,1.158333333,2.716666667,311.2,130.8,,0.5562,3.563888889,0.5591,160.4343873
OTTAWA INTL A,2024-09-03 18:00,2024,9,3,18:00,19.8,9.3,50,25,10,113.5766021,,,22.40063333,42.08943333,8.906416667,0.608333333,1.733333333,298.9666667,26.56666667,,2.60063333,2.169444445,7.91056667,87.00993543
OTTAWA INTL A,2024-09-03 19:00,2024,9,3,19:00,18.5,8.9,53,21,6,12.58017647,,,20.71555,47.66341667,9.204466667,0.025,0.258333333,331.8666667,2.5,,2.21555,1.641666667,5.33658333,10.08017647
OTTAWA INTL A,2024-09-03 20:00,2024,9,3,20:00,17.2,9.8,61,20,8,1.36883095,,,20.24443333,49.74791667,9.42675,0,0.033333333,264.7166667,1,,3.04443333,2.222222222,11.25208333,0.36883095
OTTAWA INTL A,2024-09-03 21:00,2024,9,3,21:00,16.4,10.1,66,20,10,2.149828083,,,20.15181667,50.98003333,9.702083333,0,0.283333333,215.1833333,1,,3.75181667,2.777777778,15.01996667,1.149828083
OTTAWA INTL A,2024-09-03 22:00,2024,9,3,22:00,14.5,10.4,76,21,11,2.193364083,,,18.7488,58.4803,10.43551667,0,0.225,160.5833333,1,,4.2488,3.055555556,17.5197,1.193364083
OTTAWA INTL A,2024-09-03 23:00,2024,9,3,23:00,13.1,10.9,86,26,11,1.699049483,,,18.13391667,63.39935,11.09031667,0,0.441666667,150.8166667,1,,5.03391667,3.055555556,22.60065,0.699049483
OTTAWA INTL A,2024-09-04 0:00,2024,9,4,0:00,12.7,11.5,92,20,10,1.952385883,,,17.51805,67.96216667,11.549,0,0.125,108.3333333,1,,4.81805,2.777777778,24.03783333,0.952385883
OTTAWA INTL A,2024-09-04 1:00,2024,9,4,1:00,12.2,12.2,100,21,9,1.6516502,,,16.65251667,72.36418333,11.67538333,0,0.341666667,187.3,1,,4.45251667,2.5,27.63581667,0.6516502
OTTAWA INTL A,2024-09-04 2:00,2024,9,4,2:00,11.7,11.7,100,20,8,2.073257183,,,15.71958333,76.4688,11.60506667,0,0.183333333,210.8333333,1,,4.01958333,2.222222222,23.5312,1.073257183
OTTAWA INTL A,2024-09-04 3:00,2024,9,4,3:00,11.1,11.1,100,21,11,1.82224705,,,14.80593333,80.09276667,11.4212,0,0.175,211.65,1,,3.70593333,3.055555556,19.90723333,0.82224705
OTTAWA INTL A,2024-09-04 4:00,2024,9,4,4:00,10.9,10.9,100,21,10,1.660317617,,,14.27398333,81.98558333,11.25615,0.008333333,0.516666667,211.3166667,1,,3.37398333,2.769444445,18.01441667,0.660317617
OTTAWA INTL A,2024-09-04 5:00,2024,9,4,5:00,11,11,100,21,10,1.594441167,,,13.66918333,84.4,11.10108333,0,0.058333333,211.7333333,1,,2.66918333,2.777777778,15.6,0.594441167
OTTAWA INTL A,2024-09-04 6:00,2024,9,4,6:00,11,11,100,20,5,11.26118913,,,13.3882,86.26571667,11.15536667,0,0.058333333,212,2.083333333,,2.3882,1.388888889,13.73428333,9.177855797
OTTAWA INTL A,2024-09-04 7:00,2024,9,4,7:00,13.5,13.4,100,22,6,123.710879,,,14.86885,81.49656667,11.7278,0,0.533333333,196.4,98.38333333,,1.36885,1.666666667,18.50343333,25.32754567
OTTAWA INTL A,2024-09-04 8:00,2024,9,4,8:00,16.3,13,81,22,9,301.6544243,,,17.24065,71.7274,12.09958333,0.1,0.725,204,143.9833333,,0.94065,2.4,9.2726,157.671091
OTTAWA INTL A,2024-09-04 9:00,2024,9,4,9:00,18.9,13.9,73,18,10,466.6892382,,,19.18058333,64.55743333,12.33856667,0.058333333,0.725,215.2833333,91.36666667,,0.28058333,2.719444445,8.44256667,375.3225715
OTTAWA INTL A,2024-09-04 10:00,2024,9,4,10:00,20.7,12.4,59,22,17,607.2098872,,,21.40146667,53.27718333,11.50368333,0.233333333,1.191666667,232.3666667,91.7,,0.70146667,4.488888889,5.72281667,515.5098872
OTTAWA INTL A,2024-09-04 11:00,2024,9,4,11:00,22.4,12.5,53,22,13,708.2606437,,,22.0506,54.87168333,12.56346667,0.491666667,1.683333333,201.8,93.66666667,,0.3494,3.119444444,1.87168333,614.593977
OTTAWA INTL A,2024-09-04 12:00,2024,9,4,12:00,23.8,11.9,47,21,18,763.2196347,,,23.11091667,51.18251667,12.47775,0.35,1.45,207.3166667,99.6,,0.68908333,4.65,4.18251667,663.6196347
OTTAWA INTL A,2024-09-04 13:00,2024,9,4,13:00,24.3,12.1,46,20,14,763.4660887,,,24.07503333,48.07053333,12.41053333,0.7,2.016666667,192.65,92.9,,0.22496667,3.188888889,2.07053333,670.5660887
OTTAWA INTL A,2024-09-04 14:00,2024,9,4,14:00,24.9,11.9,44,24,18,696.7297072,,,24.52253333,45.29911667,11.9208,0.891666667,2.233333333,195.8166667,78.83333333,,0.37746667,4.108333333,1.29911667,617.8963739
OTTAWA INTL A,2024-09-04 15:00,2024,9,4,15:00,24.5,12.4,46,20,20,585.6078975,,,24.67953333,44.81811667,11.9034,0.8,2.108333333,201.6166667,83.11666667,,0.17953333,4.755555556,1.18188333,502.4912308
OTTAWA INTL A,2024-09-04 16:00,2024,9,4,16:00,24,13.5,51,23,14,436.1966002,,,24.79565,45.10513333,12.10771667,0.291666667,1.508333333,167.95,64.4,,0.79565,3.597222222,5.89486667,371.7966002
OTTAWA INTL A,2024-09-04 17:00,2024,9,4,17:00,22.7,13.4,55,20,17,278.2399868,,,24.47781667,49.43575,13.2068,0.416666667,1.633333333,199.7166667,78.71666667,,1.77781667,4.305555555,5.56425,199.5233201
OTTAWA INTL A,2024-09-04 18:00,2024,9,4,18:00,20.8,13.4,62,19,11,127.2810992,,,23.40661667,54.05418333,13.60288333,0.875,2.175,203.3666667,35.15,,2.60661667,2.180555556,7.94581667,92.1310992
OTTAWA INTL A,2024-09-04 19:00,2024,9,4,19:00,18.8,12.7,67,20,10,13.83996847,,,22.17788333,52.46638333,12.00916667,0.85,2.116666667,200.4333333,2.9,,3.37788333,1.927777778,14.53361667,10.93996847
OTTAWA INTL A,2024-09-04 20:00,2024,9,4,20:00,17.2,11.3,68,21,9,2.252652033,,,20.91933333,50.37306667,10.23098333,0.483333333,1.6,208.3833333,1,,3.71933333,2.016666667,17.62693333,1.252652033
OTTAWA INTL A,2024-09-04 21:00,2024,9,4,21:00,16,11.1,72,20,8,2.1185421,,,19.75005,54.5403,10.34068333,0.291666667,1.325,208.05,1,,3.75005,1.930555555,17.4597,1.1185421
OTTAWA INTL A,2024-09-04 22:00,2024,9,4,22:00,15.4,10.8,74,19,4,1.801414583,,,18.71593333,58.31561667,10.38075,0.033333333,0.841666667,208.25,1,,3.31593333,1.077777778,15.68438333,0.801414583
OTTAWA INTL A,2024-09-04 23:00,2024,9,4,23:00,14.4,10.6,78,19,7,1.916260533,,,17.54055,63.59793333,10.56815,0,0.158333333,210.8833333,1,,3.14055,1.944444444,14.40206667,0.916260533
OTTAWA INTL A,2024-09-05 0:00,2024,9,5,0:00,13.5,10.1,80,18,7,1.87970315,,,16.76485,67.2539,10.67741667,0,0.075,211,1,,3.26485,1.944444444,12.7461,0.87970315
OTTAWA INTL A,2024-09-05 1:00,2024,9,5,1:00,13.1,10.3,83,18,9,1.759155983,,,15.67926667,71.29893333,10.51395,0,0.025,211.2,1,,2.57926667,2.5,11.70106667,0.759155983
OTTAWA INTL A,2024-09-05 2:00,2024,9,5,2:00,12,10.1,88,16,7,2.06066445,,,14.56171667,76.68096667,10.51931667,0,0.116666667,211.0666667,1,,2.56171667,1.944444444,11.31903333,1.06066445
OTTAWA INTL A,2024-09-05 3:00,2024,9,5,3:00,12,10.9,93,10,0,1.925709083,,,13.86035,79.872,10.45763333,0,0,211.9333333,1,,1.86035,0,13.128,0.925709083
OTTAWA INTL A,2024-09-05 4:00,2024,9,5,4:00,11.3,10.5,95,4,7,1.791771183,,,13.04971667,86.89528333,10.9257,0,0,211.0666667,1,,1.74971667,1.944444444,8.10471667,0.791771183
OTTAWA INTL A,2024-09-05 5:00,2024,9,5,5:00,11.2,11.2,100,16,9,1.714068483,,,12.69648333,86.3603,10.49158333,0,0,211,1,,1.49648333,2.5,13.6397,0.714068483
OTTAWA INTL A,2024-09-05 6:00,2024,9,5,6:00,11,11,100,11,5,11.32042982,,,12.264,87.68828333,10.29311667,0,0.008333333,211,2.333333333,,1.264,1.388888889,12.31171667,8.987096487
OTTAWA INTL A,2024-09-05 7:00,2024,9,5,7:00,13.8,13.8,100,15,4,113.689081,,,13.46258333,85.03658333,11.00258333,0,0.058333333,211,77.51666667,,0.33741667,1.111111111,14.96341667,36.17241433
OTTAWA INTL A,2024-09-05 8:00,2024,9,5,8:00,16.7,14.7,88,16,9,293.5840298,,,15.97513333,79.10341667,12.37035,0.025,0.516666667,211,139.55,,0.72486667,2.475,8.89658333,154.0340298
OTTAWA INTL A,2024-09-05 9:00,2024,9,5,9:00,19.4,15.3,77,18,13,466.8679452,,,17.26991667,77.65658333,13.3464,0.133333333,0.916666667,177.8666667,91.45,,2.13008333,3.477777778,0.65658333,375.4179452
OTTAWA INTL A,2024-09-05 10:00,2024,9,5,10:00,21.4,16,71,21,12,611.9721448,,,19.7837,73.42946667,14.90428333,0.075,0.758333333,151.85,93.63333333,,1.6163,3.258333333,2.42946667,518.3388115
OTTAWA INTL A,2024-09-05 11:00,2024,9,5,11:00,23.3,14.6,57,17,15,715.0121228,,,22.20548333,65.76526667,15.49671667,0.183333333,0.975,208.1833333,91.3,,1.09451667,3.983333334,8.76526667,623.7121228
OTTAWA INTL A,2024-09-05 12:00,2024,9,5,12:00,24.5,12.9,48,19,17,773.874022,,,23.86231667,56.58156667,14.70125,0.533333333,1.591666667,198.8166667,105,,0.63768333,4.188888889,8.58156667,668.874022
OTTAWA INTL A,2024-09-05 13:00,2024,9,5,13:00,24.9,12.9,47,15,22,772.6087995,,,24.80135,49.53668333,13.53415,1.016666667,2.383333333,188.4166667,103.1666667,,0.09865,5.094444444,2.53668333,669.4421328
OTTAWA INTL A,2024-09-05 14:00,2024,9,5,14:00,25,13.4,48,16,15,698.1468083,,,25.15856667,47.40321667,13.19291667,0.991666667,2.366666667,193.7166667,83.45,,0.15856667,3.175,0.59678333,614.6968083
OTTAWA INTL A,2024-09-05 15:00,2024,9,5,15:00,25.2,12.7,45,17,21,599.047131,,,25.32863333,46.57533333,13.08053333,0.95,2.325,192.6833333,72.23333333,,0.12863333,4.883333333,1.57533333,526.8137977
OTTAWA INTL A,2024-09-05 16:00,2024,9,5,16:00,24.9,12.2,44,18,17,453.6041802,,,25.42698333,44.98631667,12.63463333,0.983333333,2.35,193.6,63.75,,0.52698333,3.738888889,0.98631667,389.8541802
OTTAWA INTL A,2024-09-05 17:00,2024,9,5,17:00,24,13.4,51,18,10,274.6972777,,,25.11915,45.41096667,12.4978,0.866666667,2.066666667,198.4666667,67.83333333,,1.11915,1.911111111,5.58903333,206.8639444
OTTAWA INTL A,2024-09-05 18:00,2024,9,5,18:00,21.4,14.4,64,16,9,100.2356167,,,24.17365,49.47133333,12.94908333,0.433333333,1.491666667,195.95,30.48333333,,2.77365,2.066666667,14.52866667,69.75228337
OTTAWA INTL A,2024-09-05 19:00,2024,9,5,19:00,20.5,13.8,65,18,8,10.44019668,,,22.61226667,57.12846667,13.71103333,0.033333333,0.591666667,193.45,2.1,,2.11226667,2.188888889,7.87153333,8.34019668
OTTAWA INTL A,2024-09-05 20:00,2024,9,5,20:00,17.4,13.7,79,14,6,2.1511134,,,21.23596667,62.37781667,13.7725,0,0.458333333,188.7166667,1,,3.83596667,1.666666667,16.62218333,1.1511134
OTTAWA INTL A,2024-09-05 21:00,2024,9,5,21:00,15.9,14.3,90,16,4,1.836397583,,,20.18753333,66.42855,13.74078333,0,0.108333333,196.5,1,,4.28753333,1.111111111,23.57145,0.836397583
OTTAWA INTL A,2024-09-05 22:00,2024,9,5,22:00,14.9,13.2,89,15,5,2.297233017,,,17.97595,76.22153333,13.73643333,0,0,198,1,,3.07595,1.388888889,12.77846667,1.297233017
OTTAWA INTL A,2024-09-05 23:00,2024,9,5,23:00,13.1,12.7,98,11,12,1.887479533,,,16.34051667,82.1752,13.31083333,0,0,198,1,,3.24051667,3.333333333,15.8248,0.887479533
OTTAWA INTL A,2024-09-06 0:00,2024,9,6,0:00,14.5,13.1,91,15,14,2.078511817,,,16.73728333,73.3599,11.96075,0.008333333,0.625,179.6333333,1,,2.23728333,3.880555556,17.6401,1.078511817
OTTAWA INTL A,2024-09-06 1:00,2024,9,6,1:00,13.6,12.6,94,14,10,1.7112748,,,15.57626667,78.99943333,11.96161667,0.066666667,0.541666667,199.2833333,1,,1.97626667,2.711111111,15.00056667,0.7112748
OTTAWA INTL A,2024-09-06 2:00,2024,9,6,2:00,13.6,13.1,97,15,13,1.805244733,,,14.27898333,85.245,11.85018333,0,0,201,1,,0.67898333,3.611111111,11.755,0.805244733
OTTAWA INTL A,2024-09-06 3:00,2024,9,6,3:00,13,12.8,99,15,12,1.710057633,,,13.73493333,88.05935,11.8079,0,0.025,201,1,,0.73493333,3.333333333,10.94065,0.710057633
OTTAWA INTL A,2024-09-06 4:00,2024,9,6,4:00,13.2,13.1,99,15,13,1.5587397,,,13.3357,89.7647,11.7048,0,0.016666667,201,1,,0.1357,3.611111111,9.2353,0.5587397
OTTAWA INTL A,2024-09-06 5:00,2024,9,6,5:00,13.2,13,99,16,13,1.530804033,,,13.1208,90.40848333,11.60078333,0,0.091666667,142.2333333,1,,0.0792,3.611111111,8.59151667,0.530804033
OTTAWA INTL A,2024-09-06 6:00,2024,9,6,6:00,13.8,12.8,94,16,15,9.409618217,,,12.83956667,91.08828333,11.43565,0,0.041666667,88,1.783333333,,0.96043333,4.166666667,2.91171667,7.626284884
OTTAWA INTL A,2024-09-06 7:00,2024,9,6,7:00,15.5,13.1,86,16,8,117.38514,,,14.03631667,86.5651,11.82995,0.008333333,0.225,84.11666667,86.58333333,,1.46368333,2.213888889,0.5651,30.80180667
OTTAWA INTL A,2024-09-06 8:00,2024,9,6,8:00,17.6,12.9,73,18,18,315.6367714,,,16.46316667,78.86726667,12.78606667,0.091666667,0.7,99.1,150.3333333,,1.13683333,4.908333333,5.86726667,165.3034381
OTTAWA INTL A,2024-09-06 9:00,2024,9,6,9:00,19.7,13.7,68,19,13,442.5983169,,,18.65905,71.30993333,13.36135,0.291666667,1.116666667,182.7333333,82.65,,1.04095,3.319444444,3.30993333,359.9483169
OTTAWA INTL A,2024-09-06 10:00,2024,9,6,10:00,22.2,14.2,60,18,17,599.0597303,,,20.69051667,64.14181667,13.6874,0.758333333,2.016666667,194.5833333,112.7833333,,1.50948333,3.963888889,4.14181667,486.276397
OTTAWA INTL A,2024-09-06 11:00,2024,9,6,11:00,21.8,14.7,64,16,15,392.050148,,,21.45296667,62.54353333,14.02198333,0.483333333,1.675,186.75,70.75,,0.34703333,3.683333334,1.45646667,321.300148
OTTAWA INTL A,2024-09-06 12:00,2024,9,6,12:00,21.4,15.4,68,19,10,224.3926257,,,21.60633333,62.74393333,14.21681667,0.508333333,1.675,177.25,42.56666667,,0.20633333,2.269444445,5.25606667,181.825959
OTTAWA INTL A,2024-09-06 13:00,2024,9,6,13:00,20.8,15.3,70,17,5,268.9265797,,,21.96316667,62.65733333,14.53198333,0.616666667,1.783333333,183.45,55.08333333,,1.16316667,0.772222222,7.34266667,213.8432464
OTTAWA INTL A,2024-09-06 14:00,2024,9,6,14:00,20.9,16.1,73,15,0,135.0863932,,,21.41908333,65.60763333,14.7249,0.141666667,0.775,182.7166667,27.16666667,,0.51908333,0.141666667,7.39236667,107.9197265
OTTAWA INTL A,2024-09-06 15:00,2024,9,6,15:00,21.5,16.2,72,13,0,122.5694127,,,21.2872,69.17486667,15.42353333,0,0.075,144,24.95,,0.2128,0,2.82513333,97.6194127
OTTAWA INTL A,2024-09-06 16:00,2024,9,6,16:00,20.6,17.5,82,11,9,125.2980032,,,21.32468333,70.50541667,15.76173333,0,0.25,128.2166667,26.91666667,,0.72468333,2.5,11.49458333,98.38133653
OTTAWA INTL A,2024-09-06 17:00,2024,9,6,17:00,19.9,18.4,91,11,4,38.1931276,,,20.82351667,72.80228333,15.78133333,0,0.025,129.5,7.233333333,,0.92351667,1.111111111,18.19771667,30.95979427
OTTAWA INTL A,2024-09-06 18:00,2024,9,6,18:00,19.8,17.3,85,17,12,9.830810683,,,20.60651667,75.24023333,16.08626667,0,0.008333333,127.0333333,1.516666667,,0.80651667,3.333333333,9.75976667,8.314144016
OTTAWA INTL A,2024-09-06 19:00,2024,9,6,19:00,17.8,17.6,99,21,15,2.940343517,,,20.61933333,75.31816667,16.11721667,0.283333333,1.025,171.3166667,1,,2.81933333,3.883333334,23.68183333,1.940343517
OTTAWA INTL A,2024-09-06 20:00,2024,9,6,20:00,17.4,17.4,100,24,3,1.963269367,,,18.85246667,86.98065,16.64276667,0.333333333,1.158333333,208.2666667,1,,1.45246667,0.5,13.01935,0.963269367
OTTAWA INTL A,2024-09-06 21:00,2024,9,6,21:00,17.1,17.1,100,20,0,1.4340966,,,18.14043333,92.58678333,16.94171667,0.008333333,0.175,148.7,1,,1.04043333,0.008333333,7.41321667,0.4340966
OTTAWA INTL A,2024-09-06 22:00,2024,9,6,22:00,16.9,16.9,100,16,0,1.568669783,,,17.92513333,94.63318333,17.07321667,0,0.008333333,15.48333333,1,,1.02513333,0,5.36681667,0.568669783
OTTAWA INTL A,2024-09-06 23:00,2024,9,6,23:00,16.7,16.7,100,12,8,1.487548267,,,17.79685,95.97253333,17.16808333,0,0.008333333,239,1,,1.09685,2.222222222,4.02746667,0.487548267
OTTAWA INTL A,2024-09-07 0:00,2024,9,7,0:00,17.1,17.1,100,9,9,1.76447105,,,17.70358333,95.37235,16.97596667,0,0.025,171.1166667,1,,0.60358333,2.5,4.62765,0.76447105
OTTAWA INTL A,2024-09-07 1:00,2024,9,7,1:00,17,17,100,11,8,1.579912617,,,17.51091667,95.14645,16.74655,0,0.433333333,144.6333333,1,,0.51091667,2.222222222,4.85355,0.579912617
OTTAWA INTL A,2024-09-07 2:00,2024,9,7,2:00,16.9,16.9,100,15,15,1.74877725,,,17.4708,94.68401667,16.63005,0.008333333,0.483333333,148.1166667,1,,0.5708,4.158333334,5.31598333,0.74877725
OTTAWA INTL A,2024-09-07 3:00,2024,9,7,3:00,16.7,16.7,100,17,7,1.758753117,,,17.335,93.9424,16.37056667,0.175,1.191666667,182.6833333,1,,0.635,1.769444444,6.0576,0.758753117
OTTAWA INTL A,2024-09-07 4:00,2024,9,7,4:00,16.5,16.5,100,14,12,1.625131117,,,17.02721667,96.17795,16.43456667,0.016666667,0.666666667,187.5,1,,0.52721667,3.316666666,3.82205,0.625131117
OTTAWA INTL A,2024-09-07 5:00,2024,9,7,5:00,16.3,16.3,100,11,10,1.5290218,,,16.7015,97.19891667,16.27598333,0,0.366666667,143.85,1,,0.4015,2.777777778,2.80108333,0.5290218
OTTAWA INTL A,2024-09-07 6:00,2024,9,7,6:00,16.2,16.2,100,10,10,2.799533233,,,16.43355,97.86305,16.11526667,0,0.1,76.78333333,1,,0.23355,2.777777778,2.13695,1.799533233
OTTAWA INTL A,2024-09-07 7:00,2024,9,7,7:00,16.3,16.3,100,17,11,5.84242645,,,16.14386667,98.41756667,15.91453333,0.066666667,0.65,117.3166667,1,,0.15613333,2.988888889,1.58243333,4.84242645
OTTAWA INTL A,2024-09-07 8:00,2024,9,7,8:00,13.2,13.2,100,27,14,15.78310875,,,14.87803333,97.83783333,14.5576,0.091666667,1.033333333,131.9,1.65,,1.67803333,3.797222222,2.16216667,14.13310875
OTTAWA INTL A,2024-09-07 9:00,2024,9,7,9:00,12.9,12.9,100,23,12,49.91005018,,,13.60408333,97.14651667,13.17621667,0.041666667,0.775,203.5,8,,0.70408333,3.291666666,2.85348333,41.91005018
OTTAWA INTL A,2024-09-07 10:00,2024,9,7,10:00,13.1,13.1,100,20,5,77.56518642,,,13.68423333,96.56795,13.16445,0.05,0.758333333,205.4,13.9,,0.58423333,1.338888889,3.43205,63.66518642
OTTAWA INTL A,2024-09-07 11:00,2024,9,7,11:00,13.5,13.5,100,20,9,118.5960816,,,13.99196667,96.96455,13.53463333,0.091666667,0.808333333,191.2166667,23.43333333,,0.49196667,2.408333333,3.03545,95.16274827
OTTAWA INTL A,2024-09-07 12:00,2024,9,7,12:00,13.7,13.7,100,26,13,90.41080518,,,13.98266667,96.48233333,13.44851667,0.25,1.341666667,181.25,15.66666667,,0.28266667,3.361111111,3.51766667,74.74413851
OTTAWA INTL A,2024-09-07 13:00,2024,9,7,13:00,13.8,13.8,100,29,5,96.3345264,,,13.80971667,95.0056,13.03936667,0.141666667,1.058333333,142.7166667,22,,0.00971667,1.247222222,4.9944,74.3345264
OTTAWA INTL A,2024-09-07 14:00,2024,9,7,14:00,13.1,13.1,100,29,13,103.7300554,,,13.7199,94.30593333,12.83685,0.175,1.05,239.6,17.76666667,,0.6199,3.436111111,5.69406667,85.96338873
OTTAWA INTL A,2024-09-07 15:00,2024,9,7,15:00,13,13,100,29,18,91.92844682,,,13.40541667,94.95976667,12.62948333,0.466666667,1.658333333,272,18.23333333,,0.40541667,4.533333333,5.04023333,73.69511349
OTTAWA INTL A,2024-09-07 16:00,2024,9,7,16:00,14.9,14.9,100,28,18,115.3824797,,,13.27065,94.776,12.46568333,0.425,1.591666667,236.65,19.43333333,,1.62935,4.575,5.224,95.94914637
OTTAWA INTL A,2024-09-07 17:00,2024,9,7,17:00,13.9,11,82,27,28,197.5550324,,,14.18965,87.79201667,12.20203333,0.616666667,2.216666667,278.4333333,34.81666667,,0.28965,7.161111111,5.79201667,162.7383657
OTTAWA INTL A,2024-09-07 18:00,2024,9,7,18:00,12.2,9.5,84,27,23,99.21822113,,,13.30241667,81.2521,10.1709,0.941666667,2.691666667,263,26.41666667,,1.10241667,5.447222222,2.7479,72.80155446
OTTAWA INTL A,2024-09-07 19:00,2024,9,7,19:00,11.1,9.4,89,26,16,13.5541995,,,12.01595,81.35515,8.9334,0.725,2.516666667,310.7666667,2.783333333,,0.91595,3.719444444,7.64485,10.77086617
OTTAWA INTL A,2024-09-07 20:00,2024,9,7,20:00,9.8,8.1,89,28,17,1.882108567,,,11.23556667,82.41233333,8.361566667,0.858333333,2.441666667,290.1,1,,1.43556667,3.863888889,6.58766667,0.882108567
OTTAWA INTL A,2024-09-07 21:00,2024,9,7,21:00,8.4,6.6,88,27,19,2.11953485,,,9.908666667,82.1501,7.01675,1.216666667,3.225,237.3666667,1,,1.508666667,4.061111111,5.8499,1.11953485
OTTAWA INTL A,2024-09-07 22:00,2024,9,7,22:00,7.7,5.6,87,27,18,2.01499105,,,8.6261,82.23645,5.777416667,1.125,3.15,254.4666667,1,,0.9261,3.875,4.76355,1.01499105
OTTAWA INTL A,2024-09-07 23:00,2024,9,7,23:00,6.4,4.8,89,27,18,1.849279467,,,7.915133333,81.59628333,4.96935,0.95,2.75,285.8333333,1,,1.515133333,4.05,7.40371667,0.849279467
OTTAWA INTL A,2024-09-08 0:00,2024,9,8,0:00,5.5,4.1,91,26,21,1.70983975,,,7.187,83.1219,4.521433333,1.091666667,3.008333333,293.7666667,1,,1.687,4.741666666,7.8781,0.70983975
OTTAWA INTL A,2024-09-08 1:00,2024,9,8,1:00,5,5,100,25,12,1.621195283,,,6.806933333,85.39396667,4.530933333,0.533333333,2.1,241.6,1,,1.806933333,2.8,14.60603333,0.621195283
OTTAWA INTL A,2024-09-08 2:00,2024,9,8,2:00,5.5,5.5,100,24,18,1.989369117,,,6.4556,83.9554,3.943366667,0.308333333,1.691666667,145.8833333,1,,0.9556,4.691666667,16.0446,0.989369117
OTTAWA INTL A,2024-09-08 3:00,2024,9,8,3:00,5.9,5.5,98,24,15,1.254768367,,,6.40545,86.07823333,4.252883333,0.175,1.35,94.58333333,1,,0.50545,3.991666667,11.92176667,0.254768367
OTTAWA INTL A,2024-09-08 4:00,2024,9,8,4:00,5.1,4.7,97,24,15,1.591801617,,,6.63185,85.66945,4.407283333,0.175,1.508333333,116.4,1,,1.53185,3.991666667,11.33055,0.591801617
OTTAWA INTL A,2024-09-08 5:00,2024,9,8,5:00,5.7,4.4,92,23,14,1.35939115,,,6.92875,83.00371667,4.2471,0.225,1.508333333,134.75,1,,1.22875,3.663888889,8.99628333,0.35939115
OTTAWA INTL A,2024-09-08 6:00,2024,9,8,6:00,6.1,5.5,96,22,14,6.393070267,,,7.169816667,83.10196667,4.4995,0.183333333,1.283333333,146.2,1.416666667,,1.069816667,3.705555556,12.89803333,4.9764036
OTTAWA INTL A,2024-09-08 7:00,2024,9,8,7:00,7.6,4.2,79,23,24,57.54763448,,,7.729566667,79.32371667,4.383866667,0.491666667,1.975,174.35,10.65,,0.129566667,6.175,0.32371667,46.89763448
OTTAWA INTL A,2024-09-08 8:00,2024,9,8,8:00,8.5,4.2,74,23,31,176.1020852,,,8.448433333,76.99403333,4.655066667,0.558333333,2.225,108.5,40.95,,0.051566667,8.052777778,2.99403333,135.1520852
OTTAWA INTL A,2024-09-08 9:00,2024,9,8,9:00,9.1,4.8,74,25,27,188.0207845,,,9.105083333,74.8114,4.8808,0.433333333,2.008333333,114.1333333,36.11666667,,0.005083333,7.066666667,0.8114,151.9041178
OTTAWA INTL A,2024-09-08 10:00,2024,9,8,10:00,9.4,5.6,77,24,31,222.7914122,,,9.816433333,71.8686,4.989283333,0.325,1.791666667,108.6833333,39.03333333,,0.416433333,8.286111111,5.1314,183.7580789
OTTAWA INTL A,2024-09-08 11:00,2024,9,8,11:00,10.4,4.8,68,25,23,200.6341605,,,10.36126667,68.71915,4.87285,0.5,2.133333333,127.7,41.36666667,,0.03873333,5.888888889,0.71915,159.2674938
OTTAWA INTL A,2024-09-08 12:00,2024,9,8,12:00,11.3,4.5,63,26,35,348.7957687,,,11.23951667,67.57828333,5.47005,0.591666667,2.326666667,103.6666667,65,,0.06048333,9.130555555,4.57828333,283.7957687
OTTAWA INTL A,2024-09-08 13:00,2024,9,8,13:00,11.9,5.2,63,24,30,432.6423705,,,11.99768333,66.55785,5.975233333,0.65,2.375,97.43333333,74.98333333,,0.09768333,7.683333333,3.55785,357.6590372
OTTAWA INTL A,2024-09-08 14:00,2024,9,8,14:00,12,4.8,61,25,33,200.668146,,,11.78218333,67.2296,5.914583333,0.5,2.025,111.7166667,41.65,,0.21781667,8.666666667,6.2296,159.018146
OTTAWA INTL A,2024-09-08 15:00,2024,9,8,15:00,12.6,5.6,62,25,26,235.1495603,,,12.29363333,65.07206667,5.930766667,0.533333333,2.116666667,120.2333333,47.76666667,,0.30636667,6.688888889,3.07206667,187.3828936
OTTAWA INTL A,2024-09-08 16:00,2024,9,8,16:00,12.6,5.3,61,26,32,157.1281226,,,12.33085,65.30338333,6.019166667,0.525,2.091666667,107.2166667,30.86666667,,0.26915,8.363888889,4.30338333,126.2614559
OTTAWA INTL A,2024-09-08 17:00,2024,9,8,17:00,11.8,5.7,66,26,26,57.10345972,,,11.98273333,68.04765,6.2818,0.766666667,2.516666667,155.55,11.41666667,,0.18273333,6.455555555,2.04765,45.68679305
OTTAWA INTL A,2024-09-08 18:00,2024,9,8,18:00,11,5.8,71,26,26,39.46669017,,,11.8558,68.87878333,6.338283333,0.758333333,2.525,160.6333333,7.25,,0.8558,6.463888889,2.12121667,32.21669017
OTTAWA INTL A,2024-09-08 19:00,2024,9,8,19:00,10.6,5.2,69,26,19,3.269496783,,,11.22705,70.25185,6.021216667,1.425,3.491666667,252.7333333,1,,0.62705,3.852777778,1.25185,2.269496783
OTTAWA INTL A,2024-09-08 20:00,2024,9,8,20:00,10,5.7,74,25,13,1.690853683,,,11.00356667,69.19563333,5.587766667,1.075,2.85,263.25,1,,1.00356667,2.536111111,4.80436667,0.690853683
OTTAWA INTL A,2024-09-08 21:00,2024,9,8,21:00,9.9,6.6,80,26,8,1.332261267,,,11.06296667,70.35121667,5.88405,0.225,1.475,163.2,1,,1.16296667,1.997222222,9.64878333,0.332261267
OTTAWA INTL A,2024-09-08 22:00,2024,9,8,22:00,10.6,6.2,74,24,11,1.382258783,,,11.29521667,70.73868333,6.18665,0.15,1.258333333,114.7333333,1,,0.69521667,2.905555556,3.26131667,0.382258783
OTTAWA INTL A,2024-09-08 23:00,2024,9,8,23:00,10.7,6.4,74,23,10,1.5777048,,,11.40936667,71.08113333,6.366166667,0.05,0.966666667,112.2666667,1,,0.70936667,2.727777778,2.91886667,0.5777048
OTTAWA INTL A,2024-09-09 0:00,2024,9,9,0:00,10.4,6.9,79,20,7,1.460728083,,,11.31563333,72.9986,6.66175,0.066666667,0.508333333,192.3166667,1,,0.91563333,1.877777777,6.0014,0.460728083
OTTAWA INTL A,2024-09-09 1:00,2024,9,9,1:00,10.2,7.4,82,23,9,1.5080193,,,11.29533333,74.39196667,6.917866667,0,0.025,200.8333333,1,,1.09533333,2.5,7.60803333,0.5080193
OTTAWA INTL A,2024-09-09 2:00,2024,9,9,2:00,10.6,8.1,85,23,13,1.526992633,,,11.54948333,74.33661667,7.152133333,0,0.283333333,205.8666667,1,,0.94948333,3.611111111,10.66338333,0.526992633
OTTAWA INTL A,2024-09-09 3:00,2024,9,9,3:00,10.3,8.7,90,23,14,1.4593259,,,11.81573333,76.65976667,7.86115,0,0.3,134.2333333,1,,1.51573333,3.888888889,13.34023333,0.4593259
OTTAWA INTL A,2024-09-09 4:00,2024,9,9,4:00,8.5,8.5,100,23,12,2.133745883,,,11.44618333,80.67608333,8.249866667,0,0.375,173.05,1,,2.94618333,3.333333333,19.32391667,1.133745883
OTTAWA INTL A,2024-09-09 5:00,2024,9,9,5:00,8,8,100,23,11,1.665165483,,,10.36198333,87.22651667,8.337516667,0,0.191666667,200.1166667,1,,2.36198333,3.055555556,12.77348333,0.665165483
OTTAWA INTL A,2024-09-09 6:00,2024,9,9,6:00,7.7,7.7,100,22,11,7.452095217,,,9.9588,91.38026667,8.62975,0,0.133333333,199.2333333,1.4,,2.2588,3.055555556,8.61973333,6.052095217
OTTAWA INTL A,2024-09-09 7:00,2024,9,9,7:00,9.8,9.8,100,23,10,116.9868406,,,11.16121667,88.31038333,9.299366667,0,0.058333333,118.7333333,82.35,,1.36121667,2.777777778,11.68961667,34.6368406
OTTAWA INTL A,2024-09-09 8:00,2024,9,9,8:00,12.3,10.9,91,25,8,305.2151743,,,13.51653333,79.88543333,10.1214,0.033333333,0.508333333,129.5833333,177.5166667,,1.21653333,2.188888889,11.11456667,127.6985076
OTTAWA INTL A,2024-09-09 9:00,2024,9,9,9:00,15.2,10.6,74,26,14,475.0993228,,,14.08281667,77.72845,10.26575,0.083333333,0.833333333,210.4,90.81666667,,1.11718333,3.805555556,3.72845,384.2826561
OTTAWA INTL A,2024-09-09 10:00,2024,9,9,10:00,16.7,9.7,63,32,11,606.3259483,,,15.47688333,71.112,10.26868333,0.141666667,0.958333333,271.1166667,103.3333333,,1.22311667,2.913888889,8.112,502.992615
OTTAWA INTL A,2024-09-09 11:00,2024,9,9,11:00,16.4,10.4,67,29,11,284.9617267,,,16.63615,64.4274,9.909966667,0.266666667,1.066666667,214.1166667,63.93333333,,0.23615,2.788888889,2.5726,221.0283934
OTTAWA INTL A,2024-09-09 12:00,2024,9,9,12:00,16.1,11.2,73,28,12,282.2299117,,,16.871,57.02603333,8.316416667,0.108333333,0.841666667,114.6,53.2,,0.771,3.225,15.97396667,229.0299117
OTTAWA INTL A,2024-09-09 13:00,2024,9,9,13:00,17.6,10.7,63,30,7,304.2164203,,,17.08658333,56.07245,8.263016667,0.058333333,0.725,142.0666667,57.66666667,,0.51341667,1.886111111,6.92755,246.5497536
OTTAWA INTL A,2024-09-09 14:00,2024,9,9,14:00,17.9,9.4,57,23,14,420.121066,,,17.57236667,55.64036667,8.60645,0.083333333,0.783333333,207.7833333,60.5,,0.32763333,3.805555556,1.35963333,359.621066
OTTAWA INTL A,2024-09-09 15:00,2024,9,9,15:00,18.8,12.5,67,23,12,544.0236475,,,18.81631667,53.16691667,9.090166667,0.175,1.1,145.8666667,67,,0.01631667,3.158333333,13.83308333,477.0236475
OTTAWA INTL A,2024-09-09 16:00,2024,9,9,16:00,19,9.4,53,26,12,400.9047013,,,18.88211667,50.84068333,8.486516667,0.808333333,1.991666667,283.05,51.75,,0.11788333,2.525,2.15931667,349.1547013
OTTAWA INTL A,2024-09-09 17:00,2024,9,9,17:00,18.4,10.2,58,27,14,264.2528848,,,18.84751667,53.57453333,9.233166667,0.816666667,2.275,313.8833333,75.76666667,,0.44751667,3.072222222,4.42546667,188.4862181
OTTAWA INTL A,2024-09-09 18:00,2024,9,9,18:00,16.4,10,66,27,11,88.41312383,,,18.21185,56.11883333,9.33775,0.291666667,1.166666667,270.8166667,19.68333333,,1.81185,2.763888889,9.88116667,68.7297905
OTTAWA INTL A,2024-09-09 19:00,2024,9,9,19:00,13.6,8.7,72,27,12,7.257529467,,,16.83956667,59.35913333,8.880766667,0.008333333,0.391666667,255.7166667,1.416666667,,3.23956667,3.325,12.64086667,5.8408628
OTTAWA INTL A,2024-09-09 20:00,2024,9,9,20:00,12.4,7.9,74,28,12,2.1798614,,,15.63273333,65.46253333,9.189083333,0.041666667,0.491666667,193.8,1,,3.23273333,3.291666666,8.53746667,1.1798614
OTTAWA INTL A,2024-09-09 21:00,2024,9,9,21:00,10.3,8.9,91,24,6,1.729116217,,,14.71763333,69.4749,9.2063,0.216666667,1.016666667,248.4,1,,4.41763333,1.45,21.5251,0.729116217
OTTAWA INTL A,2024-09-09 22:00,2024,9,9,22:00,10.5,8.7,89,29,8,1.92156945,,,13.93941667,71.75665,8.93685,0.233333333,1.241666667,316.65,1,,3.43941667,1.988888889,17.24335,0.92156945
OTTAWA INTL A,2024-09-09 23:00,2024,9,9,23:00,11,8.8,86,30,10,1.99120315,,,12.92033333,75.6108,8.72875,0.2,1.108333333,192.7833333,1,,1.92033333,2.577777778,10.3892,0.99120315
OTTAWA INTL A,2024-09-10 0:00,2024,9,10,0:00,8.4,8.1,98,27,11,1.652985883,,,12.04728333,78.60136667,8.454066667,0.108333333,0.7,273.55,1,,3.64728333,2.947222223,19.39863333,0.652985883
OTTAWA INTL A,2024-09-10 1:00,2024,9,10,1:00,7.1,7.1,100,25,10,1.734742917,,,10.98816667,80.39993333,7.7545,0.075,0.433333333,279.6666667,1,,3.88816667,2.702777778,19.60006667,0.734742917
OTTAWA INTL A,2024-09-10 2:00,2024,9,10,2:00,6.5,4.9,89,28,12,1.689233683,,,11.1062,75.6201,6.970433333,0.158333333,0.883333333,328.25,1,,4.6062,3.175,13.3799,0.689233683
OTTAWA INTL A,2024-09-10 3:00,2024,9,10,3:00,6.4,6.4,100,28,13,1.805751567,,,10.18501667,78.86805,6.676316667,0.191666667,0.841666667,314.35,1,,3.78501667,3.419444444,21.13195,0.805751567
OTTAWA INTL A,2024-09-10 4:00,2024,9,10,4:00,7,7,100,24,8,1.517413533,,,8.706516667,85.80471667,6.470483333,0,0,291.7833333,1,,1.706516667,2.222222222,14.19528333,0.517413533
OTTAWA INTL A,2024-09-10 5:00,2024,9,10,5:00,5.2,5.2,100,26,12,1.762350583,,,8.356566667,86.85515,6.303516667,0.075,0.458333333,272.6833333,1,,3.156566667,3.258333333,13.14485,0.762350583
OTTAWA INTL A,2024-09-10 6:00,2024,9,10,6:00,6,6,100,24,9,8.15786795,,,8.026166667,90.59095,6.5877,0.041666667,0.441666667,324.5,1.416666667,,2.026166667,2.458333333,9.40905,6.741201283
OTTAWA INTL A,2024-09-10 7:00,2024,9,10,7:00,8.8,8.8,100,26,9,115.8441165,,,8.872,87.6931,6.94355,0,0.308333333,179.25,75.28333333,,0.072,2.5,12.3069,40.56078317
OTTAWA INTL A,2024-09-10 8:00,2024,9,10,8:00,11.2,9.1,87,27,13,306.4139802,,,11.72173333,73.99795,7.2335,0.258333333,1.125,276.85,181.55,,0.52173333,3.352777778,13.00205,124.8639802
OTTAWA INTL A,2024-09-10 9:00,2024,9,10,9:00,13.9,8,67,24,8,482.011008,,,12.99721667,66.10058333,6.824233333,0.55,1.75,285.3833333,92.08333333,,0.90278333,1.672222222,0.89941667,389.9276747
OTTAWA INTL A,2024-09-10 10:00,2024,9,10,10:00,16.4,5.2,47,31,13,622.5859035,,,15.20378333,57.17235,6.766716667,0.375,1.583333333,260.7666667,127.9833333,,1.19621667,3.236111111,10.17235,494.6025702
OTTAWA INTL A,2024-09-10 11:00,2024,9,10,11:00,18.4,4.6,40,30,14,707.5596383,,,17.37723333,52.91375,7.666183333,0.258333333,1.233333333,206.9833333,118.1166667,,1.02276667,3.630555556,12.91375,589.4429716
OTTAWA INTL A,2024-09-10 12:00,2024,9,10,12:00,19.4,4.8,38,28,23,757.5572708,,,18.55753333,44.0969,6.095983333,0.525,1.808333333,278.8333333,80.76666667,,0.84246667,5.863888889,6.0969,676.7906041
OTTAWA INTL A,2024-09-10 13:00,2024,9,10,13:00,19.8,5.8,39,30,18,753.3247498,,,19.75335,45.18858333,7.552283333,0.3,1.325,223.5166667,118.4833333,,0.04665,4.7,6.18858333,634.8414165
OTTAWA INTL A,2024-09-10 14:00,2024,9,10,14:00,20.5,6.5,40,26,19,674.7812317,,,20.46605,45.14418333,8.183883333,0.383333333,1.558333333,194.1,130.2,,0.03395,4.894444445,5.14418333,544.5812317
OTTAWA INTL A,2024-09-10 15:00,2024,9,10,15:00,20.7,7.3,41,27,12,572.0754782,,,20.85028333,43.68578333,8.053083333,0.358333333,1.516666667,201.15,71.7,,0.15028333,2.975,2.68578333,500.3754782
OTTAWA INTL A,2024-09-10 16:00,2024,9,10,16:00,20.7,7.5,42,30,22,422.9802438,,,21.14308333,44.365,8.5497,0.733333333,2.216666667,254.2333333,51.58333333,,0.44308333,5.377777778,2.365,371.3969105
OTTAWA INTL A,2024-09-10 17:00,2024,9,10,17:00,20.5,8,44,28,13,241.9186497,,,21.0223,43.9641,8.30625,0.283333333,1.633333333,223.05,68.78333333,,0.5223,3.327777778,0.0359,173.1353164
OTTAWA INTL A,2024-09-10 18:00,2024,9,10,18:00,19.3,8.2,48,28,4,80.27718802,,,20.32801667,46.69908333,8.5616,0.333333333,1.341666667,333.9166667,18.05,,1.02801667,0.777777778,1.30091667,62.22718802
OTTAWA INTL A,2024-09-10 19:00,2024,9,10,19:00,13.6,9.2,75,21,3,6.378161317,,,18.6211,53.40651667,8.968,0,0.041666667,302.7333333,1.416666667,,5.0211,0.833333333,21.59348333,4.96149465
OTTAWA INTL A,2024-09-10 20:00,2024,9,10,20:00,12.5,9.2,80,19,5,1.631038,,,17.32495,57.71493333,8.923966667,0,0,3,1,,4.82495,1.388888889,22.28506667,0.631038
OTTAWA INTL A,2024-09-10 21:00,2024,9,10,21:00,14.4,9.7,73,18,10,1.636083117,,,16.52821667,60.87031667,8.9551,0,0,2.4,1,,2.12821667,2.777777778,12.12968333,0.636083117
OTTAWA INTL A,2024-09-10 22:00,2024,9,10,22:00,13.4,9.9,79,18,12,1.983644983,,,15.49936667,67.68126667,9.553266667,0,0.008333333,194.5,1,,2.09936667,3.333333333,11.31873333,0.983644983
OTTAWA INTL A,2024-09-10 23:00,2024,9,10,23:00,12.6,11,90,19,13,1.74838045,,,14.37875,76.21368333,10.25406667,0,0,218,1,,1.77875,3.611111111,13.78631667,0.74838045
OTTAWA INTL A,2024-09-11 0:00,2024,9,11,0:00,11.5,11.5,100,20,12,2.181423517,,,13.35533333,79.2633,9.847516667,0,0,218,1,,1.85533333,3.333333333,20.7367,1.181423517
OTTAWA INTL A,2024-09-11 1:00,2024,9,11,1:00,10.4,10.4,100,20,12,1.76184365,,,13.09543333,81.79525,10.06638333,0,0.008333333,218,1,,2.69543333,3.333333333,18.20475,0.76184365
OTTAWA INTL A,2024-09-11 2:00,2024,9,11,2:00,10.4,10.4,100,20,7,1.864807017,,,11.82825,90.32555,10.30236667,0,0,218,1,,1.42825,1.944444444,9.67445,0.864807017
OTTAWA INTL A,2024-09-11 3:00,2024,9,11,3:00,10,10,100,22,7,1.9673114,,,11.08255,94.79418333,10.29123333,0,0,218,1,,1.08255,1.944444444,5.20581667,0.9673114
OTTAWA INTL A,2024-09-11 4:00,2024,9,11,4:00,9.6,9.6,100,22,5,1.565560533,,,10.60286667,95.80623333,9.97295,0,0,218,1,,1.00286667,1.388888889,4.19376667,0.565560533
OTTAWA INTL A,2024-09-11 5:00,2024,9,11,5:00,9.8,9.8,100,20,4,1.52416375,,,10.23501667,95.95833333,9.630166667,0,0,221.2666667,1,,0.43501667,1.111111111,4.04166667,0.52416375
OTTAWA INTL A,2024-09-11 6:00,2024,9,11,6:00,9.2,9.2,100,21,8,8.843524233,,,9.893616667,96.09161667,9.310416667,0,0,222,1.933333333,,0.693616667,2.222222222,3.90838333,6.9101909
OTTAWA INTL A,2024-09-11 7:00,2024,9,11,7:00,11.2,11.2,100,19,5,104.8603468,,,10.86343333,95.57436667,10.1942,0,0.108333333,237.5333333,50.08333333,,0.33656667,1.388888889,4.42563333,54.77701347
OTTAWA INTL A,2024-09-11 8:00,2024,9,11,8:00,14,13.7,99,20,6,276.6360138,,,13.46615,87.54676667,11.44898333,0.033333333,0.341666667,285.3166667,142.6333333,,0.53385,1.633333334,11.45323333,134.0026805
OTTAWA INTL A,2024-09-11 9:00,2024,9,11,9:00,16.6,13.8,83,21,7,432.8350285,,,15.31563333,82.84046667,12.42256667,0.075,0.5,227.3333333,85.61666667,,1.28436667,1.869444444,0.15953333,347.2183618
OTTAWA INTL A,2024-09-11 10:00,2024,9,11,10:00,18.6,14.5,77,15,9,581.2947825,,,18.45493333,73.99823333,13.74331667,0.025,0.591666667,199.9666667,129.85,,0.14506667,2.475,3.00176667,451.4447825
OTTAWA INTL A,2024-09-11 11:00,2024,9,11,11:00,21.1,13.7,62,24,15,681.477177,,,20.8804,64.31061667,13.8983,0.1,0.95,199.95,101.3833333,,0.2196,4.066666667,2.31061667,580.0938437
OTTAWA INTL A,2024-09-11 12:00,2024,9,11,12:00,22.6,12.5,53,22,21,717.4780413,,,21.90021667,59.54378333,13.68326667,0.6,1.85,195.75,99.75,,0.69978333,5.233333333,6.54378333,617.7280413
OTTAWA INTL A,2024-09-11 13:00,2024,9,11,13:00,23.6,12.3,48,25,17,728.1928025,,,22.90683333,55.88783333,13.6481,0.425,1.633333333,231.4666667,114.5,,0.69316667,4.297222222,7.88783333,613.6928025
OTTAWA INTL A,2024-09-11 14:00,2024,9,11,14:00,24.1,13.1,50,22,17,675.230567,,,23.72796667,54.21271667,13.94066667,0.35,1.575,162.65,88.68333333,,0.37203333,4.372222222,4.21271667,586.5472337
OTTAWA INTL A,2024-09-11 15:00,2024,9,11,15:00,24.3,13.5,50,24,14,564.0677982,,,24.28155,50.58448333,13.38851667,0.291666667,1.533333333,182.3333333,64.03333333,,0.01845,3.597222222,0.58448333,500.0344649
OTTAWA INTL A,2024-09-11 16:00,2024,9,11,16:00,22.9,13.1,53,21,12,402.7100922,,,24.34553333,49.95678333,13.2575,0.275,1.358333333,204.1666667,51.86666667,,1.44553333,3.058333333,3.04321667,350.8434255
OTTAWA INTL A,2024-09-11 17:00,2024,9,11,17:00,22.7,13.6,56,22,10,231.8971373,,,24.07398333,50.2456,13.0963,0.125,0.983333333,163.8833333,56.3,,1.37398333,2.652777778,5.7544,175.5971373
OTTAWA INTL A,2024-09-11 18:00,2024,9,11,18:00,20.4,13.3,64,20,8,55.81420562,,,23.11883333,53.39438333,13.14145,0,0.358333333,149.95,12.31666667,,2.71883333,2.222222222,10.60561667,43.49753895
OTTAWA INTL A,2024-09-11 19:00,2024,9,11,19:00,18.7,14.3,75,21,8,3.147842467,,,21.90521667,57.41231667,13.1258,0.1,0.641666667,205.9833333,1,,3.20521667,2.122222222,17.58768333,2.147842467
OTTAWA INTL A,2024-09-11 20:00,2024,9,11,20:00,18.6,13.6,72,20,7,1.930076667,,,21.05516667,62.5893,13.65655,0.358333333,1.45,208.5166667,1,,2.45516667,1.586111111,9.4107,0.930076667
OTTAWA INTL A,2024-09-11 21:00,2024,9,11,21:00,17.2,13.7,79,19,7,1.740932133,,,20.42745,62.31291667,12.99685,0.208333333,1.116666667,204.9333333,1,,3.22745,1.736111111,16.68708333,0.740932133
OTTAWA INTL A,2024-09-11 22:00,2024,9,11,22:00,16.6,13,79,21,9,1.8171313,,,19.46115,65.40128333,12.81738333,0,0.083333333,211,1,,2.86115,2.5,13.59871667,0.8171313
OTTAWA INTL A,2024-09-11 23:00,2024,9,11,23:00,15.5,13.5,88,20,7,2.038448617,,,18.23938333,70.82646667,12.86945,0,0,211,1,,2.73938333,1.944444444,17.17353333,1.038448617
OTTAWA INTL A,2024-09-12 0:00,2024,9,12,0:00,15.2,13.9,92,21,4,1.569174567,,,17.6239,73.68915,12.8876,0,0,211,1,,2.4239,1.111111111,18.31085,0.569174567
OTTAWA INTL A,2024-09-12 1:00,2024,9,12,1:00,14.9,13.4,91,19,8,1.611337633,,,17.4594,74.49388333,12.89326667,0,0.066666667,211,1,,2.5594,2.222222222,16.50611667,0.611337633
OTTAWA INTL A,2024-09-12 2:00,2024,9,12,2:00,14.5,13.8,95,17,7,1.441879083,,,17.42613333,75.30971667,13.02973333,0,0.025,231.6,1,,2.92613333,1.944444444,19.69028333,0.441879083
OTTAWA INTL A,2024-09-12 3:00,2024,9,12,3:00,13.7,13.7,100,15,4,1.987156767,,,16.51673333,87.91735,14.51825,0.008333333,0.041666667,338.35,1,,2.81673333,1.102777778,12.08265,0.987156767
OTTAWA INTL A,2024-09-12 4:00,2024,9,12,4:00,13.9,13.9,100,16.5,0,1.871141817,,,16.0967,88.22173333,14.16393333,0,0,339,1,,2.1967,0,11.77826667,0.871141817
OTTAWA INTL A,2024-09-12 5:00,2024,9,12,5:00,14.2,14.1,99,18,8,1.737750383,,,15.80538333,84.70571667,13.25245,0,0.108333333,222.15,1,,1.60538333,2.222222222,14.29428333,0.737750383
OTTAWA INTL A,2024-09-12 6:00,2024,9,12,6:00,14.4,14.4,100,16.33333333,0,3.530611533,,,15.2503,89.24388333,13.50705,0,0.025,44.85,1,,0.8503,0,10.75611667,2.530611533
OTTAWA INTL A,2024-09-12 7:00,2024,9,12,7:00,15.6,14.1,91,14.66666667,0,81.30417972,,,15.50255,89.11391667,13.73323333,0,0.016666667,1.566666667,17.3,,0.09745,0,1.88608333,64.00417972
OTTAWA INTL A,2024-09-12 8:00,2024,9,12,8:00,16.4,13.8,84,13,6,223.0616448,,,16.91571667,85.51415,14.48676667,0,0.133333333,23.56666667,67.98333333,,0.51571667,1.666666667,1.51415,155.0783115
OTTAWA INTL A,2024-09-12 9:00,2024,9,12,9:00,19.5,13.1,66,15,5,411.6738158,,,18.92253333,77.7509,14.9591,0.008333333,0.341666667,76.28333333,84.43333333,,0.57746667,1.380555556,11.7509,327.2404825
OTTAWA INTL A,2024-09-12 10:00,2024,9,12,10:00,21.5,13.7,61,15,8,514.0795102,,,20.74093333,67.9415,14.62178333,0.05,0.583333333,183.7,107.2,,0.75906667,2.172222222,6.9415,406.8795102
OTTAWA INTL A,2024-09-12 11:00,2024,9,12,11:00,22.8,14.3,58,10,12,668.295444,,,22.57791667,61.0836,14.70483333,0.108333333,0.816666667,174,106,,0.22208333,3.225,3.0836,562.295444
OTTAWA INTL A,2024-09-12 12:00,2024,9,12,12:00,23.1,14.4,58,10,10,673.2897623,,,23.71965,57.45128333,14.83263333,0.175,1.108333333,163.8,100.05,,0.61965,2.602777778,0.54871667,573.2397623
OTTAWA INTL A,2024-09-12 13:00,2024,9,12,13:00,24.4,14,52,18,13,536.2966113,,,23.79508333,55.81466667,14.45551667,0.191666667,1.058333333,172.6333333,73.68333333,,0.60491667,3.419444444,3.81466667,462.613278
OTTAWA INTL A,2024-09-12 14:00,2024,9,12,14:00,24.9,14.4,52,19,12,613.7398247,,,24.7048,53.75378333,14.71746667,0.25,1.333333333,165.8166667,77.58333333,,0.1952,3.083333333,1.75378333,536.1564914
OTTAWA INTL A,2024-09-12 15:00,2024,9,12,15:00,25.3,14.1,49,19,12,499.371587,,,25.16168333,49.65265,13.90626667,0.1,0.825,184.2833333,61.65,,0.13831667,3.233333333,0.65265,437.721587
OTTAWA INTL A,2024-09-12 16:00,2024,9,12,16:00,24.5,15.4,56,17,10,394.89205,,,25.36975,51.06978333,14.53383333,0.15,1.075,184.1833333,56.9,,0.86975,2.627777778,4.93021667,337.99205
OTTAWA INTL A,2024-09-12 17:00,2024,9,12,17:00,23.3,16.2,64,15,8,213.8376895,,,25.06981667,51.57083333,14.41191667,0.05,0.641666667,197.8,40.65,,1.76981667,2.172222222,12.42916667,173.1876895
OTTAWA INTL A,2024-09-12 18:00,2024,9,12,18:00,21.4,16,71,15,7,62.23713962,,,24.05648333,57.10151667,15.04281667,0,0.3,202.3666667,12.9,,2.65648333,1.944444444,13.89848333,49.33713962
OTTAWA INTL A,2024-09-12 19:00,2024,9,12,19:00,17.4,14.9,85,16,5,4.713897267,,,22.64288333,62.58288333,15.15148333,0,0.1,198.9666667,1.133333333,,5.24288333,1.388888889,22.41711667,3.580563934
OTTAWA INTL A,2024-09-12 20:00,2024,9,12,20:00,17.9,15.6,86,17,8,2.0505491,,,21.3997,67.01815,15.02836667,0,0.008333333,199,1,,3.4997,2.222222222,18.98185,1.0505491
OTTAWA INTL A,2024-09-12 21:00,2024,9,12,21:00,18.5,15.7,83,19,7,1.963715883,,,18.83776667,78.26038333,14.98751667,0,0,199,1,,0.33776667,1.944444444,4.73961667,0.963715883
OTTAWA INTL A,2024-09-12 22:00,2024,9,12,22:00,17.4,16.4,93,19,8,2.16922935,,,17.8752,85.92563333,15.49763333,0,0,199,1,,0.4752,2.222222222,7.07436667,1.16922935
OTTAWA INTL A,2024-09-12 23:00,2024,9,12,23:00,16,16,100,20,7,1.8130832,,,17.07978333,92.41958333,15.86016667,0,0,199,1,,1.07978333,1.944444444,7.58041667,0.8130832
OTTAWA INTL A,2024-09-13 0:00,2024,9,13,0:00,16.3,16.3,100,17,0,1.774515267,,,16.4588,93.89148333,15.49093333,0,0,199,1,,0.1588,0,6.10851667,0.774515267
OTTAWA INTL A,2024-09-13 1:00,2024,9,13,1:00,14.4,14.4,100,14,0,1.628508167,,,15.94226667,94.87533333,15.14063333,0,0,199,1,,1.54226667,0,5.12466667,0.628508167
OTTAWA INTL A,2024-09-13 2:00,2024,9,13,2:00,14.4,14.4,100,11,5,1.579152533,,,15.84723333,96.27853333,15.27491667,0,0,199,1,,1.44723333,1.388888889,3.72146667,0.579152533
OTTAWA INTL A,2024-09-13 3:00,2024,9,13,3:00,14.3,14.3,100,12,0,1.443964417,,,15.45611667,97.04978333,15.00915,0,0,199,1,,1.15611667,0,2.95021667,0.443964417
OTTAWA INTL A,2024-09-13 4:00,2024,9,13,4:00,14.1,14.1,100,13,3,1.56085425,,,15.26421667,96.79303333,14.77633333,0,0,199,1,,1.16421667,0.833333333,3.20696667,0.56085425
OTTAWA INTL A,2024-09-13 5:00,2024,9,13,5:00,13.1,13.1,100,9.666666667,0,1.822328033,,,14.86811667,96.63416667,14.35581667,0,0,199,1,,1.76811667,0,3.36583333,0.822328033
OTTAWA INTL A,2024-09-13 6:00,2024,9,13,6:00,14.2,14.2,100,6.333333333,0,8.21336365,,,14.83308333,97.5677,14.46981667,0,0.033333333,59.7,1.566666667,,0.63308333,0,2.4323,6.646696983
OTTAWA INTL A,2024-09-13 7:00,2024,9,13,7:00,15.3,15.3,100,3,10,106.964123,,,15.47113333,95.54055,14.77888333,0,0.175,13.26666667,47.65,,0.17113333,2.777777778,4.45945,59.314123
OTTAWA INTL A,2024-09-13 8:00,2024,9,13,8:00,17.5,17.5,100,2,6,274.1103673,,,17.03228333,89.71288333,15.3471,0.233333333,1.216666667,39.15,117.4,,0.46771667,1.433333334,10.28711667,156.7103673
OTTAWA INTL A,2024-09-13 9:00,2024,9,13,9:00,19.6,17.4,87,8.25,0,409.9743878,,,18.54896667,84.72563333,15.94525,0.075,0.8,48.26666667,82.68333333,,1.05103333,0.075,2.27436667,327.2910545
OTTAWA INTL A,2024-09-13 10:00,2024,9,13,10:00,22.4,18,76,14.5,0,554.0773638,,,20.79771667,78.72506667,16.97848333,0.091666667,0.65,122.8166667,103.9333333,,1.60228333,0.091666667,2.72506667,450.1440305
OTTAWA INTL A,2024-09-13 11:00,2024,9,13,11:00,24.1,17.8,67,20.75,0,651.095213,,,22.51036667,73.75133333,17.60695,0.291666667,1.141666667,138.2666667,101.7833333,,1.58963333,0.291666667,6.75133333,549.3118797
OTTAWA INTL A,2024-09-13 12:00,2024,9,13,12:00,25.7,18.5,64,27,7,705.0222667,,,23.93061667,69.04853333,17.9243,0.266666667,1.208333333,144.4666667,83.41666667,,1.76938333,1.677777777,5.04853333,621.6056
OTTAWA INTL A,2024-09-13 13:00,2024,9,13,13:00,26.5,17.4,57,25,5,684.5691533,,,25.07488333,66.57638333,18.436,0.391666667,1.408333333,149.3,96.26666667,,1.42511667,0.997222222,9.57638333,588.3024866
OTTAWA INTL A,2024-09-13 14:00,2024,9,13,14:00,27.5,17.7,55,25,11,636.0624567,,,26.13646667,59.90375,17.73093333,0.408333333,1.458333333,120.8,70.91666667,,1.36353333,2.647222223,4.90375,565.14579
OTTAWA INTL A,2024-09-13 15:00,2024,9,13,15:00,27.3,16.8,52,14,0,530.3027102,,,26.74818333,53.92325,16.64931667,0.025,0.558333333,224.8,57.3,,0.55181667,0.025,1.92325,473.0027102
OTTAWA INTL A,2024-09-13 16:00,2024,9,13,16:00,27.1,17.2,54,3,9,388.1535667,,,26.92755,54.51393333,17.00001667,0.008333333,0.333333333,98.58333333,57.35,,0.17245,2.491666667,0.51393333,330.8035667
OTTAWA INTL A,2024-09-13 17:00,2024,9,13,17:00,26,17.2,58,7,8,210.3141792,,,26.86036667,55.27545,17.15241667,0,0.108333333,63.63333333,67.18333333,,0.86036667,2.222222222,2.72455,143.1308459
OTTAWA INTL A,2024-09-13 18:00,2024,9,13,18:00,23.5,18.6,74,11,7,61.5149838,,,25.83481667,60.2544,17.55778333,0,0.058333333,124.9166667,12.56666667,,2.33481667,1.944444444,13.7456,48.94831713
OTTAWA INTL A,2024-09-13 19:00,2024,9,13,19:00,22.3,18.2,78,13,7,5.3258304,,,24.99201667,63.63656667,17.63936667,0,0.375,185.8166667,1.216666667,,2.69201667,1.944444444,14.36343333,4.109163733
OTTAWA INTL A,2024-09-13 20:00,2024,9,13,20:00,20.4,18.3,87,16,4,2.085455183,,,23.65318333,68.71213333,17.57531667,0.016666667,0.083333333,175.2666667,1,,3.25318333,1.094444444,18.28786667,1.085455183
OTTAWA INTL A,2024-09-13 21:00,2024,9,13,21:00,18.8,18.8,100,18,4,2.232048267,,,21.90706667,79.48241667,18.20333333,0,0,4,1,,3.10706667,1.111111111,20.51758333,1.232048267
OTTAWA INTL A,2024-09-13 22:00,2024,9,13,22:00,18.5,17.9,96,31,3,2.009733817,,,20.73165,86.9372,18.49768333,0,0,3.9,1,,2.23165,0.833333333,9.0628,1.009733817
OTTAWA INTL A,2024-09-13 23:00,2024,9,13,23:00,17.4,17.4,100,29,0,1.986984567,,,19.5959,91.06228333,18.1204,0,0,3,1,,2.1959,0,8.93771667,0.986984567
OTTAWA INTL A,2024-09-14 0:00,2024,9,14,0:00,17.1,17.1,100,27,5,1.795732,,,18.76096667,92.744,17.58383333,0,0.008333333,3,1,,1.66096667,1.388888889,7.256,0.795732
OTTAWA INTL A,2024-09-14 1:00,2024,9,14,1:00,17,17,100,17,0,1.62643315,,,18.02053333,93.86616667,17.03951667,0,0,3,1,,1.02053333,0,6.13383333,0.62643315
OTTAWA INTL A,2024-09-14 2:00,2024,9,14,2:00,16,16,100,7,5,1.78183265,,,17.75356667,94.68596667,16.9116,0,0.125,19.5,1,,1.75356667,1.388888889,5.31403333,0.78183265
OTTAWA INTL A,2024-09-14 3:00,2024,9,14,3:00,16.6,16.6,100,2,4,1.652142367,,,16.97861667,95.94326667,16.34788333,0,0,3,1,,0.37861667,1.111111111,4.05673333,0.652142367
OTTAWA INTL A,2024-09-14 4:00,2024,9,14,4:00,15.1,15.1,100,6,3,1.698137733,,,16.9675,96.38556667,16.40918333,0,0.008333333,3,1,,1.8675,0.833333333,3.61443333,0.698137733
OTTAWA INTL A,2024-09-14 5:00,2024,9,14,5:00,15.3,15.3,100,3,4,1.494279917,,,16.55886667,96.10581667,15.95603333,0,0,3,1,,1.25886667,1.111111111,3.89418333,0.494279917
OTTAWA INTL A,2024-09-14 6:00,2024,9,14,6:00,15.3,15.3,100,6,4,6.0851128,,,16.78726667,95.3447,16.059,0,0.041666667,3,1.316666667,,1.48726667,1.111111111,4.6553,4.768446133
OTTAWA INTL A,2024-09-14 7:00,2024,9,14,7:00,18,18,100,1,7,93.22204805,,,17.04798333,94.33643333,16.15136667,0.183333333,0.866666667,101.3666667,49.75,,0.95201667,1.761111111,5.66356667,43.47204805
OTTAWA INTL A,2024-09-14 8:00,2024,9,14,8:00,20.2,18.9,92,1,7,252.0318788,,,18.68835,89.05585,16.86641667,0.008333333,0.308333333,7.216666667,128.3666667,,1.51165,1.936111111,2.94415,123.6652121
OTTAWA INTL A,2024-09-14 9:00,2024,9,14,9:00,22.5,19.3,82,6,9,419.986701,,,20.60118333,83.45003333,17.71261667,0.008333333,0.45,71.1,83.83333333,,1.89881667,2.491666667,1.45003333,336.1533677
OTTAWA INTL A,2024-09-14 10:00,2024,9,14,10:00,23.9,19,74,7,11,558.3009658,,,22.08751667,79.28096667,18.35211667,0.233333333,1.2,54.26666667,102.85,,1.81248333,2.822222223,5.28096667,455.4509658
OTTAWA INTL A,2024-09-14 11:00,2024,9,14,11:00,25.2,19.4,70,8,8,647.2139767,,,24.07786667,72.66581667,18.88075,0.225,1.091666667,73.41666667,96.28333333,,1.12213333,1.997222222,2.66581667,550.9306434
OTTAWA INTL A,2024-09-14 12:00,2024,9,14,12:00,26.6,18.7,61,3,6,700.1236765,,,25.31075,68.8252,19.1936,0.383333333,1.4,124.1333333,76.65,,1.28925,1.283333334,7.8252,623.4736765
OTTAWA INTL A,2024-09-14 13:00,2024,9,14,13:00,27.6,17.7,54,16,8,729.2140623,,,26.28163333,64.36383333,19.03638333,0.375,1.483333333,63,121.85,,1.31836667,1.847222222,10.36383333,607.3640623
OTTAWA INTL A,2024-09-14 14:00,2024,9,14,14:00,27.2,17.3,54,13,7,507.7585467,,,26.70625,60.5156,18.44668333,0.333333333,1.433333333,95.65,59.71666667,,0.49375,1.611111111,6.5156,448.04188
OTTAWA INTL A,2024-09-14 15:00,2024,9,14,15:00,27.6,16.9,52,18,8,413.644852,,,27.2918,54.51401667,17.33263333,0.083333333,0.675,113.4166667,49.03333333,,0.3082,2.138888889,2.51401667,364.6115187
OTTAWA INTL A,2024-09-14 16:00,2024,9,14,16:00,27.3,16.7,52,12,7,285.9693956,,,27.17246667,54.86656667,17.32885,0.041666667,0.458333333,67.33333333,46.55,,0.12753333,1.902777777,2.86656667,239.4193956
OTTAWA INTL A,2024-09-14 17:00,2024,9,14,17:00,26.8,18,58,12,5,176.6613848,,,26.86428333,55.87196667,17.32763333,0,0.208333333,40.8,50.51666667,,0.06428333,1.388888889,2.12803333,126.1447181
OTTAWA INTL A,2024-09-14 18:00,2024,9,14,18:00,24.5,17.5,65,13,6,59.43236122,,,25.49878333,61.27566667,17.50118333,0,0,104,12.65,,0.99878333,1.666666667,3.72433333,46.78236122
OTTAWA INTL A,2024-09-14 19:00,2024,9,14,19:00,20.3,18.1,87,10,4,4.45768815,,,23.33933333,69.1191,17.3742,0,0,104,1.083333333,,3.03933333,1.111111111,17.8809,3.374354817
OTTAWA INTL A,2024-09-14 20:00,2024,9,14,20:00,19.2,17.4,89,8,4,1.963030467,,,22.48245,72.46916667,17.30813333,0,0,104,1,,3.28245,1.111111111,16.53083333,0.963030467
OTTAWA INTL A,2024-09-14 21:00,2024,9,14,21:00,19.7,16.8,83,12,8,2.3988317,,,21.88805,78.29303333,17.94828333,0,0.008333333,102.1,1,,2.18805,2.222222222,4.70696667,1.3988317
OTTAWA INTL A,2024-09-14 22:00,2024,9,14,22:00,18.2,16.6,90,12,7,2.014569217,,,20.41643333,86.92368333,18.18475,0,0,102,1,,2.21643333,1.944444444,3.07631667,1.014569217
OTTAWA INTL A,2024-09-14 23:00,2024,9,14,23:00,19.5,17.2,86,10,8,1.805103233,,,19.51561667,91.55585,18.12696667,0,0,103.7333333,1,,0.01561667,2.222222222,5.55585,0.805103233
